make -C ../rtl/tb/remote_bitbang all
make[1]: Entering directory '/home/dungpc/ndmoney4porche/projects/pulp/rtl/tb/remote_bitbang'
cc -MT remote_bitbang.o -MMD -MP -MF ./.d/remote_bitbang.Td -std=gnu11 -fno-strict-aliasing -Wall -Wextra     -Wno-missing-field-initializers     -Wno-unused-function     -Wno-missing-braces     -O2 -g -march=native     -DENABLE_LOGGING -DNDEBUG     -fcommon -fPIC -I./  \
	-c  remote_bitbang.c -o remote_bitbang.o 
cc -MT sim_jtag.o -MMD -MP -MF ./.d/sim_jtag.Td -std=gnu11 -fno-strict-aliasing -Wall -Wextra     -Wno-missing-field-initializers     -Wno-unused-function     -Wno-missing-braces     -O2 -g -march=native     -DENABLE_LOGGING -DNDEBUG     -fcommon -fPIC -I./  \
	-c  sim_jtag.c -o sim_jtag.o 
ld -shared -E --exclude-libs ALL -o librbs.so  \
	remote_bitbang.o sim_jtag.o 
make[1]: Leaving directory '/home/dungpc/ndmoney4porche/projects/pulp/rtl/tb/remote_bitbang'
vsim -c -do 'source compile.tcl; quit'
Reading pref.tcl

# 10.7c

# source compile.tcl
# QuestaSim-64 vlog 10.7c Compiler 2018.08 Aug 17 2018
# Start time: 01:01:28 on Sep 04,2026
# vlog -incr -sv -suppress 2583 -suppress 13314 "+incdir+/home/dungpc/ndmoney4porche/projects/pulp/rtl/includes" "+define+TARGET_RTL" "+define+TARGET_SIMULATION" "+define+TARGET_TEST" "+define+TARGET_VSIM" /home/dungpc/ndmoney4porche/projects/pulp/.bender/git/checkouts/common_verification-e34ff9f4f6738f83/src/clk_rst_gen.sv /home/dungpc/ndmoney4porche/projects/pulp/.bender/git/checkouts/common_verification-e34ff9f4f6738f83/src/rand_id_queue.sv /home/dungpc/ndmoney4porche/projects/pulp/.bender/git/checkouts/common_verification-e34ff9f4f6738f83/src/rand_stream_mst.sv /home/dungpc/ndmoney4porche/projects/pulp/.bender/git/checkouts/common_verification-e34ff9f4f6738f83/src/rand_synch_holdable_driver.sv /home/dungpc/ndmoney4porche/projects/pulp/.bender/git/checkouts/common_verification-e34ff9f4f6738f83/src/rand_verif_pkg.sv /home/dungpc/ndmoney4porche/projects/pulp/.bender/git/checkouts/common_verification-e34ff9f4f6738f83/src/sim_timeout.sv /home/dungpc/ndmoney4porche/projects/pulp/.bender/git/checkouts/common_verification-e34ff9f4f6738f83/src/rand_synch_driver.sv /home/dungpc/ndmoney4porche/projects/pulp/.bender/git/checkouts/common_verification-e34ff9f4f6738f83/src/rand_stream_slv.sv 
# -- Compiling module clk_rst_gen
# -- Compiling package rand_id_queue_pkg
# -- Compiling module rand_stream_mst
# -- Compiling module rand_synch_holdable_driver
# -- Compiling package rand_verif_pkg
# -- Compiling module sim_timeout
# -- Compiling module rand_synch_driver
# -- Compiling module rand_stream_slv
# 
# Top level modules:
# 	clk_rst_gen
# 	rand_stream_mst
# 	sim_timeout
# 	rand_stream_slv
# End time: 01:01:28 on Sep 04,2026, Elapsed time: 0:00:00
# Errors: 0, Warnings: 0
# QuestaSim-64 vlog 10.7c Compiler 2018.08 Aug 17 2018
# Start time: 01:01:28 on Sep 04,2026
# vlog -incr -sv -suppress 2583 -suppress 13314 "+incdir+/home/dungpc/ndmoney4porche/projects/pulp/rtl/includes" "+define+TARGET_RTL" "+define+TARGET_SIMULATION" "+define+TARGET_TEST" "+define+TARGET_VSIM" /home/dungpc/ndmoney4porche/projects/pulp/.bender/git/checkouts/common_verification-e34ff9f4f6738f83/test/tb_clk_rst_gen.sv 
# -- Compiling module tb_clk_rst_gen
# 
# Top level modules:
# 	tb_clk_rst_gen
# End time: 01:01:28 on Sep 04,2026, Elapsed time: 0:00:00
# Errors: 0, Warnings: 0
# QuestaSim-64 vlog 10.7c Compiler 2018.08 Aug 17 2018
# Start time: 01:01:28 on Sep 04,2026
# vlog -incr -sv -suppress 2583 -suppress 13314 "+incdir+/home/dungpc/ndmoney4porche/projects/pulp/rtl/includes" "+define+TARGET_RTL" "+define+TARGET_SIMULATION" "+define+TARGET_TEST" "+define+TARGET_VSIM" /home/dungpc/ndmoney4porche/projects/pulp/.bender/git/checkouts/tech_cells_generic-6a4b27e0e56cbcda/src/rtl/tc_sram.sv 
# -- Compiling module tc_sram
# 
# Top level modules:
# 	tc_sram
# End time: 01:01:28 on Sep 04,2026, Elapsed time: 0:00:00
# Errors: 0, Warnings: 0, Suppressed Warnings: 7
# QuestaSim-64 vlog 10.7c Compiler 2018.08 Aug 17 2018
# Start time: 01:01:28 on Sep 04,2026
# vlog -incr -sv -suppress 2583 -suppress 13314 "+incdir+/home/dungpc/ndmoney4porche/projects/pulp/rtl/includes" "+define+TARGET_RTL" "+define+TARGET_SIMULATION" "+define+TARGET_TEST" "+define+TARGET_VSIM" /home/dungpc/ndmoney4porche/projects/pulp/.bender/git/checkouts/tech_cells_generic-6a4b27e0e56cbcda/src/rtl/tc_clk.sv 
# -- Compiling module tc_clk_and2
# -- Compiling module tc_clk_buffer
# -- Compiling module tc_clk_gating
# -- Compiling module tc_clk_inverter
# -- Compiling module tc_clk_mux2
# -- Compiling module tc_clk_xor2
# -- Compiling module tc_clk_delay
# 
# Top level modules:
# 	tc_clk_and2
# 	tc_clk_buffer
# 	tc_clk_gating
# 	tc_clk_inverter
# 	tc_clk_mux2
# 	tc_clk_xor2
# 	tc_clk_delay
# End time: 01:01:28 on Sep 04,2026, Elapsed time: 0:00:00
# Errors: 0, Warnings: 0
# QuestaSim-64 vlog 10.7c Compiler 2018.08 Aug 17 2018
# Start time: 01:01:28 on Sep 04,2026
# vlog -incr -sv -suppress 2583 -suppress 13314 "+incdir+/home/dungpc/ndmoney4porche/projects/pulp/rtl/includes" "+define+TARGET_RTL" "+define+TARGET_SIMULATION" "+define+TARGET_TEST" "+define+TARGET_VSIM" /home/dungpc/ndmoney4porche/projects/pulp/.bender/git/checkouts/tech_cells_generic-6a4b27e0e56cbcda/src/deprecated/cluster_pwr_cells.sv /home/dungpc/ndmoney4porche/projects/pulp/.bender/git/checkouts/tech_cells_generic-6a4b27e0e56cbcda/src/deprecated/generic_memory.sv /home/dungpc/ndmoney4porche/projects/pulp/.bender/git/checkouts/tech_cells_generic-6a4b27e0e56cbcda/src/deprecated/generic_rom.sv /home/dungpc/ndmoney4porche/projects/pulp/.bender/git/checkouts/tech_cells_generic-6a4b27e0e56cbcda/src/deprecated/pad_functional.sv /home/dungpc/ndmoney4porche/projects/pulp/.bender/git/checkouts/tech_cells_generic-6a4b27e0e56cbcda/src/deprecated/pulp_buffer.sv /home/dungpc/ndmoney4porche/projects/pulp/.bender/git/checkouts/tech_cells_generic-6a4b27e0e56cbcda/src/deprecated/pulp_pwr_cells.sv 
# -- Compiling module cluster_level_shifter_in
# -- Compiling module cluster_level_shifter_in_clamp
# -- Compiling module cluster_level_shifter_inout
# -- Compiling module cluster_level_shifter_out
# -- Compiling module cluster_level_shifter_out_clamp
# -- Compiling module generic_memory
# -- Compiling module generic_rom
# -- Compiling module pad_functional_pd
# -- Compiling module pad_functional_pu
# -- Compiling module pulp_buffer
# -- Compiling module pulp_level_shifter_in
# -- Compiling module pulp_level_shifter_in_clamp
# -- Compiling module pulp_level_shifter_inout
# -- Compiling module pulp_level_shifter_out
# -- Compiling module pulp_level_shifter_out_clamp
# -- Compiling module pulp_power_gating
# -- Compiling module pulp_isolation_0
# -- Compiling module pulp_isolation_1
# 
# Top level modules:
# 	cluster_level_shifter_in
# 	cluster_level_shifter_in_clamp
# 	cluster_level_shifter_inout
# 	cluster_level_shifter_out
# 	cluster_level_shifter_out_clamp
# 	generic_memory
# 	generic_rom
# 	pad_functional_pd
# 	pad_functional_pu
# 	pulp_buffer
# 	pulp_level_shifter_in
# 	pulp_level_shifter_in_clamp
# 	pulp_level_shifter_inout
# 	pulp_level_shifter_out
# 	pulp_level_shifter_out_clamp
# 	pulp_power_gating
# 	pulp_isolation_0
# 	pulp_isolation_1
# End time: 01:01:28 on Sep 04,2026, Elapsed time: 0:00:00
# Errors: 0, Warnings: 0
# QuestaSim-64 vlog 10.7c Compiler 2018.08 Aug 17 2018
# Start time: 01:01:28 on Sep 04,2026
# vlog -incr -sv -suppress 2583 -suppress 13314 "+incdir+/home/dungpc/ndmoney4porche/projects/pulp/rtl/includes" "+define+TARGET_RTL" "+define+TARGET_SIMULATION" "+define+TARGET_TEST" "+define+TARGET_VSIM" /home/dungpc/ndmoney4porche/projects/pulp/.bender/git/checkouts/tech_cells_generic-6a4b27e0e56cbcda/src/tc_pwr.sv 
# -- Compiling module tc_pwr_level_shifter_in
# -- Compiling module tc_pwr_level_shifter_in_clamp_lo
# -- Compiling module tc_pwr_level_shifter_in_clamp_hi
# -- Compiling module tc_pwr_level_shifter_out
# -- Compiling module tc_pwr_level_shifter_out_clamp_lo
# -- Compiling module tc_pwr_level_shifter_out_clamp_hi
# -- Compiling module tc_pwr_power_gating
# -- Compiling module tc_pwr_isolation_lo
# -- Compiling module tc_pwr_isolation_hi
# 
# Top level modules:
# 	tc_pwr_level_shifter_in
# 	tc_pwr_level_shifter_in_clamp_lo
# 	tc_pwr_level_shifter_in_clamp_hi
# 	tc_pwr_level_shifter_out
# 	tc_pwr_level_shifter_out_clamp_lo
# 	tc_pwr_level_shifter_out_clamp_hi
# 	tc_pwr_power_gating
# 	tc_pwr_isolation_lo
# 	tc_pwr_isolation_hi
# End time: 01:01:28 on Sep 04,2026, Elapsed time: 0:00:00
# Errors: 0, Warnings: 0
# QuestaSim-64 vlog 10.7c Compiler 2018.08 Aug 17 2018
# Start time: 01:01:28 on Sep 04,2026
# vlog -incr -sv -suppress 2583 -suppress 13314 "+incdir+/home/dungpc/ndmoney4porche/projects/pulp/rtl/includes" "+define+TARGET_RTL" "+define+TARGET_SIMULATION" "+define+TARGET_TEST" "+define+TARGET_VSIM" /home/dungpc/ndmoney4porche/projects/pulp/.bender/git/checkouts/tech_cells_generic-6a4b27e0e56cbcda/test/tb_tc_sram.sv 
# -- Compiling module tb_tc_sram
# 
# Top level modules:
# 	tb_tc_sram
# End time: 01:01:28 on Sep 04,2026, Elapsed time: 0:00:00
# Errors: 0, Warnings: 0
# QuestaSim-64 vlog 10.7c Compiler 2018.08 Aug 17 2018
# Start time: 01:01:28 on Sep 04,2026
# vlog -incr -sv -suppress 2583 -suppress 13314 "+incdir+/home/dungpc/ndmoney4porche/projects/pulp/rtl/includes" "+define+TARGET_RTL" "+define+TARGET_SIMULATION" "+define+TARGET_TEST" "+define+TARGET_VSIM" /home/dungpc/ndmoney4porche/projects/pulp/.bender/git/checkouts/tech_cells_generic-6a4b27e0e56cbcda/src/deprecated/pulp_clock_gating_async.sv /home/dungpc/ndmoney4porche/projects/pulp/.bender/git/checkouts/tech_cells_generic-6a4b27e0e56cbcda/src/deprecated/cluster_clk_cells.sv /home/dungpc/ndmoney4porche/projects/pulp/.bender/git/checkouts/tech_cells_generic-6a4b27e0e56cbcda/src/deprecated/pulp_clk_cells.sv 
# -- Compiling module pulp_clock_gating_async
# -- Compiling module cluster_clock_and2
# -- Compiling module cluster_clock_buffer
# -- Compiling module cluster_clock_gating
# -- Compiling module cluster_clock_inverter
# -- Compiling module cluster_clock_mux2
# -- Compiling module cluster_clock_xor2
# -- Compiling module pulp_clock_and2
# -- Compiling module pulp_clock_buffer
# -- Compiling module pulp_clock_gating
# -- Compiling module pulp_clock_inverter
# -- Compiling module pulp_clock_mux2
# -- Compiling module pulp_clock_xor2
# -- Compiling module pulp_clock_delay
# 
# Top level modules:
# 	pulp_clock_gating_async
# 	cluster_clock_and2
# 	cluster_clock_buffer
# 	cluster_clock_gating
# 	cluster_clock_inverter
# 	cluster_clock_mux2
# 	cluster_clock_xor2
# 	pulp_clock_and2
# 	pulp_clock_buffer
# 	pulp_clock_inverter
# 	pulp_clock_mux2
# 	pulp_clock_xor2
# 	pulp_clock_delay
# End time: 01:01:28 on Sep 04,2026, Elapsed time: 0:00:00
# Errors: 0, Warnings: 0
# QuestaSim-64 vlog 10.7c Compiler 2018.08 Aug 17 2018
# Start time: 01:01:28 on Sep 04,2026
# vlog -incr -sv -suppress 2583 -suppress 13314 "+incdir+/home/dungpc/ndmoney4porche/projects/pulp/rtl/includes" "+define+TARGET_RTL" "+define+TARGET_SIMULATION" "+define+TARGET_TEST" "+define+TARGET_VSIM" "+incdir+/home/dungpc/ndmoney4porche/projects/pulp/.bender/git/checkouts/common_cells-f18d75f6d6d026a5/include" /home/dungpc/ndmoney4porche/projects/pulp/.bender/git/checkouts/common_cells-f18d75f6d6d026a5/src/binary_to_gray.sv /home/dungpc/ndmoney4porche/projects/pulp/.bender/git/checkouts/common_cells-f18d75f6d6d026a5/src/cb_filter_pkg.sv /home/dungpc/ndmoney4porche/projects/pulp/.bender/git/checkouts/common_cells-f18d75f6d6d026a5/src/cc_onehot.sv /home/dungpc/ndmoney4porche/projects/pulp/.bender/git/checkouts/common_cells-f18d75f6d6d026a5/src/cf_math_pkg.sv /home/dungpc/ndmoney4porche/projects/pulp/.bender/git/checkouts/common_cells-f18d75f6d6d026a5/src/clk_int_div.sv /home/dungpc/ndmoney4porche/projects/pulp/.bender/git/checkouts/common_cells-f18d75f6d6d026a5/src/delta_counter.sv /home/dungpc/ndmoney4porche/projects/pulp/.bender/git/checkouts/common_cells-f18d75f6d6d026a5/src/ecc_pkg.sv /home/dungpc/ndmoney4porche/projects/pulp/.bender/git/checkouts/common_cells-f18d75f6d6d026a5/src/edge_propagator_tx.sv /home/dungpc/ndmoney4porche/projects/pulp/.bender/git/checkouts/common_cells-f18d75f6d6d026a5/src/exp_backoff.sv /home/dungpc/ndmoney4porche/projects/pulp/.bender/git/checkouts/common_cells-f18d75f6d6d026a5/src/fifo_v3.sv /home/dungpc/ndmoney4porche/projects/pulp/.bender/git/checkouts/common_cells-f18d75f6d6d026a5/src/gray_to_binary.sv /home/dungpc/ndmoney4porche/projects/pulp/.bender/git/checkouts/common_cells-f18d75f6d6d026a5/src/isochronous_4phase_handshake.sv /home/dungpc/ndmoney4porche/projects/pulp/.bender/git/checkouts/common_cells-f18d75f6d6d026a5/src/isochronous_spill_register.sv /home/dungpc/ndmoney4porche/projects/pulp/.bender/git/checkouts/common_cells-f18d75f6d6d026a5/src/lfsr.sv /home/dungpc/ndmoney4porche/projects/pulp/.bender/git/checkouts/common_cells-f18d75f6d6d026a5/src/lfsr_16bit.sv /home/dungpc/ndmoney4porche/projects/pulp/.bender/git/checkouts/common_cells-f18d75f6d6d026a5/src/lfsr_8bit.sv /home/dungpc/ndmoney4porche/projects/pulp/.bender/git/checkouts/common_cells-f18d75f6d6d026a5/src/mv_filter.sv /home/dungpc/ndmoney4porche/projects/pulp/.bender/git/checkouts/common_cells-f18d75f6d6d026a5/src/onehot_to_bin.sv /home/dungpc/ndmoney4porche/projects/pulp/.bender/git/checkouts/common_cells-f18d75f6d6d026a5/src/plru_tree.sv /home/dungpc/ndmoney4porche/projects/pulp/.bender/git/checkouts/common_cells-f18d75f6d6d026a5/src/popcount.sv /home/dungpc/ndmoney4porche/projects/pulp/.bender/git/checkouts/common_cells-f18d75f6d6d026a5/src/rr_arb_tree.sv /home/dungpc/ndmoney4porche/projects/pulp/.bender/git/checkouts/common_cells-f18d75f6d6d026a5/src/rstgen_bypass.sv /home/dungpc/ndmoney4porche/projects/pulp/.bender/git/checkouts/common_cells-f18d75f6d6d026a5/src/serial_deglitch.sv /home/dungpc/ndmoney4porche/projects/pulp/.bender/git/checkouts/common_cells-f18d75f6d6d026a5/src/shift_reg.sv /home/dungpc/ndmoney4porche/projects/pulp/.bender/git/checkouts/common_cells-f18d75f6d6d026a5/src/spill_register_flushable.sv /home/dungpc/ndmoney4porche/projects/pulp/.bender/git/checkouts/common_cells-f18d75f6d6d026a5/src/stream_demux.sv /home/dungpc/ndmoney4porche/projects/pulp/.bender/git/checkouts/common_cells-f18d75f6d6d026a5/src/stream_filter.sv /home/dungpc/ndmoney4porche/projects/pulp/.bender/git/checkouts/common_cells-f18d75f6d6d026a5/src/stream_fork.sv /home/dungpc/ndmoney4porche/projects/pulp/.bender/git/checkouts/common_cells-f18d75f6d6d026a5/src/stream_intf.sv /home/dungpc/ndmoney4porche/projects/pulp/.bender/git/checkouts/common_cells-f18d75f6d6d026a5/src/stream_join.sv /home/dungpc/ndmoney4porche/projects/pulp/.bender/git/checkouts/common_cells-f18d75f6d6d026a5/src/stream_mux.sv /home/dungpc/ndmoney4porche/projects/pulp/.bender/git/checkouts/common_cells-f18d75f6d6d026a5/src/sub_per_hash.sv /home/dungpc/ndmoney4porche/projects/pulp/.bender/git/checkouts/common_cells-f18d75f6d6d026a5/src/sync.sv /home/dungpc/ndmoney4porche/projects/pulp/.bender/git/checkouts/common_cells-f18d75f6d6d026a5/src/sync_wedge.sv /home/dungpc/ndmoney4porche/projects/pulp/.bender/git/checkouts/common_cells-f18d75f6d6d026a5/src/unread.sv /home/dungpc/ndmoney4porche/projects/pulp/.bender/git/checkouts/common_cells-f18d75f6d6d026a5/src/cdc_reset_ctrlr_pkg.sv /home/dungpc/ndmoney4porche/projects/pulp/.bender/git/checkouts/common_cells-f18d75f6d6d026a5/src/cdc_2phase.sv /home/dungpc/ndmoney4porche/projects/pulp/.bender/git/checkouts/common_cells-f18d75f6d6d026a5/src/cdc_4phase.sv /home/dungpc/ndmoney4porche/projects/pulp/.bender/git/checkouts/common_cells-f18d75f6d6d026a5/src/addr_decode.sv /home/dungpc/ndmoney4porche/projects/pulp/.bender/git/checkouts/common_cells-f18d75f6d6d026a5/src/cb_filter.sv /home/dungpc/ndmoney4porche/projects/pulp/.bender/git/checkouts/common_cells-f18d75f6d6d026a5/src/cdc_fifo_2phase.sv /home/dungpc/ndmoney4porche/projects/pulp/.bender/git/checkouts/common_cells-f18d75f6d6d026a5/src/counter.sv /home/dungpc/ndmoney4porche/projects/pulp/.bender/git/checkouts/common_cells-f18d75f6d6d026a5/src/ecc_decode.sv /home/dungpc/ndmoney4porche/projects/pulp/.bender/git/checkouts/common_cells-f18d75f6d6d026a5/src/ecc_encode.sv /home/dungpc/ndmoney4porche/projects/pulp/.bender/git/checkouts/common_cells-f18d75f6d6d026a5/src/edge_detect.sv /home/dungpc/ndmoney4porche/projects/pulp/.bender/git/checkouts/common_cells-f18d75f6d6d026a5/src/lzc.sv /home/dungpc/ndmoney4porche/projects/pulp/.bender/git/checkouts/common_cells-f18d75f6d6d026a5/src/max_counter.sv /home/dungpc/ndmoney4porche/projects/pulp/.bender/git/checkouts/common_cells-f18d75f6d6d026a5/src/rstgen.sv /home/dungpc/ndmoney4porche/projects/pulp/.bender/git/checkouts/common_cells-f18d75f6d6d026a5/src/spill_register.sv /home/dungpc/ndmoney4porche/projects/pulp/.bender/git/checkouts/common_cells-f18d75f6d6d026a5/src/stream_delay.sv /home/dungpc/ndmoney4porche/projects/pulp/.bender/git/checkouts/common_cells-f18d75f6d6d026a5/src/stream_fifo.sv /home/dungpc/ndmoney4porche/projects/pulp/.bender/git/checkouts/common_cells-f18d75f6d6d026a5/src/stream_fork_dynamic.sv /home/dungpc/ndmoney4porche/projects/pulp/.bender/git/checkouts/common_cells-f18d75f6d6d026a5/src/cdc_reset_ctrlr.sv /home/dungpc/ndmoney4porche/projects/pulp/.bender/git/checkouts/common_cells-f18d75f6d6d026a5/src/cdc_fifo_gray.sv /home/dungpc/ndmoney4porche/projects/pulp/.bender/git/checkouts/common_cells-f18d75f6d6d026a5/src/fall_through_register.sv /home/dungpc/ndmoney4porche/projects/pulp/.bender/git/checkouts/common_cells-f18d75f6d6d026a5/src/id_queue.sv /home/dungpc/ndmoney4porche/projects/pulp/.bender/git/checkouts/common_cells-f18d75f6d6d026a5/src/stream_to_mem.sv /home/dungpc/ndmoney4porche/projects/pulp/.bender/git/checkouts/common_cells-f18d75f6d6d026a5/src/stream_arbiter_flushable.sv /home/dungpc/ndmoney4porche/projects/pulp/.bender/git/checkouts/common_cells-f18d75f6d6d026a5/src/stream_register.sv /home/dungpc/ndmoney4porche/projects/pulp/.bender/git/checkouts/common_cells-f18d75f6d6d026a5/src/stream_xbar.sv /home/dungpc/ndmoney4porche/projects/pulp/.bender/git/checkouts/common_cells-f18d75f6d6d026a5/src/cdc_fifo_gray_clearable.sv /home/dungpc/ndmoney4porche/projects/pulp/.bender/git/checkouts/common_cells-f18d75f6d6d026a5/src/cdc_2phase_clearable.sv /home/dungpc/ndmoney4porche/projects/pulp/.bender/git/checkouts/common_cells-f18d75f6d6d026a5/src/stream_arbiter.sv /home/dungpc/ndmoney4porche/projects/pulp/.bender/git/checkouts/common_cells-f18d75f6d6d026a5/src/stream_omega_net.sv 
# -- Compiling module binary_to_gray
# -- Compiling package cb_filter_pkg
# -- Compiling module cc_onehot
# -- Compiling package cf_math_pkg
# -- Compiling module clk_int_div
# -- Compiling module delta_counter
# -- Compiling package ecc_pkg
# -- Compiling module edge_propagator_tx
# -- Compiling module exp_backoff
# -- Compiling module fifo_v3
# -- Compiling module gray_to_binary
# -- Compiling module isochronous_4phase_handshake
# -- Compiling module isochronous_spill_register
# -- Compiling module lfsr
# -- Compiling module lfsr_16bit
# -- Compiling module lfsr_8bit
# -- Compiling module mv_filter
# -- Compiling module onehot_to_bin
# -- Compiling module plru_tree
# -- Compiling module popcount
# -- Compiling module rr_arb_tree
# -- Compiling module rstgen_bypass
# -- Compiling module serial_deglitch
# -- Compiling module shift_reg
# -- Compiling module spill_register_flushable
# -- Compiling module stream_demux
# -- Compiling module stream_filter
# -- Compiling module stream_fork
# -- Compiling interface STREAM_DV
# -- Compiling module stream_join
# -- Compiling module stream_mux
# -- Compiling module sub_per_hash
# -- Compiling module sync
# -- Compiling module sync_wedge
# -- Compiling module unread
# -- Compiling package cdc_reset_ctrlr_pkg
# -- Compiling module cdc_2phase
# -- Compiling module cdc_2phase_src
# -- Compiling module cdc_2phase_dst
# -- Compiling module cdc_4phase
# -- Compiling module cdc_4phase_src
# -- Compiling module cdc_4phase_dst
# -- Compiling module addr_decode
# -- Compiling module cb_filter
# -- Compiling module hash_block
# -- Compiling module cdc_fifo_2phase
# -- Compiling module counter
# -- Compiling module ecc_decode
# -- Compiling module ecc_encode
# -- Compiling module edge_detect
# -- Compiling module lzc
# -- Compiling module max_counter
# -- Compiling module rstgen
# -- Compiling module spill_register
# -- Compiling module stream_delay
# -- Compiling module stream_fifo
# -- Compiling module stream_fork_dynamic
# -- Compiling module cdc_reset_ctrlr
# -- Compiling module cdc_reset_ctrlr_half
# -- Compiling module cdc_fifo_gray
# -- Compiling module cdc_fifo_gray_src
# -- Compiling module cdc_fifo_gray_dst
# -- Compiling module fall_through_register
# -- Compiling module id_queue
# -- Compiling module stream_to_mem
# -- Compiling module stream_arbiter_flushable
# -- Compiling module stream_register
# -- Compiling module stream_xbar
# -- Compiling module cdc_fifo_gray_clearable
# -- Compiling module cdc_fifo_gray_src_clearable
# -- Compiling module cdc_fifo_gray_dst_clearable
# -- Compiling module cdc_2phase_clearable
# -- Compiling module cdc_2phase_src_clearable
# -- Compiling module cdc_2phase_dst_clearable
# -- Compiling module stream_arbiter
# -- Compiling module stream_omega_net
# 
# Top level modules:
# 	cc_onehot
# 	clk_int_div
# 	edge_propagator_tx
# 	exp_backoff
# 	isochronous_4phase_handshake
# 	isochronous_spill_register
# 	lfsr
# 	lfsr_8bit
# 	mv_filter
# 	plru_tree
# 	serial_deglitch
# 	shift_reg
# 	stream_filter
# 	stream_join
# 	stream_mux
# 	unread
# 	cdc_4phase
# 	addr_decode
# 	cb_filter
# 	cdc_fifo_2phase
# 	ecc_decode
# 	ecc_encode
# 	edge_detect
# 	max_counter
# 	rstgen
# 	stream_delay
# 	stream_fork_dynamic
# 	cdc_fifo_gray
# 	fall_through_register
# 	id_queue
# 	stream_to_mem
# 	stream_register
# 	cdc_fifo_gray_clearable
# 	cdc_2phase_clearable
# 	stream_arbiter
# 	stream_omega_net
# End time: 01:01:28 on Sep 04,2026, Elapsed time: 0:00:00
# Errors: 0, Warnings: 0, Suppressed Warnings: 69
# QuestaSim-64 vlog 10.7c Compiler 2018.08 Aug 17 2018
# Start time: 01:01:28 on Sep 04,2026
# vlog -incr -sv -suppress 2583 -suppress 13314 "+incdir+/home/dungpc/ndmoney4porche/projects/pulp/rtl/includes" "+define+TARGET_RTL" "+define+TARGET_SIMULATION" "+define+TARGET_TEST" "+define+TARGET_VSIM" "+incdir+/home/dungpc/ndmoney4porche/projects/pulp/.bender/git/checkouts/common_cells-f18d75f6d6d026a5/include" /home/dungpc/ndmoney4porche/projects/pulp/.bender/git/checkouts/common_cells-f18d75f6d6d026a5/src/deprecated/sram.sv 
# -- Compiling module sram
# 
# Top level modules:
# 	sram
# End time: 01:01:28 on Sep 04,2026, Elapsed time: 0:00:00
# Errors: 0, Warnings: 0
# QuestaSim-64 vlog 10.7c Compiler 2018.08 Aug 17 2018
# Start time: 01:01:28 on Sep 04,2026
# vlog -incr -sv -suppress 2583 -suppress 13314 "+incdir+/home/dungpc/ndmoney4porche/projects/pulp/rtl/includes" "+define+TARGET_RTL" "+define+TARGET_SIMULATION" "+define+TARGET_TEST" "+define+TARGET_VSIM" "+incdir+/home/dungpc/ndmoney4porche/projects/pulp/.bender/git/checkouts/common_cells-f18d75f6d6d026a5/include" /home/dungpc/ndmoney4porche/projects/pulp/.bender/git/checkouts/common_cells-f18d75f6d6d026a5/test/addr_decode_tb.sv /home/dungpc/ndmoney4porche/projects/pulp/.bender/git/checkouts/common_cells-f18d75f6d6d026a5/test/cb_filter_tb.sv /home/dungpc/ndmoney4porche/projects/pulp/.bender/git/checkouts/common_cells-f18d75f6d6d026a5/test/cdc_2phase_tb.sv /home/dungpc/ndmoney4porche/projects/pulp/.bender/git/checkouts/common_cells-f18d75f6d6d026a5/test/cdc_2phase_clearable_tb.sv /home/dungpc/ndmoney4porche/projects/pulp/.bender/git/checkouts/common_cells-f18d75f6d6d026a5/test/cdc_fifo_tb.sv /home/dungpc/ndmoney4porche/projects/pulp/.bender/git/checkouts/common_cells-f18d75f6d6d026a5/test/cdc_fifo_clearable_tb.sv /home/dungpc/ndmoney4porche/projects/pulp/.bender/git/checkouts/common_cells-f18d75f6d6d026a5/test/fifo_tb.sv /home/dungpc/ndmoney4porche/projects/pulp/.bender/git/checkouts/common_cells-f18d75f6d6d026a5/test/graycode_tb.sv /home/dungpc/ndmoney4porche/projects/pulp/.bender/git/checkouts/common_cells-f18d75f6d6d026a5/test/id_queue_tb.sv /home/dungpc/ndmoney4porche/projects/pulp/.bender/git/checkouts/common_cells-f18d75f6d6d026a5/test/popcount_tb.sv /home/dungpc/ndmoney4porche/projects/pulp/.bender/git/checkouts/common_cells-f18d75f6d6d026a5/test/rr_arb_tree_tb.sv /home/dungpc/ndmoney4porche/projects/pulp/.bender/git/checkouts/common_cells-f18d75f6d6d026a5/test/stream_test.sv /home/dungpc/ndmoney4porche/projects/pulp/.bender/git/checkouts/common_cells-f18d75f6d6d026a5/test/stream_register_tb.sv /home/dungpc/ndmoney4porche/projects/pulp/.bender/git/checkouts/common_cells-f18d75f6d6d026a5/test/stream_to_mem_tb.sv /home/dungpc/ndmoney4porche/projects/pulp/.bender/git/checkouts/common_cells-f18d75f6d6d026a5/test/sub_per_hash_tb.sv /home/dungpc/ndmoney4porche/projects/pulp/.bender/git/checkouts/common_cells-f18d75f6d6d026a5/test/isochronous_crossing_tb.sv /home/dungpc/ndmoney4porche/projects/pulp/.bender/git/checkouts/common_cells-f18d75f6d6d026a5/test/stream_omega_net_tb.sv /home/dungpc/ndmoney4porche/projects/pulp/.bender/git/checkouts/common_cells-f18d75f6d6d026a5/test/stream_xbar_tb.sv /home/dungpc/ndmoney4porche/projects/pulp/.bender/git/checkouts/common_cells-f18d75f6d6d026a5/test/clk_int_div_tb.sv 
# -- Compiling module addr_decode_tb
# -- Compiling module cb_filter_tb
# -- Compiling module cdc_2phase_tb
# -- Compiling module cdc_2phase_tb_delay_injector
# -- Compiling module cdc_2phase_clearable_tb
# -- Compiling module cdc_2phase_clearable_tb_delay_injector
# -- Compiling module cdc_fifo_tb
# -- Compiling module cdc_fifo_clearable_tb
# -- Compiling module fifo_inst_tb
# -- Compiling module fifo_tb
# -- Compiling module graycode_tb
# -- Compiling module id_queue_tb
# -- Compiling module popcount_tb
# -- Compiling module rr_arb_tree_tb
# -- Compiling package stream_test
# -- Compiling module stream_register_tb
# -- Compiling module stream_to_mem_tb
# -- Compiling module sub_per_hash_tb
# -- Compiling module isochronous_crossing_tb
# -- Compiling module stream_omega_net_tb
# -- Compiling module stream_xbar_tb
# -- Compiling module clk_int_div_tb
# 
# Top level modules:
# 	addr_decode_tb
# 	cb_filter_tb
# 	cdc_2phase_tb
# 	cdc_2phase_clearable_tb
# 	cdc_fifo_tb
# 	cdc_fifo_clearable_tb
# 	fifo_tb
# 	graycode_tb
# 	id_queue_tb
# 	popcount_tb
# 	rr_arb_tree_tb
# 	stream_register_tb
# 	stream_to_mem_tb
# 	sub_per_hash_tb
# 	isochronous_crossing_tb
# 	stream_omega_net_tb
# 	stream_xbar_tb
# 	clk_int_div_tb
# End time: 01:01:28 on Sep 04,2026, Elapsed time: 0:00:00
# Errors: 0, Warnings: 0
# QuestaSim-64 vlog 10.7c Compiler 2018.08 Aug 17 2018
# Start time: 01:01:28 on Sep 04,2026
# vlog -incr -sv -suppress 2583 -suppress 13314 "+incdir+/home/dungpc/ndmoney4porche/projects/pulp/rtl/includes" "+define+TARGET_RTL" "+define+TARGET_SIMULATION" "+define+TARGET_TEST" "+define+TARGET_VSIM" "+incdir+/home/dungpc/ndmoney4porche/projects/pulp/.bender/git/checkouts/common_cells-f18d75f6d6d026a5/include" /home/dungpc/ndmoney4porche/projects/pulp/.bender/git/checkouts/common_cells-f18d75f6d6d026a5/src/deprecated/clock_divider_counter.sv 
# -- Compiling module clock_divider_counter
# 
# Top level modules:
# 	clock_divider_counter
# End time: 01:01:28 on Sep 04,2026, Elapsed time: 0:00:00
# Errors: 0, Warnings: 0
# QuestaSim-64 vlog 10.7c Compiler 2018.08 Aug 17 2018
# Start time: 01:01:28 on Sep 04,2026
# vlog -incr -sv -suppress 2583 -suppress 13314 "+incdir+/home/dungpc/ndmoney4porche/projects/pulp/rtl/includes" "+define+TARGET_RTL" "+define+TARGET_SIMULATION" "+define+TARGET_TEST" "+define+TARGET_VSIM" "+incdir+/home/dungpc/ndmoney4porche/projects/pulp/.bender/git/checkouts/common_cells-f18d75f6d6d026a5/include" /home/dungpc/ndmoney4porche/projects/pulp/.bender/git/checkouts/common_cells-f18d75f6d6d026a5/src/deprecated/find_first_one.sv /home/dungpc/ndmoney4porche/projects/pulp/.bender/git/checkouts/common_cells-f18d75f6d6d026a5/src/deprecated/generic_LFSR_8bit.sv /home/dungpc/ndmoney4porche/projects/pulp/.bender/git/checkouts/common_cells-f18d75f6d6d026a5/src/deprecated/generic_fifo.sv /home/dungpc/ndmoney4porche/projects/pulp/.bender/git/checkouts/common_cells-f18d75f6d6d026a5/src/deprecated/prioarbiter.sv /home/dungpc/ndmoney4porche/projects/pulp/.bender/git/checkouts/common_cells-f18d75f6d6d026a5/src/deprecated/pulp_sync.sv /home/dungpc/ndmoney4porche/projects/pulp/.bender/git/checkouts/common_cells-f18d75f6d6d026a5/src/deprecated/pulp_sync_wedge.sv /home/dungpc/ndmoney4porche/projects/pulp/.bender/git/checkouts/common_cells-f18d75f6d6d026a5/src/deprecated/rrarbiter.sv /home/dungpc/ndmoney4porche/projects/pulp/.bender/git/checkouts/common_cells-f18d75f6d6d026a5/src/deprecated/clock_divider.sv /home/dungpc/ndmoney4porche/projects/pulp/.bender/git/checkouts/common_cells-f18d75f6d6d026a5/src/deprecated/fifo_v2.sv /home/dungpc/ndmoney4porche/projects/pulp/.bender/git/checkouts/common_cells-f18d75f6d6d026a5/src/deprecated/fifo_v1.sv /home/dungpc/ndmoney4porche/projects/pulp/.bender/git/checkouts/common_cells-f18d75f6d6d026a5/src/edge_propagator_ack.sv /home/dungpc/ndmoney4porche/projects/pulp/.bender/git/checkouts/common_cells-f18d75f6d6d026a5/src/edge_propagator.sv /home/dungpc/ndmoney4porche/projects/pulp/.bender/git/checkouts/common_cells-f18d75f6d6d026a5/src/edge_propagator_rx.sv 
# -- Compiling module find_first_one
# -- Compiling module generic_LFSR_8bit
# -- Compiling module generic_fifo
# -- Compiling module prioarbiter
# -- Compiling module pulp_sync
# -- Compiling module pulp_sync_wedge
# -- Compiling module rrarbiter
# -- Compiling module clock_divider
# -- Compiling module fifo_v2
# -- Compiling module fifo
# -- Compiling module edge_propagator_ack
# -- Compiling module edge_propagator
# -- Compiling module edge_propagator_rx
# 
# Top level modules:
# 	find_first_one
# 	generic_LFSR_8bit
# 	generic_fifo
# 	prioarbiter
# 	rrarbiter
# 	clock_divider
# 	fifo
# 	edge_propagator
# 	edge_propagator_rx
# End time: 01:01:28 on Sep 04,2026, Elapsed time: 0:00:00
# Errors: 0, Warnings: 0
# QuestaSim-64 vlog 10.7c Compiler 2018.08 Aug 17 2018
# Start time: 01:01:28 on Sep 04,2026
# vlog -incr -sv -suppress 2583 -suppress 13314 "+incdir+/home/dungpc/ndmoney4porche/projects/pulp/rtl/includes" "+define+TARGET_RTL" "+define+TARGET_SIMULATION" "+define+TARGET_TEST" "+define+TARGET_VSIM" "+incdir+/home/dungpc/ndmoney4porche/projects/pulp/.bender/git/checkouts/common_cells-f18d75f6d6d026a5/include" /home/dungpc/ndmoney4porche/projects/pulp/.bender/git/checkouts/fpu_div_sqrt_mvp-ad7a655d31deb2af/hdl/defs_div_sqrt_mvp.sv /home/dungpc/ndmoney4porche/projects/pulp/.bender/git/checkouts/fpu_div_sqrt_mvp-ad7a655d31deb2af/hdl/iteration_div_sqrt_mvp.sv /home/dungpc/ndmoney4porche/projects/pulp/.bender/git/checkouts/fpu_div_sqrt_mvp-ad7a655d31deb2af/hdl/control_mvp.sv /home/dungpc/ndmoney4porche/projects/pulp/.bender/git/checkouts/fpu_div_sqrt_mvp-ad7a655d31deb2af/hdl/norm_div_sqrt_mvp.sv /home/dungpc/ndmoney4porche/projects/pulp/.bender/git/checkouts/fpu_div_sqrt_mvp-ad7a655d31deb2af/hdl/preprocess_mvp.sv /home/dungpc/ndmoney4porche/projects/pulp/.bender/git/checkouts/fpu_div_sqrt_mvp-ad7a655d31deb2af/hdl/nrbd_nrsc_mvp.sv /home/dungpc/ndmoney4porche/projects/pulp/.bender/git/checkouts/fpu_div_sqrt_mvp-ad7a655d31deb2af/hdl/div_sqrt_top_mvp.sv /home/dungpc/ndmoney4porche/projects/pulp/.bender/git/checkouts/fpu_div_sqrt_mvp-ad7a655d31deb2af/hdl/div_sqrt_mvp_wrapper.sv 
# -- Compiling package defs_div_sqrt_mvp
# -- Compiling module iteration_div_sqrt_mvp
# -- Compiling package control_mvp_sv_unit
# -- Compiling module control_mvp
# -- Compiling package norm_div_sqrt_mvp_sv_unit
# -- Compiling module norm_div_sqrt_mvp
# -- Compiling package preprocess_mvp_sv_unit
# -- Compiling module preprocess_mvp
# -- Compiling package nrbd_nrsc_mvp_sv_unit
# -- Compiling module nrbd_nrsc_mvp
# -- Compiling package div_sqrt_top_mvp_sv_unit
# -- Compiling module div_sqrt_top_mvp
# -- Compiling package div_sqrt_mvp_wrapper_sv_unit
# -- Compiling module div_sqrt_mvp_wrapper
# 
# Top level modules:
# 	div_sqrt_mvp_wrapper
# End time: 01:01:28 on Sep 04,2026, Elapsed time: 0:00:00
# Errors: 0, Warnings: 0, Suppressed Warnings: 33
# QuestaSim-64 vlog 10.7c Compiler 2018.08 Aug 17 2018
# Start time: 01:01:28 on Sep 04,2026
# vlog -incr -sv -suppress 2583 -suppress 13314 "+incdir+/home/dungpc/ndmoney4porche/projects/pulp/rtl/includes" "+define+TARGET_RTL" "+define+TARGET_SIMULATION" "+define+TARGET_TEST" "+define+TARGET_VSIM" "+incdir+/home/dungpc/ndmoney4porche/projects/pulp/.bender/git/checkouts/cluster_interconnect-abcda71a83f4333c/rtl/low_latency_interco" "+incdir+/home/dungpc/ndmoney4porche/projects/pulp/.bender/git/checkouts/cluster_interconnect-abcda71a83f4333c/rtl/peripheral_interco" "+incdir+/home/dungpc/ndmoney4porche/projects/pulp/.bender/git/checkouts/common_cells-f18d75f6d6d026a5/include" /home/dungpc/ndmoney4porche/projects/pulp/.bender/git/checkouts/cluster_interconnect-abcda71a83f4333c/rtl/tcdm_interconnect/tcdm_interconnect_pkg.sv /home/dungpc/ndmoney4porche/projects/pulp/.bender/git/checkouts/cluster_interconnect-abcda71a83f4333c/rtl/tcdm_interconnect/addr_dec_resp_mux.sv /home/dungpc/ndmoney4porche/projects/pulp/.bender/git/checkouts/cluster_interconnect-abcda71a83f4333c/rtl/tcdm_interconnect/amo_shim.sv /home/dungpc/ndmoney4porche/projects/pulp/.bender/git/checkouts/cluster_interconnect-abcda71a83f4333c/rtl/variable_latency_interconnect/addr_decoder.sv /home/dungpc/ndmoney4porche/projects/pulp/.bender/git/checkouts/cluster_interconnect-abcda71a83f4333c/rtl/tcdm_interconnect/xbar.sv /home/dungpc/ndmoney4porche/projects/pulp/.bender/git/checkouts/cluster_interconnect-abcda71a83f4333c/rtl/variable_latency_interconnect/simplex_xbar.sv /home/dungpc/ndmoney4porche/projects/pulp/.bender/git/checkouts/cluster_interconnect-abcda71a83f4333c/rtl/tcdm_interconnect/clos_net.sv /home/dungpc/ndmoney4porche/projects/pulp/.bender/git/checkouts/cluster_interconnect-abcda71a83f4333c/rtl/tcdm_interconnect/bfly_net.sv /home/dungpc/ndmoney4porche/projects/pulp/.bender/git/checkouts/cluster_interconnect-abcda71a83f4333c/rtl/variable_latency_interconnect/full_duplex_xbar.sv /home/dungpc/ndmoney4porche/projects/pulp/.bender/git/checkouts/cluster_interconnect-abcda71a83f4333c/rtl/tcdm_interconnect/tcdm_interconnect.sv /home/dungpc/ndmoney4porche/projects/pulp/.bender/git/checkouts/cluster_interconnect-abcda71a83f4333c/rtl/variable_latency_interconnect/variable_latency_bfly_net.sv /home/dungpc/ndmoney4porche/projects/pulp/.bender/git/checkouts/cluster_interconnect-abcda71a83f4333c/rtl/variable_latency_interconnect/variable_latency_interconnect.sv /home/dungpc/ndmoney4porche/projects/pulp/.bender/git/checkouts/cluster_interconnect-abcda71a83f4333c/rtl/low_latency_interco/FanInPrimitive_Req.sv /home/dungpc/ndmoney4porche/projects/pulp/.bender/git/checkouts/cluster_interconnect-abcda71a83f4333c/rtl/low_latency_interco/ArbitrationTree.sv /home/dungpc/ndmoney4porche/projects/pulp/.bender/git/checkouts/cluster_interconnect-abcda71a83f4333c/rtl/low_latency_interco/MUX2_REQ.sv /home/dungpc/ndmoney4porche/projects/pulp/.bender/git/checkouts/cluster_interconnect-abcda71a83f4333c/rtl/low_latency_interco/AddressDecoder_Resp.sv /home/dungpc/ndmoney4porche/projects/pulp/.bender/git/checkouts/cluster_interconnect-abcda71a83f4333c/rtl/low_latency_interco/TestAndSet.sv /home/dungpc/ndmoney4porche/projects/pulp/.bender/git/checkouts/cluster_interconnect-abcda71a83f4333c/rtl/low_latency_interco/RequestBlock2CH.sv /home/dungpc/ndmoney4porche/projects/pulp/.bender/git/checkouts/cluster_interconnect-abcda71a83f4333c/rtl/low_latency_interco/RequestBlock1CH.sv /home/dungpc/ndmoney4porche/projects/pulp/.bender/git/checkouts/cluster_interconnect-abcda71a83f4333c/rtl/low_latency_interco/FanInPrimitive_Resp.sv /home/dungpc/ndmoney4porche/projects/pulp/.bender/git/checkouts/cluster_interconnect-abcda71a83f4333c/rtl/low_latency_interco/ResponseTree.sv /home/dungpc/ndmoney4porche/projects/pulp/.bender/git/checkouts/cluster_interconnect-abcda71a83f4333c/rtl/low_latency_interco/ResponseBlock.sv /home/dungpc/ndmoney4porche/projects/pulp/.bender/git/checkouts/cluster_interconnect-abcda71a83f4333c/rtl/low_latency_interco/AddressDecoder_Req.sv /home/dungpc/ndmoney4porche/projects/pulp/.bender/git/checkouts/cluster_interconnect-abcda71a83f4333c/rtl/low_latency_interco/XBAR_TCDM.sv /home/dungpc/ndmoney4porche/projects/pulp/.bender/git/checkouts/cluster_interconnect-abcda71a83f4333c/rtl/low_latency_interco/XBAR_TCDM_WRAPPER.sv /home/dungpc/ndmoney4porche/projects/pulp/.bender/git/checkouts/cluster_interconnect-abcda71a83f4333c/rtl/low_latency_interco/TCDM_PIPE_REQ.sv /home/dungpc/ndmoney4porche/projects/pulp/.bender/git/checkouts/cluster_interconnect-abcda71a83f4333c/rtl/low_latency_interco/TCDM_PIPE_RESP.sv /home/dungpc/ndmoney4porche/projects/pulp/.bender/git/checkouts/cluster_interconnect-abcda71a83f4333c/rtl/low_latency_interco/grant_mask.sv /home/dungpc/ndmoney4porche/projects/pulp/.bender/git/checkouts/cluster_interconnect-abcda71a83f4333c/rtl/low_latency_interco/priority_Flag_Req.sv /home/dungpc/ndmoney4porche/projects/pulp/.bender/git/checkouts/cluster_interconnect-abcda71a83f4333c/rtl/peripheral_interco/AddressDecoder_PE_Req.sv /home/dungpc/ndmoney4porche/projects/pulp/.bender/git/checkouts/cluster_interconnect-abcda71a83f4333c/rtl/peripheral_interco/AddressDecoder_Resp_PE.sv /home/dungpc/ndmoney4porche/projects/pulp/.bender/git/checkouts/cluster_interconnect-abcda71a83f4333c/rtl/peripheral_interco/ArbitrationTree_PE.sv /home/dungpc/ndmoney4porche/projects/pulp/.bender/git/checkouts/cluster_interconnect-abcda71a83f4333c/rtl/peripheral_interco/FanInPrimitive_Req_PE.sv /home/dungpc/ndmoney4porche/projects/pulp/.bender/git/checkouts/cluster_interconnect-abcda71a83f4333c/rtl/peripheral_interco/RR_Flag_Req_PE.sv /home/dungpc/ndmoney4porche/projects/pulp/.bender/git/checkouts/cluster_interconnect-abcda71a83f4333c/rtl/peripheral_interco/MUX2_REQ_PE.sv /home/dungpc/ndmoney4porche/projects/pulp/.bender/git/checkouts/cluster_interconnect-abcda71a83f4333c/rtl/peripheral_interco/FanInPrimitive_PE_Resp.sv /home/dungpc/ndmoney4porche/projects/pulp/.bender/git/checkouts/cluster_interconnect-abcda71a83f4333c/rtl/peripheral_interco/RequestBlock1CH_PE.sv /home/dungpc/ndmoney4porche/projects/pulp/.bender/git/checkouts/cluster_interconnect-abcda71a83f4333c/rtl/peripheral_interco/RequestBlock2CH_PE.sv /home/dungpc/ndmoney4porche/projects/pulp/.bender/git/checkouts/cluster_interconnect-abcda71a83f4333c/rtl/peripheral_interco/ResponseBlock_PE.sv /home/dungpc/ndmoney4porche/projects/pulp/.bender/git/checkouts/cluster_interconnect-abcda71a83f4333c/rtl/peripheral_interco/ResponseTree_PE.sv /home/dungpc/ndmoney4porche/projects/pulp/.bender/git/checkouts/cluster_interconnect-abcda71a83f4333c/rtl/peripheral_interco/XBAR_PE.sv 
# -- Compiling package tcdm_interconnect_pkg
# -- Compiling module addr_dec_resp_mux
# -- Compiling module amo_shim
# -- Compiling module addr_decoder
# -- Compiling module xbar
# -- Compiling module simplex_xbar
# -- Compiling module clos_net
# -- Compiling module bfly_net
# -- Compiling module full_duplex_xbar
# -- Compiling module tcdm_interconnect
# -- Compiling module variable_latency_bfly_net
# -- Compiling module variable_latency_interconnect
# -- Compiling module FanInPrimitive_Req
# -- Compiling module ArbitrationTree
# -- Compiling module MUX2_REQ
# -- Compiling module AddressDecoder_Resp
# -- Compiling module TestAndSet
# -- Compiling module RequestBlock2CH
# -- Compiling module RequestBlock1CH
# -- Compiling module FanInPrimitive_Resp
# -- Compiling module ResponseTree
# -- Compiling module ResponseBlock
# -- Compiling module AddressDecoder_Req
# -- Compiling module XBAR_TCDM
# -- Compiling module XBAR_TCDM_WRAPPER
# -- Compiling module TCDM_PIPE_REQ
# -- Compiling module TCDM_PIPE_RESP
# -- Compiling module grant_mask
# -- Compiling module priority_Flag_Req
# -- Compiling module AddressDecoder_PE_Req
# -- Compiling module AddressDecoder_Resp_PE
# -- Compiling module ArbitrationTree_PE
# -- Compiling module FanInPrimitive_Req_PE
# -- Compiling module RR_Flag_Req_PE
# -- Compiling module MUX2_REQ_PE
# -- Compiling module FanInPrimitive_PE_Resp
# -- Compiling module RequestBlock1CH_PE
# -- Compiling module RequestBlock2CH_PE
# -- Compiling module ResponseBlock_PE
# -- Compiling module ResponseTree_PE
# -- Compiling module XBAR_PE
# 
# Top level modules:
# 	amo_shim
# 	tcdm_interconnect
# 	variable_latency_interconnect
# 	XBAR_TCDM_WRAPPER
# 	XBAR_PE
# End time: 01:01:28 on Sep 04,2026, Elapsed time: 0:00:00
# Errors: 0, Warnings: 0, Suppressed Warnings: 87
# QuestaSim-64 vlog 10.7c Compiler 2018.08 Aug 17 2018
# Start time: 01:01:28 on Sep 04,2026
# vlog -incr -sv -suppress 2583 -suppress 13314 "+incdir+/home/dungpc/ndmoney4porche/projects/pulp/rtl/includes" "+define+TARGET_RTL" "+define+TARGET_SIMULATION" "+define+TARGET_TEST" "+define+TARGET_VSIM" "+incdir+/home/dungpc/ndmoney4porche/projects/pulp/.bender/git/checkouts/common_cells-f18d75f6d6d026a5/include" /home/dungpc/ndmoney4porche/projects/pulp/.bender/git/checkouts/fpnew-3f06cec0e0e04d73/src/fpnew_pkg.sv /home/dungpc/ndmoney4porche/projects/pulp/.bender/git/checkouts/fpnew-3f06cec0e0e04d73/src/fpnew_cast_multi.sv /home/dungpc/ndmoney4porche/projects/pulp/.bender/git/checkouts/fpnew-3f06cec0e0e04d73/src/fpnew_classifier.sv /home/dungpc/ndmoney4porche/projects/pulp/.bender/git/checkouts/fpnew-3f06cec0e0e04d73/src/fpnew_divsqrt_multi.sv /home/dungpc/ndmoney4porche/projects/pulp/.bender/git/checkouts/fpnew-3f06cec0e0e04d73/src/fpnew_fma.sv /home/dungpc/ndmoney4porche/projects/pulp/.bender/git/checkouts/fpnew-3f06cec0e0e04d73/src/fpnew_fma_multi.sv /home/dungpc/ndmoney4porche/projects/pulp/.bender/git/checkouts/fpnew-3f06cec0e0e04d73/src/fpnew_noncomp.sv /home/dungpc/ndmoney4porche/projects/pulp/.bender/git/checkouts/fpnew-3f06cec0e0e04d73/src/fpnew_opgroup_block.sv /home/dungpc/ndmoney4porche/projects/pulp/.bender/git/checkouts/fpnew-3f06cec0e0e04d73/src/fpnew_opgroup_fmt_slice.sv /home/dungpc/ndmoney4porche/projects/pulp/.bender/git/checkouts/fpnew-3f06cec0e0e04d73/src/fpnew_opgroup_multifmt_slice.sv /home/dungpc/ndmoney4porche/projects/pulp/.bender/git/checkouts/fpnew-3f06cec0e0e04d73/src/fpnew_rounding.sv /home/dungpc/ndmoney4porche/projects/pulp/.bender/git/checkouts/fpnew-3f06cec0e0e04d73/src/fpnew_top.sv 
# -- Compiling package fpnew_pkg
# -- Compiling module fpnew_cast_multi
# -- Compiling module fpnew_classifier
# -- Compiling module fpnew_divsqrt_multi
# -- Compiling module fpnew_fma
# -- Compiling module fpnew_fma_multi
# -- Compiling module fpnew_noncomp
# -- Compiling module fpnew_opgroup_block
# -- Compiling module fpnew_opgroup_fmt_slice
# -- Compiling module fpnew_opgroup_multifmt_slice
# -- Compiling module fpnew_rounding
# -- Compiling module fpnew_top
# 
# Top level modules:
# 	fpnew_top
# End time: 01:01:28 on Sep 04,2026, Elapsed time: 0:00:00
# Errors: 0, Warnings: 0, Suppressed Warnings: 76
# QuestaSim-64 vlog 10.7c Compiler 2018.08 Aug 17 2018
# Start time: 01:01:28 on Sep 04,2026
# vlog -incr -sv -suppress 2583 -suppress 13314 "+incdir+/home/dungpc/ndmoney4porche/projects/pulp/rtl/includes" "+define+TARGET_RTL" "+define+TARGET_SIMULATION" "+define+TARGET_TEST" "+define+TARGET_VSIM" "+incdir+/home/dungpc/ndmoney4porche/projects/pulp/.bender/git/checkouts/hwpe-stream-2efec61d39f03cd2/rtl" /home/dungpc/ndmoney4porche/projects/pulp/.bender/git/checkouts/hwpe-stream-2efec61d39f03cd2/rtl/hwpe_stream_interfaces.sv /home/dungpc/ndmoney4porche/projects/pulp/.bender/git/checkouts/hwpe-stream-2efec61d39f03cd2/rtl/hwpe_stream_package.sv /home/dungpc/ndmoney4porche/projects/pulp/.bender/git/checkouts/hwpe-stream-2efec61d39f03cd2/rtl/basic/hwpe_stream_assign.sv /home/dungpc/ndmoney4porche/projects/pulp/.bender/git/checkouts/hwpe-stream-2efec61d39f03cd2/rtl/basic/hwpe_stream_buffer.sv /home/dungpc/ndmoney4porche/projects/pulp/.bender/git/checkouts/hwpe-stream-2efec61d39f03cd2/rtl/basic/hwpe_stream_demux_static.sv /home/dungpc/ndmoney4porche/projects/pulp/.bender/git/checkouts/hwpe-stream-2efec61d39f03cd2/rtl/basic/hwpe_stream_deserialize.sv /home/dungpc/ndmoney4porche/projects/pulp/.bender/git/checkouts/hwpe-stream-2efec61d39f03cd2/rtl/basic/hwpe_stream_fence.sv /home/dungpc/ndmoney4porche/projects/pulp/.bender/git/checkouts/hwpe-stream-2efec61d39f03cd2/rtl/basic/hwpe_stream_merge.sv /home/dungpc/ndmoney4porche/projects/pulp/.bender/git/checkouts/hwpe-stream-2efec61d39f03cd2/rtl/basic/hwpe_stream_mux_static.sv /home/dungpc/ndmoney4porche/projects/pulp/.bender/git/checkouts/hwpe-stream-2efec61d39f03cd2/rtl/basic/hwpe_stream_serialize.sv /home/dungpc/ndmoney4porche/projects/pulp/.bender/git/checkouts/hwpe-stream-2efec61d39f03cd2/rtl/basic/hwpe_stream_split.sv /home/dungpc/ndmoney4porche/projects/pulp/.bender/git/checkouts/hwpe-stream-2efec61d39f03cd2/rtl/fifo/hwpe_stream_fifo_ctrl.sv /home/dungpc/ndmoney4porche/projects/pulp/.bender/git/checkouts/hwpe-stream-2efec61d39f03cd2/rtl/fifo/hwpe_stream_fifo_scm.sv /home/dungpc/ndmoney4porche/projects/pulp/.bender/git/checkouts/hwpe-stream-2efec61d39f03cd2/rtl/streamer/hwpe_stream_addressgen.sv /home/dungpc/ndmoney4porche/projects/pulp/.bender/git/checkouts/hwpe-stream-2efec61d39f03cd2/rtl/streamer/hwpe_stream_addressgen_v2.sv /home/dungpc/ndmoney4porche/projects/pulp/.bender/git/checkouts/hwpe-stream-2efec61d39f03cd2/rtl/streamer/hwpe_stream_addressgen_v3.sv /home/dungpc/ndmoney4porche/projects/pulp/.bender/git/checkouts/hwpe-stream-2efec61d39f03cd2/rtl/streamer/hwpe_stream_sink_realign.sv /home/dungpc/ndmoney4porche/projects/pulp/.bender/git/checkouts/hwpe-stream-2efec61d39f03cd2/rtl/streamer/hwpe_stream_source_realign.sv /home/dungpc/ndmoney4porche/projects/pulp/.bender/git/checkouts/hwpe-stream-2efec61d39f03cd2/rtl/streamer/hwpe_stream_strbgen.sv /home/dungpc/ndmoney4porche/projects/pulp/.bender/git/checkouts/hwpe-stream-2efec61d39f03cd2/rtl/streamer/hwpe_stream_streamer_queue.sv /home/dungpc/ndmoney4porche/projects/pulp/.bender/git/checkouts/hwpe-stream-2efec61d39f03cd2/rtl/tcdm/hwpe_stream_tcdm_assign.sv /home/dungpc/ndmoney4porche/projects/pulp/.bender/git/checkouts/hwpe-stream-2efec61d39f03cd2/rtl/tcdm/hwpe_stream_tcdm_mux.sv /home/dungpc/ndmoney4porche/projects/pulp/.bender/git/checkouts/hwpe-stream-2efec61d39f03cd2/rtl/tcdm/hwpe_stream_tcdm_mux_static.sv /home/dungpc/ndmoney4porche/projects/pulp/.bender/git/checkouts/hwpe-stream-2efec61d39f03cd2/rtl/tcdm/hwpe_stream_tcdm_reorder.sv /home/dungpc/ndmoney4porche/projects/pulp/.bender/git/checkouts/hwpe-stream-2efec61d39f03cd2/rtl/tcdm/hwpe_stream_tcdm_reorder_static.sv /home/dungpc/ndmoney4porche/projects/pulp/.bender/git/checkouts/hwpe-stream-2efec61d39f03cd2/rtl/fifo/hwpe_stream_fifo_earlystall.sv /home/dungpc/ndmoney4porche/projects/pulp/.bender/git/checkouts/hwpe-stream-2efec61d39f03cd2/rtl/fifo/hwpe_stream_fifo_earlystall_sidech.sv /home/dungpc/ndmoney4porche/projects/pulp/.bender/git/checkouts/hwpe-stream-2efec61d39f03cd2/rtl/fifo/hwpe_stream_fifo_scm_test_wrap.sv /home/dungpc/ndmoney4porche/projects/pulp/.bender/git/checkouts/hwpe-stream-2efec61d39f03cd2/rtl/fifo/hwpe_stream_fifo_sidech.sv /home/dungpc/ndmoney4porche/projects/pulp/.bender/git/checkouts/hwpe-stream-2efec61d39f03cd2/rtl/fifo/hwpe_stream_fifo.sv /home/dungpc/ndmoney4porche/projects/pulp/.bender/git/checkouts/hwpe-stream-2efec61d39f03cd2/rtl/tcdm/hwpe_stream_tcdm_fifo_load_sidech.sv /home/dungpc/ndmoney4porche/projects/pulp/.bender/git/checkouts/hwpe-stream-2efec61d39f03cd2/rtl/streamer/hwpe_stream_source.sv /home/dungpc/ndmoney4porche/projects/pulp/.bender/git/checkouts/hwpe-stream-2efec61d39f03cd2/rtl/tcdm/hwpe_stream_tcdm_fifo.sv /home/dungpc/ndmoney4porche/projects/pulp/.bender/git/checkouts/hwpe-stream-2efec61d39f03cd2/rtl/tcdm/hwpe_stream_tcdm_fifo_load.sv /home/dungpc/ndmoney4porche/projects/pulp/.bender/git/checkouts/hwpe-stream-2efec61d39f03cd2/rtl/tcdm/hwpe_stream_tcdm_fifo_store.sv /home/dungpc/ndmoney4porche/projects/pulp/.bender/git/checkouts/hwpe-stream-2efec61d39f03cd2/rtl/streamer/hwpe_stream_sink.sv 
# -- Compiling interface hwpe_stream_intf_tcdm
# -- Compiling interface hwpe_stream_intf_stream
# -- Compiling package hwpe_stream_package
# -- Compiling package hwpe_stream_assign_sv_unit
# -- Compiling module hwpe_stream_assign
# -- Compiling package hwpe_stream_buffer_sv_unit
# -- Compiling module hwpe_stream_buffer
# -- Compiling package hwpe_stream_demux_static_sv_unit
# -- Compiling module hwpe_stream_demux_static
# -- Compiling package hwpe_stream_deserialize_sv_unit
# -- Compiling module hwpe_stream_deserialize
# -- Compiling package hwpe_stream_fence_sv_unit
# -- Compiling module hwpe_stream_fence
# -- Compiling package hwpe_stream_merge_sv_unit
# -- Compiling module hwpe_stream_merge
# -- Compiling package hwpe_stream_mux_static_sv_unit
# -- Compiling module hwpe_stream_mux_static
# -- Compiling package hwpe_stream_serialize_sv_unit
# -- Compiling module hwpe_stream_serialize
# -- Compiling package hwpe_stream_split_sv_unit
# -- Compiling module hwpe_stream_split
# -- Compiling package hwpe_stream_fifo_ctrl_sv_unit
# -- Compiling module hwpe_stream_fifo_ctrl
# -- Compiling package hwpe_stream_fifo_scm_sv_unit
# -- Compiling module hwpe_stream_fifo_scm
# -- Compiling package hwpe_stream_addressgen_sv_unit
# -- Compiling module hwpe_stream_addressgen
# -- Compiling package hwpe_stream_addressgen_v2_sv_unit
# -- Compiling module hwpe_stream_addressgen_v2
# -- Compiling package hwpe_stream_addressgen_v3_sv_unit
# -- Compiling module hwpe_stream_addressgen_v3
# -- Compiling package hwpe_stream_sink_realign_sv_unit
# -- Compiling module hwpe_stream_sink_realign
# -- Compiling package hwpe_stream_source_realign_sv_unit
# -- Compiling module hwpe_stream_source_realign
# -- Compiling package hwpe_stream_strbgen_sv_unit
# -- Compiling module hwpe_stream_strbgen
# -- Compiling package hwpe_stream_streamer_queue_sv_unit
# -- Compiling module hwpe_stream_streamer_queue
# -- Compiling package hwpe_stream_tcdm_assign_sv_unit
# -- Compiling module hwpe_stream_tcdm_assign
# -- Compiling package hwpe_stream_tcdm_mux_sv_unit
# -- Compiling module hwpe_stream_tcdm_mux
# -- Compiling package hwpe_stream_tcdm_mux_static_sv_unit
# -- Compiling module hwpe_stream_tcdm_mux_static
# -- Compiling package hwpe_stream_tcdm_reorder_sv_unit
# -- Compiling module hwpe_stream_tcdm_reorder
# -- Compiling package hwpe_stream_tcdm_reorder_static_sv_unit
# -- Compiling module hwpe_stream_tcdm_reorder_static
# -- Compiling package hwpe_stream_fifo_earlystall_sv_unit
# -- Compiling module hwpe_stream_fifo_earlystall
# -- Compiling package hwpe_stream_fifo_earlystall_sidech_sv_unit
# -- Compiling module hwpe_stream_fifo_earlystall_sidech
# -- Compiling package hwpe_stream_fifo_scm_test_wrap_sv_unit
# -- Compiling module hwpe_stream_fifo_scm_test_wrap
# -- Compiling package hwpe_stream_fifo_sidech_sv_unit
# -- Compiling module hwpe_stream_fifo_sidech
# -- Compiling package hwpe_stream_fifo_sv_unit
# -- Compiling module hwpe_stream_fifo
# -- Compiling package hwpe_stream_tcdm_fifo_load_sidech_sv_unit
# -- Compiling module hwpe_stream_tcdm_fifo_load_sidech
# -- Compiling package hwpe_stream_source_sv_unit
# -- Compiling module hwpe_stream_source
# -- Compiling package hwpe_stream_tcdm_fifo_sv_unit
# -- Compiling module hwpe_stream_tcdm_fifo
# -- Compiling package hwpe_stream_tcdm_fifo_load_sv_unit
# -- Compiling module hwpe_stream_tcdm_fifo_load
# -- Compiling package hwpe_stream_tcdm_fifo_store_sv_unit
# -- Compiling module hwpe_stream_tcdm_fifo_store
# -- Compiling package hwpe_stream_sink_sv_unit
# -- Compiling module hwpe_stream_sink
# 
# Top level modules:
# 	hwpe_stream_buffer
# 	hwpe_stream_demux_static
# 	hwpe_stream_deserialize
# 	hwpe_stream_mux_static
# 	hwpe_stream_serialize
# 	hwpe_stream_fifo_ctrl
# 	hwpe_stream_addressgen_v2
# 	hwpe_stream_addressgen_v3
# 	hwpe_stream_strbgen
# 	hwpe_stream_streamer_queue
# 	hwpe_stream_tcdm_assign
# 	hwpe_stream_tcdm_mux
# 	hwpe_stream_tcdm_mux_static
# 	hwpe_stream_tcdm_reorder
# 	hwpe_stream_tcdm_reorder_static
# 	hwpe_stream_fifo_earlystall
# 	hwpe_stream_fifo_earlystall_sidech
# 	hwpe_stream_tcdm_fifo_load_sidech
# 	hwpe_stream_source
# 	hwpe_stream_tcdm_fifo
# 	hwpe_stream_tcdm_fifo_load
# 	hwpe_stream_sink
# End time: 01:01:29 on Sep 04,2026, Elapsed time: 0:00:01
# Errors: 0, Warnings: 0, Suppressed Warnings: 174
# QuestaSim-64 vlog 10.7c Compiler 2018.08 Aug 17 2018
# Start time: 01:01:29 on Sep 04,2026
# vlog -incr -sv -suppress 2583 -suppress 13314 "+incdir+/home/dungpc/ndmoney4porche/projects/pulp/rtl/includes" "+define+TARGET_RTL" "+define+TARGET_SIMULATION" "+define+TARGET_TEST" "+define+TARGET_VSIM" /home/dungpc/ndmoney4porche/projects/pulp/.bender/git/checkouts/l2_tcdm_hybrid_interco-f03a86a7ac111e77/RTL/l2_tcdm_demux.sv /home/dungpc/ndmoney4porche/projects/pulp/.bender/git/checkouts/l2_tcdm_hybrid_interco-f03a86a7ac111e77/RTL/lint_2_apb.sv /home/dungpc/ndmoney4porche/projects/pulp/.bender/git/checkouts/l2_tcdm_hybrid_interco-f03a86a7ac111e77/RTL/lint_2_axi.sv /home/dungpc/ndmoney4porche/projects/pulp/.bender/git/checkouts/l2_tcdm_hybrid_interco-f03a86a7ac111e77/RTL/axi_2_lint/axi64_2_lint32.sv /home/dungpc/ndmoney4porche/projects/pulp/.bender/git/checkouts/l2_tcdm_hybrid_interco-f03a86a7ac111e77/RTL/axi_2_lint/axi_read_ctrl.sv /home/dungpc/ndmoney4porche/projects/pulp/.bender/git/checkouts/l2_tcdm_hybrid_interco-f03a86a7ac111e77/RTL/axi_2_lint/axi_write_ctrl.sv /home/dungpc/ndmoney4porche/projects/pulp/.bender/git/checkouts/l2_tcdm_hybrid_interco-f03a86a7ac111e77/RTL/axi_2_lint/lint64_to_32.sv /home/dungpc/ndmoney4porche/projects/pulp/.bender/git/checkouts/l2_tcdm_hybrid_interco-f03a86a7ac111e77/RTL/XBAR_L2/AddressDecoder_Req_L2.sv /home/dungpc/ndmoney4porche/projects/pulp/.bender/git/checkouts/l2_tcdm_hybrid_interco-f03a86a7ac111e77/RTL/XBAR_L2/AddressDecoder_Resp_L2.sv /home/dungpc/ndmoney4porche/projects/pulp/.bender/git/checkouts/l2_tcdm_hybrid_interco-f03a86a7ac111e77/RTL/XBAR_L2/ArbitrationTree_L2.sv /home/dungpc/ndmoney4porche/projects/pulp/.bender/git/checkouts/l2_tcdm_hybrid_interco-f03a86a7ac111e77/RTL/XBAR_L2/FanInPrimitive_Req_L2.sv /home/dungpc/ndmoney4porche/projects/pulp/.bender/git/checkouts/l2_tcdm_hybrid_interco-f03a86a7ac111e77/RTL/XBAR_L2/FanInPrimitive_Resp_L2.sv /home/dungpc/ndmoney4porche/projects/pulp/.bender/git/checkouts/l2_tcdm_hybrid_interco-f03a86a7ac111e77/RTL/XBAR_L2/MUX2_REQ_L2.sv /home/dungpc/ndmoney4porche/projects/pulp/.bender/git/checkouts/l2_tcdm_hybrid_interco-f03a86a7ac111e77/RTL/XBAR_L2/RequestBlock_L2_1CH.sv /home/dungpc/ndmoney4porche/projects/pulp/.bender/git/checkouts/l2_tcdm_hybrid_interco-f03a86a7ac111e77/RTL/XBAR_L2/RequestBlock_L2_2CH.sv /home/dungpc/ndmoney4porche/projects/pulp/.bender/git/checkouts/l2_tcdm_hybrid_interco-f03a86a7ac111e77/RTL/XBAR_L2/ResponseBlock_L2.sv /home/dungpc/ndmoney4porche/projects/pulp/.bender/git/checkouts/l2_tcdm_hybrid_interco-f03a86a7ac111e77/RTL/XBAR_L2/ResponseTree_L2.sv /home/dungpc/ndmoney4porche/projects/pulp/.bender/git/checkouts/l2_tcdm_hybrid_interco-f03a86a7ac111e77/RTL/XBAR_L2/RR_Flag_Req_L2.sv /home/dungpc/ndmoney4porche/projects/pulp/.bender/git/checkouts/l2_tcdm_hybrid_interco-f03a86a7ac111e77/RTL/XBAR_L2/XBAR_L2.sv /home/dungpc/ndmoney4porche/projects/pulp/.bender/git/checkouts/l2_tcdm_hybrid_interco-f03a86a7ac111e77/RTL/XBAR_BRIDGE/AddressDecoder_Req_BRIDGE.sv /home/dungpc/ndmoney4porche/projects/pulp/.bender/git/checkouts/l2_tcdm_hybrid_interco-f03a86a7ac111e77/RTL/XBAR_BRIDGE/AddressDecoder_Resp_BRIDGE.sv /home/dungpc/ndmoney4porche/projects/pulp/.bender/git/checkouts/l2_tcdm_hybrid_interco-f03a86a7ac111e77/RTL/XBAR_BRIDGE/ArbitrationTree_BRIDGE.sv /home/dungpc/ndmoney4porche/projects/pulp/.bender/git/checkouts/l2_tcdm_hybrid_interco-f03a86a7ac111e77/RTL/XBAR_BRIDGE/FanInPrimitive_Req_BRIDGE.sv /home/dungpc/ndmoney4porche/projects/pulp/.bender/git/checkouts/l2_tcdm_hybrid_interco-f03a86a7ac111e77/RTL/XBAR_BRIDGE/FanInPrimitive_Resp_BRIDGE.sv /home/dungpc/ndmoney4porche/projects/pulp/.bender/git/checkouts/l2_tcdm_hybrid_interco-f03a86a7ac111e77/RTL/XBAR_BRIDGE/MUX2_REQ_BRIDGE.sv /home/dungpc/ndmoney4porche/projects/pulp/.bender/git/checkouts/l2_tcdm_hybrid_interco-f03a86a7ac111e77/RTL/XBAR_BRIDGE/RequestBlock1CH_BRIDGE.sv /home/dungpc/ndmoney4porche/projects/pulp/.bender/git/checkouts/l2_tcdm_hybrid_interco-f03a86a7ac111e77/RTL/XBAR_BRIDGE/RequestBlock2CH_BRIDGE.sv /home/dungpc/ndmoney4porche/projects/pulp/.bender/git/checkouts/l2_tcdm_hybrid_interco-f03a86a7ac111e77/RTL/XBAR_BRIDGE/ResponseBlock_BRIDGE.sv /home/dungpc/ndmoney4porche/projects/pulp/.bender/git/checkouts/l2_tcdm_hybrid_interco-f03a86a7ac111e77/RTL/XBAR_BRIDGE/ResponseTree_BRIDGE.sv /home/dungpc/ndmoney4porche/projects/pulp/.bender/git/checkouts/l2_tcdm_hybrid_interco-f03a86a7ac111e77/RTL/XBAR_BRIDGE/RR_Flag_Req_BRIDGE.sv /home/dungpc/ndmoney4porche/projects/pulp/.bender/git/checkouts/l2_tcdm_hybrid_interco-f03a86a7ac111e77/RTL/XBAR_BRIDGE/XBAR_BRIDGE.sv 
# -- Compiling module l2_tcdm_demux
# -- Compiling module lint_2_apb
# -- Compiling module lint_2_axi
# -- Compiling module axi64_2_lint32
# -- Compiling module axi_read_ctrl
# -- Compiling module axi_write_ctrl
# -- Compiling module lint64_to_32
# -- Compiling module AddressDecoder_Req_L2
# -- Compiling module AddressDecoder_Resp_L2
# -- Compiling module ArbitrationTree_L2
# -- Compiling module FanInPrimitive_Req_L2
# -- Compiling module FanInPrimitive_Resp_L2
# -- Compiling module MUX2_REQ_L2
# -- Compiling module RequestBlock_L2_1CH
# -- Compiling module RequestBlock_L2_2CH
# -- Compiling module ResponseBlock_L2
# -- Compiling module ResponseTree_L2
# -- Compiling module RR_Flag_Req_L2
# -- Compiling module XBAR_L2
# -- Compiling module AddressDecoder_Req_BRIDGE
# -- Compiling module AddressDecoder_Resp_BRIDGE
# -- Compiling module ArbitrationTree_BRIDGE
# -- Compiling module FanInPrimitive_Req_BRIDGE
# -- Compiling module FanInPrimitive_Resp_BRIDGE
# -- Compiling module MUX2_REQ_BRIDGE
# -- Compiling module RequestBlock1CH_BRIDGE
# -- Compiling module RequestBlock2CH_BRIDGE
# -- Compiling module ResponseBlock_BRIDGE
# -- Compiling module ResponseTree_BRIDGE
# -- Compiling module RR_Flag_Req_BRIDGE
# -- Compiling module XBAR_BRIDGE
# 
# Top level modules:
# 	l2_tcdm_demux
# 	lint_2_apb
# 	lint_2_axi
# 	axi64_2_lint32
# 	XBAR_L2
# 	XBAR_BRIDGE
# End time: 01:01:29 on Sep 04,2026, Elapsed time: 0:00:00
# Errors: 0, Warnings: 0, Suppressed Warnings: 63
# QuestaSim-64 vlog 10.7c Compiler 2018.08 Aug 17 2018
# Start time: 01:01:29 on Sep 04,2026
# vlog -incr -sv -suppress 2583 -suppress 13314 "+incdir+/home/dungpc/ndmoney4porche/projects/pulp/rtl/includes" "+define+TARGET_RTL" "+define+TARGET_SIMULATION" "+define+TARGET_TEST" "+define+TARGET_VSIM" /home/dungpc/ndmoney4porche/projects/pulp/.bender/git/checkouts/apb-e9f5172fecd19b49/src/apb_intf.sv 
# -- Compiling interface APB_BUS
# 
# Top level modules:
# 	--none--
# End time: 01:01:29 on Sep 04,2026, Elapsed time: 0:00:00
# Errors: 0, Warnings: 0
# QuestaSim-64 vlog 10.7c Compiler 2018.08 Aug 17 2018
# Start time: 01:01:29 on Sep 04,2026
# vlog -incr -sv -suppress 2583 -suppress 13314 "+incdir+/home/dungpc/ndmoney4porche/projects/pulp/rtl/includes" "+define+TARGET_RTL" "+define+TARGET_SIMULATION" "+define+TARGET_TEST" "+define+TARGET_VSIM" "+incdir+/home/dungpc/ndmoney4porche/projects/pulp/.bender/git/checkouts/axi-d42e23417b564294/include" "+incdir+/home/dungpc/ndmoney4porche/projects/pulp/.bender/git/checkouts/common_cells-f18d75f6d6d026a5/include" /home/dungpc/ndmoney4porche/projects/pulp/.bender/git/checkouts/axi-d42e23417b564294/src/axi_pkg.sv /home/dungpc/ndmoney4porche/projects/pulp/.bender/git/checkouts/axi-d42e23417b564294/src/axi_intf.sv /home/dungpc/ndmoney4porche/projects/pulp/.bender/git/checkouts/axi-d42e23417b564294/src/axi_atop_filter.sv /home/dungpc/ndmoney4porche/projects/pulp/.bender/git/checkouts/axi-d42e23417b564294/src/axi_burst_splitter.sv /home/dungpc/ndmoney4porche/projects/pulp/.bender/git/checkouts/axi-d42e23417b564294/src/axi_cdc_dst.sv /home/dungpc/ndmoney4porche/projects/pulp/.bender/git/checkouts/axi-d42e23417b564294/src/axi_cdc_src.sv /home/dungpc/ndmoney4porche/projects/pulp/.bender/git/checkouts/axi-d42e23417b564294/src/axi_cut.sv /home/dungpc/ndmoney4porche/projects/pulp/.bender/git/checkouts/axi-d42e23417b564294/src/axi_delayer.sv /home/dungpc/ndmoney4porche/projects/pulp/.bender/git/checkouts/axi-d42e23417b564294/src/axi_demux.sv /home/dungpc/ndmoney4porche/projects/pulp/.bender/git/checkouts/axi-d42e23417b564294/src/axi_dw_downsizer.sv /home/dungpc/ndmoney4porche/projects/pulp/.bender/git/checkouts/axi-d42e23417b564294/src/axi_dw_upsizer.sv /home/dungpc/ndmoney4porche/projects/pulp/.bender/git/checkouts/axi-d42e23417b564294/src/axi_id_prepend.sv /home/dungpc/ndmoney4porche/projects/pulp/.bender/git/checkouts/axi-d42e23417b564294/src/axi_isolate.sv /home/dungpc/ndmoney4porche/projects/pulp/.bender/git/checkouts/axi-d42e23417b564294/src/axi_join.sv /home/dungpc/ndmoney4porche/projects/pulp/.bender/git/checkouts/axi-d42e23417b564294/src/axi_lite_demux.sv /home/dungpc/ndmoney4porche/projects/pulp/.bender/git/checkouts/axi-d42e23417b564294/src/axi_lite_join.sv /home/dungpc/ndmoney4porche/projects/pulp/.bender/git/checkouts/axi-d42e23417b564294/src/axi_lite_mailbox.sv /home/dungpc/ndmoney4porche/projects/pulp/.bender/git/checkouts/axi-d42e23417b564294/src/axi_lite_mux.sv /home/dungpc/ndmoney4porche/projects/pulp/.bender/git/checkouts/axi-d42e23417b564294/src/axi_lite_regs.sv /home/dungpc/ndmoney4porche/projects/pulp/.bender/git/checkouts/axi-d42e23417b564294/src/axi_lite_to_apb.sv /home/dungpc/ndmoney4porche/projects/pulp/.bender/git/checkouts/axi-d42e23417b564294/src/axi_lite_to_axi.sv /home/dungpc/ndmoney4porche/projects/pulp/.bender/git/checkouts/axi-d42e23417b564294/src/axi_modify_address.sv /home/dungpc/ndmoney4porche/projects/pulp/.bender/git/checkouts/axi-d42e23417b564294/src/axi_mux.sv /home/dungpc/ndmoney4porche/projects/pulp/.bender/git/checkouts/axi-d42e23417b564294/src/axi_serializer.sv /home/dungpc/ndmoney4porche/projects/pulp/.bender/git/checkouts/axi-d42e23417b564294/src/axi_cdc.sv /home/dungpc/ndmoney4porche/projects/pulp/.bender/git/checkouts/axi-d42e23417b564294/src/axi_err_slv.sv /home/dungpc/ndmoney4porche/projects/pulp/.bender/git/checkouts/axi-d42e23417b564294/src/axi_dw_converter.sv /home/dungpc/ndmoney4porche/projects/pulp/.bender/git/checkouts/axi-d42e23417b564294/src/axi_multicut.sv /home/dungpc/ndmoney4porche/projects/pulp/.bender/git/checkouts/axi-d42e23417b564294/src/axi_to_axi_lite.sv /home/dungpc/ndmoney4porche/projects/pulp/.bender/git/checkouts/axi-d42e23417b564294/src/axi_lite_xbar.sv /home/dungpc/ndmoney4porche/projects/pulp/.bender/git/checkouts/axi-d42e23417b564294/src/axi_xbar.sv 
# -- Compiling package axi_pkg
# -- Compiling interface AXI_BUS
# -- Compiling interface AXI_BUS_DV
# -- Compiling interface AXI_BUS_ASYNC
# -- Compiling interface AXI_BUS_ASYNC_GRAY
# -- Compiling interface AXI_LITE
# -- Compiling interface AXI_LITE_DV
# -- Compiling interface AXI_LITE_ASYNC_GRAY
# -- Compiling module axi_atop_filter
# -- Compiling module axi_atop_filter_intf
# -- Compiling module axi_burst_splitter
# -- Compiling module axi_burst_splitter_ax_chan
# -- Compiling module axi_burst_splitter_counters
# -- Compiling module axi_cdc_dst
# -- Compiling module axi_cdc_dst_intf
# -- Compiling module axi_lite_cdc_dst_intf
# -- Compiling module axi_cdc_src
# -- Compiling module axi_cdc_src_intf
# -- Compiling module axi_lite_cdc_src_intf
# -- Compiling module axi_cut
# -- Compiling module axi_cut_intf
# -- Compiling module axi_lite_cut_intf
# -- Compiling module axi_delayer
# -- Compiling module axi_delayer_intf
# -- Compiling module axi_demux
# -- Compiling module axi_demux_id_counters
# -- Compiling module axi_demux_intf
# -- Compiling module axi_dw_downsizer
# -- Compiling module axi_dw_upsizer
# -- Compiling module axi_id_prepend
# -- Compiling module axi_isolate
# -- Compiling module axi_isolate_intf
# -- Compiling module axi_join_intf
# -- Compiling module axi_lite_demux
# -- Compiling module axi_lite_demux_intf
# -- Compiling module axi_lite_join_intf
# -- Compiling module axi_lite_mailbox
# -- Compiling module axi_lite_mailbox_slave
# -- Compiling module axi_lite_mailbox_intf
# -- Compiling module axi_lite_mux
# -- Compiling module axi_lite_mux_intf
# -- Compiling module axi_lite_regs
# -- Compiling module axi_lite_regs_intf
# -- Compiling module axi_lite_to_apb
# -- Compiling module axi_lite_to_apb_intf
# -- Compiling module axi_lite_to_axi
# -- Compiling module axi_lite_to_axi_intf
# -- Compiling module axi_modify_address
# -- Compiling module axi_modify_address_intf
# -- Compiling module axi_mux
# -- Compiling module axi_mux_intf
# -- Compiling module axi_serializer
# -- Compiling module axi_serializer_intf
# -- Compiling module axi_cdc
# -- Compiling module axi_cdc_intf
# -- Compiling module axi_lite_cdc_intf
# -- Compiling module axi_err_slv
# -- Compiling module axi_dw_converter
# -- Compiling module axi_dw_converter_intf
# -- Compiling module axi_multicut
# -- Compiling module axi_multicut_intf
# -- Compiling module axi_lite_multicut_intf
# -- Compiling module axi_to_axi_lite
# -- Compiling module axi_to_axi_lite_id_reflect
# -- Compiling module axi_to_axi_lite_intf
# -- Compiling module axi_lite_xbar
# -- Compiling module axi_xbar
# -- Compiling module axi_xbar_intf
# 
# Top level modules:
# 	axi_atop_filter_intf
# 	axi_cdc_dst_intf
# 	axi_lite_cdc_dst_intf
# 	axi_cdc_src_intf
# 	axi_lite_cdc_src_intf
# 	axi_cut_intf
# 	axi_lite_cut_intf
# 	axi_delayer_intf
# 	axi_demux_intf
# 	axi_isolate_intf
# 	axi_join_intf
# 	axi_lite_demux_intf
# 	axi_lite_join_intf
# 	axi_lite_mailbox_intf
# 	axi_lite_mux_intf
# 	axi_lite_regs_intf
# 	axi_lite_to_apb_intf
# 	axi_lite_to_axi_intf
# 	axi_modify_address_intf
# 	axi_mux_intf
# 	axi_serializer_intf
# 	axi_cdc_intf
# 	axi_lite_cdc_intf
# 	axi_dw_converter_intf
# 	axi_multicut_intf
# 	axi_lite_multicut_intf
# 	axi_to_axi_lite_intf
# 	axi_lite_xbar
# 	axi_xbar_intf
# End time: 01:01:29 on Sep 04,2026, Elapsed time: 0:00:00
# Errors: 0, Warnings: 0, Suppressed Warnings: 329
# QuestaSim-64 vlog 10.7c Compiler 2018.08 Aug 17 2018
# Start time: 01:01:29 on Sep 04,2026
# vlog -incr -sv -suppress 2583 -suppress 13314 "+incdir+/home/dungpc/ndmoney4porche/projects/pulp/rtl/includes" "+define+TARGET_RTL" "+define+TARGET_SIMULATION" "+define+TARGET_TEST" "+define+TARGET_VSIM" "+incdir+/home/dungpc/ndmoney4porche/projects/pulp/.bender/git/checkouts/axi-d42e23417b564294/include" "+incdir+/home/dungpc/ndmoney4porche/projects/pulp/.bender/git/checkouts/common_cells-f18d75f6d6d026a5/include" /home/dungpc/ndmoney4porche/projects/pulp/.bender/git/checkouts/axi-d42e23417b564294/src/axi_sim_mem.sv /home/dungpc/ndmoney4porche/projects/pulp/.bender/git/checkouts/axi-d42e23417b564294/src/axi_test.sv 
# -- Compiling module axi_sim_mem
# -- Compiling package axi_test
# -- Compiling module axi_chan_logger
# 
# Top level modules:
# 	axi_sim_mem
# 	axi_chan_logger
# End time: 01:01:29 on Sep 04,2026, Elapsed time: 0:00:00
# Errors: 0, Warnings: 0
# QuestaSim-64 vlog 10.7c Compiler 2018.08 Aug 17 2018
# Start time: 01:01:29 on Sep 04,2026
# vlog -incr -sv -suppress 2583 -suppress 13314 "+incdir+/home/dungpc/ndmoney4porche/projects/pulp/rtl/includes" "+define+TARGET_RTL" "+define+TARGET_SIMULATION" "+define+TARGET_TEST" "+define+TARGET_VSIM" "+incdir+/home/dungpc/ndmoney4porche/projects/pulp/.bender/git/checkouts/axi-d42e23417b564294/include" "+incdir+/home/dungpc/ndmoney4porche/projects/pulp/.bender/git/checkouts/common_cells-f18d75f6d6d026a5/include" /home/dungpc/ndmoney4porche/projects/pulp/.bender/git/checkouts/axi-d42e23417b564294/test/tb_axi_dw_pkg.sv /home/dungpc/ndmoney4porche/projects/pulp/.bender/git/checkouts/axi-d42e23417b564294/test/tb_axi_xbar_pkg.sv /home/dungpc/ndmoney4porche/projects/pulp/.bender/git/checkouts/axi-d42e23417b564294/test/tb_axi_addr_test.sv /home/dungpc/ndmoney4porche/projects/pulp/.bender/git/checkouts/axi-d42e23417b564294/test/tb_axi_atop_filter.sv /home/dungpc/ndmoney4porche/projects/pulp/.bender/git/checkouts/axi-d42e23417b564294/test/tb_axi_cdc.sv /home/dungpc/ndmoney4porche/projects/pulp/.bender/git/checkouts/axi-d42e23417b564294/test/tb_axi_delayer.sv /home/dungpc/ndmoney4porche/projects/pulp/.bender/git/checkouts/axi-d42e23417b564294/test/tb_axi_dw_downsizer.sv /home/dungpc/ndmoney4porche/projects/pulp/.bender/git/checkouts/axi-d42e23417b564294/test/tb_axi_dw_upsizer.sv /home/dungpc/ndmoney4porche/projects/pulp/.bender/git/checkouts/axi-d42e23417b564294/test/tb_axi_isolate.sv /home/dungpc/ndmoney4porche/projects/pulp/.bender/git/checkouts/axi-d42e23417b564294/test/tb_axi_lite_mailbox.sv /home/dungpc/ndmoney4porche/projects/pulp/.bender/git/checkouts/axi-d42e23417b564294/test/tb_axi_lite_regs.sv /home/dungpc/ndmoney4porche/projects/pulp/.bender/git/checkouts/axi-d42e23417b564294/test/tb_axi_lite_to_apb.sv /home/dungpc/ndmoney4porche/projects/pulp/.bender/git/checkouts/axi-d42e23417b564294/test/tb_axi_lite_to_axi.sv /home/dungpc/ndmoney4porche/projects/pulp/.bender/git/checkouts/axi-d42e23417b564294/test/tb_axi_lite_xbar.sv /home/dungpc/ndmoney4porche/projects/pulp/.bender/git/checkouts/axi-d42e23417b564294/test/tb_axi_modify_address.sv /home/dungpc/ndmoney4porche/projects/pulp/.bender/git/checkouts/axi-d42e23417b564294/test/tb_axi_serializer.sv /home/dungpc/ndmoney4porche/projects/pulp/.bender/git/checkouts/axi-d42e23417b564294/test/tb_axi_sim_mem.sv /home/dungpc/ndmoney4porche/projects/pulp/.bender/git/checkouts/axi-d42e23417b564294/test/tb_axi_to_axi_lite.sv /home/dungpc/ndmoney4porche/projects/pulp/.bender/git/checkouts/axi-d42e23417b564294/test/tb_axi_xbar.sv 
# -- Compiling package tb_axi_dw_pkg
# -- Compiling package tb_axi_xbar_pkg
# -- Compiling module tb_axi_addr_test
# -- Compiling module tb_axi_atop_filter
# -- Compiling module tb_axi_cdc
# -- Compiling module tb_axi_delayer
# -- Compiling module tb_axi_dw_downsizer
# -- Compiling module tb_axi_dw_upsizer
# -- Compiling module tb_axi_isolate
# -- Compiling module tb_axi_lite_mailbox
# -- Compiling module tb_axi_lite_regs
# -- Compiling module tb_axi_lite_to_apb
# -- Compiling module tb_axi_lite_to_axi
# -- Compiling module tb_axi_lite_xbar
# -- Compiling module tb_axi_modify_address
# -- Compiling module tb_axi_serializer
# -- Compiling module tb_axi_sim_mem
# -- Compiling module tb_axi_to_axi_lite
# -- Compiling module tb_axi_xbar
# 
# Top level modules:
# 	tb_axi_addr_test
# 	tb_axi_atop_filter
# 	tb_axi_cdc
# 	tb_axi_delayer
# 	tb_axi_dw_downsizer
# 	tb_axi_dw_upsizer
# 	tb_axi_isolate
# 	tb_axi_lite_mailbox
# 	tb_axi_lite_regs
# 	tb_axi_lite_to_apb
# 	tb_axi_lite_to_axi
# 	tb_axi_lite_xbar
# 	tb_axi_modify_address
# 	tb_axi_serializer
# 	tb_axi_sim_mem
# 	tb_axi_to_axi_lite
# 	tb_axi_xbar
# End time: 01:01:29 on Sep 04,2026, Elapsed time: 0:00:00
# Errors: 0, Warnings: 0
# QuestaSim-64 vlog 10.7c Compiler 2018.08 Aug 17 2018
# Start time: 01:01:29 on Sep 04,2026
# vlog -incr -sv -suppress 2583 -suppress 13314 "+incdir+/home/dungpc/ndmoney4porche/projects/pulp/rtl/includes" "+define+TARGET_RTL" "+define+TARGET_SIMULATION" "+define+TARGET_TEST" "+define+TARGET_VSIM" "+incdir+/home/dungpc/ndmoney4porche/projects/pulp/.bender/git/checkouts/common_cells-f18d75f6d6d026a5/include" /home/dungpc/ndmoney4porche/projects/pulp/.bender/git/checkouts/axi_slice-4e4299f122d8400c/src/axi_single_slice.sv /home/dungpc/ndmoney4porche/projects/pulp/.bender/git/checkouts/axi_slice-4e4299f122d8400c/src/axi_ar_buffer.sv /home/dungpc/ndmoney4porche/projects/pulp/.bender/git/checkouts/axi_slice-4e4299f122d8400c/src/axi_aw_buffer.sv /home/dungpc/ndmoney4porche/projects/pulp/.bender/git/checkouts/axi_slice-4e4299f122d8400c/src/axi_b_buffer.sv /home/dungpc/ndmoney4porche/projects/pulp/.bender/git/checkouts/axi_slice-4e4299f122d8400c/src/axi_r_buffer.sv /home/dungpc/ndmoney4porche/projects/pulp/.bender/git/checkouts/axi_slice-4e4299f122d8400c/src/axi_slice.sv /home/dungpc/ndmoney4porche/projects/pulp/.bender/git/checkouts/axi_slice-4e4299f122d8400c/src/axi_w_buffer.sv /home/dungpc/ndmoney4porche/projects/pulp/.bender/git/checkouts/axi_slice-4e4299f122d8400c/src/axi_slice_wrap.sv 
# -- Compiling module axi_single_slice
# -- Compiling module axi_ar_buffer
# -- Compiling module axi_aw_buffer
# -- Compiling module axi_b_buffer
# -- Compiling module axi_r_buffer
# -- Compiling module axi_slice
# -- Compiling module axi_w_buffer
# -- Compiling module axi_slice_wrap
# 
# Top level modules:
# 	axi_slice_wrap
# End time: 01:01:29 on Sep 04,2026, Elapsed time: 0:00:00
# Errors: 0, Warnings: 0
# QuestaSim-64 vlog 10.7c Compiler 2018.08 Aug 17 2018
# Start time: 01:01:29 on Sep 04,2026
# vlog -incr -sv -suppress 2583 -suppress 13314 "+incdir+/home/dungpc/ndmoney4porche/projects/pulp/rtl/includes" "+define+TARGET_RTL" "+define+TARGET_SIMULATION" "+define+TARGET_TEST" "+define+TARGET_VSIM" "+incdir+/home/dungpc/ndmoney4porche/projects/pulp/.bender/git/checkouts/cv32e40p-0a3884e05ea5a482/rtl/include" /home/dungpc/ndmoney4porche/projects/pulp/.bender/git/checkouts/cv32e40p-0a3884e05ea5a482/rtl/include/apu_core_package.sv /home/dungpc/ndmoney4porche/projects/pulp/.bender/git/checkouts/cv32e40p-0a3884e05ea5a482/rtl/include/riscv_defines.sv /home/dungpc/ndmoney4porche/projects/pulp/.bender/git/checkouts/cv32e40p-0a3884e05ea5a482/rtl/include/riscv_tracer_defines.sv /home/dungpc/ndmoney4porche/projects/pulp/.bender/git/checkouts/cv32e40p-0a3884e05ea5a482/rtl/riscv_alu.sv /home/dungpc/ndmoney4porche/projects/pulp/.bender/git/checkouts/cv32e40p-0a3884e05ea5a482/rtl/riscv_alu_basic.sv /home/dungpc/ndmoney4porche/projects/pulp/.bender/git/checkouts/cv32e40p-0a3884e05ea5a482/rtl/riscv_alu_div.sv /home/dungpc/ndmoney4porche/projects/pulp/.bender/git/checkouts/cv32e40p-0a3884e05ea5a482/rtl/riscv_compressed_decoder.sv /home/dungpc/ndmoney4porche/projects/pulp/.bender/git/checkouts/cv32e40p-0a3884e05ea5a482/rtl/riscv_controller.sv /home/dungpc/ndmoney4porche/projects/pulp/.bender/git/checkouts/cv32e40p-0a3884e05ea5a482/rtl/riscv_cs_registers.sv /home/dungpc/ndmoney4porche/projects/pulp/.bender/git/checkouts/cv32e40p-0a3884e05ea5a482/rtl/riscv_decoder.sv /home/dungpc/ndmoney4porche/projects/pulp/.bender/git/checkouts/cv32e40p-0a3884e05ea5a482/rtl/riscv_int_controller.sv /home/dungpc/ndmoney4porche/projects/pulp/.bender/git/checkouts/cv32e40p-0a3884e05ea5a482/rtl/riscv_ex_stage.sv /home/dungpc/ndmoney4porche/projects/pulp/.bender/git/checkouts/cv32e40p-0a3884e05ea5a482/rtl/riscv_hwloop_controller.sv /home/dungpc/ndmoney4porche/projects/pulp/.bender/git/checkouts/cv32e40p-0a3884e05ea5a482/rtl/riscv_hwloop_regs.sv /home/dungpc/ndmoney4porche/projects/pulp/.bender/git/checkouts/cv32e40p-0a3884e05ea5a482/rtl/register_file_test_wrap.sv /home/dungpc/ndmoney4porche/projects/pulp/.bender/git/checkouts/cv32e40p-0a3884e05ea5a482/rtl/riscv_id_stage.sv /home/dungpc/ndmoney4porche/projects/pulp/.bender/git/checkouts/cv32e40p-0a3884e05ea5a482/rtl/riscv_if_stage.sv /home/dungpc/ndmoney4porche/projects/pulp/.bender/git/checkouts/cv32e40p-0a3884e05ea5a482/rtl/riscv_load_store_unit.sv /home/dungpc/ndmoney4porche/projects/pulp/.bender/git/checkouts/cv32e40p-0a3884e05ea5a482/rtl/riscv_mult.sv /home/dungpc/ndmoney4porche/projects/pulp/.bender/git/checkouts/cv32e40p-0a3884e05ea5a482/rtl/riscv_prefetch_buffer.sv /home/dungpc/ndmoney4porche/projects/pulp/.bender/git/checkouts/cv32e40p-0a3884e05ea5a482/rtl/riscv_prefetch_L0_buffer.sv /home/dungpc/ndmoney4porche/projects/pulp/.bender/git/checkouts/cv32e40p-0a3884e05ea5a482/rtl/riscv_core.sv /home/dungpc/ndmoney4porche/projects/pulp/.bender/git/checkouts/cv32e40p-0a3884e05ea5a482/rtl/riscv_apu_disp.sv /home/dungpc/ndmoney4porche/projects/pulp/.bender/git/checkouts/cv32e40p-0a3884e05ea5a482/rtl/riscv_fetch_fifo.sv /home/dungpc/ndmoney4porche/projects/pulp/.bender/git/checkouts/cv32e40p-0a3884e05ea5a482/rtl/riscv_L0_buffer.sv /home/dungpc/ndmoney4porche/projects/pulp/.bender/git/checkouts/cv32e40p-0a3884e05ea5a482/rtl/riscv_pmp.sv 
# -- Compiling package apu_core_package
# -- Compiling package riscv_defines
# -- Compiling package riscv_tracer_defines
# -- Compiling package riscv_alu_sv_unit
# -- Compiling module riscv_alu
# -- Compiling module alu_ff
# -- Compiling module alu_popcnt
# -- Compiling package riscv_alu_basic_sv_unit
# -- Compiling module riscv_alu_basic
# -- Compiling module riscv_alu_div
# -- Compiling package riscv_compressed_decoder_sv_unit
# -- Compiling module riscv_compressed_decoder
# -- Compiling package riscv_controller_sv_unit
# -- Compiling module riscv_controller
# -- Compiling package riscv_cs_registers_sv_unit
# -- Compiling module riscv_cs_registers
# -- Compiling package riscv_decoder_sv_unit
# -- Compiling module riscv_decoder
# -- Compiling package riscv_int_controller_sv_unit
# -- Compiling module riscv_int_controller
# -- Compiling package riscv_ex_stage_sv_unit
# -- Compiling module riscv_ex_stage
# -- Compiling module riscv_hwloop_controller
# -- Compiling module riscv_hwloop_regs
# -- Compiling module register_file_test_wrap
# -- Compiling package riscv_id_stage_sv_unit
# -- Compiling module riscv_id_stage
# -- Compiling package riscv_if_stage_sv_unit
# -- Compiling module riscv_if_stage
# -- Compiling module riscv_load_store_unit
# -- Compiling package riscv_mult_sv_unit
# -- Compiling module riscv_mult
# -- Compiling module riscv_prefetch_buffer
# -- Compiling module riscv_prefetch_L0_buffer
# -- Compiling package riscv_core_sv_unit
# -- Compiling module riscv_core
# -- Compiling package riscv_apu_disp_sv_unit
# -- Compiling module riscv_apu_disp
# -- Compiling module riscv_fetch_fifo
# -- Compiling module riscv_L0_buffer
# -- Compiling package riscv_pmp_sv_unit
# -- Compiling module riscv_pmp
# 
# Top level modules:
# 	riscv_alu_basic
# 	riscv_core
# End time: 01:01:29 on Sep 04,2026, Elapsed time: 0:00:00
# Errors: 0, Warnings: 0, Suppressed Warnings: 443
# QuestaSim-64 vlog 10.7c Compiler 2018.08 Aug 17 2018
# Start time: 01:01:29 on Sep 04,2026
# vlog -incr -sv -suppress 2583 -suppress 13314 "+incdir+/home/dungpc/ndmoney4porche/projects/pulp/rtl/includes" "+define+TARGET_RTL" "+define+TARGET_SIMULATION" "+define+TARGET_TEST" "+define+TARGET_VSIM" "+incdir+/home/dungpc/ndmoney4porche/projects/pulp/.bender/git/checkouts/cv32e40p-0a3884e05ea5a482/rtl/include" /home/dungpc/ndmoney4porche/projects/pulp/.bender/git/checkouts/cv32e40p-0a3884e05ea5a482/rtl/riscv_register_file_latch.sv 
# -- Compiling module riscv_register_file
# 
# Top level modules:
# 	riscv_register_file
# End time: 01:01:29 on Sep 04,2026, Elapsed time: 0:00:00
# Errors: 0, Warnings: 0, Suppressed Warnings: 3
# QuestaSim-64 vlog 10.7c Compiler 2018.08 Aug 17 2018
# Start time: 01:01:29 on Sep 04,2026
# vlog -incr -sv -suppress 2583 -suppress 13314 "+incdir+/home/dungpc/ndmoney4porche/projects/pulp/rtl/includes" "+define+TARGET_RTL" "+define+TARGET_SIMULATION" "+define+TARGET_TEST" "+define+TARGET_VSIM" "+incdir+/home/dungpc/ndmoney4porche/projects/pulp/.bender/git/checkouts/cv32e40p-0a3884e05ea5a482/rtl/include" /home/dungpc/ndmoney4porche/projects/pulp/.bender/git/checkouts/cv32e40p-0a3884e05ea5a482/rtl/riscv_tracer.sv 
# -- Compiling package riscv_tracer_sv_unit
# -- Compiling module riscv_tracer
# 
# Top level modules:
# 	riscv_tracer
# End time: 01:01:29 on Sep 04,2026, Elapsed time: 0:00:00
# Errors: 0, Warnings: 0
# QuestaSim-64 vlog 10.7c Compiler 2018.08 Aug 17 2018
# Start time: 01:01:29 on Sep 04,2026
# vlog -incr -sv -suppress 2583 -suppress 13314 "+incdir+/home/dungpc/ndmoney4porche/projects/pulp/rtl/includes" "+define+TARGET_RTL" "+define+TARGET_SIMULATION" "+define+TARGET_TEST" "+define+TARGET_VSIM" "+incdir+/home/dungpc/ndmoney4porche/projects/pulp/.bender/git/checkouts/cluster_interconnect-abcda71a83f4333c/rtl/low_latency_interco" "+incdir+/home/dungpc/ndmoney4porche/projects/pulp/.bender/git/checkouts/cluster_interconnect-abcda71a83f4333c/rtl/peripheral_interco" "+incdir+/home/dungpc/ndmoney4porche/projects/pulp/.bender/git/checkouts/hci-fdec9f801a620ca3/rtl" /home/dungpc/ndmoney4porche/projects/pulp/.bender/git/checkouts/hci-fdec9f801a620ca3/rtl/common/hci_package.sv /home/dungpc/ndmoney4porche/projects/pulp/.bender/git/checkouts/hci-fdec9f801a620ca3/rtl/common/hci_interfaces.sv /home/dungpc/ndmoney4porche/projects/pulp/.bender/git/checkouts/hci-fdec9f801a620ca3/rtl/core/hci_core_assign.sv /home/dungpc/ndmoney4porche/projects/pulp/.bender/git/checkouts/hci-fdec9f801a620ca3/rtl/core/hci_core_cmd_queue.sv /home/dungpc/ndmoney4porche/projects/pulp/.bender/git/checkouts/hci-fdec9f801a620ca3/rtl/core/hci_core_fifo.sv /home/dungpc/ndmoney4porche/projects/pulp/.bender/git/checkouts/hci-fdec9f801a620ca3/rtl/core/hci_core_memmap_demux_interl.sv /home/dungpc/ndmoney4porche/projects/pulp/.bender/git/checkouts/hci-fdec9f801a620ca3/rtl/core/hci_core_memmap_filter.sv /home/dungpc/ndmoney4porche/projects/pulp/.bender/git/checkouts/hci-fdec9f801a620ca3/rtl/core/hci_core_mux_dynamic.sv /home/dungpc/ndmoney4porche/projects/pulp/.bender/git/checkouts/hci-fdec9f801a620ca3/rtl/core/hci_core_mux_static.sv /home/dungpc/ndmoney4porche/projects/pulp/.bender/git/checkouts/hci-fdec9f801a620ca3/rtl/core/hci_core_r_valid_filter.sv /home/dungpc/ndmoney4porche/projects/pulp/.bender/git/checkouts/hci-fdec9f801a620ca3/rtl/core/hci_core_source.sv /home/dungpc/ndmoney4porche/projects/pulp/.bender/git/checkouts/hci-fdec9f801a620ca3/rtl/core/hci_core_split.sv /home/dungpc/ndmoney4porche/projects/pulp/.bender/git/checkouts/hci-fdec9f801a620ca3/rtl/interco/hci_log_interconnect.sv /home/dungpc/ndmoney4porche/projects/pulp/.bender/git/checkouts/hci-fdec9f801a620ca3/rtl/interco/hci_log_interconnect_l2.sv /home/dungpc/ndmoney4porche/projects/pulp/.bender/git/checkouts/hci-fdec9f801a620ca3/rtl/interco/hci_new_log_interconnect.sv /home/dungpc/ndmoney4porche/projects/pulp/.bender/git/checkouts/hci-fdec9f801a620ca3/rtl/interco/hci_shallow_interconnect.sv /home/dungpc/ndmoney4porche/projects/pulp/.bender/git/checkouts/hci-fdec9f801a620ca3/rtl/mem/hci_mem_assign.sv /home/dungpc/ndmoney4porche/projects/pulp/.bender/git/checkouts/hci-fdec9f801a620ca3/rtl/core/hci_core_sink.sv /home/dungpc/ndmoney4porche/projects/pulp/.bender/git/checkouts/hci-fdec9f801a620ca3/rtl/interco/hci_hwpe_interconnect.sv /home/dungpc/ndmoney4porche/projects/pulp/.bender/git/checkouts/hci-fdec9f801a620ca3/rtl/hci_interconnect.sv 
# -- Compiling package hci_package
# -- Compiling interface hci_core_intf
# -- Compiling interface hci_mem_intf
# -- Compiling package hci_core_assign_sv_unit
# -- Compiling module hci_core_assign
# -- Compiling package hci_core_cmd_queue_sv_unit
# -- Compiling module hci_core_cmd_queue
# -- Compiling package hci_core_fifo_sv_unit
# -- Compiling module hci_core_fifo
# -- Compiling package hci_core_memmap_demux_interl_sv_unit
# -- Compiling module hci_core_memmap_demux_interl
# -- Compiling package hci_core_memmap_filter_sv_unit
# -- Compiling module hci_core_memmap_filter
# -- Compiling package hci_core_mux_dynamic_sv_unit
# -- Compiling module hci_core_mux_dynamic
# -- Compiling package hci_core_mux_static_sv_unit
# -- Compiling module hci_core_mux_static
# -- Compiling package hci_core_r_valid_filter_sv_unit
# -- Compiling module hci_core_r_valid_filter
# -- Compiling package hci_core_source_sv_unit
# -- Compiling module hci_core_source
# -- Compiling package hci_core_split_sv_unit
# -- Compiling module hci_core_split
# -- Compiling package hci_log_interconnect_sv_unit
# -- Compiling module hci_log_interconnect
# -- Compiling package hci_log_interconnect_l2_sv_unit
# -- Compiling module hci_log_interconnect_l2
# -- Compiling package hci_new_log_interconnect_sv_unit
# -- Compiling module hci_new_log_interconnect
# -- Compiling package hci_shallow_interconnect_sv_unit
# -- Compiling module hci_shallow_interconnect
# -- Compiling package hci_mem_assign_sv_unit
# -- Compiling module hci_mem_assign
# -- Compiling package hci_core_sink_sv_unit
# -- Compiling module hci_core_sink
# -- Compiling module hci_hwpe_interconnect
# -- Compiling package hci_interconnect_sv_unit
# -- Compiling module hci_interconnect
# 
# Top level modules:
# 	hci_core_cmd_queue
# 	hci_core_memmap_demux_interl
# 	hci_core_memmap_filter
# 	hci_core_mux_dynamic
# 	hci_core_mux_static
# 	hci_core_r_valid_filter
# 	hci_core_source
# 	hci_core_split
# 	hci_core_sink
# 	hci_interconnect
# End time: 01:01:29 on Sep 04,2026, Elapsed time: 0:00:00
# Errors: 0, Warnings: 0, Suppressed Warnings: 79
# QuestaSim-64 vlog 10.7c Compiler 2018.08 Aug 17 2018
# Start time: 01:01:29 on Sep 04,2026
# vlog -incr -sv -suppress 2583 -suppress 13314 "+incdir+/home/dungpc/ndmoney4porche/projects/pulp/rtl/includes" "+define+TARGET_RTL" "+define+TARGET_SIMULATION" "+define+TARGET_TEST" "+define+TARGET_VSIM" "+incdir+/home/dungpc/ndmoney4porche/projects/pulp/.bender/git/checkouts/hwpe-ctrl-aaea72c1bd54a7f4/rtl" /home/dungpc/ndmoney4porche/projects/pulp/.bender/git/checkouts/hwpe-ctrl-aaea72c1bd54a7f4/rtl/hwpe_ctrl_interfaces.sv /home/dungpc/ndmoney4porche/projects/pulp/.bender/git/checkouts/hwpe-ctrl-aaea72c1bd54a7f4/rtl/hwpe_ctrl_package.sv /home/dungpc/ndmoney4porche/projects/pulp/.bender/git/checkouts/hwpe-ctrl-aaea72c1bd54a7f4/rtl/hwpe_ctrl_regfile_latch.sv /home/dungpc/ndmoney4porche/projects/pulp/.bender/git/checkouts/hwpe-ctrl-aaea72c1bd54a7f4/rtl/hwpe_ctrl_seq_mult.sv /home/dungpc/ndmoney4porche/projects/pulp/.bender/git/checkouts/hwpe-ctrl-aaea72c1bd54a7f4/rtl/hwpe_ctrl_uloop.sv /home/dungpc/ndmoney4porche/projects/pulp/.bender/git/checkouts/hwpe-ctrl-aaea72c1bd54a7f4/rtl/hwpe_ctrl_regfile_latch_test_wrap.sv /home/dungpc/ndmoney4porche/projects/pulp/.bender/git/checkouts/hwpe-ctrl-aaea72c1bd54a7f4/rtl/hwpe_ctrl_regfile.sv /home/dungpc/ndmoney4porche/projects/pulp/.bender/git/checkouts/hwpe-ctrl-aaea72c1bd54a7f4/rtl/hwpe_ctrl_slave.sv 
# -- Compiling interface hwpe_ctrl_intf_periph
# -- Compiling package hwpe_ctrl_package
# -- Compiling module hwpe_ctrl_regfile_latch
# -- Compiling package hwpe_ctrl_seq_mult_sv_unit
# -- Compiling module hwpe_ctrl_seq_mult
# -- Compiling package hwpe_ctrl_uloop_sv_unit
# -- Compiling module hwpe_ctrl_uloop
# -- Compiling module hwpe_ctrl_regfile_latch_test_wrap
# -- Compiling package hwpe_ctrl_regfile_sv_unit
# -- Compiling module hwpe_ctrl_regfile
# -- Compiling package hwpe_ctrl_slave_sv_unit
# -- Compiling module hwpe_ctrl_slave
# 
# Top level modules:
# 	hwpe_ctrl_seq_mult
# 	hwpe_ctrl_uloop
# 	hwpe_ctrl_slave
# End time: 01:01:29 on Sep 04,2026, Elapsed time: 0:00:00
# Errors: 0, Warnings: 0, Suppressed Warnings: 31
# QuestaSim-64 vlog 10.7c Compiler 2018.08 Aug 17 2018
# Start time: 01:01:29 on Sep 04,2026
# vlog -incr -sv -suppress 2583 -suppress 13314 "+incdir+/home/dungpc/ndmoney4porche/projects/pulp/rtl/includes" "+define+TARGET_RTL" "+define+TARGET_SIMULATION" "+define+TARGET_TEST" "+define+TARGET_VSIM" /home/dungpc/ndmoney4porche/projects/pulp/.bender/git/checkouts/icache-intc-442aeb937a2acea0/Req_Arb_Node_icache_intc.sv /home/dungpc/ndmoney4porche/projects/pulp/.bender/git/checkouts/icache-intc-442aeb937a2acea0/Resp_Arb_Node_icache_intc.sv /home/dungpc/ndmoney4porche/projects/pulp/.bender/git/checkouts/icache-intc-442aeb937a2acea0/lint_mux.sv /home/dungpc/ndmoney4porche/projects/pulp/.bender/git/checkouts/icache-intc-442aeb937a2acea0/DistributedArbitrationNetwork_Req_icache_intc.sv /home/dungpc/ndmoney4porche/projects/pulp/.bender/git/checkouts/icache-intc-442aeb937a2acea0/DistributedArbitrationNetwork_Resp_icache_intc.sv /home/dungpc/ndmoney4porche/projects/pulp/.bender/git/checkouts/icache-intc-442aeb937a2acea0/RoutingBlock_Req_icache_intc.sv /home/dungpc/ndmoney4porche/projects/pulp/.bender/git/checkouts/icache-intc-442aeb937a2acea0/RoutingBlock_2ch_Req_icache_intc.sv /home/dungpc/ndmoney4porche/projects/pulp/.bender/git/checkouts/icache-intc-442aeb937a2acea0/RoutingBlock_Resp_icache_intc.sv /home/dungpc/ndmoney4porche/projects/pulp/.bender/git/checkouts/icache-intc-442aeb937a2acea0/icache_intc.sv 
# -- Compiling module Req_Arb_Node_icache_intc
# -- Compiling module Resp_Arb_Node_icache_intc
# -- Compiling module lint_mux
# -- Compiling module DistributedArbitrationNetwork_Req_icache_intc
# -- Compiling module DistributedArbitrationNetwork_Resp_icache_intc
# -- Compiling module RoutingBlock_Req_icache_intc
# -- Compiling module RoutingBlock_2ch_Req_icache_intc
# -- Compiling module RoutingBlock_Resp_icache_intc
# -- Compiling module icache_intc
# 
# Top level modules:
# 	icache_intc
# End time: 01:01:29 on Sep 04,2026, Elapsed time: 0:00:00
# Errors: 0, Warnings: 0, Suppressed Warnings: 11
# QuestaSim-64 vlog 10.7c Compiler 2018.08 Aug 17 2018
# Start time: 01:01:29 on Sep 04,2026
# vlog -incr -sv -suppress 2583 -suppress 13314 "+incdir+/home/dungpc/ndmoney4porche/projects/pulp/rtl/includes" "+define+TARGET_RTL" "+define+TARGET_SIMULATION" "+define+TARGET_TEST" "+define+TARGET_VSIM" /home/dungpc/ndmoney4porche/projects/pulp/.bender/git/checkouts/scm-4e831bf16b340475/latch_scm/register_file_1r_1w_test_wrap.sv /home/dungpc/ndmoney4porche/projects/pulp/.bender/git/checkouts/scm-4e831bf16b340475/latch_scm/register_file_1w_64b_multi_port_read_32b_1row.sv /home/dungpc/ndmoney4porche/projects/pulp/.bender/git/checkouts/scm-4e831bf16b340475/latch_scm/register_file_1w_multi_port_read_1row.sv /home/dungpc/ndmoney4porche/projects/pulp/.bender/git/checkouts/scm-4e831bf16b340475/latch_scm/register_file_1r_1w_all.sv /home/dungpc/ndmoney4porche/projects/pulp/.bender/git/checkouts/scm-4e831bf16b340475/latch_scm/register_file_1r_1w_all_test_wrap.sv /home/dungpc/ndmoney4porche/projects/pulp/.bender/git/checkouts/scm-4e831bf16b340475/latch_scm/register_file_1r_1w_be.sv /home/dungpc/ndmoney4porche/projects/pulp/.bender/git/checkouts/scm-4e831bf16b340475/latch_scm/register_file_1r_1w.sv /home/dungpc/ndmoney4porche/projects/pulp/.bender/git/checkouts/scm-4e831bf16b340475/latch_scm/register_file_1r_1w_1row.sv /home/dungpc/ndmoney4porche/projects/pulp/.bender/git/checkouts/scm-4e831bf16b340475/latch_scm/register_file_1w_128b_multi_port_read_32b.sv /home/dungpc/ndmoney4porche/projects/pulp/.bender/git/checkouts/scm-4e831bf16b340475/latch_scm/register_file_1w_64b_multi_port_read_32b.sv /home/dungpc/ndmoney4porche/projects/pulp/.bender/git/checkouts/scm-4e831bf16b340475/latch_scm/register_file_1w_64b_1r_32b.sv /home/dungpc/ndmoney4porche/projects/pulp/.bender/git/checkouts/scm-4e831bf16b340475/latch_scm/register_file_1w_multi_port_read_be.sv /home/dungpc/ndmoney4porche/projects/pulp/.bender/git/checkouts/scm-4e831bf16b340475/latch_scm/register_file_1w_multi_port_read.sv /home/dungpc/ndmoney4porche/projects/pulp/.bender/git/checkouts/scm-4e831bf16b340475/latch_scm/register_file_2r_1w_asymm.sv /home/dungpc/ndmoney4porche/projects/pulp/.bender/git/checkouts/scm-4e831bf16b340475/latch_scm/register_file_2r_1w_asymm_test_wrap.sv /home/dungpc/ndmoney4porche/projects/pulp/.bender/git/checkouts/scm-4e831bf16b340475/latch_scm/register_file_2r_2w.sv /home/dungpc/ndmoney4porche/projects/pulp/.bender/git/checkouts/scm-4e831bf16b340475/latch_scm/register_file_3r_2w.sv /home/dungpc/ndmoney4porche/projects/pulp/.bender/git/checkouts/scm-4e831bf16b340475/latch_scm/register_file_3r_2w_be.sv /home/dungpc/ndmoney4porche/projects/pulp/.bender/git/checkouts/scm-4e831bf16b340475/latch_scm/register_file_multi_way_1w_64b_multi_port_read_32b.sv /home/dungpc/ndmoney4porche/projects/pulp/.bender/git/checkouts/scm-4e831bf16b340475/latch_scm/register_file_multi_way_1w_multi_port_read.sv 
# -- Compiling module register_file_1r_1w_test_wrap
# -- Compiling module register_file_1w_64b_multi_port_read_32b_1row
# -- Compiling module register_file_1w_multi_port_read_1row
# -- Compiling module register_file_1r_1w_all
# -- Compiling module register_file_1r_1w_all_test_wrap
# -- Compiling module register_file_1r_1w_be
# -- Compiling module register_file_1r_1w
# -- Compiling module register_file_1r_1w_1row
# -- Compiling module register_file_1w_128b_multi_port_read_32b
# -- Compiling module register_file_1w_64b_multi_port_read_32b
# -- Compiling module register_file_1w_64b_1r_32b
# -- Compiling module register_file_1w_multi_port_read_be
# -- Compiling module register_file_1w_multi_port_read
# -- Compiling module register_file_2r_1w_asymm
# -- Compiling module register_file_2r_1w_asymm_test_wrap
# -- Compiling module register_file_2r_2w
# -- Compiling module register_file_3r_2w
# -- Compiling module register_file_3r_2w_be
# -- Compiling module register_file_multy_way_1w_64b_multi_port_read_32b
# -- Compiling module register_file_multi_way_1w_multi_port_read
# 
# Top level modules:
# 	register_file_1r_1w_test_wrap
# 	register_file_1w_64b_multi_port_read_32b_1row
# 	register_file_1w_multi_port_read_1row
# 	register_file_1r_1w_all_test_wrap
# 	register_file_1r_1w_be
# 	register_file_1w_128b_multi_port_read_32b
# 	register_file_1w_64b_multi_port_read_32b
# 	register_file_1w_64b_1r_32b
# 	register_file_1w_multi_port_read_be
# 	register_file_1w_multi_port_read
# 	register_file_2r_1w_asymm_test_wrap
# 	register_file_2r_2w
# 	register_file_3r_2w
# 	register_file_3r_2w_be
# 	register_file_multy_way_1w_64b_multi_port_read_32b
# 	register_file_multi_way_1w_multi_port_read
# End time: 01:01:30 on Sep 04,2026, Elapsed time: 0:00:01
# Errors: 0, Warnings: 0, Suppressed Warnings: 15
# QuestaSim-64 vlog 10.7c Compiler 2018.08 Aug 17 2018
# Start time: 01:01:30 on Sep 04,2026
# vlog -incr -sv -suppress 2583 -suppress 13314 "+incdir+/home/dungpc/ndmoney4porche/projects/pulp/rtl/includes" "+define+TARGET_RTL" "+define+TARGET_SIMULATION" "+define+TARGET_TEST" "+define+TARGET_VSIM" "+incdir+/home/dungpc/ndmoney4porche/projects/pulp/.bender/git/checkouts/common_cells-f18d75f6d6d026a5/include" "+incdir+/home/dungpc/ndmoney4porche/projects/pulp/.bender/git/checkouts/udma_core-25b62500cd51a5c6/rtl" /home/dungpc/ndmoney4porche/projects/pulp/.bender/git/checkouts/udma_core-25b62500cd51a5c6/rtl/common/io_clk_gen.sv /home/dungpc/ndmoney4porche/projects/pulp/.bender/git/checkouts/udma_core-25b62500cd51a5c6/rtl/common/io_event_counter.sv /home/dungpc/ndmoney4porche/projects/pulp/.bender/git/checkouts/udma_core-25b62500cd51a5c6/rtl/common/io_generic_fifo.sv /home/dungpc/ndmoney4porche/projects/pulp/.bender/git/checkouts/udma_core-25b62500cd51a5c6/rtl/common/io_shiftreg.sv /home/dungpc/ndmoney4porche/projects/pulp/.bender/git/checkouts/udma_core-25b62500cd51a5c6/rtl/common/udma_apb_if.sv /home/dungpc/ndmoney4porche/projects/pulp/.bender/git/checkouts/udma_core-25b62500cd51a5c6/rtl/common/udma_clk_div_cnt.sv /home/dungpc/ndmoney4porche/projects/pulp/.bender/git/checkouts/udma_core-25b62500cd51a5c6/rtl/common/udma_ctrl.sv /home/dungpc/ndmoney4porche/projects/pulp/.bender/git/checkouts/udma_core-25b62500cd51a5c6/rtl/common/udma_dc_fifo.sv /home/dungpc/ndmoney4porche/projects/pulp/.bender/git/checkouts/udma_core-25b62500cd51a5c6/rtl/core/udma_arbiter.sv /home/dungpc/ndmoney4porche/projects/pulp/.bender/git/checkouts/udma_core-25b62500cd51a5c6/rtl/core/udma_ch_addrgen.sv /home/dungpc/ndmoney4porche/projects/pulp/.bender/git/checkouts/udma_core-25b62500cd51a5c6/rtl/common/io_tx_fifo.sv /home/dungpc/ndmoney4porche/projects/pulp/.bender/git/checkouts/udma_core-25b62500cd51a5c6/rtl/common/io_tx_fifo_dc.sv /home/dungpc/ndmoney4porche/projects/pulp/.bender/git/checkouts/udma_core-25b62500cd51a5c6/rtl/common/io_tx_fifo_mark.sv /home/dungpc/ndmoney4porche/projects/pulp/.bender/git/checkouts/udma_core-25b62500cd51a5c6/rtl/common/udma_clkgen.sv /home/dungpc/ndmoney4porche/projects/pulp/.bender/git/checkouts/udma_core-25b62500cd51a5c6/rtl/core/udma_tx_channels.sv /home/dungpc/ndmoney4porche/projects/pulp/.bender/git/checkouts/udma_core-25b62500cd51a5c6/rtl/core/udma_stream_unit.sv /home/dungpc/ndmoney4porche/projects/pulp/.bender/git/checkouts/udma_core-25b62500cd51a5c6/rtl/core/udma_rx_channels.sv /home/dungpc/ndmoney4porche/projects/pulp/.bender/git/checkouts/udma_core-25b62500cd51a5c6/rtl/core/udma_core.sv 
# -- Compiling module io_clk_gen
# -- Compiling module io_event_counter
# -- Compiling module io_generic_fifo
# -- Compiling module io_shiftreg
# -- Compiling module udma_apb_if
# -- Compiling module udma_clk_div_cnt
# -- Compiling module udma_ctrl
# -- Compiling module udma_dc_fifo
# -- Compiling module udma_arbiter
# -- Compiling module udma_ch_addrgen
# -- Compiling module io_tx_fifo
# -- Compiling module io_tx_fifo_dc
# -- Compiling module io_tx_fifo_mark
# -- Compiling module udma_clkgen
# -- Compiling module udma_tx_channels
# -- Compiling module udma_stream_unit
# -- Compiling module udma_rx_channels
# -- Compiling module udma_core
# 
# Top level modules:
# 	io_clk_gen
# 	io_event_counter
# 	io_shiftreg
# 	io_tx_fifo_dc
# 	io_tx_fifo_mark
# 	udma_clkgen
# 	udma_core
# End time: 01:01:30 on Sep 04,2026, Elapsed time: 0:00:00
# Errors: 0, Warnings: 0, Suppressed Warnings: 148
# QuestaSim-64 vlog 10.7c Compiler 2018.08 Aug 17 2018
# Start time: 01:01:30 on Sep 04,2026
# vlog -incr -sv -suppress 2583 -suppress 13314 "+incdir+/home/dungpc/ndmoney4porche/projects/pulp/rtl/includes" "+define+TARGET_RTL" "+define+TARGET_SIMULATION" "+define+TARGET_TEST" "+define+TARGET_VSIM" "+incdir+/home/dungpc/ndmoney4porche/projects/pulp/.bender/git/checkouts/adv_dbg_if-4a8e8ee83fb515d2/rtl" /home/dungpc/ndmoney4porche/projects/pulp/.bender/git/checkouts/adv_dbg_if-4a8e8ee83fb515d2/rtl/adbg_axi_module.sv /home/dungpc/ndmoney4porche/projects/pulp/.bender/git/checkouts/adv_dbg_if-4a8e8ee83fb515d2/rtl/adbg_lint_biu.sv /home/dungpc/ndmoney4porche/projects/pulp/.bender/git/checkouts/adv_dbg_if-4a8e8ee83fb515d2/rtl/adbg_lint_module.sv /home/dungpc/ndmoney4porche/projects/pulp/.bender/git/checkouts/adv_dbg_if-4a8e8ee83fb515d2/rtl/adbg_crc32.v /home/dungpc/ndmoney4porche/projects/pulp/.bender/git/checkouts/adv_dbg_if-4a8e8ee83fb515d2/rtl/adbg_or1k_biu.sv /home/dungpc/ndmoney4porche/projects/pulp/.bender/git/checkouts/adv_dbg_if-4a8e8ee83fb515d2/rtl/adbg_or1k_module.sv /home/dungpc/ndmoney4porche/projects/pulp/.bender/git/checkouts/adv_dbg_if-4a8e8ee83fb515d2/rtl/adbg_or1k_status_reg.sv /home/dungpc/ndmoney4porche/projects/pulp/.bender/git/checkouts/adv_dbg_if-4a8e8ee83fb515d2/rtl/adbg_top.sv /home/dungpc/ndmoney4porche/projects/pulp/.bender/git/checkouts/adv_dbg_if-4a8e8ee83fb515d2/rtl/bytefifo.v /home/dungpc/ndmoney4porche/projects/pulp/.bender/git/checkouts/adv_dbg_if-4a8e8ee83fb515d2/rtl/syncflop.v /home/dungpc/ndmoney4porche/projects/pulp/.bender/git/checkouts/adv_dbg_if-4a8e8ee83fb515d2/rtl/syncreg.v /home/dungpc/ndmoney4porche/projects/pulp/.bender/git/checkouts/adv_dbg_if-4a8e8ee83fb515d2/rtl/adbg_tap_top.v /home/dungpc/ndmoney4porche/projects/pulp/.bender/git/checkouts/adv_dbg_if-4a8e8ee83fb515d2/rtl/adv_dbg_if.sv /home/dungpc/ndmoney4porche/projects/pulp/.bender/git/checkouts/adv_dbg_if-4a8e8ee83fb515d2/rtl/adbg_axionly_top.sv /home/dungpc/ndmoney4porche/projects/pulp/.bender/git/checkouts/adv_dbg_if-4a8e8ee83fb515d2/rtl/adbg_lintonly_top.sv 
# -- Compiling module adbg_axi_module
# -- Compiling module adbg_lint_biu
# -- Compiling module adbg_lint_module
# -- Compiling module adbg_crc32
# -- Compiling module adbg_or1k_biu
# -- Compiling module adbg_or1k_module
# -- Compiling module adbg_or1k_status_reg
# -- Compiling module adbg_top
# -- Compiling module bytefifo
# -- Compiling module syncflop
# -- Compiling module syncreg
# -- Compiling module adbg_tap_top
# -- Compiling module adv_dbg_if
# -- Compiling module adbg_axionly_top
# -- Compiling module adbg_lintonly_top
# 
# Top level modules:
# 	bytefifo
# 	syncreg
# 	adv_dbg_if
# 	adbg_axionly_top
# 	adbg_lintonly_top
# End time: 01:01:30 on Sep 04,2026, Elapsed time: 0:00:00
# Errors: 0, Warnings: 0, Suppressed Warnings: 52
# QuestaSim-64 vlog 10.7c Compiler 2018.08 Aug 17 2018
# Start time: 01:01:30 on Sep 04,2026
# vlog -incr -sv -suppress 2583 -suppress 13314 "+incdir+/home/dungpc/ndmoney4porche/projects/pulp/rtl/includes" "+define+TARGET_RTL" "+define+TARGET_SIMULATION" "+define+TARGET_TEST" "+define+TARGET_VSIM" /home/dungpc/ndmoney4porche/projects/pulp/.bender/git/checkouts/apb2per-d066b0686e04a03e/apb2per.sv 
# -- Compiling module apb2per
# 
# Top level modules:
# 	apb2per
# End time: 01:01:30 on Sep 04,2026, Elapsed time: 0:00:00
# Errors: 0, Warnings: 0
# QuestaSim-64 vlog 10.7c Compiler 2018.08 Aug 17 2018
# Start time: 01:01:30 on Sep 04,2026
# vlog -incr -sv -suppress 2583 -suppress 13314 "+incdir+/home/dungpc/ndmoney4porche/projects/pulp/rtl/includes" "+define+TARGET_RTL" "+define+TARGET_SIMULATION" "+define+TARGET_TEST" "+define+TARGET_VSIM" "+incdir+/home/dungpc/ndmoney4porche/projects/pulp/.bender/git/checkouts/apb_adv_timer-ad83d91be9875631/rtl" /home/dungpc/ndmoney4porche/projects/pulp/.bender/git/checkouts/apb_adv_timer-ad83d91be9875631/rtl/adv_timer_apb_if.sv /home/dungpc/ndmoney4porche/projects/pulp/.bender/git/checkouts/apb_adv_timer-ad83d91be9875631/rtl/comparator.sv /home/dungpc/ndmoney4porche/projects/pulp/.bender/git/checkouts/apb_adv_timer-ad83d91be9875631/rtl/input_stage.sv /home/dungpc/ndmoney4porche/projects/pulp/.bender/git/checkouts/apb_adv_timer-ad83d91be9875631/rtl/lut_4x4.sv /home/dungpc/ndmoney4porche/projects/pulp/.bender/git/checkouts/apb_adv_timer-ad83d91be9875631/rtl/out_filter.sv /home/dungpc/ndmoney4porche/projects/pulp/.bender/git/checkouts/apb_adv_timer-ad83d91be9875631/rtl/prescaler.sv /home/dungpc/ndmoney4porche/projects/pulp/.bender/git/checkouts/apb_adv_timer-ad83d91be9875631/rtl/timer_cntrl.sv /home/dungpc/ndmoney4porche/projects/pulp/.bender/git/checkouts/apb_adv_timer-ad83d91be9875631/rtl/up_down_counter.sv /home/dungpc/ndmoney4porche/projects/pulp/.bender/git/checkouts/apb_adv_timer-ad83d91be9875631/rtl/timer_module.sv /home/dungpc/ndmoney4porche/projects/pulp/.bender/git/checkouts/apb_adv_timer-ad83d91be9875631/rtl/apb_adv_timer.sv 
# -- Compiling module adv_timer_apb_if
# -- Compiling module comparator
# -- Compiling module input_stage
# -- Compiling module lut_4x4
# -- Compiling module out_filter
# -- Compiling module prescaler
# -- Compiling module timer_cntrl
# -- Compiling module up_down_counter
# -- Compiling module timer_module
# -- Compiling module apb_adv_timer
# 
# Top level modules:
# 	lut_4x4
# 	out_filter
# 	apb_adv_timer
# End time: 01:01:30 on Sep 04,2026, Elapsed time: 0:00:00
# Errors: 0, Warnings: 0
# QuestaSim-64 vlog 10.7c Compiler 2018.08 Aug 17 2018
# Start time: 01:01:30 on Sep 04,2026
# vlog -incr -sv -suppress 2583 -suppress 13314 "+incdir+/home/dungpc/ndmoney4porche/projects/pulp/rtl/includes" "+define+TARGET_RTL" "+define+TARGET_SIMULATION" "+define+TARGET_TEST" "+define+TARGET_VSIM" /home/dungpc/ndmoney4porche/projects/pulp/.bender/git/checkouts/apb_fll_if-30645ac88ad7542f/src/fll_intf.sv /home/dungpc/ndmoney4porche/projects/pulp/.bender/git/checkouts/apb_fll_if-30645ac88ad7542f/src/apb_fll_if.sv /home/dungpc/ndmoney4porche/projects/pulp/.bender/git/checkouts/apb_fll_if-30645ac88ad7542f/src/apb_to_fll.sv 
# -- Compiling interface FLL_BUS
# -- Compiling module apb_fll_if
# -- Compiling module apb_to_fll
# 
# Top level modules:
# 	apb_fll_if
# 	apb_to_fll
# End time: 01:01:30 on Sep 04,2026, Elapsed time: 0:00:00
# Errors: 0, Warnings: 0
# QuestaSim-64 vlog 10.7c Compiler 2018.08 Aug 17 2018
# Start time: 01:01:30 on Sep 04,2026
# vlog -incr -sv -suppress 2583 -suppress 13314 "+incdir+/home/dungpc/ndmoney4porche/projects/pulp/rtl/includes" "+define+TARGET_RTL" "+define+TARGET_SIMULATION" "+define+TARGET_TEST" "+define+TARGET_VSIM" /home/dungpc/ndmoney4porche/projects/pulp/.bender/git/checkouts/apb_fll_if-30645ac88ad7542f/test/apb_fll_tb.sv 
# -- Compiling module apb_fll_tb
# 
# Top level modules:
# 	apb_fll_tb
# End time: 01:01:30 on Sep 04,2026, Elapsed time: 0:00:00
# Errors: 0, Warnings: 0
# QuestaSim-64 vlog 10.7c Compiler 2018.08 Aug 17 2018
# Start time: 01:01:30 on Sep 04,2026
# vlog -incr -sv -suppress 2583 -suppress 13314 "+incdir+/home/dungpc/ndmoney4porche/projects/pulp/rtl/includes" "+define+TARGET_RTL" "+define+TARGET_SIMULATION" "+define+TARGET_TEST" "+define+TARGET_VSIM" /home/dungpc/ndmoney4porche/projects/pulp/.bender/git/checkouts/apb_gpio-9fda9c183aaff2a3/rtl/apb_gpio.sv 
# -- Compiling module apb_gpio
# 
# Top level modules:
# 	apb_gpio
# End time: 01:01:30 on Sep 04,2026, Elapsed time: 0:00:00
# Errors: 0, Warnings: 0
# QuestaSim-64 vlog 10.7c Compiler 2018.08 Aug 17 2018
# Start time: 01:01:30 on Sep 04,2026
# vlog -incr -sv -suppress 2583 -suppress 13314 "+incdir+/home/dungpc/ndmoney4porche/projects/pulp/rtl/includes" "+define+TARGET_RTL" "+define+TARGET_SIMULATION" "+define+TARGET_TEST" "+define+TARGET_VSIM" "+incdir+/home/dungpc/ndmoney4porche/projects/pulp/.bender/git/checkouts/common_cells-f18d75f6d6d026a5/include" /home/dungpc/ndmoney4porche/projects/pulp/.bender/git/checkouts/apb_interrupt_cntrl-dd2e5ce27b208df0/apb_interrupt_cntrl.sv 
# -- Compiling module apb_interrupt_cntrl
# 
# Top level modules:
# 	apb_interrupt_cntrl
# End time: 01:01:30 on Sep 04,2026, Elapsed time: 0:00:00
# Errors: 0, Warnings: 0
# QuestaSim-64 vlog 10.7c Compiler 2018.08 Aug 17 2018
# Start time: 01:01:30 on Sep 04,2026
# vlog -incr -sv -suppress 2583 -suppress 13314 "+incdir+/home/dungpc/ndmoney4porche/projects/pulp/rtl/includes" "+define+TARGET_RTL" "+define+TARGET_SIMULATION" "+define+TARGET_TEST" "+define+TARGET_VSIM" /home/dungpc/ndmoney4porche/projects/pulp/.bender/git/checkouts/apb_node-38396597780c7975/src/apb_node.sv /home/dungpc/ndmoney4porche/projects/pulp/.bender/git/checkouts/apb_node-38396597780c7975/src/apb_node_wrap.sv 
# -- Compiling module apb_node
# -- Compiling module apb_node_wrap
# 
# Top level modules:
# 	apb_node_wrap
# End time: 01:01:30 on Sep 04,2026, Elapsed time: 0:00:00
# Errors: 0, Warnings: 0, Suppressed Warnings: 5
# QuestaSim-64 vlog 10.7c Compiler 2018.08 Aug 17 2018
# Start time: 01:01:30 on Sep 04,2026
# vlog -incr -sv -suppress 2583 -suppress 13314 "+incdir+/home/dungpc/ndmoney4porche/projects/pulp/rtl/includes" "+define+TARGET_RTL" "+define+TARGET_SIMULATION" "+define+TARGET_TEST" "+define+TARGET_VSIM" "+incdir+/home/dungpc/ndmoney4porche/projects/pulp/.bender/git/checkouts/common_cells-f18d75f6d6d026a5/include" /home/dungpc/ndmoney4porche/projects/pulp/.bender/git/checkouts/axi2mem-e6a6085b4dfb755a/axi2mem_busy_unit.sv /home/dungpc/ndmoney4porche/projects/pulp/.bender/git/checkouts/axi2mem-e6a6085b4dfb755a/axi2mem_rd_channel.sv /home/dungpc/ndmoney4porche/projects/pulp/.bender/git/checkouts/axi2mem-e6a6085b4dfb755a/axi2mem.sv /home/dungpc/ndmoney4porche/projects/pulp/.bender/git/checkouts/axi2mem-e6a6085b4dfb755a/axi2mem_tcdm_rd_if.sv /home/dungpc/ndmoney4porche/projects/pulp/.bender/git/checkouts/axi2mem-e6a6085b4dfb755a/axi2mem_tcdm_synch.sv /home/dungpc/ndmoney4porche/projects/pulp/.bender/git/checkouts/axi2mem-e6a6085b4dfb755a/axi2mem_tcdm_unit.sv /home/dungpc/ndmoney4porche/projects/pulp/.bender/git/checkouts/axi2mem-e6a6085b4dfb755a/axi2mem_tcdm_wr_if.sv /home/dungpc/ndmoney4porche/projects/pulp/.bender/git/checkouts/axi2mem-e6a6085b4dfb755a/axi2mem_trans_unit.sv /home/dungpc/ndmoney4porche/projects/pulp/.bender/git/checkouts/axi2mem-e6a6085b4dfb755a/axi2mem_wr_channel.sv 
# -- Compiling module axi2mem_busy_unit
# -- Compiling module axi2mem_rd_channel
# -- Compiling module axi2mem
# -- Compiling module axi2mem_tcdm_rd_if
# -- Compiling module axi2mem_tcdm_synch
# -- Compiling module axi2mem_tcdm_unit
# -- Compiling module axi2mem_tcdm_wr_if
# -- Compiling module axi2mem_trans_unit
# -- Compiling module axi2mem_wr_channel
# 
# Top level modules:
# 	axi2mem
# End time: 01:01:30 on Sep 04,2026, Elapsed time: 0:00:00
# Errors: 0, Warnings: 0, Suppressed Warnings: 11
# QuestaSim-64 vlog 10.7c Compiler 2018.08 Aug 17 2018
# Start time: 01:01:30 on Sep 04,2026
# vlog -incr -sv -suppress 2583 -suppress 13314 "+incdir+/home/dungpc/ndmoney4porche/projects/pulp/rtl/includes" "+define+TARGET_RTL" "+define+TARGET_SIMULATION" "+define+TARGET_TEST" "+define+TARGET_VSIM" /home/dungpc/ndmoney4porche/projects/pulp/.bender/git/checkouts/axi2per-73355017779c4307/axi2per_req_channel.sv /home/dungpc/ndmoney4porche/projects/pulp/.bender/git/checkouts/axi2per-73355017779c4307/axi2per_res_channel.sv /home/dungpc/ndmoney4porche/projects/pulp/.bender/git/checkouts/axi2per-73355017779c4307/axi2per.sv 
# -- Compiling module axi2per_req_channel
# -- Compiling module axi2per_res_channel
# -- Compiling module axi2per
# 
# Top level modules:
# 	axi2per
# End time: 01:01:30 on Sep 04,2026, Elapsed time: 0:00:00
# Errors: 0, Warnings: 0
# QuestaSim-64 vlog 10.7c Compiler 2018.08 Aug 17 2018
# Start time: 01:01:30 on Sep 04,2026
# vlog -incr -sv -suppress 2583 -suppress 13314 "+incdir+/home/dungpc/ndmoney4porche/projects/pulp/rtl/includes" "+define+TARGET_RTL" "+define+TARGET_SIMULATION" "+define+TARGET_TEST" "+define+TARGET_VSIM" /home/dungpc/ndmoney4porche/projects/pulp/.bender/git/checkouts/cluster_peripherals-cc771700129bb934/cluster_control_unit/cluster_control_unit.sv 
# -- Compiling module cluster_control_unit
# 
# Top level modules:
# 	cluster_control_unit
# End time: 01:01:30 on Sep 04,2026, Elapsed time: 0:00:00
# Errors: 0, Warnings: 0
# QuestaSim-64 vlog 10.7c Compiler 2018.08 Aug 17 2018
# Start time: 01:01:30 on Sep 04,2026
# vlog -incr -sv -suppress 2583 -suppress 13314 "+incdir+/home/dungpc/ndmoney4porche/projects/pulp/rtl/includes" "+define+TARGET_RTL" "+define+TARGET_SIMULATION" "+define+TARGET_TEST" "+define+TARGET_VSIM" "+incdir+/home/dungpc/ndmoney4porche/projects/pulp/.bender/git/checkouts/cluster_peripherals-cc771700129bb934/event_unit/include" /home/dungpc/ndmoney4porche/projects/pulp/.bender/git/checkouts/cluster_peripherals-cc771700129bb934/event_unit/HW_barrier_logic.sv /home/dungpc/ndmoney4porche/projects/pulp/.bender/git/checkouts/cluster_peripherals-cc771700129bb934/event_unit/event_unit_arbiter.sv /home/dungpc/ndmoney4porche/projects/pulp/.bender/git/checkouts/cluster_peripherals-cc771700129bb934/event_unit/event_unit_mux.sv /home/dungpc/ndmoney4porche/projects/pulp/.bender/git/checkouts/cluster_peripherals-cc771700129bb934/event_unit/event_unit_sm.sv /home/dungpc/ndmoney4porche/projects/pulp/.bender/git/checkouts/cluster_peripherals-cc771700129bb934/event_unit/interrupt_mask.sv /home/dungpc/ndmoney4porche/projects/pulp/.bender/git/checkouts/cluster_peripherals-cc771700129bb934/event_unit/HW_barrier.sv /home/dungpc/ndmoney4porche/projects/pulp/.bender/git/checkouts/cluster_peripherals-cc771700129bb934/event_unit/event_unit_input.sv /home/dungpc/ndmoney4porche/projects/pulp/.bender/git/checkouts/cluster_peripherals-cc771700129bb934/event_unit/event_unit.sv 
# -- Compiling module HW_barrier_logic
# -- Compiling module interrupt_id_arbiter
# -- Compiling module event_unit_mux
# -- Compiling module event_unit_sm
# -- Compiling module interrupt_mask
# -- Compiling module HW_barrier
# -- Compiling module event_unit_input
# -- Compiling module event_unit
# 
# Top level modules:
# 	event_unit
# End time: 01:01:30 on Sep 04,2026, Elapsed time: 0:00:00
# Errors: 0, Warnings: 0, Suppressed Warnings: 9
# QuestaSim-64 vlog 10.7c Compiler 2018.08 Aug 17 2018
# Start time: 01:01:30 on Sep 04,2026
# vlog -incr -sv -suppress 2583 -suppress 13314 "+incdir+/home/dungpc/ndmoney4porche/projects/pulp/rtl/includes" "+define+TARGET_RTL" "+define+TARGET_SIMULATION" "+define+TARGET_TEST" "+define+TARGET_VSIM" /home/dungpc/ndmoney4porche/projects/pulp/.bender/git/checkouts/cluster_peripherals-cc771700129bb934/icache_ctrl_unit/icache_ctrl_unit.sv /home/dungpc/ndmoney4porche/projects/pulp/.bender/git/checkouts/cluster_peripherals-cc771700129bb934/icache_ctrl_unit/mp_icache_ctrl_unit.sv /home/dungpc/ndmoney4porche/projects/pulp/.bender/git/checkouts/cluster_peripherals-cc771700129bb934/icache_ctrl_unit/mp_pf_icache_ctrl_unit.sv /home/dungpc/ndmoney4porche/projects/pulp/.bender/git/checkouts/cluster_peripherals-cc771700129bb934/icache_ctrl_unit/new_icache_ctrl_unit.sv /home/dungpc/ndmoney4porche/projects/pulp/.bender/git/checkouts/cluster_peripherals-cc771700129bb934/icache_ctrl_unit/pri_icache_ctrl_unit.sv /home/dungpc/ndmoney4porche/projects/pulp/.bender/git/checkouts/cluster_peripherals-cc771700129bb934/icache_ctrl_unit/sp_icache_ctrl_unit.sv /home/dungpc/ndmoney4porche/projects/pulp/.bender/git/checkouts/cluster_peripherals-cc771700129bb934/mmu_config_unit/mmu_config_unit.sv /home/dungpc/ndmoney4porche/projects/pulp/.bender/git/checkouts/cluster_peripherals-cc771700129bb934/perf_counters_unit/perf_counters_unit.sv /home/dungpc/ndmoney4porche/projects/pulp/.bender/git/checkouts/cluster_peripherals-cc771700129bb934/tcdm_pipe_unit/tcdm_pipe_unit.sv 
# -- Compiling module icache_ctrl_unit
# -- Compiling module mp_icache_ctrl_unit
# -- Compiling module mp_pf_icache_ctrl_unit
# -- Compiling module new_icache_ctrl_unit
# -- Compiling module pri_icache_ctrl_unit
# -- Compiling module sp_icache_ctrl_unit
# -- Compiling module mmu_config_unit
# -- Compiling module perf_counters_unit
# -- Compiling module tcdm_pipe_unit
# 
# Top level modules:
# 	icache_ctrl_unit
# 	mp_icache_ctrl_unit
# 	mp_pf_icache_ctrl_unit
# 	new_icache_ctrl_unit
# 	pri_icache_ctrl_unit
# 	sp_icache_ctrl_unit
# 	mmu_config_unit
# 	perf_counters_unit
# 	tcdm_pipe_unit
# End time: 01:01:30 on Sep 04,2026, Elapsed time: 0:00:00
# Errors: 0, Warnings: 0, Suppressed Warnings: 12
# QuestaSim-64 vlog 10.7c Compiler 2018.08 Aug 17 2018
# Start time: 01:01:30 on Sep 04,2026
# vlog -incr -sv -suppress 2583 -suppress 13314 "+incdir+/home/dungpc/ndmoney4porche/projects/pulp/rtl/includes" "+define+TARGET_RTL" "+define+TARGET_SIMULATION" "+define+TARGET_TEST" "+define+TARGET_VSIM" "+incdir+/home/dungpc/ndmoney4porche/projects/pulp/.bender/git/checkouts/common_cells-f18d75f6d6d026a5/include" "+incdir+/home/dungpc/ndmoney4porche/projects/pulp/.bender/git/checkouts/event_unit_flex-385402acb0ace331/rtl" /home/dungpc/ndmoney4porche/projects/pulp/.bender/git/checkouts/event_unit_flex-385402acb0ace331/rtl/event_unit_core.sv /home/dungpc/ndmoney4porche/projects/pulp/.bender/git/checkouts/event_unit_flex-385402acb0ace331/rtl/hw_barrier_unit.sv /home/dungpc/ndmoney4porche/projects/pulp/.bender/git/checkouts/event_unit_flex-385402acb0ace331/rtl/hw_dispatch.sv /home/dungpc/ndmoney4porche/projects/pulp/.bender/git/checkouts/event_unit_flex-385402acb0ace331/rtl/hw_mutex_unit.sv /home/dungpc/ndmoney4porche/projects/pulp/.bender/git/checkouts/event_unit_flex-385402acb0ace331/rtl/interc_sw_evt_trig.sv /home/dungpc/ndmoney4porche/projects/pulp/.bender/git/checkouts/event_unit_flex-385402acb0ace331/rtl/periph_FIFO_id.sv /home/dungpc/ndmoney4porche/projects/pulp/.bender/git/checkouts/event_unit_flex-385402acb0ace331/rtl/soc_periph_fifo.sv /home/dungpc/ndmoney4porche/projects/pulp/.bender/git/checkouts/event_unit_flex-385402acb0ace331/rtl/event_unit_interface_mux.sv /home/dungpc/ndmoney4porche/projects/pulp/.bender/git/checkouts/event_unit_flex-385402acb0ace331/rtl/event_unit_top.sv 
# -- Compiling module event_unit_core
# -- Compiling module fl1_loop
# -- Compiling module hw_barrier_unit
# -- Compiling module hw_dispatch
# -- Compiling module hw_mutex_unit
# -- Compiling module ff1_loop
# -- Compiling module interc_sw_evt_trig
# -- Compiling module periph_FIFO_id
# -- Compiling module soc_periph_fifo
# -- Compiling module event_unit_interface_mux
# -- Compiling module event_unit_top
# 
# Top level modules:
# 	event_unit_top
# End time: 01:01:30 on Sep 04,2026, Elapsed time: 0:00:00
# Errors: 0, Warnings: 0, Suppressed Warnings: 33
# QuestaSim-64 vlog 10.7c Compiler 2018.08 Aug 17 2018
# Start time: 01:01:30 on Sep 04,2026
# vlog -incr -sv -suppress 2583 -suppress 13314 "+incdir+/home/dungpc/ndmoney4porche/projects/pulp/rtl/includes" "+define+TARGET_RTL" "+define+TARGET_SIMULATION" "+define+TARGET_TEST" "+define+TARGET_VSIM" "+incdir+/home/dungpc/ndmoney4porche/projects/pulp/.bender/git/checkouts/cv32e40p-0a3884e05ea5a482/rtl/include" /home/dungpc/ndmoney4porche/projects/pulp/.bender/git/checkouts/fpu_interco-f206baa74ecb3390/FP_WRAP/fp_iter_divsqrt_msv_wrapper_2_STAGE.sv /home/dungpc/ndmoney4porche/projects/pulp/.bender/git/checkouts/fpu_interco-f206baa74ecb3390/FP_WRAP/fpnew_wrapper.sv /home/dungpc/ndmoney4porche/projects/pulp/.bender/git/checkouts/fpu_interco-f206baa74ecb3390/RTL/AddressDecoder_Resp_FPU.sv /home/dungpc/ndmoney4porche/projects/pulp/.bender/git/checkouts/fpu_interco-f206baa74ecb3390/RTL/FanInPrimitive_Req_FPU.sv /home/dungpc/ndmoney4porche/projects/pulp/.bender/git/checkouts/fpu_interco-f206baa74ecb3390/RTL/FanInPrimitive_Resp_FPU.sv /home/dungpc/ndmoney4porche/projects/pulp/.bender/git/checkouts/fpu_interco-f206baa74ecb3390/RTL/FPU_clock_gating.sv /home/dungpc/ndmoney4porche/projects/pulp/.bender/git/checkouts/fpu_interco-f206baa74ecb3390/RTL/fpu_demux.sv /home/dungpc/ndmoney4porche/projects/pulp/.bender/git/checkouts/fpu_interco-f206baa74ecb3390/RTL/LFSR_FPU.sv /home/dungpc/ndmoney4porche/projects/pulp/.bender/git/checkouts/fpu_interco-f206baa74ecb3390/RTL/optimal_alloc.sv /home/dungpc/ndmoney4porche/projects/pulp/.bender/git/checkouts/fpu_interco-f206baa74ecb3390/RTL/RR_Flag_Req_FPU.sv /home/dungpc/ndmoney4porche/projects/pulp/.bender/git/checkouts/fpu_interco-f206baa74ecb3390/RTL/AddressDecoder_Req_FPU.sv /home/dungpc/ndmoney4porche/projects/pulp/.bender/git/checkouts/fpu_interco-f206baa74ecb3390/RTL/ArbitrationTree_FPU.sv /home/dungpc/ndmoney4porche/projects/pulp/.bender/git/checkouts/fpu_interco-f206baa74ecb3390/RTL/RequestBlock_FPU.sv /home/dungpc/ndmoney4porche/projects/pulp/.bender/git/checkouts/fpu_interco-f206baa74ecb3390/RTL/ResponseTree_FPU.sv /home/dungpc/ndmoney4porche/projects/pulp/.bender/git/checkouts/fpu_interco-f206baa74ecb3390/RTL/ResponseBlock_FPU.sv /home/dungpc/ndmoney4porche/projects/pulp/.bender/git/checkouts/fpu_interco-f206baa74ecb3390/RTL/XBAR_FPU.sv /home/dungpc/ndmoney4porche/projects/pulp/.bender/git/checkouts/fpu_interco-f206baa74ecb3390/RTL/shared_fpu_cluster.sv 
# -- Compiling module fp_iter_divsqrt_msv_wrapper_2_STAGE
# -- Compiling package fpnew_wrapper_sv_unit
# -- Compiling module fpnew_wrapper
# -- Compiling module AddressDecoder_Resp_FPU
# -- Compiling module FanInPrimitive_Req_FPU
# -- Compiling module FanInPrimitive_Resp_FPU
# -- Compiling module FPU_clock_gating
# -- Compiling module fpu_demux
# -- Compiling module LFSR_FPU
# -- Compiling module optimal_alloc
# -- Compiling module RR_Flag_Req_FPU
# -- Compiling module AddressDecoder_Req_FPU
# -- Compiling module ArbitrationTree_FPU
# -- Compiling module RequestBlock_FPU
# -- Compiling module ResponseTree_FPU
# -- Compiling module ResponseBlock_FPU
# -- Compiling module XBAR_FPU
# -- Compiling module shared_fpu_cluster
# 
# Top level modules:
# 	shared_fpu_cluster
# End time: 01:01:30 on Sep 04,2026, Elapsed time: 0:00:00
# Errors: 0, Warnings: 0, Suppressed Warnings: 28
# QuestaSim-64 vcom 10.7c Compiler 2018.08 Aug 17 2018
# Start time: 01:01:30 on Sep 04,2026
# vcom -2008 /home/dungpc/ndmoney4porche/projects/pulp/.bender/git/checkouts/generic_fll-5f6d72bdaf06f326/fe/model/gf22_DCO_model.tc.vhd /home/dungpc/ndmoney4porche/projects/pulp/.bender/git/checkouts/generic_fll-5f6d72bdaf06f326/fe/model/gf22_FLL_model.vhd /home/dungpc/ndmoney4porche/projects/pulp/.bender/git/checkouts/generic_fll-5f6d72bdaf06f326/fe/rtl/FLLPkg.vhd /home/dungpc/ndmoney4porche/projects/pulp/.bender/git/checkouts/generic_fll-5f6d72bdaf06f326/fe/rtl/FLL_clk_divider.vhd /home/dungpc/ndmoney4porche/projects/pulp/.bender/git/checkouts/generic_fll-5f6d72bdaf06f326/fe/rtl/FLL_clk_period_quantizer.vhd /home/dungpc/ndmoney4porche/projects/pulp/.bender/git/checkouts/generic_fll-5f6d72bdaf06f326/fe/rtl/FLL_clock_gated.rtl.vhd /home/dungpc/ndmoney4porche/projects/pulp/.bender/git/checkouts/generic_fll-5f6d72bdaf06f326/fe/rtl/FLL_digital.vhd /home/dungpc/ndmoney4porche/projects/pulp/.bender/git/checkouts/generic_fll-5f6d72bdaf06f326/fe/rtl/FLL_dither_pattern_gen.vhd /home/dungpc/ndmoney4porche/projects/pulp/.bender/git/checkouts/generic_fll-5f6d72bdaf06f326/fe/rtl/FLL_glitchfree_clkdiv.vhd /home/dungpc/ndmoney4porche/projects/pulp/.bender/git/checkouts/generic_fll-5f6d72bdaf06f326/fe/rtl/FLL_glitchfree_clkmux.vhd /home/dungpc/ndmoney4porche/projects/pulp/.bender/git/checkouts/generic_fll-5f6d72bdaf06f326/fe/rtl/FLL_mux.rtl.vhd /home/dungpc/ndmoney4porche/projects/pulp/.bender/git/checkouts/generic_fll-5f6d72bdaf06f326/fe/rtl/FLL_loop_filter.vhd /home/dungpc/ndmoney4porche/projects/pulp/.bender/git/checkouts/generic_fll-5f6d72bdaf06f326/fe/rtl/FLL_reg.vhd /home/dungpc/ndmoney4porche/projects/pulp/.bender/git/checkouts/generic_fll-5f6d72bdaf06f326/fe/rtl/FLL_settling_monitor.vhd /home/dungpc/ndmoney4porche/projects/pulp/.bender/git/checkouts/generic_fll-5f6d72bdaf06f326/fe/rtl/FLL_synchroedge.vhd /home/dungpc/ndmoney4porche/projects/pulp/.bender/git/checkouts/generic_fll-5f6d72bdaf06f326/fe/rtl/FLL_zerodelta.vhd 
# -- Loading package STANDARD
# -- Loading package TEXTIO
# -- Loading package std_logic_1164
# -- Loading package NUMERIC_STD
# -- Loading package MATH_REAL
# -- Compiling entity gf22_DCO
# -- Compiling architecture behavioral of gf22_DCO
# -- Compiling entity gf22_FLL
# -- Compiling architecture behavioral of gf22_FLL
# -- Compiling package FLLPkg
# -- Compiling package body FLLPkg
# -- Loading package FLLPkg
# -- Loading package FLLPkg
# -- Compiling entity FLL_clk_divider
# -- Compiling architecture rtl of FLL_clk_divider
# -- Compiling entity FLL_clk_period_quantizer
# -- Compiling architecture rtl of FLL_clk_period_quantizer
# -- Compiling entity FLL_clock_gated
# -- Compiling architecture rtl of FLL_clock_gated
# -- Compiling entity FLL_digital
# -- Compiling architecture rtl of FLL_digital
# -- Compiling entity FLL_dither_pattern_gen
# -- Compiling architecture rtl of FLL_dither_pattern_gen
# -- Compiling entity FLL_glitchfree_clkdiv
# -- Compiling architecture rtl of FLL_glitchfree_clkdiv
# -- Compiling entity FLL_glitchfree_clkmux
# -- Compiling architecture rtl of FLL_glitchfree_clkmux
# -- Compiling entity FLL_mux
# -- Compiling architecture rtl of FLL_mux
# -- Compiling entity FLL_loop_filter
# -- Compiling architecture rtl of FLL_loop_filter
# -- Compiling entity FLL_reg
# -- Compiling architecture rtl of FLL_reg
# -- Compiling entity FLL_settling_monitor
# -- Compiling architecture rtl of FLL_settling_monitor
# -- Compiling entity FLL_synchroedge
# -- Compiling architecture rtl of FLL_synchroedge
# -- Compiling entity FLL_zerodelta
# -- Compiling architecture rtl of FLL_zerodelta
# End time: 01:01:30 on Sep 04,2026, Elapsed time: 0:00:00
# Errors: 0, Warnings: 0
# QuestaSim-64 vlog 10.7c Compiler 2018.08 Aug 17 2018
# Start time: 01:01:30 on Sep 04,2026
# vlog -incr -sv -suppress 2583 -suppress 13314 "+incdir+/home/dungpc/ndmoney4porche/projects/pulp/rtl/includes" "+define+TARGET_RTL" "+define+TARGET_SIMULATION" "+define+TARGET_TEST" "+define+TARGET_VSIM" "+incdir+/home/dungpc/ndmoney4porche/projects/pulp/.bender/git/checkouts/axi-d42e23417b564294/include" "+incdir+/home/dungpc/ndmoney4porche/projects/pulp/.bender/git/checkouts/common_cells-f18d75f6d6d026a5/include" /home/dungpc/ndmoney4porche/projects/pulp/.bender/git/checkouts/hier-icache-fa9462fd6a0f0398/CTRL_UNIT/hier_icache_ctrl_unit.sv /home/dungpc/ndmoney4porche/projects/pulp/.bender/git/checkouts/hier-icache-fa9462fd6a0f0398/RTL/L1.5_CACHE/ram_ws_rs_data_scm.sv /home/dungpc/ndmoney4porche/projects/pulp/.bender/git/checkouts/hier-icache-fa9462fd6a0f0398/RTL/L1.5_CACHE/ram_ws_rs_tag_scm.sv /home/dungpc/ndmoney4porche/projects/pulp/.bender/git/checkouts/hier-icache-fa9462fd6a0f0398/RTL/L1.5_CACHE/RefillTracker_4.sv /home/dungpc/ndmoney4porche/projects/pulp/.bender/git/checkouts/hier-icache-fa9462fd6a0f0398/RTL/L1.5_CACHE/REP_buffer_4.sv /home/dungpc/ndmoney4porche/projects/pulp/.bender/git/checkouts/hier-icache-fa9462fd6a0f0398/RTL/L1_CACHE/pri_icache_controller.sv /home/dungpc/ndmoney4porche/projects/pulp/.bender/git/checkouts/hier-icache-fa9462fd6a0f0398/RTL/L1_CACHE/refill_arbiter.sv /home/dungpc/ndmoney4porche/projects/pulp/.bender/git/checkouts/hier-icache-fa9462fd6a0f0398/RTL/L1_CACHE/register_file_1w_multi_port_read.sv /home/dungpc/ndmoney4porche/projects/pulp/.bender/git/checkouts/hier-icache-fa9462fd6a0f0398/CTRL_UNIT/hier_icache_ctrl_unit_wrap.sv /home/dungpc/ndmoney4porche/projects/pulp/.bender/git/checkouts/hier-icache-fa9462fd6a0f0398/RTL/L1.5_CACHE/AXI4_REFILL_Resp_Deserializer.sv /home/dungpc/ndmoney4porche/projects/pulp/.bender/git/checkouts/hier-icache-fa9462fd6a0f0398/RTL/L1.5_CACHE/share_icache_controller.sv /home/dungpc/ndmoney4porche/projects/pulp/.bender/git/checkouts/hier-icache-fa9462fd6a0f0398/RTL/L1_CACHE/register_file_1w_multi_port_read_test_wrap.sv /home/dungpc/ndmoney4porche/projects/pulp/.bender/git/checkouts/hier-icache-fa9462fd6a0f0398/RTL/L1.5_CACHE/share_icache.sv /home/dungpc/ndmoney4porche/projects/pulp/.bender/git/checkouts/hier-icache-fa9462fd6a0f0398/RTL/L1_CACHE/pri_icache.sv /home/dungpc/ndmoney4porche/projects/pulp/.bender/git/checkouts/hier-icache-fa9462fd6a0f0398/RTL/TOP/icache_hier_top.sv 
# -- Compiling module hier_icache_ctrl_unit
# -- Compiling module ram_ws_rs_data_scm
# -- Compiling module ram_ws_rs_tag_scm
# -- Compiling module RefillTracker_4
# -- Compiling module REP_buffer_4
# -- Compiling module pri_icache_controller
# -- Compiling module refill_arbiter
# -- Compiling module register_file_1w_multi_port_read
# -- Compiling module hier_icache_ctrl_unit_wrap
# -- Compiling module AXI4_REFILL_Resp_Deserializer
# -- Compiling module share_icache_controller
# -- Compiling module register_file_1w_multi_port_read_test_wrap
# -- Compiling module share_icache
# -- Compiling module pri_icache
# -- Compiling module icache_hier_top
# 
# Top level modules:
# 	hier_icache_ctrl_unit_wrap
# 	AXI4_REFILL_Resp_Deserializer
# 	icache_hier_top
# End time: 01:01:30 on Sep 04,2026, Elapsed time: 0:00:00
# Errors: 0, Warnings: 0, Suppressed Warnings: 16
# QuestaSim-64 vlog 10.7c Compiler 2018.08 Aug 17 2018
# Start time: 01:01:30 on Sep 04,2026
# vlog -incr -sv -suppress 2583 -suppress 13314 "+incdir+/home/dungpc/ndmoney4porche/projects/pulp/rtl/includes" "+define+TARGET_RTL" "+define+TARGET_SIMULATION" "+define+TARGET_TEST" "+define+TARGET_VSIM" /home/dungpc/ndmoney4porche/projects/pulp/.bender/git/checkouts/hwpe-datamover-example-a9b2d6689c13b9f9/rtl/datamover_engine.sv /home/dungpc/ndmoney4porche/projects/pulp/.bender/git/checkouts/hwpe-datamover-example-a9b2d6689c13b9f9/rtl/datamover_package.sv /home/dungpc/ndmoney4porche/projects/pulp/.bender/git/checkouts/hwpe-datamover-example-a9b2d6689c13b9f9/rtl/datamover_streamer.sv /home/dungpc/ndmoney4porche/projects/pulp/.bender/git/checkouts/hwpe-datamover-example-a9b2d6689c13b9f9/rtl/datamover_top.sv 
# -- Compiling package datamover_engine_sv_unit
# -- Compiling module datamover_engine
# -- Compiling package datamover_package
# -- Compiling package datamover_streamer_sv_unit
# -- Compiling module datamover_streamer
# -- Compiling package datamover_top_sv_unit
# -- Compiling module datamover_top
# 
# Top level modules:
# 	datamover_top
# End time: 01:01:30 on Sep 04,2026, Elapsed time: 0:00:00
# Errors: 0, Warnings: 0, Suppressed Warnings: 2
# QuestaSim-64 vlog 10.7c Compiler 2018.08 Aug 17 2018
# Start time: 01:01:30 on Sep 04,2026
# vlog -incr -sv -suppress 2583 -suppress 13314 "+incdir+/home/dungpc/ndmoney4porche/projects/pulp/rtl/includes" "+define+TARGET_RTL" "+define+TARGET_SIMULATION" "+define+TARGET_TEST" "+define+TARGET_VSIM" "+incdir+/home/dungpc/ndmoney4porche/projects/pulp/.bender/git/checkouts/hwpe-mac-engine-51b68cfc401cd47c/rtl" /home/dungpc/ndmoney4porche/projects/pulp/.bender/git/checkouts/hwpe-mac-engine-51b68cfc401cd47c/rtl/mac_package.sv /home/dungpc/ndmoney4porche/projects/pulp/.bender/git/checkouts/hwpe-mac-engine-51b68cfc401cd47c/rtl/mac_engine.sv /home/dungpc/ndmoney4porche/projects/pulp/.bender/git/checkouts/hwpe-mac-engine-51b68cfc401cd47c/rtl/mac_fsm.sv /home/dungpc/ndmoney4porche/projects/pulp/.bender/git/checkouts/hwpe-mac-engine-51b68cfc401cd47c/rtl/mac_streamer.sv /home/dungpc/ndmoney4porche/projects/pulp/.bender/git/checkouts/hwpe-mac-engine-51b68cfc401cd47c/rtl/mac_ctrl.sv /home/dungpc/ndmoney4porche/projects/pulp/.bender/git/checkouts/hwpe-mac-engine-51b68cfc401cd47c/rtl/mac_top.sv /home/dungpc/ndmoney4porche/projects/pulp/.bender/git/checkouts/hwpe-mac-engine-51b68cfc401cd47c/wrap/mac_top_wrap.sv 
# -- Compiling package mac_package_sv_unit
# -- Compiling package mac_package
# -- Compiling package mac_engine_sv_unit
# -- Compiling module mac_engine
# -- Compiling package mac_fsm_sv_unit
# -- Compiling module mac_fsm
# -- Compiling package mac_streamer_sv_unit
# -- Compiling module mac_streamer
# -- Compiling package mac_ctrl_sv_unit
# -- Compiling module mac_ctrl
# -- Compiling package mac_top_sv_unit
# -- Compiling module mac_top
# -- Compiling package mac_top_wrap_sv_unit
# -- Compiling module mac_top_wrap
# 
# Top level modules:
# 	mac_top_wrap
# End time: 01:01:30 on Sep 04,2026, Elapsed time: 0:00:00
# Errors: 0, Warnings: 0, Suppressed Warnings: 22
# QuestaSim-64 vlog 10.7c Compiler 2018.08 Aug 17 2018
# Start time: 01:01:30 on Sep 04,2026
# vlog -incr -sv -suppress 2583 -suppress 13314 "+incdir+/home/dungpc/ndmoney4porche/projects/pulp/rtl/includes" "+define+TARGET_RTL" "+define+TARGET_SIMULATION" "+define+TARGET_TEST" "+define+TARGET_VSIM" "+define+RVFI=true" "+incdir+/home/dungpc/ndmoney4porche/projects/pulp/.bender/git/checkouts/ibex-71db63ed1d9e7444/rtl" "+incdir+/home/dungpc/ndmoney4porche/projects/pulp/.bender/git/checkouts/ibex-71db63ed1d9e7444/vendor/lowrisc_ip/ip/prim/rtl" /home/dungpc/ndmoney4porche/projects/pulp/.bender/git/checkouts/ibex-71db63ed1d9e7444/rtl/ibex_pkg.sv /home/dungpc/ndmoney4porche/projects/pulp/.bender/git/checkouts/ibex-71db63ed1d9e7444/rtl/ibex_register_file_ff.sv /home/dungpc/ndmoney4porche/projects/pulp/.bender/git/checkouts/ibex-71db63ed1d9e7444/vendor/lowrisc_ip/ip/prim/rtl/prim_assert.sv /home/dungpc/ndmoney4porche/projects/pulp/.bender/git/checkouts/ibex-71db63ed1d9e7444/rtl/ibex_alu.sv /home/dungpc/ndmoney4porche/projects/pulp/.bender/git/checkouts/ibex-71db63ed1d9e7444/rtl/ibex_compressed_decoder.sv /home/dungpc/ndmoney4porche/projects/pulp/.bender/git/checkouts/ibex-71db63ed1d9e7444/rtl/ibex_controller.sv /home/dungpc/ndmoney4porche/projects/pulp/.bender/git/checkouts/ibex-71db63ed1d9e7444/rtl/ibex_counter.sv /home/dungpc/ndmoney4porche/projects/pulp/.bender/git/checkouts/ibex-71db63ed1d9e7444/rtl/ibex_csr.sv /home/dungpc/ndmoney4porche/projects/pulp/.bender/git/checkouts/ibex-71db63ed1d9e7444/rtl/ibex_decoder.sv /home/dungpc/ndmoney4porche/projects/pulp/.bender/git/checkouts/ibex-71db63ed1d9e7444/rtl/ibex_fetch_fifo.sv /home/dungpc/ndmoney4porche/projects/pulp/.bender/git/checkouts/ibex-71db63ed1d9e7444/rtl/ibex_load_store_unit.sv /home/dungpc/ndmoney4porche/projects/pulp/.bender/git/checkouts/ibex-71db63ed1d9e7444/rtl/ibex_multdiv_fast.sv /home/dungpc/ndmoney4porche/projects/pulp/.bender/git/checkouts/ibex-71db63ed1d9e7444/rtl/ibex_multdiv_slow.sv /home/dungpc/ndmoney4porche/projects/pulp/.bender/git/checkouts/ibex-71db63ed1d9e7444/rtl/ibex_pmp.sv /home/dungpc/ndmoney4porche/projects/pulp/.bender/git/checkouts/ibex-71db63ed1d9e7444/rtl/ibex_tracer_pkg.sv /home/dungpc/ndmoney4porche/projects/pulp/.bender/git/checkouts/ibex-71db63ed1d9e7444/rtl/ibex_wb_stage.sv /home/dungpc/ndmoney4porche/projects/pulp/.bender/git/checkouts/ibex-71db63ed1d9e7444/rtl/ibex_cs_registers.sv /home/dungpc/ndmoney4porche/projects/pulp/.bender/git/checkouts/ibex-71db63ed1d9e7444/rtl/ibex_ex_block.sv /home/dungpc/ndmoney4porche/projects/pulp/.bender/git/checkouts/ibex-71db63ed1d9e7444/rtl/ibex_id_stage.sv /home/dungpc/ndmoney4porche/projects/pulp/.bender/git/checkouts/ibex-71db63ed1d9e7444/rtl/ibex_prefetch_buffer.sv /home/dungpc/ndmoney4porche/projects/pulp/.bender/git/checkouts/ibex-71db63ed1d9e7444/rtl/ibex_tracer.sv /home/dungpc/ndmoney4porche/projects/pulp/.bender/git/checkouts/ibex-71db63ed1d9e7444/rtl/ibex_if_stage.sv /home/dungpc/ndmoney4porche/projects/pulp/.bender/git/checkouts/ibex-71db63ed1d9e7444/rtl/ibex_core.sv /home/dungpc/ndmoney4porche/projects/pulp/.bender/git/checkouts/ibex-71db63ed1d9e7444/rtl/ibex_core_tracing.sv 
# -- Compiling package ibex_pkg
# -- Compiling module ibex_register_file_ff
# -- Compiling module ibex_alu
# -- Compiling module ibex_compressed_decoder
# -- Compiling module ibex_controller
# -- Compiling module ibex_counter
# -- Compiling module ibex_csr
# -- Compiling module ibex_decoder
# -- Compiling module ibex_fetch_fifo
# -- Compiling module ibex_load_store_unit
# -- Compiling module ibex_multdiv_fast
# -- Compiling module ibex_multdiv_slow
# -- Compiling module ibex_pmp
# -- Compiling package ibex_tracer_pkg
# -- Compiling module ibex_wb_stage
# -- Compiling module ibex_cs_registers
# -- Compiling module ibex_ex_block
# -- Compiling module ibex_id_stage
# -- Compiling module ibex_prefetch_buffer
# -- Compiling module ibex_tracer
# -- Compiling module ibex_if_stage
# -- Compiling module ibex_core
# -- Compiling module ibex_core_tracing
# 
# Top level modules:
# 	ibex_core_tracing
# End time: 01:01:30 on Sep 04,2026, Elapsed time: 0:00:00
# Errors: 0, Warnings: 0, Suppressed Warnings: 438
# QuestaSim-64 vlog 10.7c Compiler 2018.08 Aug 17 2018
# Start time: 01:01:31 on Sep 04,2026
# vlog -incr -sv -suppress 2583 -suppress 13314 "+incdir+/home/dungpc/ndmoney4porche/projects/pulp/rtl/includes" "+define+TARGET_RTL" "+define+TARGET_SIMULATION" "+define+TARGET_TEST" "+define+TARGET_VSIM" "+incdir+/home/dungpc/ndmoney4porche/projects/pulp/.bender/git/checkouts/common_cells-f18d75f6d6d026a5/include" /home/dungpc/ndmoney4porche/projects/pulp/.bender/git/checkouts/icache_mp_128_pf-39146432607e09be/RTL/icache_bank_mp_128.sv /home/dungpc/ndmoney4porche/projects/pulp/.bender/git/checkouts/icache_mp_128_pf-39146432607e09be/RTL/icache_bank_mp_PF.sv /home/dungpc/ndmoney4porche/projects/pulp/.bender/git/checkouts/icache_mp_128_pf-39146432607e09be/RTL/merge_refill_cam_128_16.sv /home/dungpc/ndmoney4porche/projects/pulp/.bender/git/checkouts/icache_mp_128_pf-39146432607e09be/RTL/pf_miss_mux.sv /home/dungpc/ndmoney4porche/projects/pulp/.bender/git/checkouts/icache_mp_128_pf-39146432607e09be/RTL/prefetcher_if.sv /home/dungpc/ndmoney4porche/projects/pulp/.bender/git/checkouts/icache_mp_128_pf-39146432607e09be/RTL/central_controller_128.sv /home/dungpc/ndmoney4porche/projects/pulp/.bender/git/checkouts/icache_mp_128_pf-39146432607e09be/RTL/cache_controller_to_axi_128_PF.sv /home/dungpc/ndmoney4porche/projects/pulp/.bender/git/checkouts/icache_mp_128_pf-39146432607e09be/RTL/icache_top_mp_128_PF.sv 
# -- Compiling module icache_bank_mp_128
# -- Compiling module icache_bank_mp_128_PF
# -- Compiling module merge_refill_cam_128_16
# -- Compiling module pf_miss_mux
# -- Compiling module prefetcher_if
# -- Compiling module central_controller_128
# -- Compiling module cache_controller_to_axi_128_PF
# -- Compiling module icache_top_mp_128_PF
# 
# Top level modules:
# 	icache_top_mp_128_PF
# End time: 01:01:31 on Sep 04,2026, Elapsed time: 0:00:00
# Errors: 0, Warnings: 0, Suppressed Warnings: 15
# QuestaSim-64 vlog 10.7c Compiler 2018.08 Aug 17 2018
# Start time: 01:01:31 on Sep 04,2026
# vlog -incr -sv -suppress 2583 -suppress 13314 "+incdir+/home/dungpc/ndmoney4porche/projects/pulp/rtl/includes" "+define+TARGET_RTL" "+define+TARGET_SIMULATION" "+define+TARGET_TEST" "+define+TARGET_VSIM" /home/dungpc/ndmoney4porche/projects/pulp/.bender/git/checkouts/jtag_pulp-5deebd21d33ee03d/src/bscell.sv /home/dungpc/ndmoney4porche/projects/pulp/.bender/git/checkouts/jtag_pulp-5deebd21d33ee03d/src/jtag_axi_wrap.sv /home/dungpc/ndmoney4porche/projects/pulp/.bender/git/checkouts/jtag_pulp-5deebd21d33ee03d/src/jtag_enable.sv /home/dungpc/ndmoney4porche/projects/pulp/.bender/git/checkouts/jtag_pulp-5deebd21d33ee03d/src/jtag_enable_synch.sv /home/dungpc/ndmoney4porche/projects/pulp/.bender/git/checkouts/jtag_pulp-5deebd21d33ee03d/src/jtagreg.sv /home/dungpc/ndmoney4porche/projects/pulp/.bender/git/checkouts/jtag_pulp-5deebd21d33ee03d/src/jtag_rst_synch.sv /home/dungpc/ndmoney4porche/projects/pulp/.bender/git/checkouts/jtag_pulp-5deebd21d33ee03d/src/jtag_sync.sv /home/dungpc/ndmoney4porche/projects/pulp/.bender/git/checkouts/jtag_pulp-5deebd21d33ee03d/src/tap_top.v 
# -- Compiling module bscell
# -- Compiling module jtag_axi_wrap
# -- Compiling module jtag_enable
# -- Compiling module jtag_enable_synch
# -- Compiling module jtagreg
# -- Compiling module jtag_rst_synch
# -- Compiling module jtag_sync
# -- Compiling module tap_top
# 
# Top level modules:
# 	jtag_axi_wrap
# 	jtag_enable
# 	jtag_enable_synch
# 	jtagreg
# 	jtag_rst_synch
# 	tap_top
# End time: 01:01:31 on Sep 04,2026, Elapsed time: 0:00:00
# Errors: 0, Warnings: 0
# QuestaSim-64 vlog 10.7c Compiler 2018.08 Aug 17 2018
# Start time: 01:01:31 on Sep 04,2026
# vlog -incr -sv -suppress 2583 -suppress 13314 "+incdir+/home/dungpc/ndmoney4porche/projects/pulp/rtl/includes" "+define+TARGET_RTL" "+define+TARGET_SIMULATION" "+define+TARGET_TEST" "+define+TARGET_VSIM" "+incdir+/home/dungpc/ndmoney4porche/projects/pulp/.bender/git/checkouts/jtag_pulp-5deebd21d33ee03d/testbench" /home/dungpc/ndmoney4porche/projects/pulp/.bender/git/checkouts/jtag_pulp-5deebd21d33ee03d/testbench/tb_jtag.sv 
# -- Compiling module tb_jtag
# 
# Top level modules:
# 	tb_jtag
# End time: 01:01:31 on Sep 04,2026, Elapsed time: 0:00:00
# Errors: 0, Warnings: 0
# QuestaSim-64 vlog 10.7c Compiler 2018.08 Aug 17 2018
# Start time: 01:01:31 on Sep 04,2026
# vlog -incr -sv -suppress 2583 -suppress 13314 "+incdir+/home/dungpc/ndmoney4porche/projects/pulp/rtl/includes" "+define+TARGET_RTL" "+define+TARGET_SIMULATION" "+define+TARGET_TEST" "+define+TARGET_VSIM" "+incdir+/home/dungpc/ndmoney4porche/projects/pulp/.bender/git/checkouts/common_cells-f18d75f6d6d026a5/include" "+incdir+/home/dungpc/ndmoney4porche/projects/pulp/.bender/git/checkouts/mchan-1903412f92cb4b0c/rtl/include" /home/dungpc/ndmoney4porche/projects/pulp/.bender/git/checkouts/mchan-1903412f92cb4b0c/rtl/misc/mchan_arbiter.sv /home/dungpc/ndmoney4porche/projects/pulp/.bender/git/checkouts/mchan-1903412f92cb4b0c/rtl/misc/mchan_arb_primitive.sv /home/dungpc/ndmoney4porche/projects/pulp/.bender/git/checkouts/mchan-1903412f92cb4b0c/rtl/misc/mchan_rr_flag_req.sv /home/dungpc/ndmoney4porche/projects/pulp/.bender/git/checkouts/mchan-1903412f92cb4b0c/rtl/ctrl_unit/ctrl_fsm.sv /home/dungpc/ndmoney4porche/projects/pulp/.bender/git/checkouts/mchan-1903412f92cb4b0c/rtl/ctrl_unit/ctrl_if.sv /home/dungpc/ndmoney4porche/projects/pulp/.bender/git/checkouts/mchan-1903412f92cb4b0c/rtl/ctrl_unit/ctrl_unit.sv /home/dungpc/ndmoney4porche/projects/pulp/.bender/git/checkouts/mchan-1903412f92cb4b0c/rtl/ctrl_unit/synch_unit.sv /home/dungpc/ndmoney4porche/projects/pulp/.bender/git/checkouts/mchan-1903412f92cb4b0c/rtl/ctrl_unit/trans_allocator.sv /home/dungpc/ndmoney4porche/projects/pulp/.bender/git/checkouts/mchan-1903412f92cb4b0c/rtl/ctrl_unit/trans_queue.sv /home/dungpc/ndmoney4porche/projects/pulp/.bender/git/checkouts/mchan-1903412f92cb4b0c/rtl/ctrl_unit/trans_arbiter_wrap.sv /home/dungpc/ndmoney4porche/projects/pulp/.bender/git/checkouts/mchan-1903412f92cb4b0c/rtl/ctrl_unit/trans_unpack.sv /home/dungpc/ndmoney4porche/projects/pulp/.bender/git/checkouts/mchan-1903412f92cb4b0c/rtl/ctrl_unit/twd_trans_queue.sv /home/dungpc/ndmoney4porche/projects/pulp/.bender/git/checkouts/mchan-1903412f92cb4b0c/rtl/ctrl_unit/twd_trans_splitter.sv /home/dungpc/ndmoney4porche/projects/pulp/.bender/git/checkouts/mchan-1903412f92cb4b0c/rtl/ext_unit/ext_ar_buffer.sv /home/dungpc/ndmoney4porche/projects/pulp/.bender/git/checkouts/mchan-1903412f92cb4b0c/rtl/ext_unit/ext_aw_buffer.sv /home/dungpc/ndmoney4porche/projects/pulp/.bender/git/checkouts/mchan-1903412f92cb4b0c/rtl/ext_unit/ext_b_buffer.sv /home/dungpc/ndmoney4porche/projects/pulp/.bender/git/checkouts/mchan-1903412f92cb4b0c/rtl/ext_unit/ext_buffer.sv /home/dungpc/ndmoney4porche/projects/pulp/.bender/git/checkouts/mchan-1903412f92cb4b0c/rtl/ext_unit/ext_opc_buf.sv /home/dungpc/ndmoney4porche/projects/pulp/.bender/git/checkouts/mchan-1903412f92cb4b0c/rtl/ext_unit/ext_r_buffer.sv /home/dungpc/ndmoney4porche/projects/pulp/.bender/git/checkouts/mchan-1903412f92cb4b0c/rtl/ext_unit/ext_rx_if.sv /home/dungpc/ndmoney4porche/projects/pulp/.bender/git/checkouts/mchan-1903412f92cb4b0c/rtl/ext_unit/ext_tid_gen.sv /home/dungpc/ndmoney4porche/projects/pulp/.bender/git/checkouts/mchan-1903412f92cb4b0c/rtl/ext_unit/ext_tx_if.sv /home/dungpc/ndmoney4porche/projects/pulp/.bender/git/checkouts/mchan-1903412f92cb4b0c/rtl/ext_unit/ext_unit.sv /home/dungpc/ndmoney4porche/projects/pulp/.bender/git/checkouts/mchan-1903412f92cb4b0c/rtl/ext_unit/ext_w_buffer.sv /home/dungpc/ndmoney4porche/projects/pulp/.bender/git/checkouts/mchan-1903412f92cb4b0c/rtl/tcdm_unit/tcdm_cmd_unpack.sv /home/dungpc/ndmoney4porche/projects/pulp/.bender/git/checkouts/mchan-1903412f92cb4b0c/rtl/tcdm_unit/tcdm_rx_if.sv /home/dungpc/ndmoney4porche/projects/pulp/.bender/git/checkouts/mchan-1903412f92cb4b0c/rtl/tcdm_unit/tcdm_synch.sv /home/dungpc/ndmoney4porche/projects/pulp/.bender/git/checkouts/mchan-1903412f92cb4b0c/rtl/tcdm_unit/tcdm_tx_if.sv /home/dungpc/ndmoney4porche/projects/pulp/.bender/git/checkouts/mchan-1903412f92cb4b0c/rtl/tcdm_unit/tcdm_unit.sv /home/dungpc/ndmoney4porche/projects/pulp/.bender/git/checkouts/mchan-1903412f92cb4b0c/rtl/trans_unit/trans_aligner.sv /home/dungpc/ndmoney4porche/projects/pulp/.bender/git/checkouts/mchan-1903412f92cb4b0c/rtl/trans_unit/trans_buffers.sv /home/dungpc/ndmoney4porche/projects/pulp/.bender/git/checkouts/mchan-1903412f92cb4b0c/rtl/trans_unit/trans_unit.sv /home/dungpc/ndmoney4porche/projects/pulp/.bender/git/checkouts/mchan-1903412f92cb4b0c/rtl/top/mchan.sv 
# -- Compiling module mchan_arbiter
# -- Compiling module mchan_arb_primitive
# -- Compiling module mchan_rr_flag_req
# -- Compiling module ctrl_fsm
# -- Compiling module ctrl_if
# -- Compiling module ctrl_unit
# -- Compiling module synch_unit
# -- Compiling module trans_allocator
# -- Compiling module trans_queue
# -- Compiling module trans_arbiter_wrap
# -- Compiling module trans_unpack
# -- Compiling module twd_trans_queue
# -- Compiling module twd_trans_splitter
# -- Compiling module ext_ar_buffer
# -- Compiling module ext_aw_buffer
# -- Compiling module ext_b_buffer
# -- Compiling module ext_buffer
# -- Compiling module ext_opc_buf
# -- Compiling module ext_r_buffer
# -- Compiling module ext_rx_if
# -- Compiling module ext_tid_gen
# -- Compiling module ext_tx_if
# -- Compiling module ext_unit
# -- Compiling module ext_w_buffer
# -- Compiling module tcdm_cmd_unpack
# -- Compiling module tcdm_rx_if
# -- Compiling module tcdm_synch
# -- Compiling module tcdm_tx_if
# -- Compiling module tcdm_unit
# -- Compiling module trans_aligner
# -- Compiling module trans_buffers
# -- Compiling module trans_unit
# -- Compiling module mchan
# 
# Top level modules:
# 	mchan
# End time: 01:01:31 on Sep 04,2026, Elapsed time: 0:00:00
# Errors: 0, Warnings: 0, Suppressed Warnings: 26
# QuestaSim-64 vlog 10.7c Compiler 2018.08 Aug 17 2018
# Start time: 01:01:31 on Sep 04,2026
# vlog -incr -sv -suppress 2583 -suppress 13314 "+incdir+/home/dungpc/ndmoney4porche/projects/pulp/rtl/includes" "+define+TARGET_RTL" "+define+TARGET_SIMULATION" "+define+TARGET_TEST" "+define+TARGET_VSIM" /home/dungpc/ndmoney4porche/projects/pulp/.bender/git/checkouts/per2axi-09e2f0897050514a/src/per2axi_busy_unit.sv /home/dungpc/ndmoney4porche/projects/pulp/.bender/git/checkouts/per2axi-09e2f0897050514a/src/per2axi_req_channel.sv /home/dungpc/ndmoney4porche/projects/pulp/.bender/git/checkouts/per2axi-09e2f0897050514a/src/per2axi_res_channel.sv /home/dungpc/ndmoney4porche/projects/pulp/.bender/git/checkouts/per2axi-09e2f0897050514a/src/per2axi.sv 
# -- Compiling module per2axi_busy_unit
# -- Compiling module per2axi_req_channel
# -- Compiling module per2axi_res_channel
# -- Compiling module per2axi
# 
# Top level modules:
# 	per2axi
# End time: 01:01:31 on Sep 04,2026, Elapsed time: 0:00:00
# Errors: 0, Warnings: 0
# QuestaSim-64 vlog 10.7c Compiler 2018.08 Aug 17 2018
# Start time: 01:01:31 on Sep 04,2026
# vlog -incr -sv -suppress 2583 -suppress 13314 "+incdir+/home/dungpc/ndmoney4porche/projects/pulp/rtl/includes" "+define+TARGET_RTL" "+define+TARGET_SIMULATION" "+define+TARGET_TEST" "+define+TARGET_VSIM" "+incdir+/home/dungpc/ndmoney4porche/projects/pulp/.bender/git/checkouts/axi-d42e23417b564294/include" "+incdir+/home/dungpc/ndmoney4porche/projects/pulp/.bender/git/checkouts/common_cells-f18d75f6d6d026a5/include" "+incdir+/home/dungpc/ndmoney4porche/projects/pulp/.bender/git/checkouts/register_interface-1e5f22ae6b2b5b5d/include" /home/dungpc/ndmoney4porche/projects/pulp/.bender/git/checkouts/register_interface-1e5f22ae6b2b5b5d/src/reg_intf.sv /home/dungpc/ndmoney4porche/projects/pulp/.bender/git/checkouts/register_interface-1e5f22ae6b2b5b5d/vendor/lowrisc_opentitan/src/prim_subreg_arb.sv /home/dungpc/ndmoney4porche/projects/pulp/.bender/git/checkouts/register_interface-1e5f22ae6b2b5b5d/vendor/lowrisc_opentitan/src/prim_subreg_ext.sv /home/dungpc/ndmoney4porche/projects/pulp/.bender/git/checkouts/register_interface-1e5f22ae6b2b5b5d/src/apb_to_reg.sv /home/dungpc/ndmoney4porche/projects/pulp/.bender/git/checkouts/register_interface-1e5f22ae6b2b5b5d/src/axi_to_reg.sv /home/dungpc/ndmoney4porche/projects/pulp/.bender/git/checkouts/register_interface-1e5f22ae6b2b5b5d/src/periph_to_reg.sv /home/dungpc/ndmoney4porche/projects/pulp/.bender/git/checkouts/register_interface-1e5f22ae6b2b5b5d/src/reg_cdc.sv /home/dungpc/ndmoney4porche/projects/pulp/.bender/git/checkouts/register_interface-1e5f22ae6b2b5b5d/src/reg_demux.sv /home/dungpc/ndmoney4porche/projects/pulp/.bender/git/checkouts/register_interface-1e5f22ae6b2b5b5d/src/reg_mux.sv /home/dungpc/ndmoney4porche/projects/pulp/.bender/git/checkouts/register_interface-1e5f22ae6b2b5b5d/src/reg_to_mem.sv /home/dungpc/ndmoney4porche/projects/pulp/.bender/git/checkouts/register_interface-1e5f22ae6b2b5b5d/src/reg_uniform.sv /home/dungpc/ndmoney4porche/projects/pulp/.bender/git/checkouts/register_interface-1e5f22ae6b2b5b5d/vendor/lowrisc_opentitan/src/prim_subreg_shadow.sv /home/dungpc/ndmoney4porche/projects/pulp/.bender/git/checkouts/register_interface-1e5f22ae6b2b5b5d/vendor/lowrisc_opentitan/src/prim_subreg.sv /home/dungpc/ndmoney4porche/projects/pulp/.bender/git/checkouts/register_interface-1e5f22ae6b2b5b5d/src/axi_lite_to_reg.sv 
# -- Compiling interface REG_BUS
# -- Compiling module prim_subreg_arb
# -- Compiling module prim_subreg_ext
# -- Compiling module apb_to_reg
# -- Compiling module axi_to_reg
# -- Compiling module axi_to_reg_intf
# -- Compiling module periph_to_reg
# -- Compiling module reg_cdc
# -- Compiling module reg_demux
# -- Compiling module reg_mux
# -- Compiling module reg_to_mem
# -- Compiling module reg_uniform
# -- Compiling module prim_subreg_shadow
# -- Compiling module prim_subreg
# -- Compiling module axi_lite_to_reg
# -- Compiling module axi_lite_to_reg_intf
# 
# Top level modules:
# 	prim_subreg_ext
# 	apb_to_reg
# 	axi_to_reg
# 	axi_to_reg_intf
# 	periph_to_reg
# 	reg_cdc
# 	reg_demux
# 	reg_mux
# 	reg_to_mem
# 	reg_uniform
# 	prim_subreg_shadow
# End time: 01:01:31 on Sep 04,2026, Elapsed time: 0:00:00
# Errors: 0, Warnings: 0, Suppressed Warnings: 2
# QuestaSim-64 vlog 10.7c Compiler 2018.08 Aug 17 2018
# Start time: 01:01:31 on Sep 04,2026
# vlog -incr -sv -suppress 2583 -suppress 13314 "+incdir+/home/dungpc/ndmoney4porche/projects/pulp/rtl/includes" "+define+TARGET_RTL" "+define+TARGET_SIMULATION" "+define+TARGET_TEST" "+define+TARGET_VSIM" "+incdir+/home/dungpc/ndmoney4porche/projects/pulp/.bender/git/checkouts/axi-d42e23417b564294/include" "+incdir+/home/dungpc/ndmoney4porche/projects/pulp/.bender/git/checkouts/common_cells-f18d75f6d6d026a5/include" "+incdir+/home/dungpc/ndmoney4porche/projects/pulp/.bender/git/checkouts/register_interface-1e5f22ae6b2b5b5d/include" /home/dungpc/ndmoney4porche/projects/pulp/.bender/git/checkouts/register_interface-1e5f22ae6b2b5b5d/src/reg_test.sv 
# -- Compiling package reg_test
# 
# Top level modules:
# 	--none--
# End time: 01:01:31 on Sep 04,2026, Elapsed time: 0:00:00
# Errors: 0, Warnings: 0
# QuestaSim-64 vlog 10.7c Compiler 2018.08 Aug 17 2018
# Start time: 01:01:31 on Sep 04,2026
# vlog -incr -sv -suppress 2583 -suppress 13314 "+incdir+/home/dungpc/ndmoney4porche/projects/pulp/rtl/includes" "+define+TARGET_RTL" "+define+TARGET_SIMULATION" "+define+TARGET_TEST" "+define+TARGET_VSIM" /home/dungpc/ndmoney4porche/projects/pulp/.bender/git/checkouts/riscv-dbg-d1510f6d3bbea38a/src/dm_pkg.sv /home/dungpc/ndmoney4porche/projects/pulp/.bender/git/checkouts/riscv-dbg-d1510f6d3bbea38a/debug_rom/debug_rom.sv /home/dungpc/ndmoney4porche/projects/pulp/.bender/git/checkouts/riscv-dbg-d1510f6d3bbea38a/debug_rom/debug_rom_one_scratch.sv /home/dungpc/ndmoney4porche/projects/pulp/.bender/git/checkouts/riscv-dbg-d1510f6d3bbea38a/src/dm_csrs.sv /home/dungpc/ndmoney4porche/projects/pulp/.bender/git/checkouts/riscv-dbg-d1510f6d3bbea38a/src/dm_mem.sv /home/dungpc/ndmoney4porche/projects/pulp/.bender/git/checkouts/riscv-dbg-d1510f6d3bbea38a/src/dm_top.sv /home/dungpc/ndmoney4porche/projects/pulp/.bender/git/checkouts/riscv-dbg-d1510f6d3bbea38a/src/dm_obi_top.sv /home/dungpc/ndmoney4porche/projects/pulp/.bender/git/checkouts/riscv-dbg-d1510f6d3bbea38a/src/dmi_cdc.sv /home/dungpc/ndmoney4porche/projects/pulp/.bender/git/checkouts/riscv-dbg-d1510f6d3bbea38a/src/dmi_jtag.sv /home/dungpc/ndmoney4porche/projects/pulp/.bender/git/checkouts/riscv-dbg-d1510f6d3bbea38a/src/dmi_jtag_tap.sv /home/dungpc/ndmoney4porche/projects/pulp/.bender/git/checkouts/riscv-dbg-d1510f6d3bbea38a/src/dm_sba.sv 
# -- Compiling package dm
# -- Compiling module debug_rom
# -- Compiling module debug_rom_one_scratch
# -- Compiling module dm_csrs
# -- Compiling module dm_mem
# -- Compiling module dm_top
# -- Compiling module dm_obi_top
# -- Compiling module dmi_cdc
# -- Compiling module dmi_jtag
# -- Compiling module dmi_jtag_tap
# -- Compiling module dm_sba
# 
# Top level modules:
# 	dm_obi_top
# 	dmi_jtag
# End time: 01:01:31 on Sep 04,2026, Elapsed time: 0:00:00
# Errors: 0, Warnings: 0, Suppressed Warnings: 13
# QuestaSim-64 vlog 10.7c Compiler 2018.08 Aug 17 2018
# Start time: 01:01:31 on Sep 04,2026
# vlog -incr -sv -suppress 2583 -suppress 13314 "+incdir+/home/dungpc/ndmoney4porche/projects/pulp/rtl/includes" "+define+TARGET_RTL" "+define+TARGET_SIMULATION" "+define+TARGET_TEST" "+define+TARGET_VSIM" /home/dungpc/ndmoney4porche/projects/pulp/.bender/git/checkouts/timer_unit-7ee4cd321dafe5e2/rtl/timer_unit_counter.sv /home/dungpc/ndmoney4porche/projects/pulp/.bender/git/checkouts/timer_unit-7ee4cd321dafe5e2/rtl/timer_unit_counter_presc.sv /home/dungpc/ndmoney4porche/projects/pulp/.bender/git/checkouts/timer_unit-7ee4cd321dafe5e2/rtl/apb_timer_unit.sv /home/dungpc/ndmoney4porche/projects/pulp/.bender/git/checkouts/timer_unit-7ee4cd321dafe5e2/rtl/timer_unit.sv 
# -- Compiling module timer_unit_counter
# -- Compiling module timer_unit_counter_presc
# -- Compiling module apb_timer_unit
# -- Compiling module timer_unit
# 
# Top level modules:
# 	apb_timer_unit
# 	timer_unit
# End time: 01:01:31 on Sep 04,2026, Elapsed time: 0:00:00
# Errors: 0, Warnings: 0
# QuestaSim-64 vlog 10.7c Compiler 2018.08 Aug 17 2018
# Start time: 01:01:31 on Sep 04,2026
# vlog -incr -sv -suppress 2583 -suppress 13314 "+incdir+/home/dungpc/ndmoney4porche/projects/pulp/rtl/includes" "+define+TARGET_RTL" "+define+TARGET_SIMULATION" "+define+TARGET_TEST" "+define+TARGET_VSIM" /home/dungpc/ndmoney4porche/projects/pulp/.bender/git/checkouts/udma_camera-86b8118519db0f98/rtl/camera_reg_if.sv /home/dungpc/ndmoney4porche/projects/pulp/.bender/git/checkouts/udma_camera-86b8118519db0f98/rtl/camera_if.sv 
# -- Compiling module camera_reg_if
# -- Compiling module camera_if
# 
# Top level modules:
# 	camera_if
# End time: 01:01:31 on Sep 04,2026, Elapsed time: 0:00:00
# Errors: 0, Warnings: 0
# QuestaSim-64 vlog 10.7c Compiler 2018.08 Aug 17 2018
# Start time: 01:01:31 on Sep 04,2026
# vlog -incr -sv -suppress 2583 -suppress 13314 "+incdir+/home/dungpc/ndmoney4porche/projects/pulp/rtl/includes" "+define+TARGET_RTL" "+define+TARGET_SIMULATION" "+define+TARGET_TEST" "+define+TARGET_VSIM" /home/dungpc/ndmoney4porche/projects/pulp/.bender/git/checkouts/udma_external_per-3d0c2cf4ffbe1df6/rtl/udma_external_per_reg_if.sv /home/dungpc/ndmoney4porche/projects/pulp/.bender/git/checkouts/udma_external_per-3d0c2cf4ffbe1df6/rtl/udma_traffic_gen_rx.sv /home/dungpc/ndmoney4porche/projects/pulp/.bender/git/checkouts/udma_external_per-3d0c2cf4ffbe1df6/rtl/udma_traffic_gen_tx.sv /home/dungpc/ndmoney4porche/projects/pulp/.bender/git/checkouts/udma_external_per-3d0c2cf4ffbe1df6/rtl/udma_external_per_top.sv /home/dungpc/ndmoney4porche/projects/pulp/.bender/git/checkouts/udma_external_per-3d0c2cf4ffbe1df6/rtl/udma_external_per_wrapper.sv 
# -- Compiling module udma_external_per_reg_if
# -- Compiling module udma_traffic_gen_rx
# -- Compiling module udma_traffic_gen_tx
# -- Compiling module udma_external_per_top
# -- Compiling module udma_external_per_wrapper
# 
# Top level modules:
# 	udma_traffic_gen_rx
# 	udma_traffic_gen_tx
# 	udma_external_per_wrapper
# End time: 01:01:31 on Sep 04,2026, Elapsed time: 0:00:00
# Errors: 0, Warnings: 0
# QuestaSim-64 vlog 10.7c Compiler 2018.08 Aug 17 2018
# Start time: 01:01:31 on Sep 04,2026
# vlog -incr -sv -suppress 2583 -suppress 13314 "+incdir+/home/dungpc/ndmoney4porche/projects/pulp/rtl/includes" "+define+TARGET_RTL" "+define+TARGET_SIMULATION" "+define+TARGET_TEST" "+define+TARGET_VSIM" /home/dungpc/ndmoney4porche/projects/pulp/.bender/git/checkouts/udma_filter-a40516c05ed4bf59/rtl/udma_filter_au.sv /home/dungpc/ndmoney4porche/projects/pulp/.bender/git/checkouts/udma_filter-a40516c05ed4bf59/rtl/udma_filter_bincu.sv /home/dungpc/ndmoney4porche/projects/pulp/.bender/git/checkouts/udma_filter-a40516c05ed4bf59/rtl/udma_filter_reg_if.sv /home/dungpc/ndmoney4porche/projects/pulp/.bender/git/checkouts/udma_filter-a40516c05ed4bf59/rtl/udma_filter_rx_dataout.sv /home/dungpc/ndmoney4porche/projects/pulp/.bender/git/checkouts/udma_filter-a40516c05ed4bf59/rtl/udma_filter_tx_datafetch.sv /home/dungpc/ndmoney4porche/projects/pulp/.bender/git/checkouts/udma_filter-a40516c05ed4bf59/rtl/udma_filter.sv 
# -- Compiling module udma_filter_au
# -- Compiling module udma_filter_bincu
# -- Compiling module udma_filter_reg_if
# -- Compiling module udma_filter_rx_dataout
# -- Compiling module udma_filter_tx_datafetch
# -- Compiling module udma_filter
# 
# Top level modules:
# 	udma_filter
# End time: 01:01:31 on Sep 04,2026, Elapsed time: 0:00:00
# Errors: 0, Warnings: 0
# QuestaSim-64 vlog 10.7c Compiler 2018.08 Aug 17 2018
# Start time: 01:01:31 on Sep 04,2026
# vlog -incr -sv -suppress 2583 -suppress 13314 "+incdir+/home/dungpc/ndmoney4porche/projects/pulp/rtl/includes" "+define+TARGET_RTL" "+define+TARGET_SIMULATION" "+define+TARGET_TEST" "+define+TARGET_VSIM" /home/dungpc/ndmoney4porche/projects/pulp/.bender/git/checkouts/udma_hyper-0e2eefc5c5ed37ee/udma-hyperbus/src/cdc_fifo_gray_hyper.sv /home/dungpc/ndmoney4porche/projects/pulp/.bender/git/checkouts/udma_hyper-0e2eefc5c5ed37ee/udma-hyperbus/src/graycode_hyper.sv /home/dungpc/ndmoney4porche/projects/pulp/.bender/git/checkouts/udma_hyper-0e2eefc5c5ed37ee/udma-hyperbus/src/clock_diff_out.sv /home/dungpc/ndmoney4porche/projects/pulp/.bender/git/checkouts/udma_hyper-0e2eefc5c5ed37ee/udma-hyperbus/src/clk_gen_hyper.sv /home/dungpc/ndmoney4porche/projects/pulp/.bender/git/checkouts/udma_hyper-0e2eefc5c5ed37ee/udma-hyperbus/src/onehot_to_bin_hyper.sv /home/dungpc/ndmoney4porche/projects/pulp/.bender/git/checkouts/udma_hyper-0e2eefc5c5ed37ee/udma-hyperbus/src/ddr_out.sv /home/dungpc/ndmoney4porche/projects/pulp/.bender/git/checkouts/udma_hyper-0e2eefc5c5ed37ee/udma-hyperbus/src/hyperbus_delay_line.sv /home/dungpc/ndmoney4porche/projects/pulp/.bender/git/checkouts/udma_hyper-0e2eefc5c5ed37ee/udma-hyperbus/src/read_clk_rwds.sv /home/dungpc/ndmoney4porche/projects/pulp/.bender/git/checkouts/udma_hyper-0e2eefc5c5ed37ee/udma-hyperbus/src/hyperbus_phy.sv /home/dungpc/ndmoney4porche/projects/pulp/.bender/git/checkouts/udma_hyper-0e2eefc5c5ed37ee/udma-hyperbus/src/cmd_addr_gen.sv /home/dungpc/ndmoney4porche/projects/pulp/.bender/git/checkouts/udma_hyper-0e2eefc5c5ed37ee/udma-hyperbus/src/ddr_in.sv /home/dungpc/ndmoney4porche/projects/pulp/.bender/git/checkouts/udma_hyper-0e2eefc5c5ed37ee/udma-hyperbus/src/udma_hyper_reg_if_common.sv /home/dungpc/ndmoney4porche/projects/pulp/.bender/git/checkouts/udma_hyper-0e2eefc5c5ed37ee/udma-hyperbus/src/udma_hyper_reg_if_mulid.sv /home/dungpc/ndmoney4porche/projects/pulp/.bender/git/checkouts/udma_hyper-0e2eefc5c5ed37ee/udma-hyperbus/src/udma_rxbuffer.sv /home/dungpc/ndmoney4porche/projects/pulp/.bender/git/checkouts/udma_hyper-0e2eefc5c5ed37ee/udma-hyperbus/src/udma_txbuffer.sv /home/dungpc/ndmoney4porche/projects/pulp/.bender/git/checkouts/udma_hyper-0e2eefc5c5ed37ee/udma-hyperbus/src/udma_hyper_ctrl.sv /home/dungpc/ndmoney4porche/projects/pulp/.bender/git/checkouts/udma_hyper-0e2eefc5c5ed37ee/udma-hyperbus/src/udma_hyperbus_mulid.sv /home/dungpc/ndmoney4porche/projects/pulp/.bender/git/checkouts/udma_hyper-0e2eefc5c5ed37ee/udma-hyperbus/src/hyper_unpack.sv /home/dungpc/ndmoney4porche/projects/pulp/.bender/git/checkouts/udma_hyper-0e2eefc5c5ed37ee/udma-hyperbus/src/udma_cfg_outbuff.sv /home/dungpc/ndmoney4porche/projects/pulp/.bender/git/checkouts/udma_hyper-0e2eefc5c5ed37ee/udma-hyperbus/src/hyperbus_mux_generic.sv /home/dungpc/ndmoney4porche/projects/pulp/.bender/git/checkouts/udma_hyper-0e2eefc5c5ed37ee/udma-hyperbus/src/hyper_twd_trans_spliter.sv /home/dungpc/ndmoney4porche/projects/pulp/.bender/git/checkouts/udma_hyper-0e2eefc5c5ed37ee/udma-hyperbus/src/hyper_rr_flag_req.sv /home/dungpc/ndmoney4porche/projects/pulp/.bender/git/checkouts/udma_hyper-0e2eefc5c5ed37ee/udma-hyperbus/src/hyper_arbiter.sv /home/dungpc/ndmoney4porche/projects/pulp/.bender/git/checkouts/udma_hyper-0e2eefc5c5ed37ee/udma-hyperbus/src/hyper_arb_primitive.sv /home/dungpc/ndmoney4porche/projects/pulp/.bender/git/checkouts/udma_hyper-0e2eefc5c5ed37ee/udma-hyperbus/src/io_generic_fifo_hyper.sv /home/dungpc/ndmoney4porche/projects/pulp/.bender/git/checkouts/udma_hyper-0e2eefc5c5ed37ee/udma-hyperbus/src/udma_dc_fifo_hyper.sv /home/dungpc/ndmoney4porche/projects/pulp/.bender/git/checkouts/udma_hyper-0e2eefc5c5ed37ee/udma-hyperbus/src/dc_token_ring_fifo_din_hyper.v /home/dungpc/ndmoney4porche/projects/pulp/.bender/git/checkouts/udma_hyper-0e2eefc5c5ed37ee/udma-hyperbus/src/dc_token_ring_fifo_dout_hyper.v /home/dungpc/ndmoney4porche/projects/pulp/.bender/git/checkouts/udma_hyper-0e2eefc5c5ed37ee/udma-hyperbus/src/dc_token_ring_hyper.v /home/dungpc/ndmoney4porche/projects/pulp/.bender/git/checkouts/udma_hyper-0e2eefc5c5ed37ee/udma-hyperbus/src/dc_data_buffer_hyper.sv /home/dungpc/ndmoney4porche/projects/pulp/.bender/git/checkouts/udma_hyper-0e2eefc5c5ed37ee/udma-hyperbus/src/dc_full_detector_hyper.v /home/dungpc/ndmoney4porche/projects/pulp/.bender/git/checkouts/udma_hyper-0e2eefc5c5ed37ee/udma-hyperbus/src/dc_synchronizer_hyper.v /home/dungpc/ndmoney4porche/projects/pulp/.bender/git/checkouts/udma_hyper-0e2eefc5c5ed37ee/udma-hyperbus/src/udma_cmd_queue.sv /home/dungpc/ndmoney4porche/projects/pulp/.bender/git/checkouts/udma_hyper-0e2eefc5c5ed37ee/udma-hyperbus/src/udma_hyper_busy.sv /home/dungpc/ndmoney4porche/projects/pulp/.bender/git/checkouts/udma_hyper-0e2eefc5c5ed37ee/udma-hyperbus/src/udma_hyper_busy_phy.sv /home/dungpc/ndmoney4porche/projects/pulp/.bender/git/checkouts/udma_hyper-0e2eefc5c5ed37ee/udma-hyperbus/src/udma_hyper_top.sv 
# -- Compiling module cdc_fifo_gray_hyper
# -- Compiling module binary_to_gray_hyper
# -- Compiling module gray_to_binary_hyper
# -- Compiling module clock_diff_out
# -- Compiling module clk_gen_hyper
# -- Compiling module onehot_to_bin_hyper
# -- Compiling module ddr_out
# -- Compiling module hyperbus_delay_line
# -- Compiling module read_clk_rwds
# -- Compiling module hyperbus_phy
# -- Compiling module cmd_addr_gen
# -- Compiling module ddr_in
# -- Compiling module udma_hyper_reg_if_common
# -- Compiling module udma_hyper_reg_if_mulid
# -- Compiling module udma_rxbuffer
# -- Compiling module udma_txbuffer
# -- Compiling module udma_hyper_ctrl
# -- Compiling module udma_hyperbus_mulid
# -- Compiling module hyper_unpack
# -- Compiling module udma_cfg_outbuff
# -- Compiling module hyperbus_mux_generic
# -- Compiling module hyper_twd_trans_spliter
# -- Compiling module hyper_rr_flag_req
# -- Compiling module hyper_arbiter
# -- Compiling module hyper_arb_primitive
# -- Compiling module io_generic_fifo_hyper
# -- Compiling module udma_dc_fifo_hyper
# -- Compiling module dc_token_ring_fifo_din_hyper
# -- Compiling module dc_token_ring_fifo_dout_hyper
# -- Compiling module dc_token_ring_hyper
# -- Compiling module dc_data_buffer_hyper
# -- Compiling module dc_full_detector_hyper
# -- Compiling module dc_synchronizer_hyper
# -- Compiling module udma_cmd_queue
# -- Compiling module udma_hyper_busy
# -- Compiling module udma_hyper_busy_phy
# -- Compiling module udma_hyper_top
# 
# Top level modules:
# 	ddr_in
# 	udma_hyper_top
# End time: 01:01:31 on Sep 04,2026, Elapsed time: 0:00:00
# Errors: 0, Warnings: 0, Suppressed Warnings: 1
# QuestaSim-64 vlog 10.7c Compiler 2018.08 Aug 17 2018
# Start time: 01:01:31 on Sep 04,2026
# vlog -incr -sv -suppress 2583 -suppress 13314 "+incdir+/home/dungpc/ndmoney4porche/projects/pulp/rtl/includes" "+define+TARGET_RTL" "+define+TARGET_SIMULATION" "+define+TARGET_TEST" "+define+TARGET_VSIM" "+incdir+/home/dungpc/ndmoney4porche/projects/pulp/.bender/git/checkouts/udma_i2c-86169ce0b4173d19/rtl" /home/dungpc/ndmoney4porche/projects/pulp/.bender/git/checkouts/udma_i2c-86169ce0b4173d19/rtl/udma_i2c_bus_ctrl.sv /home/dungpc/ndmoney4porche/projects/pulp/.bender/git/checkouts/udma_i2c-86169ce0b4173d19/rtl/udma_i2c_reg_if.sv /home/dungpc/ndmoney4porche/projects/pulp/.bender/git/checkouts/udma_i2c-86169ce0b4173d19/rtl/udma_i2c_control.sv /home/dungpc/ndmoney4porche/projects/pulp/.bender/git/checkouts/udma_i2c-86169ce0b4173d19/rtl/udma_i2c_top.sv 
# -- Compiling module udma_i2c_bus_ctrl
# -- Compiling module udma_i2c_reg_if
# -- Compiling module udma_i2c_control
# -- Compiling module udma_i2c_top
# 
# Top level modules:
# 	udma_i2c_top
# End time: 01:01:31 on Sep 04,2026, Elapsed time: 0:00:00
# Errors: 0, Warnings: 0
# QuestaSim-64 vlog 10.7c Compiler 2018.08 Aug 17 2018
# Start time: 01:01:31 on Sep 04,2026
# vlog -incr -sv -suppress 2583 -suppress 13314 "+incdir+/home/dungpc/ndmoney4porche/projects/pulp/rtl/includes" "+define+TARGET_RTL" "+define+TARGET_SIMULATION" "+define+TARGET_TEST" "+define+TARGET_VSIM" "+incdir+/home/dungpc/ndmoney4porche/projects/pulp/.bender/git/checkouts/common_cells-f18d75f6d6d026a5/include" /home/dungpc/ndmoney4porche/projects/pulp/.bender/git/checkouts/udma_i2s-4c2d946afbfb2209/rtl/cic_comb.sv /home/dungpc/ndmoney4porche/projects/pulp/.bender/git/checkouts/udma_i2s-4c2d946afbfb2209/rtl/cic_integrator.sv /home/dungpc/ndmoney4porche/projects/pulp/.bender/git/checkouts/udma_i2s-4c2d946afbfb2209/rtl/i2s_clk_gen.sv /home/dungpc/ndmoney4porche/projects/pulp/.bender/git/checkouts/udma_i2s-4c2d946afbfb2209/rtl/i2s_rx_channel.sv /home/dungpc/ndmoney4porche/projects/pulp/.bender/git/checkouts/udma_i2s-4c2d946afbfb2209/rtl/i2s_tx_channel.sv /home/dungpc/ndmoney4porche/projects/pulp/.bender/git/checkouts/udma_i2s-4c2d946afbfb2209/rtl/i2s_ws_gen.sv /home/dungpc/ndmoney4porche/projects/pulp/.bender/git/checkouts/udma_i2s-4c2d946afbfb2209/rtl/udma_i2s_reg_if.sv /home/dungpc/ndmoney4porche/projects/pulp/.bender/git/checkouts/udma_i2s-4c2d946afbfb2209/rtl/cic_top.sv /home/dungpc/ndmoney4porche/projects/pulp/.bender/git/checkouts/udma_i2s-4c2d946afbfb2209/rtl/i2s_clkws_gen.sv /home/dungpc/ndmoney4porche/projects/pulp/.bender/git/checkouts/udma_i2s-4c2d946afbfb2209/rtl/pdm_top.sv /home/dungpc/ndmoney4porche/projects/pulp/.bender/git/checkouts/udma_i2s-4c2d946afbfb2209/rtl/i2s_txrx.sv /home/dungpc/ndmoney4porche/projects/pulp/.bender/git/checkouts/udma_i2s-4c2d946afbfb2209/rtl/udma_i2s_top.sv 
# -- Compiling module cic_comb
# -- Compiling module cic_integrator
# -- Compiling module i2s_clk_gen
# -- Compiling module i2s_rx_channel
# -- Compiling module i2s_tx_channel
# -- Compiling module i2s_ws_gen
# -- Compiling module udma_i2s_reg_if
# -- Compiling module varcic
# -- Compiling module i2s_clkws_gen
# -- Compiling module pdm_top
# -- Compiling module i2s_txrx
# -- Compiling module udma_i2s_top
# 
# Top level modules:
# 	udma_i2s_top
# End time: 01:01:31 on Sep 04,2026, Elapsed time: 0:00:00
# Errors: 0, Warnings: 0
# QuestaSim-64 vlog 10.7c Compiler 2018.08 Aug 17 2018
# Start time: 01:01:31 on Sep 04,2026
# vlog -incr -sv -suppress 2583 -suppress 13314 "+incdir+/home/dungpc/ndmoney4porche/projects/pulp/rtl/includes" "+define+TARGET_RTL" "+define+TARGET_SIMULATION" "+define+TARGET_TEST" "+define+TARGET_VSIM" "+incdir+/home/dungpc/ndmoney4porche/projects/pulp/.bender/git/checkouts/common_cells-f18d75f6d6d026a5/include" "+incdir+/home/dungpc/ndmoney4porche/projects/pulp/.bender/git/checkouts/udma_qspi-ad1b15dd0651b0f6/rtl" /home/dungpc/ndmoney4porche/projects/pulp/.bender/git/checkouts/udma_qspi-ad1b15dd0651b0f6/rtl/udma_spim_ctrl.sv /home/dungpc/ndmoney4porche/projects/pulp/.bender/git/checkouts/udma_qspi-ad1b15dd0651b0f6/rtl/udma_spim_reg_if.sv /home/dungpc/ndmoney4porche/projects/pulp/.bender/git/checkouts/udma_qspi-ad1b15dd0651b0f6/rtl/udma_spim_txrx.sv /home/dungpc/ndmoney4porche/projects/pulp/.bender/git/checkouts/udma_qspi-ad1b15dd0651b0f6/rtl/udma_spim_top.sv 
# -- Compiling module udma_spim_ctrl
# -- Compiling module udma_spim_reg_if
# -- Compiling module udma_spim_txrx
# -- Compiling module udma_spim_top
# 
# Top level modules:
# 	udma_spim_top
# End time: 01:01:31 on Sep 04,2026, Elapsed time: 0:00:00
# Errors: 0, Warnings: 0
# QuestaSim-64 vlog 10.7c Compiler 2018.08 Aug 17 2018
# Start time: 01:01:31 on Sep 04,2026
# vlog -incr -sv -suppress 2583 -suppress 13314 "+incdir+/home/dungpc/ndmoney4porche/projects/pulp/rtl/includes" "+define+TARGET_RTL" "+define+TARGET_SIMULATION" "+define+TARGET_TEST" "+define+TARGET_VSIM" "+incdir+/home/dungpc/ndmoney4porche/projects/pulp/.bender/git/checkouts/common_cells-f18d75f6d6d026a5/include" /home/dungpc/ndmoney4porche/projects/pulp/.bender/git/checkouts/udma_sdio-eb03ff2eeab7e6c0/rtl/sdio_crc16.sv /home/dungpc/ndmoney4porche/projects/pulp/.bender/git/checkouts/udma_sdio-eb03ff2eeab7e6c0/rtl/sdio_crc7.sv /home/dungpc/ndmoney4porche/projects/pulp/.bender/git/checkouts/udma_sdio-eb03ff2eeab7e6c0/rtl/udma_sdio_reg_if.sv /home/dungpc/ndmoney4porche/projects/pulp/.bender/git/checkouts/udma_sdio-eb03ff2eeab7e6c0/rtl/sdio_txrx_cmd.sv /home/dungpc/ndmoney4porche/projects/pulp/.bender/git/checkouts/udma_sdio-eb03ff2eeab7e6c0/rtl/sdio_txrx_data.sv /home/dungpc/ndmoney4porche/projects/pulp/.bender/git/checkouts/udma_sdio-eb03ff2eeab7e6c0/rtl/sdio_txrx.sv /home/dungpc/ndmoney4porche/projects/pulp/.bender/git/checkouts/udma_sdio-eb03ff2eeab7e6c0/rtl/udma_sdio_top.sv 
# -- Compiling module sdio_crc16
# -- Compiling module sdio_crc7
# -- Compiling module udma_sdio_reg_if
# -- Compiling module sdio_txrx_cmd
# -- Compiling module sdio_txrx_data
# -- Compiling module sdio_txrx
# -- Compiling module udma_sdio_top
# 
# Top level modules:
# 	udma_sdio_top
# End time: 01:01:31 on Sep 04,2026, Elapsed time: 0:00:00
# Errors: 0, Warnings: 0
# QuestaSim-64 vlog 10.7c Compiler 2018.08 Aug 17 2018
# Start time: 01:01:31 on Sep 04,2026
# vlog -incr -sv -suppress 2583 -suppress 13314 "+incdir+/home/dungpc/ndmoney4porche/projects/pulp/rtl/includes" "+define+TARGET_RTL" "+define+TARGET_SIMULATION" "+define+TARGET_TEST" "+define+TARGET_VSIM" "+incdir+/home/dungpc/ndmoney4porche/projects/pulp/.bender/git/checkouts/common_cells-f18d75f6d6d026a5/include" /home/dungpc/ndmoney4porche/projects/pulp/.bender/git/checkouts/udma_uart-987a5c3aaae1cf57/rtl/udma_uart_reg_if.sv /home/dungpc/ndmoney4porche/projects/pulp/.bender/git/checkouts/udma_uart-987a5c3aaae1cf57/rtl/udma_uart_rx.sv /home/dungpc/ndmoney4porche/projects/pulp/.bender/git/checkouts/udma_uart-987a5c3aaae1cf57/rtl/udma_uart_tx.sv /home/dungpc/ndmoney4porche/projects/pulp/.bender/git/checkouts/udma_uart-987a5c3aaae1cf57/rtl/udma_uart_top.sv 
# -- Compiling module udma_uart_reg_if
# -- Compiling module udma_uart_rx
# -- Compiling module udma_uart_tx
# -- Compiling module udma_uart_top
# 
# Top level modules:
# 	udma_uart_top
# End time: 01:01:31 on Sep 04,2026, Elapsed time: 0:00:00
# Errors: 0, Warnings: 0
# QuestaSim-64 vlog 10.7c Compiler 2018.08 Aug 17 2018
# Start time: 01:01:31 on Sep 04,2026
# vlog -incr -sv -suppress 2583 -suppress 13314 "+incdir+/home/dungpc/ndmoney4porche/projects/pulp/rtl/includes" "+define+TARGET_RTL" "+define+TARGET_SIMULATION" "+define+TARGET_TEST" "+define+TARGET_VSIM" "+incdir+/home/dungpc/ndmoney4porche/projects/pulp/.bender/git/checkouts/axi-d42e23417b564294/include" "+incdir+/home/dungpc/ndmoney4porche/projects/pulp/.bender/git/checkouts/cluster_interconnect-abcda71a83f4333c/rtl/low_latency_interco" "+incdir+/home/dungpc/ndmoney4porche/projects/pulp/.bender/git/checkouts/cluster_interconnect-abcda71a83f4333c/rtl/peripheral_interco" "+incdir+/home/dungpc/ndmoney4porche/projects/pulp/.bender/git/checkouts/common_cells-f18d75f6d6d026a5/include" "+incdir+/home/dungpc/ndmoney4porche/projects/pulp/.bender/git/checkouts/cv32e40p-0a3884e05ea5a482/rtl/include" /home/dungpc/ndmoney4porche/projects/pulp/.bender/git/checkouts/pulp_cluster-48721e3ce381c984/packages/pulp_cluster_package.sv /home/dungpc/ndmoney4porche/projects/pulp/.bender/git/checkouts/pulp_cluster-48721e3ce381c984/rtl/axi2mem_wrap.sv /home/dungpc/ndmoney4porche/projects/pulp/.bender/git/checkouts/pulp_cluster-48721e3ce381c984/rtl/axi2per_wrap.sv /home/dungpc/ndmoney4porche/projects/pulp/.bender/git/checkouts/pulp_cluster-48721e3ce381c984/rtl/cluster_bus_wrap.sv /home/dungpc/ndmoney4porche/projects/pulp/.bender/git/checkouts/pulp_cluster-48721e3ce381c984/rtl/cluster_clock_gate.sv /home/dungpc/ndmoney4porche/projects/pulp/.bender/git/checkouts/pulp_cluster-48721e3ce381c984/rtl/cluster_event_map.sv /home/dungpc/ndmoney4porche/projects/pulp/.bender/git/checkouts/pulp_cluster-48721e3ce381c984/rtl/cluster_timer_wrap.sv /home/dungpc/ndmoney4porche/projects/pulp/.bender/git/checkouts/pulp_cluster-48721e3ce381c984/rtl/dmac_wrap.sv /home/dungpc/ndmoney4porche/projects/pulp/.bender/git/checkouts/pulp_cluster-48721e3ce381c984/rtl/hwpe_subsystem.sv /home/dungpc/ndmoney4porche/projects/pulp/.bender/git/checkouts/pulp_cluster-48721e3ce381c984/rtl/instr_width_converter.sv /home/dungpc/ndmoney4porche/projects/pulp/.bender/git/checkouts/pulp_cluster-48721e3ce381c984/rtl/per2axi_wrap.sv /home/dungpc/ndmoney4porche/projects/pulp/.bender/git/checkouts/pulp_cluster-48721e3ce381c984/rtl/periph_demux.sv /home/dungpc/ndmoney4porche/projects/pulp/.bender/git/checkouts/pulp_cluster-48721e3ce381c984/rtl/per_demux_wrap.sv /home/dungpc/ndmoney4porche/projects/pulp/.bender/git/checkouts/pulp_cluster-48721e3ce381c984/rtl/periph_FIFO.sv /home/dungpc/ndmoney4porche/projects/pulp/.bender/git/checkouts/pulp_cluster-48721e3ce381c984/rtl/tcdm_banks_wrap.sv /home/dungpc/ndmoney4porche/projects/pulp/.bender/git/checkouts/pulp_cluster-48721e3ce381c984/rtl/xbar_pe_wrap.sv /home/dungpc/ndmoney4porche/projects/pulp/.bender/git/checkouts/pulp_cluster-48721e3ce381c984/rtl/cluster_interconnect_wrap.sv /home/dungpc/ndmoney4porche/projects/pulp/.bender/git/checkouts/pulp_cluster-48721e3ce381c984/rtl/cluster_peripherals.sv /home/dungpc/ndmoney4porche/projects/pulp/.bender/git/checkouts/pulp_cluster-48721e3ce381c984/rtl/core_demux.sv 
# -- Compiling package pulp_cluster_package
# -- Compiling module axi2mem_wrap
# -- Compiling module axi2per_wrap
# -- Compiling module cluster_bus_wrap
# -- Compiling module cluster_clock_gate
# -- Compiling module cluster_event_map
# -- Compiling module cluster_timer_wrap
# -- Compiling module dmac_wrap
# -- Compiling package hwpe_subsystem_sv_unit
# -- Compiling module hwpe_subsystem
# -- Compiling module instr_width_converter
# -- Compiling module per2axi_wrap
# -- Compiling module periph_demux
# -- Compiling module per_demux_wrap
# -- Compiling module periph_FIFO
# -- Compiling module tcdm_banks_wrap
# -- Compiling module xbar_pe_wrap
# -- Compiling package cluster_interconnect_wrap_sv_unit
# -- Compiling module cluster_interconnect_wrap
# -- Compiling package cluster_peripherals_sv_unit
# -- Compiling module cluster_peripherals
# -- Compiling module core_demux
# 
# Top level modules:
# 	axi2mem_wrap
# 	axi2per_wrap
# 	cluster_bus_wrap
# 	cluster_clock_gate
# 	cluster_event_map
# 	dmac_wrap
# 	hwpe_subsystem
# 	instr_width_converter
# 	per2axi_wrap
# 	periph_demux
# 	per_demux_wrap
# 	tcdm_banks_wrap
# 	cluster_interconnect_wrap
# 	cluster_peripherals
# 	core_demux
# End time: 01:01:31 on Sep 04,2026, Elapsed time: 0:00:00
# Errors: 0, Warnings: 0, Suppressed Warnings: 11
# QuestaSim-64 vlog 10.7c Compiler 2018.08 Aug 17 2018
# Start time: 01:01:31 on Sep 04,2026
# vlog -incr -sv -suppress 2583 -suppress 13314 "+incdir+/home/dungpc/ndmoney4porche/projects/pulp/rtl/includes" "+define+TARGET_RTL" "+define+TARGET_SIMULATION" "+define+TARGET_TEST" "+define+TARGET_VSIM" "+define+TRACE_EXECUTION" "+incdir+/home/dungpc/ndmoney4porche/projects/pulp/.bender/git/checkouts/axi-d42e23417b564294/include" "+incdir+/home/dungpc/ndmoney4porche/projects/pulp/.bender/git/checkouts/cluster_interconnect-abcda71a83f4333c/rtl/low_latency_interco" "+incdir+/home/dungpc/ndmoney4porche/projects/pulp/.bender/git/checkouts/cluster_interconnect-abcda71a83f4333c/rtl/peripheral_interco" "+incdir+/home/dungpc/ndmoney4porche/projects/pulp/.bender/git/checkouts/common_cells-f18d75f6d6d026a5/include" "+incdir+/home/dungpc/ndmoney4porche/projects/pulp/.bender/git/checkouts/cv32e40p-0a3884e05ea5a482/rtl/include" /home/dungpc/ndmoney4porche/projects/pulp/.bender/git/checkouts/pulp_cluster-48721e3ce381c984/rtl/core_region.sv 
# -- Compiling module core_region
# 
# Top level modules:
# 	core_region
# End time: 01:01:31 on Sep 04,2026, Elapsed time: 0:00:00
# Errors: 0, Warnings: 0, Suppressed Warnings: 2
# QuestaSim-64 vlog 10.7c Compiler 2018.08 Aug 17 2018
# Start time: 01:01:31 on Sep 04,2026
# vlog -incr -sv -suppress 2583 -suppress 13314 "+incdir+/home/dungpc/ndmoney4porche/projects/pulp/rtl/includes" "+define+TARGET_RTL" "+define+TARGET_SIMULATION" "+define+TARGET_TEST" "+define+TARGET_VSIM" "+incdir+/home/dungpc/ndmoney4porche/projects/pulp/.bender/git/checkouts/axi-d42e23417b564294/include" "+incdir+/home/dungpc/ndmoney4porche/projects/pulp/.bender/git/checkouts/cluster_interconnect-abcda71a83f4333c/rtl/low_latency_interco" "+incdir+/home/dungpc/ndmoney4porche/projects/pulp/.bender/git/checkouts/cluster_interconnect-abcda71a83f4333c/rtl/peripheral_interco" "+incdir+/home/dungpc/ndmoney4porche/projects/pulp/.bender/git/checkouts/common_cells-f18d75f6d6d026a5/include" "+incdir+/home/dungpc/ndmoney4porche/projects/pulp/.bender/git/checkouts/cv32e40p-0a3884e05ea5a482/rtl/include" /home/dungpc/ndmoney4porche/projects/pulp/.bender/git/checkouts/pulp_cluster-48721e3ce381c984/rtl/pulp_cluster.sv 
# -- Compiling package pulp_cluster_sv_unit
# -- Compiling module pulp_cluster
# 
# Top level modules:
# 	pulp_cluster
# End time: 01:01:31 on Sep 04,2026, Elapsed time: 0:00:00
# Errors: 0, Warnings: 0
# QuestaSim-64 vlog 10.7c Compiler 2018.08 Aug 17 2018
# Start time: 01:01:31 on Sep 04,2026
# vlog -incr -sv -suppress 2583 -suppress 13314 "+incdir+/home/dungpc/ndmoney4porche/projects/pulp/rtl/includes" "+define+TARGET_RTL" "+define+TARGET_SIMULATION" "+define+TARGET_TEST" "+define+TARGET_VSIM" "+incdir+/home/dungpc/ndmoney4porche/projects/pulp/.bender/git/checkouts/axi-d42e23417b564294/include" "+incdir+/home/dungpc/ndmoney4porche/projects/pulp/.bender/git/checkouts/cluster_interconnect-abcda71a83f4333c/rtl/low_latency_interco" "+incdir+/home/dungpc/ndmoney4porche/projects/pulp/.bender/git/checkouts/cluster_interconnect-abcda71a83f4333c/rtl/peripheral_interco" "+incdir+/home/dungpc/ndmoney4porche/projects/pulp/.bender/git/checkouts/common_cells-f18d75f6d6d026a5/include" "+incdir+/home/dungpc/ndmoney4porche/projects/pulp/.bender/git/checkouts/cv32e40p-0a3884e05ea5a482/rtl/include" "+incdir+/home/dungpc/ndmoney4porche/projects/pulp/.bender/git/checkouts/pulp_soc-c519334bd3ac5582/rtl/include" "+incdir+/home/dungpc/ndmoney4porche/projects/pulp/.bender/git/checkouts/register_interface-1e5f22ae6b2b5b5d/include" /home/dungpc/ndmoney4porche/projects/pulp/.bender/git/checkouts/pulp_soc-c519334bd3ac5582/rtl/pulp_soc/pkg_soc_interconnect.sv /home/dungpc/ndmoney4porche/projects/pulp/.bender/git/checkouts/pulp_soc-c519334bd3ac5582/rtl/pulp_soc/axi64_2_lint32_wrap.sv /home/dungpc/ndmoney4porche/projects/pulp/.bender/git/checkouts/pulp_soc-c519334bd3ac5582/rtl/pulp_soc/lint_2_axi_wrap.sv /home/dungpc/ndmoney4porche/projects/pulp/.bender/git/checkouts/pulp_soc-c519334bd3ac5582/rtl/pulp_soc/contiguous_crossbar.sv /home/dungpc/ndmoney4porche/projects/pulp/.bender/git/checkouts/pulp_soc-c519334bd3ac5582/rtl/pulp_soc/interleaved_crossbar.sv /home/dungpc/ndmoney4porche/projects/pulp/.bender/git/checkouts/pulp_soc-c519334bd3ac5582/rtl/pulp_soc/tcdm_demux.sv /home/dungpc/ndmoney4porche/projects/pulp/.bender/git/checkouts/pulp_soc-c519334bd3ac5582/rtl/pulp_soc/boot_rom.sv /home/dungpc/ndmoney4porche/projects/pulp/.bender/git/checkouts/pulp_soc-c519334bd3ac5582/rtl/pulp_soc/l2_ram_multi_bank.sv /home/dungpc/ndmoney4porche/projects/pulp/.bender/git/checkouts/pulp_soc-c519334bd3ac5582/rtl/pulp_soc/lint_jtag_wrap.sv /home/dungpc/ndmoney4porche/projects/pulp/.bender/git/checkouts/pulp_soc-c519334bd3ac5582/rtl/pulp_soc/periph_bus_wrap.sv /home/dungpc/ndmoney4porche/projects/pulp/.bender/git/checkouts/pulp_soc-c519334bd3ac5582/rtl/pulp_soc/soc_clk_rst_gen.sv /home/dungpc/ndmoney4porche/projects/pulp/.bender/git/checkouts/pulp_soc-c519334bd3ac5582/rtl/pulp_soc/soc_event_arbiter.sv /home/dungpc/ndmoney4porche/projects/pulp/.bender/git/checkouts/pulp_soc-c519334bd3ac5582/rtl/pulp_soc/soc_event_generator.sv /home/dungpc/ndmoney4porche/projects/pulp/.bender/git/checkouts/pulp_soc-c519334bd3ac5582/rtl/pulp_soc/soc_event_queue.sv /home/dungpc/ndmoney4porche/projects/pulp/.bender/git/checkouts/pulp_soc-c519334bd3ac5582/rtl/pulp_soc/tcdm_error_slave.sv /home/dungpc/ndmoney4porche/projects/pulp/.bender/git/checkouts/pulp_soc-c519334bd3ac5582/rtl/pulp_soc/soc_interconnect.sv /home/dungpc/ndmoney4porche/projects/pulp/.bender/git/checkouts/pulp_soc-c519334bd3ac5582/rtl/pulp_soc/soc_interconnect_wrap.sv /home/dungpc/ndmoney4porche/projects/pulp/.bender/git/checkouts/pulp_soc-c519334bd3ac5582/rtl/pulp_soc/soc_peripherals.sv /home/dungpc/ndmoney4porche/projects/pulp/.bender/git/checkouts/pulp_soc-c519334bd3ac5582/rtl/pulp_soc/pulp_soc.sv 
# -- Compiling package pkg_soc_interconnect
# -- Compiling module axi64_2_lint32_wrap
# -- Compiling module lint2axi_wrap
# -- Compiling module contiguous_crossbar
# -- Compiling module interleaved_crossbar
# -- Compiling module tcdm_demux
# -- Compiling module boot_rom
# -- Compiling module l2_ram_multi_bank
# -- Compiling module lint_jtag_wrap
# -- Compiling module periph_bus_wrap
# -- Compiling module soc_clk_rst_gen
# -- Compiling module soc_event_arbiter
# -- Compiling module soc_event_generator
# -- Compiling module soc_event_queue
# -- Compiling module tcdm_error_slave
# -- Compiling module soc_interconnect
# -- Compiling module soc_interconnect_wrap
# -- Compiling module soc_peripherals
# -- Compiling module pulp_soc
# 
# Top level modules:
# 	pulp_soc
# End time: 01:01:32 on Sep 04,2026, Elapsed time: 0:00:01
# Errors: 0, Warnings: 0, Suppressed Warnings: 13
# QuestaSim-64 vlog 10.7c Compiler 2018.08 Aug 17 2018
# Start time: 01:01:32 on Sep 04,2026
# vlog -incr -sv -suppress 2583 -suppress 13314 "+incdir+/home/dungpc/ndmoney4porche/projects/pulp/rtl/includes" "+define+TARGET_RTL" "+define+TARGET_SIMULATION" "+define+TARGET_TEST" "+define+TARGET_VSIM" "+incdir+/home/dungpc/ndmoney4porche/projects/pulp/.bender/git/checkouts/axi-d42e23417b564294/include" "+incdir+/home/dungpc/ndmoney4porche/projects/pulp/.bender/git/checkouts/cluster_interconnect-abcda71a83f4333c/rtl/low_latency_interco" "+incdir+/home/dungpc/ndmoney4porche/projects/pulp/.bender/git/checkouts/cluster_interconnect-abcda71a83f4333c/rtl/peripheral_interco" "+incdir+/home/dungpc/ndmoney4porche/projects/pulp/.bender/git/checkouts/common_cells-f18d75f6d6d026a5/include" "+incdir+/home/dungpc/ndmoney4porche/projects/pulp/.bender/git/checkouts/cv32e40p-0a3884e05ea5a482/rtl/include" "+incdir+/home/dungpc/ndmoney4porche/projects/pulp/.bender/git/checkouts/register_interface-1e5f22ae6b2b5b5d/include" /home/dungpc/ndmoney4porche/projects/pulp/.bender/git/checkouts/pulp_soc-c519334bd3ac5582/rtl/udma_subsystem/udma_subsystem.sv 
# -- Compiling module udma_subsystem
# 
# Top level modules:
# 	udma_subsystem
# End time: 01:01:32 on Sep 04,2026, Elapsed time: 0:00:00
# Errors: 0, Warnings: 0, Suppressed Warnings: 1
# QuestaSim-64 vlog 10.7c Compiler 2018.08 Aug 17 2018
# Start time: 01:01:32 on Sep 04,2026
# vlog -incr -sv -suppress 2583 -suppress 13314 "+incdir+/home/dungpc/ndmoney4porche/projects/pulp/rtl/includes" "+define+TARGET_RTL" "+define+TARGET_SIMULATION" "+define+TARGET_TEST" "+define+TARGET_VSIM" "+define+TRACE_EXECUTION" "+incdir+/home/dungpc/ndmoney4porche/projects/pulp/.bender/git/checkouts/axi-d42e23417b564294/include" "+incdir+/home/dungpc/ndmoney4porche/projects/pulp/.bender/git/checkouts/cluster_interconnect-abcda71a83f4333c/rtl/low_latency_interco" "+incdir+/home/dungpc/ndmoney4porche/projects/pulp/.bender/git/checkouts/cluster_interconnect-abcda71a83f4333c/rtl/peripheral_interco" "+incdir+/home/dungpc/ndmoney4porche/projects/pulp/.bender/git/checkouts/common_cells-f18d75f6d6d026a5/include" "+incdir+/home/dungpc/ndmoney4porche/projects/pulp/.bender/git/checkouts/cv32e40p-0a3884e05ea5a482/rtl/include" "+incdir+/home/dungpc/ndmoney4porche/projects/pulp/.bender/git/checkouts/register_interface-1e5f22ae6b2b5b5d/include" /home/dungpc/ndmoney4porche/projects/pulp/.bender/git/checkouts/pulp_soc-c519334bd3ac5582/rtl/fc/fc_demux.sv /home/dungpc/ndmoney4porche/projects/pulp/.bender/git/checkouts/pulp_soc-c519334bd3ac5582/rtl/fc/fc_subsystem.sv /home/dungpc/ndmoney4porche/projects/pulp/.bender/git/checkouts/pulp_soc-c519334bd3ac5582/rtl/fc/fc_hwpe.sv 
# -- Compiling module fc_demux
# -- Compiling module fc_subsystem
# -- Compiling module fc_hwpe
# 
# Top level modules:
# 	fc_demux
# 	fc_subsystem
# End time: 01:01:32 on Sep 04,2026, Elapsed time: 0:00:00
# Errors: 0, Warnings: 0, Suppressed Warnings: 2
# QuestaSim-64 vlog 10.7c Compiler 2018.08 Aug 17 2018
# Start time: 01:01:32 on Sep 04,2026
# vlog -incr -sv -suppress 2583 -suppress 13314 "+incdir+/home/dungpc/ndmoney4porche/projects/pulp/rtl/includes" "+define+TARGET_RTL" "+define+TARGET_SIMULATION" "+define+TARGET_TEST" "+define+TARGET_VSIM" "+incdir+/home/dungpc/ndmoney4porche/projects/pulp/.bender/git/checkouts/axi-d42e23417b564294/include" "+incdir+/home/dungpc/ndmoney4porche/projects/pulp/.bender/git/checkouts/cluster_interconnect-abcda71a83f4333c/rtl/low_latency_interco" "+incdir+/home/dungpc/ndmoney4porche/projects/pulp/.bender/git/checkouts/cluster_interconnect-abcda71a83f4333c/rtl/peripheral_interco" "+incdir+/home/dungpc/ndmoney4porche/projects/pulp/.bender/git/checkouts/common_cells-f18d75f6d6d026a5/include" "+incdir+/home/dungpc/ndmoney4porche/projects/pulp/.bender/git/checkouts/cv32e40p-0a3884e05ea5a482/rtl/include" "+incdir+/home/dungpc/ndmoney4porche/projects/pulp/.bender/git/checkouts/register_interface-1e5f22ae6b2b5b5d/include" /home/dungpc/ndmoney4porche/projects/pulp/.bender/git/checkouts/pulp_soc-c519334bd3ac5582/rtl/components/apb_clkdiv.sv /home/dungpc/ndmoney4porche/projects/pulp/.bender/git/checkouts/pulp_soc-c519334bd3ac5582/rtl/components/apb_soc_ctrl.sv /home/dungpc/ndmoney4porche/projects/pulp/.bender/git/checkouts/pulp_soc-c519334bd3ac5582/rtl/components/memory_models.sv /home/dungpc/ndmoney4porche/projects/pulp/.bender/git/checkouts/pulp_soc-c519334bd3ac5582/rtl/components/pulp_interfaces.sv /home/dungpc/ndmoney4porche/projects/pulp/.bender/git/checkouts/pulp_soc-c519334bd3ac5582/rtl/components/glitch_free_clk_mux.sv /home/dungpc/ndmoney4porche/projects/pulp/.bender/git/checkouts/pulp_soc-c519334bd3ac5582/rtl/components/scm_2048x32.sv /home/dungpc/ndmoney4porche/projects/pulp/.bender/git/checkouts/pulp_soc-c519334bd3ac5582/rtl/components/scm_512x32.sv /home/dungpc/ndmoney4porche/projects/pulp/.bender/git/checkouts/pulp_soc-c519334bd3ac5582/rtl/components/tcdm_arbiter_2x1.sv /home/dungpc/ndmoney4porche/projects/pulp/.bender/git/checkouts/pulp_soc-c519334bd3ac5582/rtl/components/obi_pulp_adapter.sv 
# -- Compiling module apb_clkdiv
# -- Compiling module apb_soc_ctrl
# -- Compiling module model_6144x32_2048x32scm
# -- Compiling module model_sram_28672x32_scm_512x32
# -- Compiling interface XBAR_TCDM_BUS_64
# -- Compiling interface XBAR_TCDM_BUS
# -- Compiling interface XBAR_PERIPH_BUS
# -- Compiling interface MESSAGE_BUS
# -- Compiling interface XBAR_DEMUX_BUS
# -- Compiling interface TCDM_BANK_MEM_BUS
# -- Compiling interface UNICAD_MEM_BUS_64
# -- Compiling interface UNICAD_MEM_BUS_32
# -- Compiling interface TCDM_BUS
# -- Compiling interface BBMUX_CONFIG_BUS
# -- Compiling interface AXI_BUS2
# -- Compiling interface AXI_BUS_ASYNC2
# -- Compiling interface CLKGATE_CONFIG_BUS
# -- Compiling interface MMU_CONFIG_BUS
# -- Compiling interface BIST_BUS
# -- Compiling interface BRAM_PORT
# -- Compiling interface SP_ICACHE_CTRL_UNIT_BUS
# -- Compiling interface MP_ICACHE_CTRL_UNIT_BUS
# -- Compiling interface MP_PF_ICACHE_CTRL_UNIT_BUS
# -- Compiling interface PRI_ICACHE_CTRL_UNIT_BUS
# -- Compiling interface L0_CTRL_UNIT_BUS
# -- Compiling interface CORE_PREF_BUS
# -- Compiling interface marx_apu_if
# -- Compiling interface marx_arbiter_if
# -- Compiling interface cpu_marx_if
# -- Compiling module glitch_free_clk_mux
# -- Compiling module scm_2048x32
# -- Compiling module scm_512x32
# -- Compiling module tcdm_arbiter_2x1
# -- Compiling module obi_pulp_adapter
# 
# Top level modules:
# 	apb_clkdiv
# 	apb_soc_ctrl
# 	model_6144x32_2048x32scm
# 	model_sram_28672x32_scm_512x32
# 	glitch_free_clk_mux
# 	tcdm_arbiter_2x1
# 	obi_pulp_adapter
# End time: 01:01:32 on Sep 04,2026, Elapsed time: 0:00:00
# Errors: 0, Warnings: 0
# QuestaSim-64 vlog 10.7c Compiler 2018.08 Aug 17 2018
# Start time: 01:01:32 on Sep 04,2026
# vlog -incr -sv -suppress 2583 -suppress 13314 "+incdir+/home/dungpc/ndmoney4porche/projects/pulp/rtl/includes" "+define+TARGET_RTL" "+define+TARGET_SIMULATION" "+define+TARGET_TEST" "+define+TARGET_VSIM" "+incdir+/home/dungpc/ndmoney4porche/projects/pulp/.bender/git/checkouts/axi-d42e23417b564294/include" "+incdir+/home/dungpc/ndmoney4porche/projects/pulp/.bender/git/checkouts/cluster_interconnect-abcda71a83f4333c/rtl/low_latency_interco" "+incdir+/home/dungpc/ndmoney4porche/projects/pulp/.bender/git/checkouts/cluster_interconnect-abcda71a83f4333c/rtl/peripheral_interco" "+incdir+/home/dungpc/ndmoney4porche/projects/pulp/.bender/git/checkouts/common_cells-f18d75f6d6d026a5/include" "+incdir+/home/dungpc/ndmoney4porche/projects/pulp/.bender/git/checkouts/cv32e40p-0a3884e05ea5a482/rtl/include" "+incdir+/home/dungpc/ndmoney4porche/projects/pulp/.bender/git/checkouts/register_interface-1e5f22ae6b2b5b5d/include" /home/dungpc/ndmoney4porche/projects/pulp/.bender/git/checkouts/pulp_soc-c519334bd3ac5582/rtl/components/glitch_free_clk_mux.sv /home/dungpc/ndmoney4porche/projects/pulp/.bender/git/checkouts/pulp_soc-c519334bd3ac5582/rtl/components/apb_dummy.sv 
# -- Skipping module glitch_free_clk_mux
# -- Compiling module apb_dummy_registers
# 
# Top level modules:
# 	glitch_free_clk_mux
# 	apb_dummy_registers
# End time: 01:01:32 on Sep 04,2026, Elapsed time: 0:00:00
# Errors: 0, Warnings: 0
# QuestaSim-64 vlog 10.7c Compiler 2018.08 Aug 17 2018
# Start time: 01:01:32 on Sep 04,2026
# vlog -incr -sv -suppress 2583 -suppress 13314 "+incdir+/home/dungpc/ndmoney4porche/projects/pulp/rtl/includes" "+define+TARGET_RTL" "+define+TARGET_SIMULATION" "+define+TARGET_TEST" "+define+TARGET_VSIM" "+incdir+/home/dungpc/ndmoney4porche/projects/pulp/.bender/git/checkouts/axi-d42e23417b564294/include" "+incdir+/home/dungpc/ndmoney4porche/projects/pulp/.bender/git/checkouts/cluster_interconnect-abcda71a83f4333c/rtl/low_latency_interco" "+incdir+/home/dungpc/ndmoney4porche/projects/pulp/.bender/git/checkouts/cluster_interconnect-abcda71a83f4333c/rtl/peripheral_interco" "+incdir+/home/dungpc/ndmoney4porche/projects/pulp/.bender/git/checkouts/common_cells-f18d75f6d6d026a5/include" "+incdir+/home/dungpc/ndmoney4porche/projects/pulp/.bender/git/checkouts/cv32e40p-0a3884e05ea5a482/rtl/include" "+incdir+/home/dungpc/ndmoney4porche/projects/pulp/.bender/git/checkouts/register_interface-1e5f22ae6b2b5b5d/include" /home/dungpc/ndmoney4porche/projects/pulp/.bender/git/checkouts/pulp_soc-c519334bd3ac5582/rtl/components/freq_meter.sv 
# -- Compiling module freq_meter
# 
# Top level modules:
# 	freq_meter
# End time: 01:01:32 on Sep 04,2026, Elapsed time: 0:00:00
# Errors: 0, Warnings: 0
# QuestaSim-64 vlog 10.7c Compiler 2018.08 Aug 17 2018
# Start time: 01:01:32 on Sep 04,2026
# vlog -incr -sv -suppress 2583 -suppress 13314 "+incdir+/home/dungpc/ndmoney4porche/projects/pulp/rtl/includes" "+define+TARGET_RTL" "+define+TARGET_SIMULATION" "+define+TARGET_TEST" "+define+TARGET_VSIM" /home/dungpc/ndmoney4porche/projects/pulp/.bender/git/checkouts/tbtools-1e187ea1c1c7637e/dpi_models/dpi_models.sv /home/dungpc/ndmoney4porche/projects/pulp/.bender/git/checkouts/tbtools-1e187ea1c1c7637e/tb_driver/tb_driver.sv 
# -- Compiling interface QSPI_CS
# -- Compiling interface QSPI
# -- Compiling interface GPIO
# -- Compiling interface JTAG
# -- Compiling interface UART
# -- Compiling interface CPI
# -- Compiling interface I2S
# -- Compiling interface CTRL
# -- Compiling package dpi_models
# -- Compiling package tb_driver
# 
# Top level modules:
# 	--none--
# End time: 01:01:32 on Sep 04,2026, Elapsed time: 0:00:00
# Errors: 0, Warnings: 0
# QuestaSim-64 vlog 10.7c Compiler 2018.08 Aug 17 2018
# Start time: 01:01:32 on Sep 04,2026
# vlog -incr -sv -suppress 2583 -suppress 13314 "+incdir+/home/dungpc/ndmoney4porche/projects/pulp/rtl/includes" "+define+TARGET_RTL" "+define+TARGET_SIMULATION" "+define+TARGET_TEST" "+define+TARGET_VSIM" "+incdir+/home/dungpc/ndmoney4porche/projects/pulp/.bender/git/checkouts/common_cells-f18d75f6d6d026a5/include" "+incdir+/home/dungpc/ndmoney4porche/projects/pulp/rtl/includes" /home/dungpc/ndmoney4porche/projects/pulp/rtl/vip/spi_master_padframe.sv /home/dungpc/ndmoney4porche/projects/pulp/rtl/vip/uart_tb_rx.sv /home/dungpc/ndmoney4porche/projects/pulp/rtl/vip/camera/cam_vip.sv 
# -- Compiling module generic_pad
# -- Compiling module spi_master_padframe
# -- Compiling module uart_tb_rx
# -- Compiling module cam_vip
# 
# Top level modules:
# 	spi_master_padframe
# 	uart_tb_rx
# 	cam_vip
# End time: 01:01:32 on Sep 04,2026, Elapsed time: 0:00:00
# Errors: 0, Warnings: 0
# QuestaSim-64 vlog 10.7c Compiler 2018.08 Aug 17 2018
# Start time: 01:01:32 on Sep 04,2026
# vlog -incr -sv -suppress 2583 -suppress 13314 "+incdir+/home/dungpc/ndmoney4porche/projects/pulp/rtl/includes" "+define+TARGET_RTL" "+define+TARGET_SIMULATION" "+define+TARGET_TEST" "+define+TARGET_VSIM" "+incdir+/home/dungpc/ndmoney4porche/projects/pulp/.bender/git/checkouts/common_cells-f18d75f6d6d026a5/include" "+incdir+/home/dungpc/ndmoney4porche/projects/pulp/rtl/includes" /home/dungpc/ndmoney4porche/projects/pulp/rtl/pulp/cluster_domain.sv /home/dungpc/ndmoney4porche/projects/pulp/rtl/pulp/jtag_tap_top.sv /home/dungpc/ndmoney4porche/projects/pulp/rtl/pulp/pad_control.sv /home/dungpc/ndmoney4porche/projects/pulp/rtl/pulp/pad_frame.sv /home/dungpc/ndmoney4porche/projects/pulp/rtl/pulp/rtc_clock.sv /home/dungpc/ndmoney4porche/projects/pulp/rtl/pulp/rtc_date.sv /home/dungpc/ndmoney4porche/projects/pulp/rtl/pulp/soc_domain.sv /home/dungpc/ndmoney4porche/projects/pulp/rtl/pulp/safe_domain.sv /home/dungpc/ndmoney4porche/projects/pulp/rtl/pulp/pulp.sv 
# -- Compiling module cluster_domain
# -- Compiling module jtag_tap_top
# -- Compiling module pad_control
# -- Compiling module pad_frame
# -- Compiling module rtc_clock
# -- Compiling module rtc_date
# -- Compiling module soc_domain
# -- Compiling module safe_domain
# -- Compiling module pulp
# 
# Top level modules:
# 	jtag_tap_top
# 	rtc_clock
# 	rtc_date
# 	pulp
# End time: 01:01:32 on Sep 04,2026, Elapsed time: 0:00:00
# Errors: 0, Warnings: 0, Suppressed Warnings: 21
# QuestaSim-64 vlog 10.7c Compiler 2018.08 Aug 17 2018
# Start time: 01:01:32 on Sep 04,2026
# vlog -incr -sv -suppress 2583 -suppress 13314 "+incdir+/home/dungpc/ndmoney4porche/projects/pulp/rtl/includes" "+define+TARGET_RTL" "+define+TARGET_SIMULATION" "+define+TARGET_TEST" "+define+TARGET_VSIM" "+incdir+/home/dungpc/ndmoney4porche/projects/pulp/.bender/git/checkouts/common_cells-f18d75f6d6d026a5/include" "+incdir+/home/dungpc/ndmoney4porche/projects/pulp/rtl/includes" /home/dungpc/ndmoney4porche/projects/pulp/rtl/tb/riscv_pkg.sv /home/dungpc/ndmoney4porche/projects/pulp/rtl/tb/SimDTM.sv /home/dungpc/ndmoney4porche/projects/pulp/rtl/tb/SimJTAG.sv /home/dungpc/ndmoney4porche/projects/pulp/rtl/tb/tb_clk_gen.sv /home/dungpc/ndmoney4porche/projects/pulp/rtl/tb/tb_fs_handler.sv /home/dungpc/ndmoney4porche/projects/pulp/rtl/tb/jtag_pkg.sv /home/dungpc/ndmoney4porche/projects/pulp/rtl/tb/pulp_tap_pkg.sv /home/dungpc/ndmoney4porche/projects/pulp/rtl/tb/tb_pulp.sv 
# -- Compiling package riscv
# -- Compiling package SimDTM_sv_unit
# -- Compiling module SimDTM
# -- Compiling package SimJTAG_sv_unit
# -- Compiling module SimJTAG
# -- Compiling module tb_clk_gen
# -- Compiling module tb_fs_handler
# -- Compiling module tb_fs_handler_debug
# -- Compiling package jtag_pkg
# -- Compiling package pulp_tap_pkg
# -- Compiling module tb_pulp
# 
# Top level modules:
# 	SimDTM
# 	tb_pulp
# End time: 01:01:32 on Sep 04,2026, Elapsed time: 0:00:00
# Errors: 0, Warnings: 0
#  quit
