783510: 56: [[34m/chip/soc/fc/insn                                    [0m] _start:161                       M 1c008080 lui                 ra, 0x0           ra=00000000 
866802: 62: [[34m/chip/soc/fc/insn                                    [0m] _start:162                       M 1c008084 lui                 sp, 0x0           sp=00000000 
880684: 63: [[34m/chip/soc/fc/insn                                    [0m] _start:163                       M 1c008088 lui                 gp, 0x0           gp=00000000 
894566: 64: [[34m/chip/soc/fc/insn                                    [0m] _start:164                       M 1c00808c lui                 tp, 0x0           tp=00000000 
908448: 65: [[34m/chip/soc/fc/insn                                    [0m] _start:165                       M 1c008090 lui                 t0, 0x0           t0=00000000 
991740: 71: [[34m/chip/soc/fc/insn                                    [0m] _start:166                       M 1c008094 lui                 t1, 0x0           t1=00000000 
1005622: 72: [[34m/chip/soc/fc/insn                                    [0m] _start:167                       M 1c008098 lui                 t2, 0x0           t2=00000000 
1019504: 73: [[34m/chip/soc/fc/insn                                    [0m] _start:168                       M 1c00809c lui                 s0, 0x0           s0=00000000 
1033386: 74: [[34m/chip/soc/fc/insn                                    [0m] _start:169                       M 1c0080a0 lui                 s1, 0x0           s1=00000000 
1116678: 80: [[34m/chip/soc/fc/insn                                    [0m] _start:170                       M 1c0080a4 lui                 a0, 0x0           a0=00000000 
1130560: 81: [[34m/chip/soc/fc/insn                                    [0m] _start:171                       M 1c0080a8 lui                 a1, 0x0           a1=00000000 
1144442: 82: [[34m/chip/soc/fc/insn                                    [0m] _start:172                       M 1c0080ac lui                 a2, 0x0           a2=00000000 
1158324: 83: [[34m/chip/soc/fc/insn                                    [0m] _start:173                       M 1c0080b0 lui                 a3, 0x0           a3=00000000 
1241616: 89: [[34m/chip/soc/fc/insn                                    [0m] _start:174                       M 1c0080b4 lui                 a4, 0x0           a4=00000000 
1255498: 90: [[34m/chip/soc/fc/insn                                    [0m] _start:175                       M 1c0080b8 lui                 a5, 0x0           a5=00000000 
1269380: 91: [[34m/chip/soc/fc/insn                                    [0m] _start:176                       M 1c0080bc lui                 a6, 0x0           a6=00000000 
1283262: 92: [[34m/chip/soc/fc/insn                                    [0m] _start:177                       M 1c0080c0 lui                 a7, 0x0           a7=00000000 
1366554: 98: [[34m/chip/soc/fc/insn                                    [0m] _start:178                       M 1c0080c4 lui                 s2, 0x0           s2=00000000 
1380436: 99: [[34m/chip/soc/fc/insn                                    [0m] _start:179                       M 1c0080c8 lui                 s3, 0x0           s3=00000000 
1394318: 100: [[34m/chip/soc/fc/insn                                    [0m] _start:180                       M 1c0080cc lui                 s4, 0x0           s4=00000000 
1408200: 101: [[34m/chip/soc/fc/insn                                    [0m] _start:181                       M 1c0080d0 lui                 s5, 0x0           s5=00000000 
1491492: 107: [[34m/chip/soc/fc/insn                                    [0m] _start:182                       M 1c0080d4 lui                 s6, 0x0           s6=00000000 
1505374: 108: [[34m/chip/soc/fc/insn                                    [0m] _start:183                       M 1c0080d8 lui                 s7, 0x0           s7=00000000 
1519256: 109: [[34m/chip/soc/fc/insn                                    [0m] _start:184                       M 1c0080dc lui                 s8, 0x0           s8=00000000 
1533138: 110: [[34m/chip/soc/fc/insn                                    [0m] _start:185                       M 1c0080e0 lui                 s9, 0x0           s9=00000000 
1616430: 116: [[34m/chip/soc/fc/insn                                    [0m] _start:186                       M 1c0080e4 lui                 s10, 0x0         s10=00000000 
1630312: 117: [[34m/chip/soc/fc/insn                                    [0m] _start:187                       M 1c0080e8 lui                 s11, 0x0         s11=00000000 
1644194: 118: [[34m/chip/soc/fc/insn                                    [0m] _start:188                       M 1c0080ec lui                 t3, 0x0           t3=00000000 
1658076: 119: [[34m/chip/soc/fc/insn                                    [0m] _start:189                       M 1c0080f0 lui                 t4, 0x0           t4=00000000 
1741368: 125: [[34m/chip/soc/fc/insn                                    [0m] _start:190                       M 1c0080f4 lui                 t5, 0x0           t5=00000000 
1755250: 126: [[34m/chip/soc/fc/insn                                    [0m] _start:191                       M 1c0080f8 lui                 t6, 0x0           t6=00000000 
1769132: 127: [[34m/chip/soc/fc/insn                                    [0m] _start:193                       M 1c0080fc auipc               sp, 0xffff8000    sp=1c0000fc 
1783014: 128: [[34m/chip/soc/fc/insn                                    [0m] _start:193                       M 1c008100 addi                sp, sp, 1828      sp=1c000820  sp:1c0000fc 
1866306: 134: [[34m/chip/soc/fc/insn                                    [0m] _start:195                       M 1c008104 jal                 0, 112           
1894070: 136: [[34m/chip/soc/fc/insn                                    [0m] _stext:27                        M 1c008174 csrrs               a0, 0, mhartid    a0=000003e0 
1977362: 142: [[34m/chip/soc/fc/insn                                    [0m] _stext:28                        M 1c008178 andi                a1, a0, 31        a1=00000000  a0:000003e0 
1991244: 143: [[34m/chip/soc/fc/insn                                    [0m] _stext:46                        M 1c00817c c.srli              a0, a0, 0x5       a0=0000001f  a0:000003e0 
2005126: 144: [[34m/chip/soc/fc/insn                                    [0m] _stext:56                        M 1c00817e c.li                a2, 0, 31         a2=0000001f 
2088418: 150: [[34m/chip/soc/fc/insn                                    [0m] _stext:57                        M 1c008180 beq                 a0, a2, 8         a0:0000001f  a2:0000001f 
2130064: 153: [[34m/chip/soc/fc/insn                                    [0m] _stext:68                        M 1c008188 auipc               t0, 0xffff8000    t0=1c000188 
2143946: 154: [[34m/chip/soc/fc/insn                                    [0m] _stext:68                        M 1c00818c addi                t0, t0, 1712      t0=1c000838  t0:1c000188 
2157828: 155: [[34m/chip/soc/fc/insn                                    [0m] _stext:69                        M 1c008190 auipc               t1, 0xffff8000    t1=1c000190 
2241120: 161: [[34m/chip/soc/fc/insn                                    [0m] _stext:69                        M 1c008194 addi                t1, t1, 1764      t1=1c000874  t1:1c000190 
2255002: 162: [[34m/chip/soc/fc/insn                                    [0m] _stext:71                        M 1c008198 sw                  0, 0(t0)          t0:1c000838  PA:1c000838 
2268884: 163: [[34m/chip/soc/fc/insn                                    [0m] _stext:72                        M 1c00819c c.addi              t0, t0, 4         t0=1c00083c  t0:1c000838 
2282766: 164: [[34m/chip/soc/fc/insn                                    [0m] _stext:73                        M 1c00819e bltu                t0, t1, -6        t0:1c00083c  t1:1c000874 
2393822: 172: [[34m/chip/soc/fc/insn                                    [0m] _stext:71                        M 1c008198 sw                  0, 0(t0)          t0:1c00083c  PA:1c00083c 
2477114: 178: [[34m/chip/soc/fc/insn                                    [0m] _stext:72                        M 1c00819c c.addi              t0, t0, 4         t0=1c000840  t0:1c00083c 
2490996: 179: [[34m/chip/soc/fc/insn                                    [0m] _stext:73                        M 1c00819e bltu                t0, t1, -6        t0:1c000840  t1:1c000874 
2602052: 187: [[34m/chip/soc/fc/insn                                    [0m] _stext:71                        M 1c008198 sw                  0, 0(t0)          t0:1c000840  PA:1c000840 
2685344: 193: [[34m/chip/soc/fc/insn                                    [0m] _stext:72                        M 1c00819c c.addi              t0, t0, 4         t0=1c000844  t0:1c000840 
2699226: 194: [[34m/chip/soc/fc/insn                                    [0m] _stext:73                        M 1c00819e bltu                t0, t1, -6        t0:1c000844  t1:1c000874 
2810282: 202: [[34m/chip/soc/fc/insn                                    [0m] _stext:71                        M 1c008198 sw                  0, 0(t0)          t0:1c000844  PA:1c000844 
2893574: 208: [[34m/chip/soc/fc/insn                                    [0m] _stext:72                        M 1c00819c c.addi              t0, t0, 4         t0=1c000848  t0:1c000844 
2907456: 209: [[34m/chip/soc/fc/insn                                    [0m] _stext:73                        M 1c00819e bltu                t0, t1, -6        t0:1c000848  t1:1c000874 
3018512: 217: [[34m/chip/soc/fc/insn                                    [0m] _stext:71                        M 1c008198 sw                  0, 0(t0)          t0:1c000848  PA:1c000848 
3101804: 223: [[34m/chip/soc/fc/insn                                    [0m] _stext:72                        M 1c00819c c.addi              t0, t0, 4         t0=1c00084c  t0:1c000848 
3115686: 224: [[34m/chip/soc/fc/insn                                    [0m] _stext:73                        M 1c00819e bltu                t0, t1, -6        t0:1c00084c  t1:1c000874 
3226742: 232: [[34m/chip/soc/fc/insn                                    [0m] _stext:71                        M 1c008198 sw                  0, 0(t0)          t0:1c00084c  PA:1c00084c 
3310034: 238: [[34m/chip/soc/fc/insn                                    [0m] _stext:72                        M 1c00819c c.addi              t0, t0, 4         t0=1c000850  t0:1c00084c 
3323916: 239: [[34m/chip/soc/fc/insn                                    [0m] _stext:73                        M 1c00819e bltu                t0, t1, -6        t0:1c000850  t1:1c000874 
3434972: 247: [[34m/chip/soc/fc/insn                                    [0m] _stext:71                        M 1c008198 sw                  0, 0(t0)          t0:1c000850  PA:1c000850 
3518264: 253: [[34m/chip/soc/fc/insn                                    [0m] _stext:72                        M 1c00819c c.addi              t0, t0, 4         t0=1c000854  t0:1c000850 
3532146: 254: [[34m/chip/soc/fc/insn                                    [0m] _stext:73                        M 1c00819e bltu                t0, t1, -6        t0:1c000854  t1:1c000874 
3643202: 262: [[34m/chip/soc/fc/insn                                    [0m] _stext:71                        M 1c008198 sw                  0, 0(t0)          t0:1c000854  PA:1c000854 
3726494: 268: [[34m/chip/soc/fc/insn                                    [0m] _stext:72                        M 1c00819c c.addi              t0, t0, 4         t0=1c000858  t0:1c000854 
3740376: 269: [[34m/chip/soc/fc/insn                                    [0m] _stext:73                        M 1c00819e bltu                t0, t1, -6        t0:1c000858  t1:1c000874 
3851432: 277: [[34m/chip/soc/fc/insn                                    [0m] _stext:71                        M 1c008198 sw                  0, 0(t0)          t0:1c000858  PA:1c000858 
3934724: 283: [[34m/chip/soc/fc/insn                                    [0m] _stext:72                        M 1c00819c c.addi              t0, t0, 4         t0=1c00085c  t0:1c000858 
3948606: 284: [[34m/chip/soc/fc/insn                                    [0m] _stext:73                        M 1c00819e bltu                t0, t1, -6        t0:1c00085c  t1:1c000874 
4059662: 292: [[34m/chip/soc/fc/insn                                    [0m] _stext:71                        M 1c008198 sw                  0, 0(t0)          t0:1c00085c  PA:1c00085c 
4142954: 298: [[34m/chip/soc/fc/insn                                    [0m] _stext:72                        M 1c00819c c.addi              t0, t0, 4         t0=1c000860  t0:1c00085c 
4156836: 299: [[34m/chip/soc/fc/insn                                    [0m] _stext:73                        M 1c00819e bltu                t0, t1, -6        t0:1c000860  t1:1c000874 
4267892: 307: [[34m/chip/soc/fc/insn                                    [0m] _stext:71                        M 1c008198 sw                  0, 0(t0)          t0:1c000860  PA:1c000860 
4351184: 313: [[34m/chip/soc/fc/insn                                    [0m] _stext:72                        M 1c00819c c.addi              t0, t0, 4         t0=1c000864  t0:1c000860 
4365066: 314: [[34m/chip/soc/fc/insn                                    [0m] _stext:73                        M 1c00819e bltu                t0, t1, -6        t0:1c000864  t1:1c000874 
4476122: 322: [[34m/chip/soc/fc/insn                                    [0m] _stext:71                        M 1c008198 sw                  0, 0(t0)          t0:1c000864  PA:1c000864 
4559414: 328: [[34m/chip/soc/fc/insn                                    [0m] _stext:72                        M 1c00819c c.addi              t0, t0, 4         t0=1c000868  t0:1c000864 
4573296: 329: [[34m/chip/soc/fc/insn                                    [0m] _stext:73                        M 1c00819e bltu                t0, t1, -6        t0:1c000868  t1:1c000874 
4684352: 337: [[34m/chip/soc/fc/insn                                    [0m] _stext:71                        M 1c008198 sw                  0, 0(t0)          t0:1c000868  PA:1c000868 
4767644: 343: [[34m/chip/soc/fc/insn                                    [0m] _stext:72                        M 1c00819c c.addi              t0, t0, 4         t0=1c00086c  t0:1c000868 
4781526: 344: [[34m/chip/soc/fc/insn                                    [0m] _stext:73                        M 1c00819e bltu                t0, t1, -6        t0:1c00086c  t1:1c000874 
4892582: 352: [[34m/chip/soc/fc/insn                                    [0m] _stext:71                        M 1c008198 sw                  0, 0(t0)          t0:1c00086c  PA:1c00086c 
4975874: 358: [[34m/chip/soc/fc/insn                                    [0m] _stext:72                        M 1c00819c c.addi              t0, t0, 4         t0=1c000870  t0:1c00086c 
4989756: 359: [[34m/chip/soc/fc/insn                                    [0m] _stext:73                        M 1c00819e bltu                t0, t1, -6        t0:1c000870  t1:1c000874 
5100812: 367: [[34m/chip/soc/fc/insn                                    [0m] _stext:71                        M 1c008198 sw                  0, 0(t0)          t0:1c000870  PA:1c000870 
5184104: 373: [[34m/chip/soc/fc/insn                                    [0m] _stext:72                        M 1c00819c c.addi              t0, t0, 4         t0=1c000874  t0:1c000870 
5197986: 374: [[34m/chip/soc/fc/insn                                    [0m] _stext:73                        M 1c00819e bltu                t0, t1, -6        t0:1c000874  t1:1c000874 
5281278: 380: [[34m/chip/soc/fc/insn                                    [0m] _stext:76                        M 1c0081a2 jal                 ra, 746           ra=1c0081a6 
5309042: 382: [[34m/chip/soc/fc/insn                                    [0m] pos_init_start:55                M 1c00848c c.addi              sp, sp, -16       sp=1c000810  sp:1c000820 
5392334: 388: [[34m/chip/soc/fc/insn                                    [0m] pos_init_start:55                M 1c00848e c.swsp              s0, 8(sp)         s0:00000000  sp:1c000810  PA:1c000818 
5475626: 394: [[34m/chip/soc/fc/insn                                    [0m] pos_init_start:33                M 1c008490 lui                 s0, 0x1c000000    s0=1c000000 
5489508: 395: [[34m/chip/soc/fc/insn                                    [0m] pos_init_start:55                M 1c008494 c.swsp              ra, 12(sp)        ra:1c0081a6  sp:1c000810  PA:1c00081c 
5503390: 396: [[34m/chip/soc/fc/insn                                    [0m] pos_init_start:33                M 1c008496 addi                s0, s0, 8         s0=1c000008  s0:1c000000 
5517272: 397: [[34m/chip/soc/fc/insn                                    [0m] pos_init_start:61                M 1c00849a c.jal               ra, -442          ra=1c00849c 
5545036: 399: [[34m/chip/soc/fc/insn                                    [0m] pos_soc_init:34                  M 1c0082e0 lui                 a3, 0x1c001000    a3=1c001000 
5628328: 405: [[34m/chip/soc/fc/insn                                    [0m] pos_soc_init:34                  M 1c0082e4 lui                 a5, 0x989000      a5=00989000 
5642210: 406: [[34m/chip/soc/fc/insn                                    [0m] pos_soc_init:34                  M 1c0082e8 addi                a5, a5, 1664      a5=00989680  a5:00989000 
5656092: 407: [[34m/chip/soc/fc/insn                                    [0m] pos_soc_init:36                  M 1c0082ec addi                a4, a3, -1964     a4=1c000854  a3:1c001000 
5669974: 408: [[34m/chip/soc/fc/insn                                    [0m] pos_soc_init:34                  M 1c0082f0 sw                  a5, -1964(a3)     a5:00989680  a3:1c001000  PA:1c000854 
5753266: 414: [[34m/chip/soc/fc/insn                                    [0m] pos_soc_init:36                  M 1c0082f4 c.sw                a5, 8(a4)         a5:00989680  a4:1c000854  PA:1c00085c 
5767148: 415: [[34m/chip/soc/fc/insn                                    [0m] pos_soc_init:38                  M 1c0082f6 c.sw                a5, 4(a4)         a5:00989680  a4:1c000854  PA:1c000858 
5781030: 416: [[34m/chip/soc/fc/insn                                    [0m] pos_soc_init:41                  M 1c0082f8 c.jr                0, ra, 0, 0       ra:1c00849c 
5808794: 418: [[34m/chip/soc/fc/insn                                    [0m] pos_init_start:63                M 1c00849c c.jal               ra, 392           ra=1c00849e 
5905968: 425: [[34m/chip/soc/fc/insn                                    [0m] pos_irq_init:155                 M 1c008624 csrrs               a5, 0, mhartid    a5=000003e0 
5989260: 431: [[34m/chip/soc/fc/insn                                    [0m] pos_irq_init:67                  M 1c008628 c.li                a4, 0, 31         a4=0000001f 
6003142: 432: [[34m/chip/soc/fc/insn                                    [0m] pos_irq_init:166                 M 1c00862a p.extractui         a5, a5, 0x5, 0x5  a5=0000001f  a5:000003e0 
6017024: 433: [[34m/chip/soc/fc/insn                                    [0m] pos_irq_init:67                  M 1c00862e beq                 a5, a4, 30        a5:0000001f  a4:0000001f 
6128080: 441: [[34m/chip/soc/fc/insn                                    [0m] pos_irq_init:38                  M 1c00864c lui                 a5, 0x1a10a000    a5=1a10a000 
6211372: 447: [[34m/chip/soc/fc/insn                                    [0m] pos_irq_init:38                  M 1c008650 c.li                a4, 0, -1         a4=ffffffff 
6294664: 453: [[34m/chip/soc/fc/insn                                    [0m] pos_irq_init:38                  M 1c008652 sw                  a4, -2040(a5)     a4:ffffffff  a5:1a10a000  PA:1a109808 
6419602: 462: [[34m/chip/soc/fc/insn                                    [0m] pos_irq_init:38                  M 1c008656 lui                 a5, 0x1c008000    a5=1c008000 
6433484: 463: [[34m/chip/soc/fc/insn                                    [0m] pos_irq_init:38                  M 1c00865a addi                a5, a5, 0         a5=1c008000  a5:1c008000 
6447366: 464: [[34m/chip/soc/fc/insn                                    [0m] pos_irq_init:38                  M 1c00865e p.bseti             a5, a5, 0x0, 0x0  a5=1c008001  a5:1c008000 
6530658: 470: [[34m/chip/soc/fc/insn                                    [0m] pos_irq_init:156                 M 1c008662 csrrw               0, a5, mtvec      a5:1c008001 
6544540: 471: [[34m/chip/soc/fc/insn                                    [0m] pos_irq_init:92                  M 1c008666 c.jr                0, ra, 0, 0       ra:1c00849e 
6572304: 473: [[34m/chip/soc/fc/insn                                    [0m] pos_init_start:73                M 1c00849e c.jal               ra, 228           ra=1c0084a0 
6738888: 485: [[34m/chip/soc/fc/insn                                    [0m] pos_allocs_init:53               M 1c008582 c.addi              sp, sp, -16       sp=1c000800  sp:1c000810 
6822180: 491: [[34m/chip/soc/fc/insn                                    [0m] pos_allocs_init:41               M 1c008584 lui                 a1, 0x1c001000    a1=1c001000 
6836062: 492: [[34m/chip/soc/fc/insn                                    [0m] pos_allocs_init:53               M 1c008588 c.swsp              ra, 12(sp)        ra:1c0084a0  sp:1c000800  PA:1c00080c 
6849944: 493: [[34m/chip/soc/fc/insn                                    [0m] pos_allocs_init:41               M 1c00858a addi                a5, a1, -1932     a5=1c000874  a1:1c001000 
6863826: 494: [[34m/chip/soc/fc/insn                                    [0m] pos_allocs_init:41               M 1c00858e lui                 a2, 0x1c008000    a2=1c008000 
6947118: 500: [[34m/chip/soc/fc/insn                                    [0m] pos_allocs_init:41               M 1c008592 blt                 a5, a2, 88        a5:1c000874  a2:1c008000 
6988764: 503: [[34m/chip/soc/fc/insn                                    [0m] pos_allocs_init:51               M 1c0085ea c.sub               a2, a2, a5        a2=0000778c  a2:1c008000  a5:1c000874 
7072056: 509: [[34m/chip/soc/fc/insn                                    [0m] pos_allocs_init:44               M 1c0085ec addi                a1, a1, -1932     a1=1c000874  a1:1c001000 
7085938: 510: [[34m/chip/soc/fc/insn                                    [0m] pos_allocs_init:44               M 1c0085f0 c.j                 0, -86           
7183112: 517: [[34m/chip/soc/fc/insn                                    [0m] pos_allocs_init:59               M 1c00859a lui                 a0, 0x1c001000    a0=1c001000 
7266404: 523: [[34m/chip/soc/fc/insn                                    [0m] pos_allocs_init:59               M 1c00859e addi                a0, a0, -1948     a0=1c000864  a0:1c001000 
7349696: 529: [[34m/chip/soc/fc/insn                                    [0m] pos_allocs_init:59               M 1c0085a2 c.jal               ra, -160          ra=1c0085a4 
7377460: 531: [[34m/chip/soc/fc/insn                                    [0m] pos_alloc_init:175               M 1c008502 addi                a5, a1, 7         a5=1c00087b  a1:1c000874 
7460752: 537: [[34m/chip/soc/fc/insn                                    [0m] pos_alloc_init:175               M 1c008506 p.bclri             a5, a5, 0x2, 0x0  a5=1c000878  a5:1c00087b 
7474634: 538: [[34m/chip/soc/fc/insn                                    [0m] pos_alloc_init:180               M 1c00850a sub                 a1, a5, a1        a1=00000004  a5:1c000878  a1:1c000874 
7488516: 539: [[34m/chip/soc/fc/insn                                    [0m] pos_alloc_init:179               M 1c00850e c.sw                a5, 0(a0)         a5:1c000878  a0:1c000864  PA:1c000864 
7571808: 545: [[34m/chip/soc/fc/insn                                    [0m] pos_alloc_init:180               M 1c008510 c.sub               a2, a2, a1        a2=00007788  a2:0000778c  a1:00000004 
7585690: 546: [[34m/chip/soc/fc/insn                                    [0m] pos_alloc_init:181               M 1c008512 bge                 0, a2, 14         a2:00007788 
7599572: 547: [[34m/chip/soc/fc/insn                                    [0m] pos_alloc_init:183               M 1c008516 p.bclri             a2, a2, 0x2, 0x0  a2=00007788  a2:00007788 
7613454: 548: [[34m/chip/soc/fc/insn                                    [0m] pos_alloc_init:183               M 1c00851a c.sw                a2, 0(a5)         a2:00007788  a5:1c000878  PA:1c000878 
7627336: 549: [[34m/chip/soc/fc/insn                                    [0m] pos_alloc_init:184               M 1c00851c sw                  0, 4(a5)          a5:1c000878  PA:1c00087c 
7641218: 550: [[34m/chip/soc/fc/insn                                    [0m] pos_alloc_init:186               M 1c008520 c.jr                0, ra, 0, 0       ra:1c0085a4 
7738392: 557: [[34m/chip/soc/fc/insn                                    [0m] pos_allocs_init:55               M 1c0085a4 lui                 a1, 0x1c008000    a1=1c008000 
7821684: 563: [[34m/chip/soc/fc/insn                                    [0m] pos_allocs_init:55               M 1c0085a8 addi                a5, a1, 1932      a5=1c00878c  a1:1c008000 
7835566: 564: [[34m/chip/soc/fc/insn                                    [0m] pos_allocs_init:55               M 1c0085ac lui                 a2, 0x1c010000    a2=1c010000 
7849448: 565: [[34m/chip/soc/fc/insn                                    [0m] pos_allocs_init:55               M 1c0085b0 blt                 a5, a2, 50        a5:1c00878c  a2:1c010000 
7960504: 573: [[34m/chip/soc/fc/insn                                    [0m] pos_allocs_init:65               M 1c0085e2 c.sub               a2, a2, a5        a2=00007874  a2:1c010000  a5:1c00878c 
8043796: 579: [[34m/chip/soc/fc/insn                                    [0m] pos_allocs_init:58               M 1c0085e4 addi                a1, a1, 1932      a1=1c00878c  a1:1c008000 
8057678: 580: [[34m/chip/soc/fc/insn                                    [0m] pos_allocs_init:58               M 1c0085e8 c.j                 0, -48           
8085442: 582: [[34m/chip/soc/fc/insn                                    [0m] pos_allocs_init:62               M 1c0085b8 lui                 a0, 0x1c001000    a0=1c001000 
8168734: 588: [[34m/chip/soc/fc/insn                                    [0m] pos_allocs_init:62               M 1c0085bc addi                a0, a0, -1944     a0=1c000868  a0:1c001000 
8182616: 589: [[34m/chip/soc/fc/insn                                    [0m] pos_allocs_init:62               M 1c0085c0 c.jal               ra, -190          ra=1c0085c2 
8279790: 596: [[34m/chip/soc/fc/insn                                    [0m] pos_alloc_init:175               M 1c008502 addi                a5, a1, 7         a5=1c008793  a1:1c00878c 
8363082: 602: [[34m/chip/soc/fc/insn                                    [0m] pos_alloc_init:175               M 1c008506 p.bclri             a5, a5, 0x2, 0x0  a5=1c008790  a5:1c008793 
8376964: 603: [[34m/chip/soc/fc/insn                                    [0m] pos_alloc_init:180               M 1c00850a sub                 a1, a5, a1        a1=00000004  a5:1c008790  a1:1c00878c 
8390846: 604: [[34m/chip/soc/fc/insn                                    [0m] pos_alloc_init:179               M 1c00850e c.sw                a5, 0(a0)         a5:1c008790  a0:1c000868  PA:1c000868 
8474138: 610: [[34m/chip/soc/fc/insn                                    [0m] pos_alloc_init:180               M 1c008510 c.sub               a2, a2, a1        a2=00007870  a2:00007874  a1:00000004 
8488020: 611: [[34m/chip/soc/fc/insn                                    [0m] pos_alloc_init:181               M 1c008512 bge                 0, a2, 14         a2:00007870 
8501902: 612: [[34m/chip/soc/fc/insn                                    [0m] pos_alloc_init:183               M 1c008516 p.bclri             a2, a2, 0x2, 0x0  a2=00007870  a2:00007870 
8515784: 613: [[34m/chip/soc/fc/insn                                    [0m] pos_alloc_init:183               M 1c00851a c.sw                a2, 0(a5)         a2:00007870  a5:1c008790  PA:1c008790 
8529666: 614: [[34m/chip/soc/fc/insn                                    [0m] pos_alloc_init:184               M 1c00851c sw                  0, 4(a5)          a5:1c008790  PA:1c008794 
8543548: 615: [[34m/chip/soc/fc/insn                                    [0m] pos_alloc_init:186               M 1c008520 c.jr                0, ra, 0, 0       ra:1c0085c2 
8640722: 622: [[34m/chip/soc/fc/insn                                    [0m] pos_allocs_init:73               M 1c0085c2 lui                 a1, 0x10000000    a1=10000000 
8724014: 628: [[34m/chip/soc/fc/insn                                    [0m] pos_allocs_init:73               M 1c0085c6 addi                a5, a1, 8         a5=10000008  a1:10000000 
8737896: 629: [[34m/chip/soc/fc/insn                                    [0m] pos_allocs_init:90               M 1c0085ca c.lwsp              ra, 12(sp)        ra=1c0084a0  sp:1c000800  PA:1c00080c 
8751778: 630: [[34m/chip/soc/fc/insn                                    [0m] pos_allocs_init:65               M 1c0085cc lui                 a2, 0x1c080000    a2=1c080000 
8765660: 631: [[34m/chip/soc/fc/insn                                    [0m] pos_allocs_init:65               M 1c0085d0 lui                 a0, 0x1c001000    a0=1c001000 
8848952: 637: [[34m/chip/soc/fc/insn                                    [0m] pos_allocs_init:65               M 1c0085d4 c.sub               a2, a2, a5        a2=0c07fff8  a2:1c080000  a5:10000008 
8862834: 638: [[34m/chip/soc/fc/insn                                    [0m] pos_allocs_init:65               M 1c0085d6 addi                a1, a1, 8         a1=10000008  a1:10000000 
8876716: 639: [[34m/chip/soc/fc/insn                                    [0m] pos_allocs_init:65               M 1c0085da addi                a0, a0, -1940     a0=1c00086c  a0:1c001000 
8890598: 640: [[34m/chip/soc/fc/insn                                    [0m] pos_allocs_init:90               M 1c0085de c.addi              sp, sp, 16        sp=1c000810  sp:1c000800 
8973890: 646: [[34m/chip/soc/fc/insn                                    [0m] pos_allocs_init:65               M 1c0085e0 c.j                 0, -222          
9001654: 648: [[34m/chip/soc/fc/insn                                    [0m] pos_alloc_init:175               M 1c008502 addi                a5, a1, 7         a5=1000000f  a1:10000008 
9084946: 654: [[34m/chip/soc/fc/insn                                    [0m] pos_alloc_init:175               M 1c008506 p.bclri             a5, a5, 0x2, 0x0  a5=10000008  a5:1000000f 
9098828: 655: [[34m/chip/soc/fc/insn                                    [0m] pos_alloc_init:180               M 1c00850a sub                 a1, a5, a1        a1=00000000  a5:10000008  a1:10000008 
9112710: 656: [[34m/chip/soc/fc/insn                                    [0m] pos_alloc_init:179               M 1c00850e c.sw                a5, 0(a0)         a5:10000008  a0:1c00086c  PA:1c00086c 
9196002: 662: [[34m/chip/soc/fc/insn                                    [0m] pos_alloc_init:180               M 1c008510 c.sub               a2, a2, a1        a2=0c07fff8  a2:0c07fff8  a1:00000000 
9209884: 663: [[34m/chip/soc/fc/insn                                    [0m] pos_alloc_init:181               M 1c008512 bge                 0, a2, 14         a2:0c07fff8 
9223766: 664: [[34m/chip/soc/fc/insn                                    [0m] pos_alloc_init:183               M 1c008516 p.bclri             a2, a2, 0x2, 0x0  a2=0c07fff8  a2:0c07fff8 
9237648: 665: [[34m/chip/soc/fc/insn                                    [0m] pos_alloc_init:183               M 1c00851a c.sw                a2, 0(a5)         a2:0c07fff8  a5:10000008  PA:10000008 
9445878: 680: [[34m/chip/soc/fc/insn                                    [0m] pos_alloc_init:184               M 1c00851c sw                  0, 4(a5)          a5:10000008  PA:1000000c 
9654108: 695: [[34m/chip/soc/fc/insn                                    [0m] pos_alloc_init:186               M 1c008520 c.jr                0, ra, 0, 0       ra:1c0084a0 
9751282: 702: [[34m/chip/soc/fc/insn                                    [0m] pos_init_start:33                M 1c0084a0 c.lw                a5, 4(s0)         a5=00000000  s0:1c000008  PA:1c00000c 
9834574: 708: [[34m/chip/soc/fc/insn                                    [0m] pos_init_start:33                M 1c0084a2 c.beqz              a5, 0, 12         a5:00000000 
9890102: 712: [[34m/chip/soc/fc/insn                                    [0m] pos_init_start:80                M 1c0084ae c.jal               ra, -368          ra=1c0084b0 
9987276: 719: [[34m/chip/soc/fc/insn                                    [0m] pos_io_start:388                 M 1c00833e c.lui               a1, 0x1c000       a1=0001c000 
10139978: 730: [[34m/chip/soc/fc/insn                                    [0m] pos_io_start:385                 M 1c008340 c.addi              sp, sp, -16       sp=1c000800  sp:1c000810 
10153860: 731: [[34m/chip/soc/fc/insn                                    [0m] pos_io_start:388                 M 1c008342 addi                a1, a1, 512       a1=0001c200  a1:0001c000 
10167742: 732: [[34m/chip/soc/fc/insn                                    [0m] pos_io_start:388                 M 1c008346 c.li                a0, 0, 0          a0=00000000 
10181624: 733: [[34m/chip/soc/fc/insn                                    [0m] pos_io_start:385                 M 1c008348 c.swsp              ra, 12(sp)        ra:1c0084b0  sp:1c000800  PA:1c00080c 
10195506: 734: [[34m/chip/soc/fc/insn                                    [0m] pos_io_start:388                 M 1c00834a c.jal               ra, 44            ra=1c00834c 
10223270: 736: [[34m/chip/soc/fc/insn                                    [0m] uart_open:57                     M 1c008376 slli                a3, a0, 0x2       a3=00000000  a0:00000000 
10306562: 742: [[34m/chip/soc/fc/insn                                    [0m] uart_open:244                    M 1c00837a lui                 a6, 0x1a102000    a6=1a102000 
10320444: 743: [[34m/chip/soc/fc/insn                                    [0m] uart_open:45                     M 1c00837e srai                a5, a3, 0x1f      a5=00000000  a3:00000000 
10403736: 749: [[34m/chip/soc/fc/insn                                    [0m] uart_open:244                    M 1c008382 lw                  t4, 0(a6)         t4=00000000  a6:1a102000  PA:1a102000 
10528674: 758: [[34m/chip/soc/fc/insn                                    [0m] uart_open:59                     M 1c008386 c.li                a2, 0, 1          a2=00000001 
10542556: 759: [[34m/chip/soc/fc/insn                                    [0m] uart_open:45                     M 1c008388 p.bclri             a5, a5, 0x1a, 0x5  a5=00000000  a5:00000000 
10556438: 760: [[34m/chip/soc/fc/insn                                    [0m] uart_open:59                     M 1c00838c sll                 t3, a2, a0         t3=00000001  a2:00000001  a0:00000000 
10570320: 761: [[34m/chip/soc/fc/insn                                    [0m] uart_open:45                     M 1c008390 p.addNi             a5, a5, a3, 0x5    a5=00000000  a5:00000000  a3:00000000 
10653612: 767: [[34m/chip/soc/fc/insn                                    [0m] uart_open:34                     M 1c008394 lui                 a4, 0x1a106000     a4=1a106000 
10667494: 768: [[34m/chip/soc/fc/insn                                    [0m] uart_open:62                     M 1c008398 addi                t1, a3, 1          t1=00000001  a3:00000000 
10681376: 769: [[34m/chip/soc/fc/insn                                    [0m] uart_open:34                     M 1c00839c addi                a7, a4, 4          a7=1a106004  a4:1a106000 
10695258: 770: [[34m/chip/soc/fc/insn                                    [0m] uart_open:45                     M 1c0083a0 c.slli              a5, a5, 0x2        a5=00000000  a5:00000000 
10778550: 776: [[34m/chip/soc/fc/insn                                    [0m] uart_open:59                     M 1c0083a2 or                  a4, t3, t4         a4=00000001  t3:00000001  t4:00000000 
10792432: 777: [[34m/chip/soc/fc/insn                                    [0m] uart_open:240                    M 1c0083a6 p.sw                a4, 164(a6!)       a6=1a1020a4  a4:00000001  a6:1a102000  PA:1a102000 
10917370: 786: [[34m/chip/soc/fc/insn                                    [0m] uart_open:34                     M 1c0083aa c.add               a5, a5, a7         a5=1a106004  a5:00000000  a7:1a106004 
10931252: 787: [[34m/chip/soc/fc/insn                                    [0m] uart_open:45                     M 1c0083ac srai                a4, t1, 0x1f       a4=00000000  t1:00000001 
10945134: 788: [[34m/chip/soc/fc/insn                                    [0m] uart_open:34                     M 1c0083b0 lw                  t3, 0(a5)          t3=ffffffff  a5:1a106004  PA:1a106004 
11139482: 802: [[34m/chip/soc/fc/insn                                    [0m] uart_open:47                     M 1c0083b4 sll                 a3, a2, a3         a3=00000001  a2:00000001  a3:00000000 
11153364: 803: [[34m/chip/soc/fc/insn                                    [0m] uart_open:45                     M 1c0083b8 p.bclri             a4, a4, 0x1a, 0x5  a4=00000000  a4:00000000 
11167246: 804: [[34m/chip/soc/fc/insn                                    [0m] uart_open:45                     M 1c0083bc p.addNi             a4, a4, t1, 0x5    a4=00000000  a4:00000000  t1:00000001 
11181128: 805: [[34m/chip/soc/fc/insn                                    [0m] uart_open:47                     M 1c0083c0 xori                a3, a3, -1         a3=fffffffe  a3:00000001 
11264420: 811: [[34m/chip/soc/fc/insn                                    [0m] uart_open:47                     M 1c0083c4 and                 a3, a3, t3         a3=fffffffe  a3:fffffffe  t3:ffffffff 
11278302: 812: [[34m/chip/soc/fc/insn                                    [0m] uart_open:45                     M 1c0083c8 c.slli              a4, a4, 0x2        a4=00000000  a4:00000000 
11292184: 813: [[34m/chip/soc/fc/insn                                    [0m] uart_open:30                     M 1c0083ca c.sw                a3, 0(a5)          a3:fffffffe  a5:1a106004  PA:1a106004 
11417122: 822: [[34m/chip/soc/fc/insn                                    [0m] uart_open:34                     M 1c0083cc c.add               a4, a4, a7         a4=1a106004  a4:00000000  a7:1a106004 
11431004: 823: [[34m/chip/soc/fc/insn                                    [0m] uart_open:34                     M 1c0083ce c.lw                a5, 0(a4)          a5=fffffffe  a4:1a106004  PA:1a106004 
11625352: 837: [[34m/chip/soc/fc/insn                                    [0m] uart_open:47                     M 1c0083d0 sll                 a2, a2, t1         a2=00000002  a2:00000001  t1:00000001 
11639234: 838: [[34m/chip/soc/fc/insn                                    [0m] uart_open:47                     M 1c0083d4 xori                a2, a2, -1         a2=fffffffd  a2:00000002 
11653116: 839: [[34m/chip/soc/fc/insn                                    [0m] uart_open:47                     M 1c0083d8 c.and               a2, a2, a5         a2=fffffffc  a2:fffffffd  a5:fffffffe 
11666998: 840: [[34m/chip/soc/fc/insn                                    [0m] uart_open:30                     M 1c0083da c.sw                a2, 0(a4)          a2:fffffffc  a4:1a106004  PA:1a106004 
11791936: 849: [[34m/chip/soc/fc/insn                                    [0m] uart_open:46                     M 1c0083dc lui                 a5, 0x1c001000     a5=1c001000 
11805818: 850: [[34m/chip/soc/fc/insn                                    [0m] uart_open:46                     M 1c0083e0 lw                  a4, -1956(a5)      a4=00989680  a5:1c001000  PA:1c00085c 
11889110: 856: [[34m/chip/soc/fc/insn                                    [0m] uart_open:46                     M 1c0083e4 srli                a5, a1, 0x1f       a5=00000000  a1:0001c200 
11902992: 857: [[34m/chip/soc/fc/insn                                    [0m] uart_open:46                     M 1c0083e8 p.addNi             a5, a5, a1, 0x1    a5=0000e100  a5:00000000  a1:0001c200 
11916874: 858: [[34m/chip/soc/fc/insn                                    [0m] uart_open:46                     M 1c0083ec c.add               a5, a5, a4         a5=00997780  a5:0000e100  a4:00989680 
11930756: 859: [[34m/chip/soc/fc/insn                                    [0m] uart_open:46                     M 1c0083ee div                 a5, a5, a1         a5=00000057  a5:00997780  a1:0001c200 
12250042: 882: [[34m/chip/soc/fc/insn                                    [0m] uart_open:48                     M 1c0083f2 c.addi              a5, a5, -1         a5=00000056  a5:00000057 
12263924: 883: [[34m/chip/soc/fc/insn                                    [0m] uart_open:124                    M 1c0083f4 c.slli              a5, a5, 0x10       a5=00560000  a5:00000056 
12277806: 884: [[34m/chip/soc/fc/insn                                    [0m] uart_open:124                    M 1c0083f6 ori                 a5, a5, 774        a5=00560306  a5:00560000 
12291688: 885: [[34m/chip/soc/fc/insn                                    [0m] uart_open:126                    M 1c0083fa c.slli              a0, a0, 0x7        a0=00000000  a0:00000000 
12305570: 886: [[34m/chip/soc/fc/insn                                    [0m] uart_open:126                    M 1c0083fc p.sw                a5, a0(a6)         a5:00560306  a0:00000000  a6:1a1020a4  PA:1a1020a4 
12430508: 895: [[34m/chip/soc/fc/insn                                    [0m] uart_open:67                     M 1c008400 c.li                a0, 0, 0           a0=00000000 
12513800: 901: [[34m/chip/soc/fc/insn                                    [0m] uart_open:67                     M 1c008402 c.jr                0, ra, 0, 0        ra:1c00834c 
12541564: 903: [[34m/chip/soc/fc/insn                                    [0m] pos_io_start:395                 M 1c00834c c.lwsp              ra, 12(sp)         ra=1c0084b0  sp:1c000800  PA:1c00080c 
12624856: 909: [[34m/chip/soc/fc/insn                                    [0m] pos_io_start:390                 M 1c00834e lui                 a5, 0x1c001000     a5=1c001000 
12708148: 915: [[34m/chip/soc/fc/insn                                    [0m] pos_io_start:390                 M 1c008352 c.li                a4, 0, 1           a4=00000001 
12722030: 916: [[34m/chip/soc/fc/insn                                    [0m] pos_io_start:390                 M 1c008354 sw                  a4, -1988(a5)      a4:00000001  a5:1c001000  PA:1c00083c 
12735912: 917: [[34m/chip/soc/fc/insn                                    [0m] pos_io_start:395                 M 1c008358 c.li                a0, 0, 0           a0=00000000 
12749794: 918: [[34m/chip/soc/fc/insn                                    [0m] pos_io_start:395                 M 1c00835a c.addi              sp, sp, 16         sp=1c000810  sp:1c000800 
12763676: 919: [[34m/chip/soc/fc/insn                                    [0m] pos_io_start:395                 M 1c00835c c.jr                0, ra, 0, 0        ra:1c0084b0 
12791440: 921: [[34m/chip/soc/fc/insn                                    [0m] pos_init_start:295               M 1c0084b0 csrrsi              a5, mstatus, 0x300  a5=00006000 
12916378: 930: [[34m/chip/soc/fc/insn                                    [0m] pos_init_start:155               M 1c0084b4 csrrs               a0, 0, mhartid      a0=000003e0 
12930260: 931: [[34m/chip/soc/fc/insn                                    [0m] pos_init_start:166               M 1c0084b8 c.srai              a0, a0, 0x5         a0=0000001f  a0:000003e0 
12944142: 932: [[34m/chip/soc/fc/insn                                    [0m] pos_init_start:166               M 1c0084ba p.bclri             a0, a0, 0x19, 0x6   a0=0000001f  a0:0000001f 
12958024: 933: [[34m/chip/soc/fc/insn                                    [0m] pos_init_start:85                M 1c0084be c.li                a5, 0, 31           a5=0000001f 
13041316: 939: [[34m/chip/soc/fc/insn                                    [0m] pos_init_start:85                M 1c0084c0 beq                 a0, a5, 20          a0:0000001f  a5:0000001f 
13082962: 942: [[34m/chip/soc/fc/insn                                    [0m] pos_init_start:89                M 1c0084d4 c.lwsp              ra, 12(sp)          ra=1c0081a6  sp:1c000810  PA:1c00081c 
13166254: 948: [[34m/chip/soc/fc/insn                                    [0m] pos_init_start:89                M 1c0084d6 c.lwsp              s0, 8(sp)           s0=00000000  sp:1c000810  PA:1c000818 
13180136: 949: [[34m/chip/soc/fc/insn                                    [0m] pos_init_start:89                M 1c0084d8 c.addi              sp, sp, 16          sp=1c000820  sp:1c000810 
13194018: 950: [[34m/chip/soc/fc/insn                                    [0m] pos_init_start:89                M 1c0084da c.jr                0, ra, 0, 0         ra:1c0081a6 
13221782: 952: [[34m/chip/soc/fc/insn                                    [0m] _stext:96                        M 1c0081a6 addi                a0, 0, 0            a0=00000000 
13305074: 958: [[34m/chip/soc/fc/insn                                    [0m] _stext:97                        M 1c0081aa addi                a1, 0, 0            a1=00000000 
13318956: 959: [[34m/chip/soc/fc/insn                                    [0m] _stext:100                       M 1c0081ae auipc               t2, 0x0             t2=1c0081ae 
13402248: 965: [[34m/chip/soc/fc/insn                                    [0m] _stext:100                       M 1c0081b2 addi                t2, t2, 24          t2=1c0081c6  t2:1c0081ae 
13416130: 966: [[34m/chip/soc/fc/insn                                    [0m] _stext:101                       M 1c0081b6 jalr                ra, t2, 0           ra=1c0081ba  t2:1c0081c6 
13443894: 968: [[34m/chip/soc/fc/insn                                    [0m] main:6                           M 1c0081c6 lui                 a1, 0x1c001000      a1=1c001000 
13527186: 974: [[34m/chip/soc/fc/insn                                    [0m] main:6                           M 1c0081ca c.li                a2, 0, 23           a2=00000017 
13541068: 975: [[34m/chip/soc/fc/insn                                    [0m] main:6                           M 1c0081cc addi                a1, a1, -2016       a1=1c000820  a1:1c001000 
13554950: 976: [[34m/chip/soc/fc/insn                                    [0m] main:6                           M 1c0081d0 c.li                a0, 0, 0            a0=00000000 
13638242: 982: [[34m/chip/soc/fc/insn                                    [0m] main:6                           M 1c0081d2 c.j                 0, 636             
13666006: 984: [[34m/chip/soc/fc/insn                                    [0m] uart_write:260                   M 1c00844e lui                 a4, 0x1a102000      a4=1a102000 
13818708: 995: [[34m/chip/soc/fc/insn                                    [0m] uart_write:260                   M 1c008452 addi                a4, a4, 144         a4=1a102090  a4:1a102000 
13832590: 996: [[34m/chip/soc/fc/insn                                    [0m] uart_write:260                   M 1c008456 slli                a5, a0, 0x8         a5=00000000  a0:00000000 
13846472: 997: [[34m/chip/soc/fc/insn                                    [0m] uart_write:260                   M 1c00845a c.add               a5, a5, a4          a5=1a102090  a5:00000000  a4:1a102090 
13860354: 998: [[34m/chip/soc/fc/insn                                    [0m] uart_write:229                   M 1c00845c c.mv                a3, 0, a5           a3=1a102090  a5:1a102090 
13874236: 999: [[34m/chip/soc/fc/insn                                    [0m] uart_write:229                   M 1c00845e p.sw                a1, 4(a3!)          a3=1a102094  a1:1c000820  a3:1a102090  PA:1a102090 
14068584: 1013: [[34m/chip/soc/fc/insn                                    [0m] uart_write:27                    M 1c008462 c.slli              a0, a0, 0x7         a0=00000000  a0:00000000 
14082466: 1014: [[34m/chip/soc/fc/insn                                    [0m] uart_write:230                   M 1c008464 c.sw                a2, 0(a3)           a2:00000017  a3:1a102094  PA:1a102094 
14207404: 1023: [[34m/chip/soc/fc/insn                                    [0m] uart_write:231                   M 1c008466 c.addi              a5, a5, 8           a5=1a102098  a5:1a102090 
14221286: 1024: [[34m/chip/soc/fc/insn                                    [0m] uart_write:27                    M 1c008468 c.add               a4, a4, a0          a4=1a102090  a4:1a102090  a0:00000000 
14235168: 1025: [[34m/chip/soc/fc/insn                                    [0m] uart_write:231                   M 1c00846a c.li                a3, 0, 16           a3=00000010 
14249050: 1026: [[34m/chip/soc/fc/insn                                    [0m] uart_write:231                   M 1c00846c c.sw                a3, 0(a5)           a3:00000010  a5:1a102098  PA:1a102098 
14373988: 1035: [[34m/chip/soc/fc/insn                                    [0m] uart_write:236                   M 1c00846e c.addi              a4, a4, 8           a4=1a102098  a4:1a102090 
14457280: 1041: [[34m/chip/soc/fc/insn                                    [0m] uart_write:236                   M 1c008470 c.lw                a5, 0(a4)           a5=00000010  a4:1a102098  PA:1a102098 
14582218: 1050: [[34m/chip/soc/fc/insn                                    [0m] uart_write:236                   M 1c008472 c.andi              a5, a5, 16          a5=00000010  a5:00000010 
14609982: 1052: [[34m/chip/soc/fc/insn                                    [0m] uart_write:27                    M 1c008474 c.bnez              a5, 0, -4           a5:00000010 
14651628: 1055: [[34m/chip/soc/fc/insn                                    [0m] uart_write:236                   M 1c008470 c.lw                a5, 0(a4)           a5=00000010  a4:1a102098  PA:1a102098 
14776566: 1064: [[34m/chip/soc/fc/insn                                    [0m] uart_write:236                   M 1c008472 c.andi              a5, a5, 16          a5=00000010  a5:00000010 
14804330: 1066: [[34m/chip/soc/fc/insn                                    [0m] uart_write:27                    M 1c008474 c.bnez              a5, 0, -4           a5:00000010 
14845976: 1069: [[34m/chip/soc/fc/insn                                    [0m] uart_write:236                   M 1c008470 c.lw                a5, 0(a4)           a5=00000010  a4:1a102098  PA:1a102098 
14970914: 1078: [[34m/chip/soc/fc/insn                                    [0m] uart_write:236                   M 1c008472 c.andi              a5, a5, 16          a5=00000010  a5:00000010 
14998678: 1080: [[34m/chip/soc/fc/insn                                    [0m] uart_write:27                    M 1c008474 c.bnez              a5, 0, -4           a5:00000010 
15040324: 1083: [[34m/chip/soc/fc/insn                                    [0m] uart_write:236                   M 1c008470 c.lw                a5, 0(a4)           a5=00000010  a4:1a102098  PA:1a102098 
15165262: 1092: [[34m/chip/soc/fc/insn                                    [0m] uart_write:236                   M 1c008472 c.andi              a5, a5, 16          a5=00000010  a5:00000010 
15193026: 1094: [[34m/chip/soc/fc/insn                                    [0m] uart_write:27                    M 1c008474 c.bnez              a5, 0, -4           a5:00000010 
15234672: 1097: [[34m/chip/soc/fc/insn                                    [0m] uart_write:236                   M 1c008470 c.lw                a5, 0(a4)           a5=00000010  a4:1a102098  PA:1a102098 
15359610: 1106: [[34m/chip/soc/fc/insn                                    [0m] uart_write:236                   M 1c008472 c.andi              a5, a5, 16          a5=00000010  a5:00000010 
15387374: 1108: [[34m/chip/soc/fc/insn                                    [0m] uart_write:27                    M 1c008474 c.bnez              a5, 0, -4           a5:00000010 
15429020: 1111: [[34m/chip/soc/fc/insn                                    [0m] uart_write:236                   M 1c008470 c.lw                a5, 0(a4)           a5=00000010  a4:1a102098  PA:1a102098 
15553958: 1120: [[34m/chip/soc/fc/insn                                    [0m] uart_write:236                   M 1c008472 c.andi              a5, a5, 16          a5=00000010  a5:00000010 
15581722: 1122: [[34m/chip/soc/fc/insn                                    [0m] uart_write:27                    M 1c008474 c.bnez              a5, 0, -4           a5:00000010 
15623368: 1125: [[34m/chip/soc/fc/insn                                    [0m] uart_write:236                   M 1c008470 c.lw                a5, 0(a4)           a5=00000010  a4:1a102098  PA:1a102098 
15748306: 1134: [[34m/chip/soc/fc/insn                                    [0m] uart_write:236                   M 1c008472 c.andi              a5, a5, 16          a5=00000010  a5:00000010 
15776070: 1136: [[34m/chip/soc/fc/insn                                    [0m] uart_write:27                    M 1c008474 c.bnez              a5, 0, -4           a5:00000010 
15817716: 1139: [[34m/chip/soc/fc/insn                                    [0m] uart_write:236                   M 1c008470 c.lw                a5, 0(a4)           a5=00000010  a4:1a102098  PA:1a102098 
15942654: 1148: [[34m/chip/soc/fc/insn                                    [0m] uart_write:236                   M 1c008472 c.andi              a5, a5, 16          a5=00000010  a5:00000010 
15970418: 1150: [[34m/chip/soc/fc/insn                                    [0m] uart_write:27                    M 1c008474 c.bnez              a5, 0, -4           a5:00000010 
16012064: 1153: [[34m/chip/soc/fc/insn                                    [0m] uart_write:236                   M 1c008470 c.lw                a5, 0(a4)           a5=00000010  a4:1a102098  PA:1a102098 
16137002: 1162: [[34m/chip/soc/fc/insn                                    [0m] uart_write:236                   M 1c008472 c.andi              a5, a5, 16          a5=00000010  a5:00000010 
16164766: 1164: [[34m/chip/soc/fc/insn                                    [0m] uart_write:27                    M 1c008474 c.bnez              a5, 0, -4           a5:00000010 
16206412: 1167: [[34m/chip/soc/fc/insn                                    [0m] uart_write:236                   M 1c008470 c.lw                a5, 0(a4)           a5=00000010  a4:1a102098  PA:1a102098 
16331350: 1176: [[34m/chip/soc/fc/insn                                    [0m] uart_write:236                   M 1c008472 c.andi              a5, a5, 16          a5=00000010  a5:00000010 
16359114: 1178: [[34m/chip/soc/fc/insn                                    [0m] uart_write:27                    M 1c008474 c.bnez              a5, 0, -4           a5:00000010 
16400760: 1181: [[34m/chip/soc/fc/insn                                    [0m] uart_write:236                   M 1c008470 c.lw                a5, 0(a4)           a5=00000010  a4:1a102098  PA:1a102098 
16525698: 1190: [[34m/chip/soc/fc/insn                                    [0m] uart_write:236                   M 1c008472 c.andi              a5, a5, 16          a5=00000010  a5:00000010 
16553462: 1192: [[34m/chip/soc/fc/insn                                    [0m] uart_write:27                    M 1c008474 c.bnez              a5, 0, -4           a5:00000010 
16595108: 1195: [[34m/chip/soc/fc/insn                                    [0m] uart_write:236                   M 1c008470 c.lw                a5, 0(a4)           a5=00000010  a4:1a102098  PA:1a102098 
16720046: 1204: [[34m/chip/soc/fc/insn                                    [0m] uart_write:236                   M 1c008472 c.andi              a5, a5, 16          a5=00000010  a5:00000010 
16747810: 1206: [[34m/chip/soc/fc/insn                                    [0m] uart_write:27                    M 1c008474 c.bnez              a5, 0, -4           a5:00000010 
16789456: 1209: [[34m/chip/soc/fc/insn                                    [0m] uart_write:236                   M 1c008470 c.lw                a5, 0(a4)           a5=00000010  a4:1a102098  PA:1a102098 
16914394: 1218: [[34m/chip/soc/fc/insn                                    [0m] uart_write:236                   M 1c008472 c.andi              a5, a5, 16          a5=00000010  a5:00000010 
16942158: 1220: [[34m/chip/soc/fc/insn                                    [0m] uart_write:27                    M 1c008474 c.bnez              a5, 0, -4           a5:00000010 
16983804: 1223: [[34m/chip/soc/fc/insn                                    [0m] uart_write:236                   M 1c008470 c.lw                a5, 0(a4)           a5=00000010  a4:1a102098  PA:1a102098 
17108742: 1232: [[34m/chip/soc/fc/insn                                    [0m] uart_write:236                   M 1c008472 c.andi              a5, a5, 16          a5=00000010  a5:00000010 
17136506: 1234: [[34m/chip/soc/fc/insn                                    [0m] uart_write:27                    M 1c008474 c.bnez              a5, 0, -4           a5:00000010 
17178152: 1237: [[34m/chip/soc/fc/insn                                    [0m] uart_write:236                   M 1c008470 c.lw                a5, 0(a4)           a5=00000010  a4:1a102098  PA:1a102098 
17303090: 1246: [[34m/chip/soc/fc/insn                                    [0m] uart_write:236                   M 1c008472 c.andi              a5, a5, 16          a5=00000010  a5:00000010 
17330854: 1248: [[34m/chip/soc/fc/insn                                    [0m] uart_write:27                    M 1c008474 c.bnez              a5, 0, -4           a5:00000010 
17372500: 1251: [[34m/chip/soc/fc/insn                                    [0m] uart_write:236                   M 1c008470 c.lw                a5, 0(a4)           a5=00000010  a4:1a102098  PA:1a102098 
17497438: 1260: [[34m/chip/soc/fc/insn                                    [0m] uart_write:236                   M 1c008472 c.andi              a5, a5, 16          a5=00000010  a5:00000010 
17525202: 1262: [[34m/chip/soc/fc/insn                                    [0m] uart_write:27                    M 1c008474 c.bnez              a5, 0, -4           a5:00000010 
17566848: 1265: [[34m/chip/soc/fc/insn                                    [0m] uart_write:236                   M 1c008470 c.lw                a5, 0(a4)           a5=00000010  a4:1a102098  PA:1a102098 
17691786: 1274: [[34m/chip/soc/fc/insn                                    [0m] uart_write:236                   M 1c008472 c.andi              a5, a5, 16          a5=00000010  a5:00000010 
17719550: 1276: [[34m/chip/soc/fc/insn                                    [0m] uart_write:27                    M 1c008474 c.bnez              a5, 0, -4           a5:00000010 
17761196: 1279: [[34m/chip/soc/fc/insn                                    [0m] uart_write:236                   M 1c008470 c.lw                a5, 0(a4)           a5=00000010  a4:1a102098  PA:1a102098 
17886134: 1288: [[34m/chip/soc/fc/insn                                    [0m] uart_write:236                   M 1c008472 c.andi              a5, a5, 16          a5=00000010  a5:00000010 
17913898: 1290: [[34m/chip/soc/fc/insn                                    [0m] uart_write:27                    M 1c008474 c.bnez              a5, 0, -4           a5:00000010 
17955544: 1293: [[34m/chip/soc/fc/insn                                    [0m] uart_write:236                   M 1c008470 c.lw                a5, 0(a4)           a5=00000010  a4:1a102098  PA:1a102098 
18080482: 1302: [[34m/chip/soc/fc/insn                                    [0m] uart_write:236                   M 1c008472 c.andi              a5, a5, 16          a5=00000010  a5:00000010 
18108246: 1304: [[34m/chip/soc/fc/insn                                    [0m] uart_write:27                    M 1c008474 c.bnez              a5, 0, -4           a5:00000010 
18149892: 1307: [[34m/chip/soc/fc/insn                                    [0m] uart_write:236                   M 1c008470 c.lw                a5, 0(a4)           a5=00000010  a4:1a102098  PA:1a102098 
18274830: 1316: [[34m/chip/soc/fc/insn                                    [0m] uart_write:236                   M 1c008472 c.andi              a5, a5, 16          a5=00000010  a5:00000010 
18302594: 1318: [[34m/chip/soc/fc/insn                                    [0m] uart_write:27                    M 1c008474 c.bnez              a5, 0, -4           a5:00000010 
18344240: 1321: [[34m/chip/soc/fc/insn                                    [0m] uart_write:236                   M 1c008470 c.lw                a5, 0(a4)           a5=00000010  a4:1a102098  PA:1a102098 
18469178: 1330: [[34m/chip/soc/fc/insn                                    [0m] uart_write:236                   M 1c008472 c.andi              a5, a5, 16          a5=00000010  a5:00000010 
18496942: 1332: [[34m/chip/soc/fc/insn                                    [0m] uart_write:27                    M 1c008474 c.bnez              a5, 0, -4           a5:00000010 
18538588: 1335: [[34m/chip/soc/fc/insn                                    [0m] uart_write:236                   M 1c008470 c.lw                a5, 0(a4)           a5=00000010  a4:1a102098  PA:1a102098 
18663526: 1344: [[34m/chip/soc/fc/insn                                    [0m] uart_write:236                   M 1c008472 c.andi              a5, a5, 16          a5=00000010  a5:00000010 
18691290: 1346: [[34m/chip/soc/fc/insn                                    [0m] uart_write:27                    M 1c008474 c.bnez              a5, 0, -4           a5:00000010 
18732936: 1349: [[34m/chip/soc/fc/insn                                    [0m] uart_write:236                   M 1c008470 c.lw                a5, 0(a4)           a5=00000010  a4:1a102098  PA:1a102098 
18857874: 1358: [[34m/chip/soc/fc/insn                                    [0m] uart_write:236                   M 1c008472 c.andi              a5, a5, 16          a5=00000010  a5:00000010 
18885638: 1360: [[34m/chip/soc/fc/insn                                    [0m] uart_write:27                    M 1c008474 c.bnez              a5, 0, -4           a5:00000010 
18927284: 1363: [[34m/chip/soc/fc/insn                                    [0m] uart_write:236                   M 1c008470 c.lw                a5, 0(a4)           a5=00000010  a4:1a102098  PA:1a102098 
19052222: 1372: [[34m/chip/soc/fc/insn                                    [0m] uart_write:236                   M 1c008472 c.andi              a5, a5, 16          a5=00000010  a5:00000010 
19079986: 1374: [[34m/chip/soc/fc/insn                                    [0m] uart_write:27                    M 1c008474 c.bnez              a5, 0, -4           a5:00000010 
19121632: 1377: [[34m/chip/soc/fc/insn                                    [0m] uart_write:236                   M 1c008470 c.lw                a5, 0(a4)           a5=00000010  a4:1a102098  PA:1a102098 
19246570: 1386: [[34m/chip/soc/fc/insn                                    [0m] uart_write:236                   M 1c008472 c.andi              a5, a5, 16          a5=00000010  a5:00000010 
19274334: 1388: [[34m/chip/soc/fc/insn                                    [0m] uart_write:27                    M 1c008474 c.bnez              a5, 0, -4           a5:00000010 
19315980: 1391: [[34m/chip/soc/fc/insn                                    [0m] uart_write:236                   M 1c008470 c.lw                a5, 0(a4)           a5=00000010  a4:1a102098  PA:1a102098 
19440918: 1400: [[34m/chip/soc/fc/insn                                    [0m] uart_write:236                   M 1c008472 c.andi              a5, a5, 16          a5=00000010  a5:00000010 
19468682: 1402: [[34m/chip/soc/fc/insn                                    [0m] uart_write:27                    M 1c008474 c.bnez              a5, 0, -4           a5:00000010 
19510328: 1405: [[34m/chip/soc/fc/insn                                    [0m] uart_write:236                   M 1c008470 c.lw                a5, 0(a4)           a5=00000010  a4:1a102098  PA:1a102098 
19635266: 1414: [[34m/chip/soc/fc/insn                                    [0m] uart_write:236                   M 1c008472 c.andi              a5, a5, 16          a5=00000010  a5:00000010 
19663030: 1416: [[34m/chip/soc/fc/insn                                    [0m] uart_write:27                    M 1c008474 c.bnez              a5, 0, -4           a5:00000010 
19704676: 1419: [[34m/chip/soc/fc/insn                                    [0m] uart_write:236                   M 1c008470 c.lw                a5, 0(a4)           a5=00000010  a4:1a102098  PA:1a102098 
19829614: 1428: [[34m/chip/soc/fc/insn                                    [0m] uart_write:236                   M 1c008472 c.andi              a5, a5, 16          a5=00000010  a5:00000010 
19857378: 1430: [[34m/chip/soc/fc/insn                                    [0m] uart_write:27                    M 1c008474 c.bnez              a5, 0, -4           a5:00000010 
19899024: 1433: [[34m/chip/soc/fc/insn                                    [0m] uart_write:236                   M 1c008470 c.lw                a5, 0(a4)           a5=00000010  a4:1a102098  PA:1a102098 
20023962: 1442: [[34m/chip/soc/fc/insn                                    [0m] uart_write:236                   M 1c008472 c.andi              a5, a5, 16          a5=00000010  a5:00000010 
20051726: 1444: [[34m/chip/soc/fc/insn                                    [0m] uart_write:27                    M 1c008474 c.bnez              a5, 0, -4           a5:00000010 
20093372: 1447: [[34m/chip/soc/fc/insn                                    [0m] uart_write:236                   M 1c008470 c.lw                a5, 0(a4)           a5=00000010  a4:1a102098  PA:1a102098 
20218310: 1456: [[34m/chip/soc/fc/insn                                    [0m] uart_write:236                   M 1c008472 c.andi              a5, a5, 16          a5=00000010  a5:00000010 
20246074: 1458: [[34m/chip/soc/fc/insn                                    [0m] uart_write:27                    M 1c008474 c.bnez              a5, 0, -4           a5:00000010 
20287720: 1461: [[34m/chip/soc/fc/insn                                    [0m] uart_write:236                   M 1c008470 c.lw                a5, 0(a4)           a5=00000010  a4:1a102098  PA:1a102098 
20412658: 1470: [[34m/chip/soc/fc/insn                                    [0m] uart_write:236                   M 1c008472 c.andi              a5, a5, 16          a5=00000010  a5:00000010 
20440422: 1472: [[34m/chip/soc/fc/insn                                    [0m] uart_write:27                    M 1c008474 c.bnez              a5, 0, -4           a5:00000010 
20482068: 1475: [[34m/chip/soc/fc/insn                                    [0m] uart_write:236                   M 1c008470 c.lw                a5, 0(a4)           a5=00000010  a4:1a102098  PA:1a102098 
20607006: 1484: [[34m/chip/soc/fc/insn                                    [0m] uart_write:236                   M 1c008472 c.andi              a5, a5, 16          a5=00000010  a5:00000010 
20634770: 1486: [[34m/chip/soc/fc/insn                                    [0m] uart_write:27                    M 1c008474 c.bnez              a5, 0, -4           a5:00000010 
20676416: 1489: [[34m/chip/soc/fc/insn                                    [0m] uart_write:236                   M 1c008470 c.lw                a5, 0(a4)           a5=00000010  a4:1a102098  PA:1a102098 
20801354: 1498: [[34m/chip/soc/fc/insn                                    [0m] uart_write:236                   M 1c008472 c.andi              a5, a5, 16          a5=00000010  a5:00000010 
20829118: 1500: [[34m/chip/soc/fc/insn                                    [0m] uart_write:27                    M 1c008474 c.bnez              a5, 0, -4           a5:00000010 
20870764: 1503: [[34m/chip/soc/fc/insn                                    [0m] uart_write:236                   M 1c008470 c.lw                a5, 0(a4)           a5=00000010  a4:1a102098  PA:1a102098 
20995702: 1512: [[34m/chip/soc/fc/insn                                    [0m] uart_write:236                   M 1c008472 c.andi              a5, a5, 16          a5=00000010  a5:00000010 
21023466: 1514: [[34m/chip/soc/fc/insn                                    [0m] uart_write:27                    M 1c008474 c.bnez              a5, 0, -4           a5:00000010 
21065112: 1517: [[34m/chip/soc/fc/insn                                    [0m] uart_write:236                   M 1c008470 c.lw                a5, 0(a4)           a5=00000010  a4:1a102098  PA:1a102098 
21190050: 1526: [[34m/chip/soc/fc/insn                                    [0m] uart_write:236                   M 1c008472 c.andi              a5, a5, 16          a5=00000010  a5:00000010 
21217814: 1528: [[34m/chip/soc/fc/insn                                    [0m] uart_write:27                    M 1c008474 c.bnez              a5, 0, -4           a5:00000010 
21259460: 1531: [[34m/chip/soc/fc/insn                                    [0m] uart_write:236                   M 1c008470 c.lw                a5, 0(a4)           a5=00000010  a4:1a102098  PA:1a102098 
21384398: 1540: [[34m/chip/soc/fc/insn                                    [0m] uart_write:236                   M 1c008472 c.andi              a5, a5, 16          a5=00000010  a5:00000010 
21412162: 1542: [[34m/chip/soc/fc/insn                                    [0m] uart_write:27                    M 1c008474 c.bnez              a5, 0, -4           a5:00000010 
21453808: 1545: [[34m/chip/soc/fc/insn                                    [0m] uart_write:236                   M 1c008470 c.lw                a5, 0(a4)           a5=00000010  a4:1a102098  PA:1a102098 
21578746: 1554: [[34m/chip/soc/fc/insn                                    [0m] uart_write:236                   M 1c008472 c.andi              a5, a5, 16          a5=00000010  a5:00000010 
21606510: 1556: [[34m/chip/soc/fc/insn                                    [0m] uart_write:27                    M 1c008474 c.bnez              a5, 0, -4           a5:00000010 
21648156: 1559: [[34m/chip/soc/fc/insn                                    [0m] uart_write:236                   M 1c008470 c.lw                a5, 0(a4)           a5=00000010  a4:1a102098  PA:1a102098 
21773094: 1568: [[34m/chip/soc/fc/insn                                    [0m] uart_write:236                   M 1c008472 c.andi              a5, a5, 16          a5=00000010  a5:00000010 
21800858: 1570: [[34m/chip/soc/fc/insn                                    [0m] uart_write:27                    M 1c008474 c.bnez              a5, 0, -4           a5:00000010 
21842504: 1573: [[34m/chip/soc/fc/insn                                    [0m] uart_write:236                   M 1c008470 c.lw                a5, 0(a4)           a5=00000010  a4:1a102098  PA:1a102098 
21967442: 1582: [[34m/chip/soc/fc/insn                                    [0m] uart_write:236                   M 1c008472 c.andi              a5, a5, 16          a5=00000010  a5:00000010 
21995206: 1584: [[34m/chip/soc/fc/insn                                    [0m] uart_write:27                    M 1c008474 c.bnez              a5, 0, -4           a5:00000010 
22036852: 1587: [[34m/chip/soc/fc/insn                                    [0m] uart_write:236                   M 1c008470 c.lw                a5, 0(a4)           a5=00000010  a4:1a102098  PA:1a102098 
22161790: 1596: [[34m/chip/soc/fc/insn                                    [0m] uart_write:236                   M 1c008472 c.andi              a5, a5, 16          a5=00000010  a5:00000010 
22189554: 1598: [[34m/chip/soc/fc/insn                                    [0m] uart_write:27                    M 1c008474 c.bnez              a5, 0, -4           a5:00000010 
22231200: 1601: [[34m/chip/soc/fc/insn                                    [0m] uart_write:236                   M 1c008470 c.lw                a5, 0(a4)           a5=00000010  a4:1a102098  PA:1a102098 
22356138: 1610: [[34m/chip/soc/fc/insn                                    [0m] uart_write:236                   M 1c008472 c.andi              a5, a5, 16          a5=00000010  a5:00000010 
22383902: 1612: [[34m/chip/soc/fc/insn                                    [0m] uart_write:27                    M 1c008474 c.bnez              a5, 0, -4           a5:00000010 
22425548: 1615: [[34m/chip/soc/fc/insn                                    [0m] uart_write:236                   M 1c008470 c.lw                a5, 0(a4)           a5=00000010  a4:1a102098  PA:1a102098 
22550486: 1624: [[34m/chip/soc/fc/insn                                    [0m] uart_write:236                   M 1c008472 c.andi              a5, a5, 16          a5=00000010  a5:00000010 
22578250: 1626: [[34m/chip/soc/fc/insn                                    [0m] uart_write:27                    M 1c008474 c.bnez              a5, 0, -4           a5:00000010 
22619896: 1629: [[34m/chip/soc/fc/insn                                    [0m] uart_write:236                   M 1c008470 c.lw                a5, 0(a4)           a5=00000010  a4:1a102098  PA:1a102098 
22744834: 1638: [[34m/chip/soc/fc/insn                                    [0m] uart_write:236                   M 1c008472 c.andi              a5, a5, 16          a5=00000010  a5:00000010 
22772598: 1640: [[34m/chip/soc/fc/insn                                    [0m] uart_write:27                    M 1c008474 c.bnez              a5, 0, -4           a5:00000010 
22814244: 1643: [[34m/chip/soc/fc/insn                                    [0m] uart_write:236                   M 1c008470 c.lw                a5, 0(a4)           a5=00000010  a4:1a102098  PA:1a102098 
22939182: 1652: [[34m/chip/soc/fc/insn                                    [0m] uart_write:236                   M 1c008472 c.andi              a5, a5, 16          a5=00000010  a5:00000010 
22966946: 1654: [[34m/chip/soc/fc/insn                                    [0m] uart_write:27                    M 1c008474 c.bnez              a5, 0, -4           a5:00000010 
23008592: 1657: [[34m/chip/soc/fc/insn                                    [0m] uart_write:236                   M 1c008470 c.lw                a5, 0(a4)           a5=00000010  a4:1a102098  PA:1a102098 
23133530: 1666: [[34m/chip/soc/fc/insn                                    [0m] uart_write:236                   M 1c008472 c.andi              a5, a5, 16          a5=00000010  a5:00000010 
23161294: 1668: [[34m/chip/soc/fc/insn                                    [0m] uart_write:27                    M 1c008474 c.bnez              a5, 0, -4           a5:00000010 
23202940: 1671: [[34m/chip/soc/fc/insn                                    [0m] uart_write:236                   M 1c008470 c.lw                a5, 0(a4)           a5=00000010  a4:1a102098  PA:1a102098 
23327878: 1680: [[34m/chip/soc/fc/insn                                    [0m] uart_write:236                   M 1c008472 c.andi              a5, a5, 16          a5=00000010  a5:00000010 
23355642: 1682: [[34m/chip/soc/fc/insn                                    [0m] uart_write:27                    M 1c008474 c.bnez              a5, 0, -4           a5:00000010 
23397288: 1685: [[34m/chip/soc/fc/insn                                    [0m] uart_write:236                   M 1c008470 c.lw                a5, 0(a4)           a5=00000010  a4:1a102098  PA:1a102098 
23522226: 1694: [[34m/chip/soc/fc/insn                                    [0m] uart_write:236                   M 1c008472 c.andi              a5, a5, 16          a5=00000010  a5:00000010 
23549990: 1696: [[34m/chip/soc/fc/insn                                    [0m] uart_write:27                    M 1c008474 c.bnez              a5, 0, -4           a5:00000010 
23591636: 1699: [[34m/chip/soc/fc/insn                                    [0m] uart_write:236                   M 1c008470 c.lw                a5, 0(a4)           a5=00000010  a4:1a102098  PA:1a102098 
23716574: 1708: [[34m/chip/soc/fc/insn                                    [0m] uart_write:236                   M 1c008472 c.andi              a5, a5, 16          a5=00000010  a5:00000010 
23744338: 1710: [[34m/chip/soc/fc/insn                                    [0m] uart_write:27                    M 1c008474 c.bnez              a5, 0, -4           a5:00000010 
23785984: 1713: [[34m/chip/soc/fc/insn                                    [0m] uart_write:236                   M 1c008470 c.lw                a5, 0(a4)           a5=00000010  a4:1a102098  PA:1a102098 
23910922: 1722: [[34m/chip/soc/fc/insn                                    [0m] uart_write:236                   M 1c008472 c.andi              a5, a5, 16          a5=00000010  a5:00000010 
23938686: 1724: [[34m/chip/soc/fc/insn                                    [0m] uart_write:27                    M 1c008474 c.bnez              a5, 0, -4           a5:00000010 
23980332: 1727: [[34m/chip/soc/fc/insn                                    [0m] uart_write:236                   M 1c008470 c.lw                a5, 0(a4)           a5=00000010  a4:1a102098  PA:1a102098 
24105270: 1736: [[34m/chip/soc/fc/insn                                    [0m] uart_write:236                   M 1c008472 c.andi              a5, a5, 16          a5=00000010  a5:00000010 
24133034: 1738: [[34m/chip/soc/fc/insn                                    [0m] uart_write:27                    M 1c008474 c.bnez              a5, 0, -4           a5:00000010 
24174680: 1741: [[34m/chip/soc/fc/insn                                    [0m] uart_write:236                   M 1c008470 c.lw                a5, 0(a4)           a5=00000010  a4:1a102098  PA:1a102098 
24299618: 1750: [[34m/chip/soc/fc/insn                                    [0m] uart_write:236                   M 1c008472 c.andi              a5, a5, 16          a5=00000010  a5:00000010 
24327382: 1752: [[34m/chip/soc/fc/insn                                    [0m] uart_write:27                    M 1c008474 c.bnez              a5, 0, -4           a5:00000010 
24369028: 1755: [[34m/chip/soc/fc/insn                                    [0m] uart_write:236                   M 1c008470 c.lw                a5, 0(a4)           a5=00000010  a4:1a102098  PA:1a102098 
24493966: 1764: [[34m/chip/soc/fc/insn                                    [0m] uart_write:236                   M 1c008472 c.andi              a5, a5, 16          a5=00000010  a5:00000010 
24521730: 1766: [[34m/chip/soc/fc/insn                                    [0m] uart_write:27                    M 1c008474 c.bnez              a5, 0, -4           a5:00000010 
24563376: 1769: [[34m/chip/soc/fc/insn                                    [0m] uart_write:236                   M 1c008470 c.lw                a5, 0(a4)           a5=00000010  a4:1a102098  PA:1a102098 
24688314: 1778: [[34m/chip/soc/fc/insn                                    [0m] uart_write:236                   M 1c008472 c.andi              a5, a5, 16          a5=00000010  a5:00000010 
24716078: 1780: [[34m/chip/soc/fc/insn                                    [0m] uart_write:27                    M 1c008474 c.bnez              a5, 0, -4           a5:00000010 
24757724: 1783: [[34m/chip/soc/fc/insn                                    [0m] uart_write:236                   M 1c008470 c.lw                a5, 0(a4)           a5=00000010  a4:1a102098  PA:1a102098 
24882662: 1792: [[34m/chip/soc/fc/insn                                    [0m] uart_write:236                   M 1c008472 c.andi              a5, a5, 16          a5=00000010  a5:00000010 
24910426: 1794: [[34m/chip/soc/fc/insn                                    [0m] uart_write:27                    M 1c008474 c.bnez              a5, 0, -4           a5:00000010 
24952072: 1797: [[34m/chip/soc/fc/insn                                    [0m] uart_write:236                   M 1c008470 c.lw                a5, 0(a4)           a5=00000010  a4:1a102098  PA:1a102098 
25077010: 1806: [[34m/chip/soc/fc/insn                                    [0m] uart_write:236                   M 1c008472 c.andi              a5, a5, 16          a5=00000010  a5:00000010 
25104774: 1808: [[34m/chip/soc/fc/insn                                    [0m] uart_write:27                    M 1c008474 c.bnez              a5, 0, -4           a5:00000010 
25146420: 1811: [[34m/chip/soc/fc/insn                                    [0m] uart_write:236                   M 1c008470 c.lw                a5, 0(a4)           a5=00000010  a4:1a102098  PA:1a102098 
25271358: 1820: [[34m/chip/soc/fc/insn                                    [0m] uart_write:236                   M 1c008472 c.andi              a5, a5, 16          a5=00000010  a5:00000010 
25299122: 1822: [[34m/chip/soc/fc/insn                                    [0m] uart_write:27                    M 1c008474 c.bnez              a5, 0, -4           a5:00000010 
25340768: 1825: [[34m/chip/soc/fc/insn                                    [0m] uart_write:236                   M 1c008470 c.lw                a5, 0(a4)           a5=00000010  a4:1a102098  PA:1a102098 
25465706: 1834: [[34m/chip/soc/fc/insn                                    [0m] uart_write:236                   M 1c008472 c.andi              a5, a5, 16          a5=00000010  a5:00000010 
25493470: 1836: [[34m/chip/soc/fc/insn                                    [0m] uart_write:27                    M 1c008474 c.bnez              a5, 0, -4           a5:00000010 
25535116: 1839: [[34m/chip/soc/fc/insn                                    [0m] uart_write:236                   M 1c008470 c.lw                a5, 0(a4)           a5=00000010  a4:1a102098  PA:1a102098 
25660054: 1848: [[34m/chip/soc/fc/insn                                    [0m] uart_write:236                   M 1c008472 c.andi              a5, a5, 16          a5=00000010  a5:00000010 
25687818: 1850: [[34m/chip/soc/fc/insn                                    [0m] uart_write:27                    M 1c008474 c.bnez              a5, 0, -4           a5:00000010 
25729464: 1853: [[34m/chip/soc/fc/insn                                    [0m] uart_write:236                   M 1c008470 c.lw                a5, 0(a4)           a5=00000010  a4:1a102098  PA:1a102098 
25854402: 1862: [[34m/chip/soc/fc/insn                                    [0m] uart_write:236                   M 1c008472 c.andi              a5, a5, 16          a5=00000010  a5:00000010 
25882166: 1864: [[34m/chip/soc/fc/insn                                    [0m] uart_write:27                    M 1c008474 c.bnez              a5, 0, -4           a5:00000010 
25923812: 1867: [[34m/chip/soc/fc/insn                                    [0m] uart_write:236                   M 1c008470 c.lw                a5, 0(a4)           a5=00000010  a4:1a102098  PA:1a102098 
26048750: 1876: [[34m/chip/soc/fc/insn                                    [0m] uart_write:236                   M 1c008472 c.andi              a5, a5, 16          a5=00000010  a5:00000010 
26076514: 1878: [[34m/chip/soc/fc/insn                                    [0m] uart_write:27                    M 1c008474 c.bnez              a5, 0, -4           a5:00000010 
26118160: 1881: [[34m/chip/soc/fc/insn                                    [0m] uart_write:236                   M 1c008470 c.lw                a5, 0(a4)           a5=00000010  a4:1a102098  PA:1a102098 
26243098: 1890: [[34m/chip/soc/fc/insn                                    [0m] uart_write:236                   M 1c008472 c.andi              a5, a5, 16          a5=00000010  a5:00000010 
26270862: 1892: [[34m/chip/soc/fc/insn                                    [0m] uart_write:27                    M 1c008474 c.bnez              a5, 0, -4           a5:00000010 
26312508: 1895: [[34m/chip/soc/fc/insn                                    [0m] uart_write:236                   M 1c008470 c.lw                a5, 0(a4)           a5=00000010  a4:1a102098  PA:1a102098 
26437446: 1904: [[34m/chip/soc/fc/insn                                    [0m] uart_write:236                   M 1c008472 c.andi              a5, a5, 16          a5=00000010  a5:00000010 
26465210: 1906: [[34m/chip/soc/fc/insn                                    [0m] uart_write:27                    M 1c008474 c.bnez              a5, 0, -4           a5:00000010 
26506856: 1909: [[34m/chip/soc/fc/insn                                    [0m] uart_write:236                   M 1c008470 c.lw                a5, 0(a4)           a5=00000010  a4:1a102098  PA:1a102098 
26631794: 1918: [[34m/chip/soc/fc/insn                                    [0m] uart_write:236                   M 1c008472 c.andi              a5, a5, 16          a5=00000010  a5:00000010 
26659558: 1920: [[34m/chip/soc/fc/insn                                    [0m] uart_write:27                    M 1c008474 c.bnez              a5, 0, -4           a5:00000010 
26701204: 1923: [[34m/chip/soc/fc/insn                                    [0m] uart_write:236                   M 1c008470 c.lw                a5, 0(a4)           a5=00000010  a4:1a102098  PA:1a102098 
26826142: 1932: [[34m/chip/soc/fc/insn                                    [0m] uart_write:236                   M 1c008472 c.andi              a5, a5, 16          a5=00000010  a5:00000010 
26853906: 1934: [[34m/chip/soc/fc/insn                                    [0m] uart_write:27                    M 1c008474 c.bnez              a5, 0, -4           a5:00000010 
26895552: 1937: [[34m/chip/soc/fc/insn                                    [0m] uart_write:236                   M 1c008470 c.lw                a5, 0(a4)           a5=00000010  a4:1a102098  PA:1a102098 
27020490: 1946: [[34m/chip/soc/fc/insn                                    [0m] uart_write:236                   M 1c008472 c.andi              a5, a5, 16          a5=00000010  a5:00000010 
27048254: 1948: [[34m/chip/soc/fc/insn                                    [0m] uart_write:27                    M 1c008474 c.bnez              a5, 0, -4           a5:00000010 
27089900: 1951: [[34m/chip/soc/fc/insn                                    [0m] uart_write:236                   M 1c008470 c.lw                a5, 0(a4)           a5=00000010  a4:1a102098  PA:1a102098 
27214838: 1960: [[34m/chip/soc/fc/insn                                    [0m] uart_write:236                   M 1c008472 c.andi              a5, a5, 16          a5=00000010  a5:00000010 
27242602: 1962: [[34m/chip/soc/fc/insn                                    [0m] uart_write:27                    M 1c008474 c.bnez              a5, 0, -4           a5:00000010 
27284248: 1965: [[34m/chip/soc/fc/insn                                    [0m] uart_write:236                   M 1c008470 c.lw                a5, 0(a4)           a5=00000010  a4:1a102098  PA:1a102098 
27409186: 1974: [[34m/chip/soc/fc/insn                                    [0m] uart_write:236                   M 1c008472 c.andi              a5, a5, 16          a5=00000010  a5:00000010 
27436950: 1976: [[34m/chip/soc/fc/insn                                    [0m] uart_write:27                    M 1c008474 c.bnez              a5, 0, -4           a5:00000010 
27478596: 1979: [[34m/chip/soc/fc/insn                                    [0m] uart_write:236                   M 1c008470 c.lw                a5, 0(a4)           a5=00000010  a4:1a102098  PA:1a102098 
27603534: 1988: [[34m/chip/soc/fc/insn                                    [0m] uart_write:236                   M 1c008472 c.andi              a5, a5, 16          a5=00000010  a5:00000010 
27631298: 1990: [[34m/chip/soc/fc/insn                                    [0m] uart_write:27                    M 1c008474 c.bnez              a5, 0, -4           a5:00000010 
27672944: 1993: [[34m/chip/soc/fc/insn                                    [0m] uart_write:236                   M 1c008470 c.lw                a5, 0(a4)           a5=00000010  a4:1a102098  PA:1a102098 
27797882: 2002: [[34m/chip/soc/fc/insn                                    [0m] uart_write:236                   M 1c008472 c.andi              a5, a5, 16          a5=00000010  a5:00000010 
27825646: 2004: [[34m/chip/soc/fc/insn                                    [0m] uart_write:27                    M 1c008474 c.bnez              a5, 0, -4           a5:00000010 
27867292: 2007: [[34m/chip/soc/fc/insn                                    [0m] uart_write:236                   M 1c008470 c.lw                a5, 0(a4)           a5=00000010  a4:1a102098  PA:1a102098 
27992230: 2016: [[34m/chip/soc/fc/insn                                    [0m] uart_write:236                   M 1c008472 c.andi              a5, a5, 16          a5=00000010  a5:00000010 
28019994: 2018: [[34m/chip/soc/fc/insn                                    [0m] uart_write:27                    M 1c008474 c.bnez              a5, 0, -4           a5:00000010 
28061640: 2021: [[34m/chip/soc/fc/insn                                    [0m] uart_write:236                   M 1c008470 c.lw                a5, 0(a4)           a5=00000010  a4:1a102098  PA:1a102098 
28186578: 2030: [[34m/chip/soc/fc/insn                                    [0m] uart_write:236                   M 1c008472 c.andi              a5, a5, 16          a5=00000010  a5:00000010 
28214342: 2032: [[34m/chip/soc/fc/insn                                    [0m] uart_write:27                    M 1c008474 c.bnez              a5, 0, -4           a5:00000010 
28255988: 2035: [[34m/chip/soc/fc/insn                                    [0m] uart_write:236                   M 1c008470 c.lw                a5, 0(a4)           a5=00000010  a4:1a102098  PA:1a102098 
28380926: 2044: [[34m/chip/soc/fc/insn                                    [0m] uart_write:236                   M 1c008472 c.andi              a5, a5, 16          a5=00000010  a5:00000010 
28408690: 2046: [[34m/chip/soc/fc/insn                                    [0m] uart_write:27                    M 1c008474 c.bnez              a5, 0, -4           a5:00000010 
28450336: 2049: [[34m/chip/soc/fc/insn                                    [0m] uart_write:236                   M 1c008470 c.lw                a5, 0(a4)           a5=00000010  a4:1a102098  PA:1a102098 
28575274: 2058: [[34m/chip/soc/fc/insn                                    [0m] uart_write:236                   M 1c008472 c.andi              a5, a5, 16          a5=00000010  a5:00000010 
28603038: 2060: [[34m/chip/soc/fc/insn                                    [0m] uart_write:27                    M 1c008474 c.bnez              a5, 0, -4           a5:00000010 
28644684: 2063: [[34m/chip/soc/fc/insn                                    [0m] uart_write:236                   M 1c008470 c.lw                a5, 0(a4)           a5=00000010  a4:1a102098  PA:1a102098 
28769622: 2072: [[34m/chip/soc/fc/insn                                    [0m] uart_write:236                   M 1c008472 c.andi              a5, a5, 16          a5=00000010  a5:00000010 
28797386: 2074: [[34m/chip/soc/fc/insn                                    [0m] uart_write:27                    M 1c008474 c.bnez              a5, 0, -4           a5:00000010 
28839032: 2077: [[34m/chip/soc/fc/insn                                    [0m] uart_write:236                   M 1c008470 c.lw                a5, 0(a4)           a5=00000010  a4:1a102098  PA:1a102098 
28963970: 2086: [[34m/chip/soc/fc/insn                                    [0m] uart_write:236                   M 1c008472 c.andi              a5, a5, 16          a5=00000010  a5:00000010 
28991734: 2088: [[34m/chip/soc/fc/insn                                    [0m] uart_write:27                    M 1c008474 c.bnez              a5, 0, -4           a5:00000010 
29033380: 2091: [[34m/chip/soc/fc/insn                                    [0m] uart_write:236                   M 1c008470 c.lw                a5, 0(a4)           a5=00000010  a4:1a102098  PA:1a102098 
29158318: 2100: [[34m/chip/soc/fc/insn                                    [0m] uart_write:236                   M 1c008472 c.andi              a5, a5, 16          a5=00000010  a5:00000010 
29186082: 2102: [[34m/chip/soc/fc/insn                                    [0m] uart_write:27                    M 1c008474 c.bnez              a5, 0, -4           a5:00000010 
29227728: 2105: [[34m/chip/soc/fc/insn                                    [0m] uart_write:236                   M 1c008470 c.lw                a5, 0(a4)           a5=00000010  a4:1a102098  PA:1a102098 
29352666: 2114: [[34m/chip/soc/fc/insn                                    [0m] uart_write:236                   M 1c008472 c.andi              a5, a5, 16          a5=00000010  a5:00000010 
29380430: 2116: [[34m/chip/soc/fc/insn                                    [0m] uart_write:27                    M 1c008474 c.bnez              a5, 0, -4           a5:00000010 
29422076: 2119: [[34m/chip/soc/fc/insn                                    [0m] uart_write:236                   M 1c008470 c.lw                a5, 0(a4)           a5=00000010  a4:1a102098  PA:1a102098 
29547014: 2128: [[34m/chip/soc/fc/insn                                    [0m] uart_write:236                   M 1c008472 c.andi              a5, a5, 16          a5=00000010  a5:00000010 
29574778: 2130: [[34m/chip/soc/fc/insn                                    [0m] uart_write:27                    M 1c008474 c.bnez              a5, 0, -4           a5:00000010 
29616424: 2133: [[34m/chip/soc/fc/insn                                    [0m] uart_write:236                   M 1c008470 c.lw                a5, 0(a4)           a5=00000010  a4:1a102098  PA:1a102098 
29741362: 2142: [[34m/chip/soc/fc/insn                                    [0m] uart_write:236                   M 1c008472 c.andi              a5, a5, 16          a5=00000010  a5:00000010 
29769126: 2144: [[34m/chip/soc/fc/insn                                    [0m] uart_write:27                    M 1c008474 c.bnez              a5, 0, -4           a5:00000010 
29810772: 2147: [[34m/chip/soc/fc/insn                                    [0m] uart_write:236                   M 1c008470 c.lw                a5, 0(a4)           a5=00000010  a4:1a102098  PA:1a102098 
29935710: 2156: [[34m/chip/soc/fc/insn                                    [0m] uart_write:236                   M 1c008472 c.andi              a5, a5, 16          a5=00000010  a5:00000010 
29963474: 2158: [[34m/chip/soc/fc/insn                                    [0m] uart_write:27                    M 1c008474 c.bnez              a5, 0, -4           a5:00000010 
30005120: 2161: [[34m/chip/soc/fc/insn                                    [0m] uart_write:236                   M 1c008470 c.lw                a5, 0(a4)           a5=00000010  a4:1a102098  PA:1a102098 
30130058: 2170: [[34m/chip/soc/fc/insn                                    [0m] uart_write:236                   M 1c008472 c.andi              a5, a5, 16          a5=00000010  a5:00000010 
30157822: 2172: [[34m/chip/soc/fc/insn                                    [0m] uart_write:27                    M 1c008474 c.bnez              a5, 0, -4           a5:00000010 
30199468: 2175: [[34m/chip/soc/fc/insn                                    [0m] uart_write:236                   M 1c008470 c.lw                a5, 0(a4)           a5=00000010  a4:1a102098  PA:1a102098 
30324406: 2184: [[34m/chip/soc/fc/insn                                    [0m] uart_write:236                   M 1c008472 c.andi              a5, a5, 16          a5=00000010  a5:00000010 
30352170: 2186: [[34m/chip/soc/fc/insn                                    [0m] uart_write:27                    M 1c008474 c.bnez              a5, 0, -4           a5:00000010 
30393816: 2189: [[34m/chip/soc/fc/insn                                    [0m] uart_write:236                   M 1c008470 c.lw                a5, 0(a4)           a5=00000010  a4:1a102098  PA:1a102098 
30518754: 2198: [[34m/chip/soc/fc/insn                                    [0m] uart_write:236                   M 1c008472 c.andi              a5, a5, 16          a5=00000010  a5:00000010 
30546518: 2200: [[34m/chip/soc/fc/insn                                    [0m] uart_write:27                    M 1c008474 c.bnez              a5, 0, -4           a5:00000010 
30588164: 2203: [[34m/chip/soc/fc/insn                                    [0m] uart_write:236                   M 1c008470 c.lw                a5, 0(a4)           a5=00000010  a4:1a102098  PA:1a102098 
30713102: 2212: [[34m/chip/soc/fc/insn                                    [0m] uart_write:236                   M 1c008472 c.andi              a5, a5, 16          a5=00000010  a5:00000010 
30740866: 2214: [[34m/chip/soc/fc/insn                                    [0m] uart_write:27                    M 1c008474 c.bnez              a5, 0, -4           a5:00000010 
30782512: 2217: [[34m/chip/soc/fc/insn                                    [0m] uart_write:236                   M 1c008470 c.lw                a5, 0(a4)           a5=00000010  a4:1a102098  PA:1a102098 
30907450: 2226: [[34m/chip/soc/fc/insn                                    [0m] uart_write:236                   M 1c008472 c.andi              a5, a5, 16          a5=00000010  a5:00000010 
30935214: 2228: [[34m/chip/soc/fc/insn                                    [0m] uart_write:27                    M 1c008474 c.bnez              a5, 0, -4           a5:00000010 
30976860: 2231: [[34m/chip/soc/fc/insn                                    [0m] uart_write:236                   M 1c008470 c.lw                a5, 0(a4)           a5=00000010  a4:1a102098  PA:1a102098 
31101798: 2240: [[34m/chip/soc/fc/insn                                    [0m] uart_write:236                   M 1c008472 c.andi              a5, a5, 16          a5=00000010  a5:00000010 
31129562: 2242: [[34m/chip/soc/fc/insn                                    [0m] uart_write:27                    M 1c008474 c.bnez              a5, 0, -4           a5:00000010 
31171208: 2245: [[34m/chip/soc/fc/insn                                    [0m] uart_write:236                   M 1c008470 c.lw                a5, 0(a4)           a5=00000010  a4:1a102098  PA:1a102098 
31296146: 2254: [[34m/chip/soc/fc/insn                                    [0m] uart_write:236                   M 1c008472 c.andi              a5, a5, 16          a5=00000010  a5:00000010 
31323910: 2256: [[34m/chip/soc/fc/insn                                    [0m] uart_write:27                    M 1c008474 c.bnez              a5, 0, -4           a5:00000010 
31365556: 2259: [[34m/chip/soc/fc/insn                                    [0m] uart_write:236                   M 1c008470 c.lw                a5, 0(a4)           a5=00000010  a4:1a102098  PA:1a102098 
31490494: 2268: [[34m/chip/soc/fc/insn                                    [0m] uart_write:236                   M 1c008472 c.andi              a5, a5, 16          a5=00000010  a5:00000010 
31518258: 2270: [[34m/chip/soc/fc/insn                                    [0m] uart_write:27                    M 1c008474 c.bnez              a5, 0, -4           a5:00000010 
31559904: 2273: [[34m/chip/soc/fc/insn                                    [0m] uart_write:236                   M 1c008470 c.lw                a5, 0(a4)           a5=00000010  a4:1a102098  PA:1a102098 
31684842: 2282: [[34m/chip/soc/fc/insn                                    [0m] uart_write:236                   M 1c008472 c.andi              a5, a5, 16          a5=00000010  a5:00000010 
31712606: 2284: [[34m/chip/soc/fc/insn                                    [0m] uart_write:27                    M 1c008474 c.bnez              a5, 0, -4           a5:00000010 
31754252: 2287: [[34m/chip/soc/fc/insn                                    [0m] uart_write:236                   M 1c008470 c.lw                a5, 0(a4)           a5=00000010  a4:1a102098  PA:1a102098 
31879190: 2296: [[34m/chip/soc/fc/insn                                    [0m] uart_write:236                   M 1c008472 c.andi              a5, a5, 16          a5=00000010  a5:00000010 
31906954: 2298: [[34m/chip/soc/fc/insn                                    [0m] uart_write:27                    M 1c008474 c.bnez              a5, 0, -4           a5:00000010 
31948600: 2301: [[34m/chip/soc/fc/insn                                    [0m] uart_write:236                   M 1c008470 c.lw                a5, 0(a4)           a5=00000010  a4:1a102098  PA:1a102098 
32073538: 2310: [[34m/chip/soc/fc/insn                                    [0m] uart_write:236                   M 1c008472 c.andi              a5, a5, 16          a5=00000010  a5:00000010 
32101302: 2312: [[34m/chip/soc/fc/insn                                    [0m] uart_write:27                    M 1c008474 c.bnez              a5, 0, -4           a5:00000010 
32142948: 2315: [[34m/chip/soc/fc/insn                                    [0m] uart_write:236                   M 1c008470 c.lw                a5, 0(a4)           a5=00000010  a4:1a102098  PA:1a102098 
32267886: 2324: [[34m/chip/soc/fc/insn                                    [0m] uart_write:236                   M 1c008472 c.andi              a5, a5, 16          a5=00000010  a5:00000010 
32295650: 2326: [[34m/chip/soc/fc/insn                                    [0m] uart_write:27                    M 1c008474 c.bnez              a5, 0, -4           a5:00000010 
32337296: 2329: [[34m/chip/soc/fc/insn                                    [0m] uart_write:236                   M 1c008470 c.lw                a5, 0(a4)           a5=00000010  a4:1a102098  PA:1a102098 
32462234: 2338: [[34m/chip/soc/fc/insn                                    [0m] uart_write:236                   M 1c008472 c.andi              a5, a5, 16          a5=00000010  a5:00000010 
32489998: 2340: [[34m/chip/soc/fc/insn                                    [0m] uart_write:27                    M 1c008474 c.bnez              a5, 0, -4           a5:00000010 
32531644: 2343: [[34m/chip/soc/fc/insn                                    [0m] uart_write:236                   M 1c008470 c.lw                a5, 0(a4)           a5=00000010  a4:1a102098  PA:1a102098 
32656582: 2352: [[34m/chip/soc/fc/insn                                    [0m] uart_write:236                   M 1c008472 c.andi              a5, a5, 16          a5=00000010  a5:00000010 
32684346: 2354: [[34m/chip/soc/fc/insn                                    [0m] uart_write:27                    M 1c008474 c.bnez              a5, 0, -4           a5:00000010 
32725992: 2357: [[34m/chip/soc/fc/insn                                    [0m] uart_write:236                   M 1c008470 c.lw                a5, 0(a4)           a5=00000010  a4:1a102098  PA:1a102098 
32850930: 2366: [[34m/chip/soc/fc/insn                                    [0m] uart_write:236                   M 1c008472 c.andi              a5, a5, 16          a5=00000010  a5:00000010 
32878694: 2368: [[34m/chip/soc/fc/insn                                    [0m] uart_write:27                    M 1c008474 c.bnez              a5, 0, -4           a5:00000010 
32920340: 2371: [[34m/chip/soc/fc/insn                                    [0m] uart_write:236                   M 1c008470 c.lw                a5, 0(a4)           a5=00000010  a4:1a102098  PA:1a102098 
33045278: 2380: [[34m/chip/soc/fc/insn                                    [0m] uart_write:236                   M 1c008472 c.andi              a5, a5, 16          a5=00000010  a5:00000010 
33073042: 2382: [[34m/chip/soc/fc/insn                                    [0m] uart_write:27                    M 1c008474 c.bnez              a5, 0, -4           a5:00000010 
33114688: 2385: [[34m/chip/soc/fc/insn                                    [0m] uart_write:236                   M 1c008470 c.lw                a5, 0(a4)           a5=00000010  a4:1a102098  PA:1a102098 
33239626: 2394: [[34m/chip/soc/fc/insn                                    [0m] uart_write:236                   M 1c008472 c.andi              a5, a5, 16          a5=00000010  a5:00000010 
33267390: 2396: [[34m/chip/soc/fc/insn                                    [0m] uart_write:27                    M 1c008474 c.bnez              a5, 0, -4           a5:00000010 
33309036: 2399: [[34m/chip/soc/fc/insn                                    [0m] uart_write:236                   M 1c008470 c.lw                a5, 0(a4)           a5=00000010  a4:1a102098  PA:1a102098 
33433974: 2408: [[34m/chip/soc/fc/insn                                    [0m] uart_write:236                   M 1c008472 c.andi              a5, a5, 16          a5=00000010  a5:00000010 
33461738: 2410: [[34m/chip/soc/fc/insn                                    [0m] uart_write:27                    M 1c008474 c.bnez              a5, 0, -4           a5:00000010 
33503384: 2413: [[34m/chip/soc/fc/insn                                    [0m] uart_write:236                   M 1c008470 c.lw                a5, 0(a4)           a5=00000010  a4:1a102098  PA:1a102098 
33628322: 2422: [[34m/chip/soc/fc/insn                                    [0m] uart_write:236                   M 1c008472 c.andi              a5, a5, 16          a5=00000010  a5:00000010 
33656086: 2424: [[34m/chip/soc/fc/insn                                    [0m] uart_write:27                    M 1c008474 c.bnez              a5, 0, -4           a5:00000010 
33697732: 2427: [[34m/chip/soc/fc/insn                                    [0m] uart_write:236                   M 1c008470 c.lw                a5, 0(a4)           a5=00000010  a4:1a102098  PA:1a102098 
33822670: 2436: [[34m/chip/soc/fc/insn                                    [0m] uart_write:236                   M 1c008472 c.andi              a5, a5, 16          a5=00000010  a5:00000010 
33850434: 2438: [[34m/chip/soc/fc/insn                                    [0m] uart_write:27                    M 1c008474 c.bnez              a5, 0, -4           a5:00000010 
33892080: 2441: [[34m/chip/soc/fc/insn                                    [0m] uart_write:236                   M 1c008470 c.lw                a5, 0(a4)           a5=00000010  a4:1a102098  PA:1a102098 
34017018: 2450: [[34m/chip/soc/fc/insn                                    [0m] uart_write:236                   M 1c008472 c.andi              a5, a5, 16          a5=00000010  a5:00000010 
34044782: 2452: [[34m/chip/soc/fc/insn                                    [0m] uart_write:27                    M 1c008474 c.bnez              a5, 0, -4           a5:00000010 
34086428: 2455: [[34m/chip/soc/fc/insn                                    [0m] uart_write:236                   M 1c008470 c.lw                a5, 0(a4)           a5=00000010  a4:1a102098  PA:1a102098 
34211366: 2464: [[34m/chip/soc/fc/insn                                    [0m] uart_write:236                   M 1c008472 c.andi              a5, a5, 16          a5=00000010  a5:00000010 
34239130: 2466: [[34m/chip/soc/fc/insn                                    [0m] uart_write:27                    M 1c008474 c.bnez              a5, 0, -4           a5:00000010 
34280776: 2469: [[34m/chip/soc/fc/insn                                    [0m] uart_write:236                   M 1c008470 c.lw                a5, 0(a4)           a5=00000010  a4:1a102098  PA:1a102098 
34405714: 2478: [[34m/chip/soc/fc/insn                                    [0m] uart_write:236                   M 1c008472 c.andi              a5, a5, 16          a5=00000010  a5:00000010 
34433478: 2480: [[34m/chip/soc/fc/insn                                    [0m] uart_write:27                    M 1c008474 c.bnez              a5, 0, -4           a5:00000010 
34475124: 2483: [[34m/chip/soc/fc/insn                                    [0m] uart_write:236                   M 1c008470 c.lw                a5, 0(a4)           a5=00000010  a4:1a102098  PA:1a102098 
34600062: 2492: [[34m/chip/soc/fc/insn                                    [0m] uart_write:236                   M 1c008472 c.andi              a5, a5, 16          a5=00000010  a5:00000010 
34627826: 2494: [[34m/chip/soc/fc/insn                                    [0m] uart_write:27                    M 1c008474 c.bnez              a5, 0, -4           a5:00000010 
34669472: 2497: [[34m/chip/soc/fc/insn                                    [0m] uart_write:236                   M 1c008470 c.lw                a5, 0(a4)           a5=00000010  a4:1a102098  PA:1a102098 
34794410: 2506: [[34m/chip/soc/fc/insn                                    [0m] uart_write:236                   M 1c008472 c.andi              a5, a5, 16          a5=00000010  a5:00000010 
34822174: 2508: [[34m/chip/soc/fc/insn                                    [0m] uart_write:27                    M 1c008474 c.bnez              a5, 0, -4           a5:00000010 
34863820: 2511: [[34m/chip/soc/fc/insn                                    [0m] uart_write:236                   M 1c008470 c.lw                a5, 0(a4)           a5=00000010  a4:1a102098  PA:1a102098 
34988758: 2520: [[34m/chip/soc/fc/insn                                    [0m] uart_write:236                   M 1c008472 c.andi              a5, a5, 16          a5=00000010  a5:00000010 
35016522: 2522: [[34m/chip/soc/fc/insn                                    [0m] uart_write:27                    M 1c008474 c.bnez              a5, 0, -4           a5:00000010 
35058168: 2525: [[34m/chip/soc/fc/insn                                    [0m] uart_write:236                   M 1c008470 c.lw                a5, 0(a4)           a5=00000010  a4:1a102098  PA:1a102098 
35183106: 2534: [[34m/chip/soc/fc/insn                                    [0m] uart_write:236                   M 1c008472 c.andi              a5, a5, 16          a5=00000010  a5:00000010 
35210870: 2536: [[34m/chip/soc/fc/insn                                    [0m] uart_write:27                    M 1c008474 c.bnez              a5, 0, -4           a5:00000010 
35252516: 2539: [[34m/chip/soc/fc/insn                                    [0m] uart_write:236                   M 1c008470 c.lw                a5, 0(a4)           a5=00000010  a4:1a102098  PA:1a102098 
35377454: 2548: [[34m/chip/soc/fc/insn                                    [0m] uart_write:236                   M 1c008472 c.andi              a5, a5, 16          a5=00000010  a5:00000010 
35405218: 2550: [[34m/chip/soc/fc/insn                                    [0m] uart_write:27                    M 1c008474 c.bnez              a5, 0, -4           a5:00000010 
35446864: 2553: [[34m/chip/soc/fc/insn                                    [0m] uart_write:236                   M 1c008470 c.lw                a5, 0(a4)           a5=00000010  a4:1a102098  PA:1a102098 
35571802: 2562: [[34m/chip/soc/fc/insn                                    [0m] uart_write:236                   M 1c008472 c.andi              a5, a5, 16          a5=00000010  a5:00000010 
35599566: 2564: [[34m/chip/soc/fc/insn                                    [0m] uart_write:27                    M 1c008474 c.bnez              a5, 0, -4           a5:00000010 
35641212: 2567: [[34m/chip/soc/fc/insn                                    [0m] uart_write:236                   M 1c008470 c.lw                a5, 0(a4)           a5=00000010  a4:1a102098  PA:1a102098 
35766150: 2576: [[34m/chip/soc/fc/insn                                    [0m] uart_write:236                   M 1c008472 c.andi              a5, a5, 16          a5=00000010  a5:00000010 
35793914: 2578: [[34m/chip/soc/fc/insn                                    [0m] uart_write:27                    M 1c008474 c.bnez              a5, 0, -4           a5:00000010 
35835560: 2581: [[34m/chip/soc/fc/insn                                    [0m] uart_write:236                   M 1c008470 c.lw                a5, 0(a4)           a5=00000010  a4:1a102098  PA:1a102098 
35960498: 2590: [[34m/chip/soc/fc/insn                                    [0m] uart_write:236                   M 1c008472 c.andi              a5, a5, 16          a5=00000010  a5:00000010 
35988262: 2592: [[34m/chip/soc/fc/insn                                    [0m] uart_write:27                    M 1c008474 c.bnez              a5, 0, -4           a5:00000010 
36029908: 2595: [[34m/chip/soc/fc/insn                                    [0m] uart_write:236                   M 1c008470 c.lw                a5, 0(a4)           a5=00000010  a4:1a102098  PA:1a102098 
36154846: 2604: [[34m/chip/soc/fc/insn                                    [0m] uart_write:236                   M 1c008472 c.andi              a5, a5, 16          a5=00000010  a5:00000010 
36182610: 2606: [[34m/chip/soc/fc/insn                                    [0m] uart_write:27                    M 1c008474 c.bnez              a5, 0, -4           a5:00000010 
36224256: 2609: [[34m/chip/soc/fc/insn                                    [0m] uart_write:236                   M 1c008470 c.lw                a5, 0(a4)           a5=00000010  a4:1a102098  PA:1a102098 
36349194: 2618: [[34m/chip/soc/fc/insn                                    [0m] uart_write:236                   M 1c008472 c.andi              a5, a5, 16          a5=00000010  a5:00000010 
36376958: 2620: [[34m/chip/soc/fc/insn                                    [0m] uart_write:27                    M 1c008474 c.bnez              a5, 0, -4           a5:00000010 
36418604: 2623: [[34m/chip/soc/fc/insn                                    [0m] uart_write:236                   M 1c008470 c.lw                a5, 0(a4)           a5=00000010  a4:1a102098  PA:1a102098 
36543542: 2632: [[34m/chip/soc/fc/insn                                    [0m] uart_write:236                   M 1c008472 c.andi              a5, a5, 16          a5=00000010  a5:00000010 
36571306: 2634: [[34m/chip/soc/fc/insn                                    [0m] uart_write:27                    M 1c008474 c.bnez              a5, 0, -4           a5:00000010 
36612952: 2637: [[34m/chip/soc/fc/insn                                    [0m] uart_write:236                   M 1c008470 c.lw                a5, 0(a4)           a5=00000010  a4:1a102098  PA:1a102098 
36737890: 2646: [[34m/chip/soc/fc/insn                                    [0m] uart_write:236                   M 1c008472 c.andi              a5, a5, 16          a5=00000010  a5:00000010 
36765654: 2648: [[34m/chip/soc/fc/insn                                    [0m] uart_write:27                    M 1c008474 c.bnez              a5, 0, -4           a5:00000010 
36807300: 2651: [[34m/chip/soc/fc/insn                                    [0m] uart_write:236                   M 1c008470 c.lw                a5, 0(a4)           a5=00000010  a4:1a102098  PA:1a102098 
36932238: 2660: [[34m/chip/soc/fc/insn                                    [0m] uart_write:236                   M 1c008472 c.andi              a5, a5, 16          a5=00000010  a5:00000010 
36960002: 2662: [[34m/chip/soc/fc/insn                                    [0m] uart_write:27                    M 1c008474 c.bnez              a5, 0, -4           a5:00000010 
37001648: 2665: [[34m/chip/soc/fc/insn                                    [0m] uart_write:236                   M 1c008470 c.lw                a5, 0(a4)           a5=00000010  a4:1a102098  PA:1a102098 
37126586: 2674: [[34m/chip/soc/fc/insn                                    [0m] uart_write:236                   M 1c008472 c.andi              a5, a5, 16          a5=00000010  a5:00000010 
37154350: 2676: [[34m/chip/soc/fc/insn                                    [0m] uart_write:27                    M 1c008474 c.bnez              a5, 0, -4           a5:00000010 
37195996: 2679: [[34m/chip/soc/fc/insn                                    [0m] uart_write:236                   M 1c008470 c.lw                a5, 0(a4)           a5=00000010  a4:1a102098  PA:1a102098 
37320934: 2688: [[34m/chip/soc/fc/insn                                    [0m] uart_write:236                   M 1c008472 c.andi              a5, a5, 16          a5=00000010  a5:00000010 
37348698: 2690: [[34m/chip/soc/fc/insn                                    [0m] uart_write:27                    M 1c008474 c.bnez              a5, 0, -4           a5:00000010 
37390344: 2693: [[34m/chip/soc/fc/insn                                    [0m] uart_write:236                   M 1c008470 c.lw                a5, 0(a4)           a5=00000010  a4:1a102098  PA:1a102098 
37515282: 2702: [[34m/chip/soc/fc/insn                                    [0m] uart_write:236                   M 1c008472 c.andi              a5, a5, 16          a5=00000010  a5:00000010 
37543046: 2704: [[34m/chip/soc/fc/insn                                    [0m] uart_write:27                    M 1c008474 c.bnez              a5, 0, -4           a5:00000010 
37584692: 2707: [[34m/chip/soc/fc/insn                                    [0m] uart_write:236                   M 1c008470 c.lw                a5, 0(a4)           a5=00000010  a4:1a102098  PA:1a102098 
37709630: 2716: [[34m/chip/soc/fc/insn                                    [0m] uart_write:236                   M 1c008472 c.andi              a5, a5, 16          a5=00000010  a5:00000010 
37737394: 2718: [[34m/chip/soc/fc/insn                                    [0m] uart_write:27                    M 1c008474 c.bnez              a5, 0, -4           a5:00000010 
37779040: 2721: [[34m/chip/soc/fc/insn                                    [0m] uart_write:236                   M 1c008470 c.lw                a5, 0(a4)           a5=00000010  a4:1a102098  PA:1a102098 
37903978: 2730: [[34m/chip/soc/fc/insn                                    [0m] uart_write:236                   M 1c008472 c.andi              a5, a5, 16          a5=00000010  a5:00000010 
37931742: 2732: [[34m/chip/soc/fc/insn                                    [0m] uart_write:27                    M 1c008474 c.bnez              a5, 0, -4           a5:00000010 
37973388: 2735: [[34m/chip/soc/fc/insn                                    [0m] uart_write:236                   M 1c008470 c.lw                a5, 0(a4)           a5=00000010  a4:1a102098  PA:1a102098 
38098326: 2744: [[34m/chip/soc/fc/insn                                    [0m] uart_write:236                   M 1c008472 c.andi              a5, a5, 16          a5=00000010  a5:00000010 
38126090: 2746: [[34m/chip/soc/fc/insn                                    [0m] uart_write:27                    M 1c008474 c.bnez              a5, 0, -4           a5:00000010 
38167736: 2749: [[34m/chip/soc/fc/insn                                    [0m] uart_write:236                   M 1c008470 c.lw                a5, 0(a4)           a5=00000010  a4:1a102098  PA:1a102098 
38292674: 2758: [[34m/chip/soc/fc/insn                                    [0m] uart_write:236                   M 1c008472 c.andi              a5, a5, 16          a5=00000010  a5:00000010 
38320438: 2760: [[34m/chip/soc/fc/insn                                    [0m] uart_write:27                    M 1c008474 c.bnez              a5, 0, -4           a5:00000010 
38362084: 2763: [[34m/chip/soc/fc/insn                                    [0m] uart_write:236                   M 1c008470 c.lw                a5, 0(a4)           a5=00000010  a4:1a102098  PA:1a102098 
38487022: 2772: [[34m/chip/soc/fc/insn                                    [0m] uart_write:236                   M 1c008472 c.andi              a5, a5, 16          a5=00000010  a5:00000010 
38514786: 2774: [[34m/chip/soc/fc/insn                                    [0m] uart_write:27                    M 1c008474 c.bnez              a5, 0, -4           a5:00000010 
38556432: 2777: [[34m/chip/soc/fc/insn                                    [0m] uart_write:236                   M 1c008470 c.lw                a5, 0(a4)           a5=00000010  a4:1a102098  PA:1a102098 
38681370: 2786: [[34m/chip/soc/fc/insn                                    [0m] uart_write:236                   M 1c008472 c.andi              a5, a5, 16          a5=00000010  a5:00000010 
38709134: 2788: [[34m/chip/soc/fc/insn                                    [0m] uart_write:27                    M 1c008474 c.bnez              a5, 0, -4           a5:00000010 
38750780: 2791: [[34m/chip/soc/fc/insn                                    [0m] uart_write:236                   M 1c008470 c.lw                a5, 0(a4)           a5=00000010  a4:1a102098  PA:1a102098 
38875718: 2800: [[34m/chip/soc/fc/insn                                    [0m] uart_write:236                   M 1c008472 c.andi              a5, a5, 16          a5=00000010  a5:00000010 
38903482: 2802: [[34m/chip/soc/fc/insn                                    [0m] uart_write:27                    M 1c008474 c.bnez              a5, 0, -4           a5:00000010 
38945128: 2805: [[34m/chip/soc/fc/insn                                    [0m] uart_write:236                   M 1c008470 c.lw                a5, 0(a4)           a5=00000010  a4:1a102098  PA:1a102098 
39070066: 2814: [[34m/chip/soc/fc/insn                                    [0m] uart_write:236                   M 1c008472 c.andi              a5, a5, 16          a5=00000010  a5:00000010 
39097830: 2816: [[34m/chip/soc/fc/insn                                    [0m] uart_write:27                    M 1c008474 c.bnez              a5, 0, -4           a5:00000010 
39139476: 2819: [[34m/chip/soc/fc/insn                                    [0m] uart_write:236                   M 1c008470 c.lw                a5, 0(a4)           a5=00000010  a4:1a102098  PA:1a102098 
39264414: 2828: [[34m/chip/soc/fc/insn                                    [0m] uart_write:236                   M 1c008472 c.andi              a5, a5, 16          a5=00000010  a5:00000010 
39292178: 2830: [[34m/chip/soc/fc/insn                                    [0m] uart_write:27                    M 1c008474 c.bnez              a5, 0, -4           a5:00000010 
39333824: 2833: [[34m/chip/soc/fc/insn                                    [0m] uart_write:236                   M 1c008470 c.lw                a5, 0(a4)           a5=00000010  a4:1a102098  PA:1a102098 
39458762: 2842: [[34m/chip/soc/fc/insn                                    [0m] uart_write:236                   M 1c008472 c.andi              a5, a5, 16          a5=00000010  a5:00000010 
39486526: 2844: [[34m/chip/soc/fc/insn                                    [0m] uart_write:27                    M 1c008474 c.bnez              a5, 0, -4           a5:00000010 
39528172: 2847: [[34m/chip/soc/fc/insn                                    [0m] uart_write:236                   M 1c008470 c.lw                a5, 0(a4)           a5=00000010  a4:1a102098  PA:1a102098 
39653110: 2856: [[34m/chip/soc/fc/insn                                    [0m] uart_write:236                   M 1c008472 c.andi              a5, a5, 16          a5=00000010  a5:00000010 
39680874: 2858: [[34m/chip/soc/fc/insn                                    [0m] uart_write:27                    M 1c008474 c.bnez              a5, 0, -4           a5:00000010 
39722520: 2861: [[34m/chip/soc/fc/insn                                    [0m] uart_write:236                   M 1c008470 c.lw                a5, 0(a4)           a5=00000010  a4:1a102098  PA:1a102098 
39847458: 2870: [[34m/chip/soc/fc/insn                                    [0m] uart_write:236                   M 1c008472 c.andi              a5, a5, 16          a5=00000010  a5:00000010 
39875222: 2872: [[34m/chip/soc/fc/insn                                    [0m] uart_write:27                    M 1c008474 c.bnez              a5, 0, -4           a5:00000010 
39916868: 2875: [[34m/chip/soc/fc/insn                                    [0m] uart_write:236                   M 1c008470 c.lw                a5, 0(a4)           a5=00000010  a4:1a102098  PA:1a102098 
40041806: 2884: [[34m/chip/soc/fc/insn                                    [0m] uart_write:236                   M 1c008472 c.andi              a5, a5, 16          a5=00000010  a5:00000010 
40069570: 2886: [[34m/chip/soc/fc/insn                                    [0m] uart_write:27                    M 1c008474 c.bnez              a5, 0, -4           a5:00000010 
40111216: 2889: [[34m/chip/soc/fc/insn                                    [0m] uart_write:236                   M 1c008470 c.lw                a5, 0(a4)           a5=00000010  a4:1a102098  PA:1a102098 
40236154: 2898: [[34m/chip/soc/fc/insn                                    [0m] uart_write:236                   M 1c008472 c.andi              a5, a5, 16          a5=00000010  a5:00000010 
40263918: 2900: [[34m/chip/soc/fc/insn                                    [0m] uart_write:27                    M 1c008474 c.bnez              a5, 0, -4           a5:00000010 
40305564: 2903: [[34m/chip/soc/fc/insn                                    [0m] uart_write:236                   M 1c008470 c.lw                a5, 0(a4)           a5=00000010  a4:1a102098  PA:1a102098 
40430502: 2912: [[34m/chip/soc/fc/insn                                    [0m] uart_write:236                   M 1c008472 c.andi              a5, a5, 16          a5=00000010  a5:00000010 
40458266: 2914: [[34m/chip/soc/fc/insn                                    [0m] uart_write:27                    M 1c008474 c.bnez              a5, 0, -4           a5:00000010 
40499912: 2917: [[34m/chip/soc/fc/insn                                    [0m] uart_write:236                   M 1c008470 c.lw                a5, 0(a4)           a5=00000010  a4:1a102098  PA:1a102098 
40624850: 2926: [[34m/chip/soc/fc/insn                                    [0m] uart_write:236                   M 1c008472 c.andi              a5, a5, 16          a5=00000010  a5:00000010 
40652614: 2928: [[34m/chip/soc/fc/insn                                    [0m] uart_write:27                    M 1c008474 c.bnez              a5, 0, -4           a5:00000010 
40694260: 2931: [[34m/chip/soc/fc/insn                                    [0m] uart_write:236                   M 1c008470 c.lw                a5, 0(a4)           a5=00000010  a4:1a102098  PA:1a102098 
40819198: 2940: [[34m/chip/soc/fc/insn                                    [0m] uart_write:236                   M 1c008472 c.andi              a5, a5, 16          a5=00000010  a5:00000010 
40846962: 2942: [[34m/chip/soc/fc/insn                                    [0m] uart_write:27                    M 1c008474 c.bnez              a5, 0, -4           a5:00000010 
40888608: 2945: [[34m/chip/soc/fc/insn                                    [0m] uart_write:236                   M 1c008470 c.lw                a5, 0(a4)           a5=00000010  a4:1a102098  PA:1a102098 
41013546: 2954: [[34m/chip/soc/fc/insn                                    [0m] uart_write:236                   M 1c008472 c.andi              a5, a5, 16          a5=00000010  a5:00000010 
41041310: 2956: [[34m/chip/soc/fc/insn                                    [0m] uart_write:27                    M 1c008474 c.bnez              a5, 0, -4           a5:00000010 
41082956: 2959: [[34m/chip/soc/fc/insn                                    [0m] uart_write:236                   M 1c008470 c.lw                a5, 0(a4)           a5=00000010  a4:1a102098  PA:1a102098 
41207894: 2968: [[34m/chip/soc/fc/insn                                    [0m] uart_write:236                   M 1c008472 c.andi              a5, a5, 16          a5=00000010  a5:00000010 
41235658: 2970: [[34m/chip/soc/fc/insn                                    [0m] uart_write:27                    M 1c008474 c.bnez              a5, 0, -4           a5:00000010 
41277304: 2973: [[34m/chip/soc/fc/insn                                    [0m] uart_write:236                   M 1c008470 c.lw                a5, 0(a4)           a5=00000010  a4:1a102098  PA:1a102098 
41402242: 2982: [[34m/chip/soc/fc/insn                                    [0m] uart_write:236                   M 1c008472 c.andi              a5, a5, 16          a5=00000010  a5:00000010 
41430006: 2984: [[34m/chip/soc/fc/insn                                    [0m] uart_write:27                    M 1c008474 c.bnez              a5, 0, -4           a5:00000010 
41471652: 2987: [[34m/chip/soc/fc/insn                                    [0m] uart_write:236                   M 1c008470 c.lw                a5, 0(a4)           a5=00000010  a4:1a102098  PA:1a102098 
41596590: 2996: [[34m/chip/soc/fc/insn                                    [0m] uart_write:236                   M 1c008472 c.andi              a5, a5, 16          a5=00000010  a5:00000010 
41624354: 2998: [[34m/chip/soc/fc/insn                                    [0m] uart_write:27                    M 1c008474 c.bnez              a5, 0, -4           a5:00000010 
41666000: 3001: [[34m/chip/soc/fc/insn                                    [0m] uart_write:236                   M 1c008470 c.lw                a5, 0(a4)           a5=00000010  a4:1a102098  PA:1a102098 
41790938: 3010: [[34m/chip/soc/fc/insn                                    [0m] uart_write:236                   M 1c008472 c.andi              a5, a5, 16          a5=00000010  a5:00000010 
41818702: 3012: [[34m/chip/soc/fc/insn                                    [0m] uart_write:27                    M 1c008474 c.bnez              a5, 0, -4           a5:00000010 
41860348: 3015: [[34m/chip/soc/fc/insn                                    [0m] uart_write:236                   M 1c008470 c.lw                a5, 0(a4)           a5=00000010  a4:1a102098  PA:1a102098 
41985286: 3024: [[34m/chip/soc/fc/insn                                    [0m] uart_write:236                   M 1c008472 c.andi              a5, a5, 16          a5=00000010  a5:00000010 
42013050: 3026: [[34m/chip/soc/fc/insn                                    [0m] uart_write:27                    M 1c008474 c.bnez              a5, 0, -4           a5:00000010 
42054696: 3029: [[34m/chip/soc/fc/insn                                    [0m] uart_write:236                   M 1c008470 c.lw                a5, 0(a4)           a5=00000010  a4:1a102098  PA:1a102098 
42179634: 3038: [[34m/chip/soc/fc/insn                                    [0m] uart_write:236                   M 1c008472 c.andi              a5, a5, 16          a5=00000010  a5:00000010 
42207398: 3040: [[34m/chip/soc/fc/insn                                    [0m] uart_write:27                    M 1c008474 c.bnez              a5, 0, -4           a5:00000010 
42249044: 3043: [[34m/chip/soc/fc/insn                                    [0m] uart_write:236                   M 1c008470 c.lw                a5, 0(a4)           a5=00000010  a4:1a102098  PA:1a102098 
42373982: 3052: [[34m/chip/soc/fc/insn                                    [0m] uart_write:236                   M 1c008472 c.andi              a5, a5, 16          a5=00000010  a5:00000010 
42401746: 3054: [[34m/chip/soc/fc/insn                                    [0m] uart_write:27                    M 1c008474 c.bnez              a5, 0, -4           a5:00000010 
42443392: 3057: [[34m/chip/soc/fc/insn                                    [0m] uart_write:236                   M 1c008470 c.lw                a5, 0(a4)           a5=00000010  a4:1a102098  PA:1a102098 
42568330: 3066: [[34m/chip/soc/fc/insn                                    [0m] uart_write:236                   M 1c008472 c.andi              a5, a5, 16          a5=00000010  a5:00000010 
42596094: 3068: [[34m/chip/soc/fc/insn                                    [0m] uart_write:27                    M 1c008474 c.bnez              a5, 0, -4           a5:00000010 
42637740: 3071: [[34m/chip/soc/fc/insn                                    [0m] uart_write:236                   M 1c008470 c.lw                a5, 0(a4)           a5=00000010  a4:1a102098  PA:1a102098 
42762678: 3080: [[34m/chip/soc/fc/insn                                    [0m] uart_write:236                   M 1c008472 c.andi              a5, a5, 16          a5=00000010  a5:00000010 
42790442: 3082: [[34m/chip/soc/fc/insn                                    [0m] uart_write:27                    M 1c008474 c.bnez              a5, 0, -4           a5:00000010 
42832088: 3085: [[34m/chip/soc/fc/insn                                    [0m] uart_write:236                   M 1c008470 c.lw                a5, 0(a4)           a5=00000010  a4:1a102098  PA:1a102098 
42957026: 3094: [[34m/chip/soc/fc/insn                                    [0m] uart_write:236                   M 1c008472 c.andi              a5, a5, 16          a5=00000010  a5:00000010 
42984790: 3096: [[34m/chip/soc/fc/insn                                    [0m] uart_write:27                    M 1c008474 c.bnez              a5, 0, -4           a5:00000010 
43026436: 3099: [[34m/chip/soc/fc/insn                                    [0m] uart_write:236                   M 1c008470 c.lw                a5, 0(a4)           a5=00000010  a4:1a102098  PA:1a102098 
43151374: 3108: [[34m/chip/soc/fc/insn                                    [0m] uart_write:236                   M 1c008472 c.andi              a5, a5, 16          a5=00000010  a5:00000010 
43179138: 3110: [[34m/chip/soc/fc/insn                                    [0m] uart_write:27                    M 1c008474 c.bnez              a5, 0, -4           a5:00000010 
43220784: 3113: [[34m/chip/soc/fc/insn                                    [0m] uart_write:236                   M 1c008470 c.lw                a5, 0(a4)           a5=00000010  a4:1a102098  PA:1a102098 
43345722: 3122: [[34m/chip/soc/fc/insn                                    [0m] uart_write:236                   M 1c008472 c.andi              a5, a5, 16          a5=00000010  a5:00000010 
43373486: 3124: [[34m/chip/soc/fc/insn                                    [0m] uart_write:27                    M 1c008474 c.bnez              a5, 0, -4           a5:00000010 
43415132: 3127: [[34m/chip/soc/fc/insn                                    [0m] uart_write:236                   M 1c008470 c.lw                a5, 0(a4)           a5=00000010  a4:1a102098  PA:1a102098 
43540070: 3136: [[34m/chip/soc/fc/insn                                    [0m] uart_write:236                   M 1c008472 c.andi              a5, a5, 16          a5=00000010  a5:00000010 
43567834: 3138: [[34m/chip/soc/fc/insn                                    [0m] uart_write:27                    M 1c008474 c.bnez              a5, 0, -4           a5:00000010 
43609480: 3141: [[34m/chip/soc/fc/insn                                    [0m] uart_write:236                   M 1c008470 c.lw                a5, 0(a4)           a5=00000010  a4:1a102098  PA:1a102098 
43734418: 3150: [[34m/chip/soc/fc/insn                                    [0m] uart_write:236                   M 1c008472 c.andi              a5, a5, 16          a5=00000010  a5:00000010 
43762182: 3152: [[34m/chip/soc/fc/insn                                    [0m] uart_write:27                    M 1c008474 c.bnez              a5, 0, -4           a5:00000010 
43803828: 3155: [[34m/chip/soc/fc/insn                                    [0m] uart_write:236                   M 1c008470 c.lw                a5, 0(a4)           a5=00000010  a4:1a102098  PA:1a102098 
43928766: 3164: [[34m/chip/soc/fc/insn                                    [0m] uart_write:236                   M 1c008472 c.andi              a5, a5, 16          a5=00000010  a5:00000010 
43956530: 3166: [[34m/chip/soc/fc/insn                                    [0m] uart_write:27                    M 1c008474 c.bnez              a5, 0, -4           a5:00000010 
43998176: 3169: [[34m/chip/soc/fc/insn                                    [0m] uart_write:236                   M 1c008470 c.lw                a5, 0(a4)           a5=00000010  a4:1a102098  PA:1a102098 
44123114: 3178: [[34m/chip/soc/fc/insn                                    [0m] uart_write:236                   M 1c008472 c.andi              a5, a5, 16          a5=00000010  a5:00000010 
44150878: 3180: [[34m/chip/soc/fc/insn                                    [0m] uart_write:27                    M 1c008474 c.bnez              a5, 0, -4           a5:00000010 
44192524: 3183: [[34m/chip/soc/fc/insn                                    [0m] uart_write:236                   M 1c008470 c.lw                a5, 0(a4)           a5=00000010  a4:1a102098  PA:1a102098 
44317462: 3192: [[34m/chip/soc/fc/insn                                    [0m] uart_write:236                   M 1c008472 c.andi              a5, a5, 16          a5=00000010  a5:00000010 
44345226: 3194: [[34m/chip/soc/fc/insn                                    [0m] uart_write:27                    M 1c008474 c.bnez              a5, 0, -4           a5:00000010 
44386872: 3197: [[34m/chip/soc/fc/insn                                    [0m] uart_write:236                   M 1c008470 c.lw                a5, 0(a4)           a5=00000010  a4:1a102098  PA:1a102098 
44511810: 3206: [[34m/chip/soc/fc/insn                                    [0m] uart_write:236                   M 1c008472 c.andi              a5, a5, 16          a5=00000010  a5:00000010 
44539574: 3208: [[34m/chip/soc/fc/insn                                    [0m] uart_write:27                    M 1c008474 c.bnez              a5, 0, -4           a5:00000010 
44581220: 3211: [[34m/chip/soc/fc/insn                                    [0m] uart_write:236                   M 1c008470 c.lw                a5, 0(a4)           a5=00000010  a4:1a102098  PA:1a102098 
44706158: 3220: [[34m/chip/soc/fc/insn                                    [0m] uart_write:236                   M 1c008472 c.andi              a5, a5, 16          a5=00000010  a5:00000010 
44733922: 3222: [[34m/chip/soc/fc/insn                                    [0m] uart_write:27                    M 1c008474 c.bnez              a5, 0, -4           a5:00000010 
44775568: 3225: [[34m/chip/soc/fc/insn                                    [0m] uart_write:236                   M 1c008470 c.lw                a5, 0(a4)           a5=00000010  a4:1a102098  PA:1a102098 
44900506: 3234: [[34m/chip/soc/fc/insn                                    [0m] uart_write:236                   M 1c008472 c.andi              a5, a5, 16          a5=00000010  a5:00000010 
44928270: 3236: [[34m/chip/soc/fc/insn                                    [0m] uart_write:27                    M 1c008474 c.bnez              a5, 0, -4           a5:00000010 
44969916: 3239: [[34m/chip/soc/fc/insn                                    [0m] uart_write:236                   M 1c008470 c.lw                a5, 0(a4)           a5=00000010  a4:1a102098  PA:1a102098 
45094854: 3248: [[34m/chip/soc/fc/insn                                    [0m] uart_write:236                   M 1c008472 c.andi              a5, a5, 16          a5=00000010  a5:00000010 
45122618: 3250: [[34m/chip/soc/fc/insn                                    [0m] uart_write:27                    M 1c008474 c.bnez              a5, 0, -4           a5:00000010 
45164264: 3253: [[34m/chip/soc/fc/insn                                    [0m] uart_write:236                   M 1c008470 c.lw                a5, 0(a4)           a5=00000010  a4:1a102098  PA:1a102098 
45289202: 3262: [[34m/chip/soc/fc/insn                                    [0m] uart_write:236                   M 1c008472 c.andi              a5, a5, 16          a5=00000010  a5:00000010 
45316966: 3264: [[34m/chip/soc/fc/insn                                    [0m] uart_write:27                    M 1c008474 c.bnez              a5, 0, -4           a5:00000010 
45358612: 3267: [[34m/chip/soc/fc/insn                                    [0m] uart_write:236                   M 1c008470 c.lw                a5, 0(a4)           a5=00000010  a4:1a102098  PA:1a102098 
45483550: 3276: [[34m/chip/soc/fc/insn                                    [0m] uart_write:236                   M 1c008472 c.andi              a5, a5, 16          a5=00000010  a5:00000010 
45511314: 3278: [[34m/chip/soc/fc/insn                                    [0m] uart_write:27                    M 1c008474 c.bnez              a5, 0, -4           a5:00000010 
45552960: 3281: [[34m/chip/soc/fc/insn                                    [0m] uart_write:236                   M 1c008470 c.lw                a5, 0(a4)           a5=00000010  a4:1a102098  PA:1a102098 
45677898: 3290: [[34m/chip/soc/fc/insn                                    [0m] uart_write:236                   M 1c008472 c.andi              a5, a5, 16          a5=00000010  a5:00000010 
45705662: 3292: [[34m/chip/soc/fc/insn                                    [0m] uart_write:27                    M 1c008474 c.bnez              a5, 0, -4           a5:00000010 
45747308: 3295: [[34m/chip/soc/fc/insn                                    [0m] uart_write:236                   M 1c008470 c.lw                a5, 0(a4)           a5=00000010  a4:1a102098  PA:1a102098 
45872246: 3304: [[34m/chip/soc/fc/insn                                    [0m] uart_write:236                   M 1c008472 c.andi              a5, a5, 16          a5=00000010  a5:00000010 
45900010: 3306: [[34m/chip/soc/fc/insn                                    [0m] uart_write:27                    M 1c008474 c.bnez              a5, 0, -4           a5:00000010 
45941656: 3309: [[34m/chip/soc/fc/insn                                    [0m] uart_write:236                   M 1c008470 c.lw                a5, 0(a4)           a5=00000010  a4:1a102098  PA:1a102098 
46066594: 3318: [[34m/chip/soc/fc/insn                                    [0m] uart_write:236                   M 1c008472 c.andi              a5, a5, 16          a5=00000010  a5:00000010 
46094358: 3320: [[34m/chip/soc/fc/insn                                    [0m] uart_write:27                    M 1c008474 c.bnez              a5, 0, -4           a5:00000010 
46136004: 3323: [[34m/chip/soc/fc/insn                                    [0m] uart_write:236                   M 1c008470 c.lw                a5, 0(a4)           a5=00000010  a4:1a102098  PA:1a102098 
46260942: 3332: [[34m/chip/soc/fc/insn                                    [0m] uart_write:236                   M 1c008472 c.andi              a5, a5, 16          a5=00000010  a5:00000010 
46288706: 3334: [[34m/chip/soc/fc/insn                                    [0m] uart_write:27                    M 1c008474 c.bnez              a5, 0, -4           a5:00000010 
46330352: 3337: [[34m/chip/soc/fc/insn                                    [0m] uart_write:236                   M 1c008470 c.lw                a5, 0(a4)           a5=00000010  a4:1a102098  PA:1a102098 
46455290: 3346: [[34m/chip/soc/fc/insn                                    [0m] uart_write:236                   M 1c008472 c.andi              a5, a5, 16          a5=00000010  a5:00000010 
46483054: 3348: [[34m/chip/soc/fc/insn                                    [0m] uart_write:27                    M 1c008474 c.bnez              a5, 0, -4           a5:00000010 
46524700: 3351: [[34m/chip/soc/fc/insn                                    [0m] uart_write:236                   M 1c008470 c.lw                a5, 0(a4)           a5=00000010  a4:1a102098  PA:1a102098 
46649638: 3360: [[34m/chip/soc/fc/insn                                    [0m] uart_write:236                   M 1c008472 c.andi              a5, a5, 16          a5=00000010  a5:00000010 
46677402: 3362: [[34m/chip/soc/fc/insn                                    [0m] uart_write:27                    M 1c008474 c.bnez              a5, 0, -4           a5:00000010 
46719048: 3365: [[34m/chip/soc/fc/insn                                    [0m] uart_write:236                   M 1c008470 c.lw                a5, 0(a4)           a5=00000010  a4:1a102098  PA:1a102098 
46843986: 3374: [[34m/chip/soc/fc/insn                                    [0m] uart_write:236                   M 1c008472 c.andi              a5, a5, 16          a5=00000010  a5:00000010 
46871750: 3376: [[34m/chip/soc/fc/insn                                    [0m] uart_write:27                    M 1c008474 c.bnez              a5, 0, -4           a5:00000010 
46913396: 3379: [[34m/chip/soc/fc/insn                                    [0m] uart_write:236                   M 1c008470 c.lw                a5, 0(a4)           a5=00000010  a4:1a102098  PA:1a102098 
47038334: 3388: [[34m/chip/soc/fc/insn                                    [0m] uart_write:236                   M 1c008472 c.andi              a5, a5, 16          a5=00000010  a5:00000010 
47066098: 3390: [[34m/chip/soc/fc/insn                                    [0m] uart_write:27                    M 1c008474 c.bnez              a5, 0, -4           a5:00000010 
47107744: 3393: [[34m/chip/soc/fc/insn                                    [0m] uart_write:236                   M 1c008470 c.lw                a5, 0(a4)           a5=00000010  a4:1a102098  PA:1a102098 
47232682: 3402: [[34m/chip/soc/fc/insn                                    [0m] uart_write:236                   M 1c008472 c.andi              a5, a5, 16          a5=00000010  a5:00000010 
47260446: 3404: [[34m/chip/soc/fc/insn                                    [0m] uart_write:27                    M 1c008474 c.bnez              a5, 0, -4           a5:00000010 
47302092: 3407: [[34m/chip/soc/fc/insn                                    [0m] uart_write:236                   M 1c008470 c.lw                a5, 0(a4)           a5=00000010  a4:1a102098  PA:1a102098 
47427030: 3416: [[34m/chip/soc/fc/insn                                    [0m] uart_write:236                   M 1c008472 c.andi              a5, a5, 16          a5=00000010  a5:00000010 
47454794: 3418: [[34m/chip/soc/fc/insn                                    [0m] uart_write:27                    M 1c008474 c.bnez              a5, 0, -4           a5:00000010 
47496440: 3421: [[34m/chip/soc/fc/insn                                    [0m] uart_write:236                   M 1c008470 c.lw                a5, 0(a4)           a5=00000010  a4:1a102098  PA:1a102098 
47621378: 3430: [[34m/chip/soc/fc/insn                                    [0m] uart_write:236                   M 1c008472 c.andi              a5, a5, 16          a5=00000010  a5:00000010 
47649142: 3432: [[34m/chip/soc/fc/insn                                    [0m] uart_write:27                    M 1c008474 c.bnez              a5, 0, -4           a5:00000010 
47690788: 3435: [[34m/chip/soc/fc/insn                                    [0m] uart_write:236                   M 1c008470 c.lw                a5, 0(a4)           a5=00000010  a4:1a102098  PA:1a102098 
47815726: 3444: [[34m/chip/soc/fc/insn                                    [0m] uart_write:236                   M 1c008472 c.andi              a5, a5, 16          a5=00000010  a5:00000010 
47843490: 3446: [[34m/chip/soc/fc/insn                                    [0m] uart_write:27                    M 1c008474 c.bnez              a5, 0, -4           a5:00000010 
47885136: 3449: [[34m/chip/soc/fc/insn                                    [0m] uart_write:236                   M 1c008470 c.lw                a5, 0(a4)           a5=00000010  a4:1a102098  PA:1a102098 
48010074: 3458: [[34m/chip/soc/fc/insn                                    [0m] uart_write:236                   M 1c008472 c.andi              a5, a5, 16          a5=00000010  a5:00000010 
48037838: 3460: [[34m/chip/soc/fc/insn                                    [0m] uart_write:27                    M 1c008474 c.bnez              a5, 0, -4           a5:00000010 
48079484: 3463: [[34m/chip/soc/fc/insn                                    [0m] uart_write:236                   M 1c008470 c.lw                a5, 0(a4)           a5=00000010  a4:1a102098  PA:1a102098 
48204422: 3472: [[34m/chip/soc/fc/insn                                    [0m] uart_write:236                   M 1c008472 c.andi              a5, a5, 16          a5=00000010  a5:00000010 
48232186: 3474: [[34m/chip/soc/fc/insn                                    [0m] uart_write:27                    M 1c008474 c.bnez              a5, 0, -4           a5:00000010 
48273832: 3477: [[34m/chip/soc/fc/insn                                    [0m] uart_write:236                   M 1c008470 c.lw                a5, 0(a4)           a5=00000010  a4:1a102098  PA:1a102098 
48398770: 3486: [[34m/chip/soc/fc/insn                                    [0m] uart_write:236                   M 1c008472 c.andi              a5, a5, 16          a5=00000010  a5:00000010 
48426534: 3488: [[34m/chip/soc/fc/insn                                    [0m] uart_write:27                    M 1c008474 c.bnez              a5, 0, -4           a5:00000010 
48468180: 3491: [[34m/chip/soc/fc/insn                                    [0m] uart_write:236                   M 1c008470 c.lw                a5, 0(a4)           a5=00000010  a4:1a102098  PA:1a102098 
48593118: 3500: [[34m/chip/soc/fc/insn                                    [0m] uart_write:236                   M 1c008472 c.andi              a5, a5, 16          a5=00000010  a5:00000010 
48620882: 3502: [[34m/chip/soc/fc/insn                                    [0m] uart_write:27                    M 1c008474 c.bnez              a5, 0, -4           a5:00000010 
48662528: 3505: [[34m/chip/soc/fc/insn                                    [0m] uart_write:236                   M 1c008470 c.lw                a5, 0(a4)           a5=00000010  a4:1a102098  PA:1a102098 
48787466: 3514: [[34m/chip/soc/fc/insn                                    [0m] uart_write:236                   M 1c008472 c.andi              a5, a5, 16          a5=00000010  a5:00000010 
48815230: 3516: [[34m/chip/soc/fc/insn                                    [0m] uart_write:27                    M 1c008474 c.bnez              a5, 0, -4           a5:00000010 
48856876: 3519: [[34m/chip/soc/fc/insn                                    [0m] uart_write:236                   M 1c008470 c.lw                a5, 0(a4)           a5=00000010  a4:1a102098  PA:1a102098 
48981814: 3528: [[34m/chip/soc/fc/insn                                    [0m] uart_write:236                   M 1c008472 c.andi              a5, a5, 16          a5=00000010  a5:00000010 
49009578: 3530: [[34m/chip/soc/fc/insn                                    [0m] uart_write:27                    M 1c008474 c.bnez              a5, 0, -4           a5:00000010 
49051224: 3533: [[34m/chip/soc/fc/insn                                    [0m] uart_write:236                   M 1c008470 c.lw                a5, 0(a4)           a5=00000010  a4:1a102098  PA:1a102098 
49176162: 3542: [[34m/chip/soc/fc/insn                                    [0m] uart_write:236                   M 1c008472 c.andi              a5, a5, 16          a5=00000010  a5:00000010 
49203926: 3544: [[34m/chip/soc/fc/insn                                    [0m] uart_write:27                    M 1c008474 c.bnez              a5, 0, -4           a5:00000010 
49245572: 3547: [[34m/chip/soc/fc/insn                                    [0m] uart_write:236                   M 1c008470 c.lw                a5, 0(a4)           a5=00000010  a4:1a102098  PA:1a102098 
49370510: 3556: [[34m/chip/soc/fc/insn                                    [0m] uart_write:236                   M 1c008472 c.andi              a5, a5, 16          a5=00000010  a5:00000010 
49398274: 3558: [[34m/chip/soc/fc/insn                                    [0m] uart_write:27                    M 1c008474 c.bnez              a5, 0, -4           a5:00000010 
49439920: 3561: [[34m/chip/soc/fc/insn                                    [0m] uart_write:236                   M 1c008470 c.lw                a5, 0(a4)           a5=00000010  a4:1a102098  PA:1a102098 
49564858: 3570: [[34m/chip/soc/fc/insn                                    [0m] uart_write:236                   M 1c008472 c.andi              a5, a5, 16          a5=00000010  a5:00000010 
49592622: 3572: [[34m/chip/soc/fc/insn                                    [0m] uart_write:27                    M 1c008474 c.bnez              a5, 0, -4           a5:00000010 
49634268: 3575: [[34m/chip/soc/fc/insn                                    [0m] uart_write:236                   M 1c008470 c.lw                a5, 0(a4)           a5=00000010  a4:1a102098  PA:1a102098 
49759206: 3584: [[34m/chip/soc/fc/insn                                    [0m] uart_write:236                   M 1c008472 c.andi              a5, a5, 16          a5=00000010  a5:00000010 
49786970: 3586: [[34m/chip/soc/fc/insn                                    [0m] uart_write:27                    M 1c008474 c.bnez              a5, 0, -4           a5:00000010 
49828616: 3589: [[34m/chip/soc/fc/insn                                    [0m] uart_write:236                   M 1c008470 c.lw                a5, 0(a4)           a5=00000010  a4:1a102098  PA:1a102098 
49953554: 3598: [[34m/chip/soc/fc/insn                                    [0m] uart_write:236                   M 1c008472 c.andi              a5, a5, 16          a5=00000010  a5:00000010 
49981318: 3600: [[34m/chip/soc/fc/insn                                    [0m] uart_write:27                    M 1c008474 c.bnez              a5, 0, -4           a5:00000010 
50022964: 3603: [[34m/chip/soc/fc/insn                                    [0m] uart_write:236                   M 1c008470 c.lw                a5, 0(a4)           a5=00000010  a4:1a102098  PA:1a102098 
50147902: 3612: [[34m/chip/soc/fc/insn                                    [0m] uart_write:236                   M 1c008472 c.andi              a5, a5, 16          a5=00000010  a5:00000010 
50175666: 3614: [[34m/chip/soc/fc/insn                                    [0m] uart_write:27                    M 1c008474 c.bnez              a5, 0, -4           a5:00000010 
50217312: 3617: [[34m/chip/soc/fc/insn                                    [0m] uart_write:236                   M 1c008470 c.lw                a5, 0(a4)           a5=00000010  a4:1a102098  PA:1a102098 
50342250: 3626: [[34m/chip/soc/fc/insn                                    [0m] uart_write:236                   M 1c008472 c.andi              a5, a5, 16          a5=00000010  a5:00000010 
50370014: 3628: [[34m/chip/soc/fc/insn                                    [0m] uart_write:27                    M 1c008474 c.bnez              a5, 0, -4           a5:00000010 
50411660: 3631: [[34m/chip/soc/fc/insn                                    [0m] uart_write:236                   M 1c008470 c.lw                a5, 0(a4)           a5=00000010  a4:1a102098  PA:1a102098 
50536598: 3640: [[34m/chip/soc/fc/insn                                    [0m] uart_write:236                   M 1c008472 c.andi              a5, a5, 16          a5=00000010  a5:00000010 
50564362: 3642: [[34m/chip/soc/fc/insn                                    [0m] uart_write:27                    M 1c008474 c.bnez              a5, 0, -4           a5:00000010 
50606008: 3645: [[34m/chip/soc/fc/insn                                    [0m] uart_write:236                   M 1c008470 c.lw                a5, 0(a4)           a5=00000010  a4:1a102098  PA:1a102098 
50730946: 3654: [[34m/chip/soc/fc/insn                                    [0m] uart_write:236                   M 1c008472 c.andi              a5, a5, 16          a5=00000010  a5:00000010 
50758710: 3656: [[34m/chip/soc/fc/insn                                    [0m] uart_write:27                    M 1c008474 c.bnez              a5, 0, -4           a5:00000010 
50800356: 3659: [[34m/chip/soc/fc/insn                                    [0m] uart_write:236                   M 1c008470 c.lw                a5, 0(a4)           a5=00000010  a4:1a102098  PA:1a102098 
50925294: 3668: [[34m/chip/soc/fc/insn                                    [0m] uart_write:236                   M 1c008472 c.andi              a5, a5, 16          a5=00000010  a5:00000010 
50953058: 3670: [[34m/chip/soc/fc/insn                                    [0m] uart_write:27                    M 1c008474 c.bnez              a5, 0, -4           a5:00000010 
50994704: 3673: [[34m/chip/soc/fc/insn                                    [0m] uart_write:236                   M 1c008470 c.lw                a5, 0(a4)           a5=00000010  a4:1a102098  PA:1a102098 
51119642: 3682: [[34m/chip/soc/fc/insn                                    [0m] uart_write:236                   M 1c008472 c.andi              a5, a5, 16          a5=00000010  a5:00000010 
51147406: 3684: [[34m/chip/soc/fc/insn                                    [0m] uart_write:27                    M 1c008474 c.bnez              a5, 0, -4           a5:00000010 
51189052: 3687: [[34m/chip/soc/fc/insn                                    [0m] uart_write:236                   M 1c008470 c.lw                a5, 0(a4)           a5=00000010  a4:1a102098  PA:1a102098 
51313990: 3696: [[34m/chip/soc/fc/insn                                    [0m] uart_write:236                   M 1c008472 c.andi              a5, a5, 16          a5=00000010  a5:00000010 
51341754: 3698: [[34m/chip/soc/fc/insn                                    [0m] uart_write:27                    M 1c008474 c.bnez              a5, 0, -4           a5:00000010 
51383400: 3701: [[34m/chip/soc/fc/insn                                    [0m] uart_write:236                   M 1c008470 c.lw                a5, 0(a4)           a5=00000010  a4:1a102098  PA:1a102098 
51508338: 3710: [[34m/chip/soc/fc/insn                                    [0m] uart_write:236                   M 1c008472 c.andi              a5, a5, 16          a5=00000010  a5:00000010 
51536102: 3712: [[34m/chip/soc/fc/insn                                    [0m] uart_write:27                    M 1c008474 c.bnez              a5, 0, -4           a5:00000010 
51577748: 3715: [[34m/chip/soc/fc/insn                                    [0m] uart_write:236                   M 1c008470 c.lw                a5, 0(a4)           a5=00000010  a4:1a102098  PA:1a102098 
51702686: 3724: [[34m/chip/soc/fc/insn                                    [0m] uart_write:236                   M 1c008472 c.andi              a5, a5, 16          a5=00000010  a5:00000010 
51730450: 3726: [[34m/chip/soc/fc/insn                                    [0m] uart_write:27                    M 1c008474 c.bnez              a5, 0, -4           a5:00000010 
51772096: 3729: [[34m/chip/soc/fc/insn                                    [0m] uart_write:236                   M 1c008470 c.lw                a5, 0(a4)           a5=00000010  a4:1a102098  PA:1a102098 
51897034: 3738: [[34m/chip/soc/fc/insn                                    [0m] uart_write:236                   M 1c008472 c.andi              a5, a5, 16          a5=00000010  a5:00000010 
51924798: 3740: [[34m/chip/soc/fc/insn                                    [0m] uart_write:27                    M 1c008474 c.bnez              a5, 0, -4           a5:00000010 
51966444: 3743: [[34m/chip/soc/fc/insn                                    [0m] uart_write:236                   M 1c008470 c.lw                a5, 0(a4)           a5=00000010  a4:1a102098  PA:1a102098 
52091382: 3752: [[34m/chip/soc/fc/insn                                    [0m] uart_write:236                   M 1c008472 c.andi              a5, a5, 16          a5=00000010  a5:00000010 
52119146: 3754: [[34m/chip/soc/fc/insn                                    [0m] uart_write:27                    M 1c008474 c.bnez              a5, 0, -4           a5:00000010 
52160792: 3757: [[34m/chip/soc/fc/insn                                    [0m] uart_write:236                   M 1c008470 c.lw                a5, 0(a4)           a5=00000010  a4:1a102098  PA:1a102098 
52285730: 3766: [[34m/chip/soc/fc/insn                                    [0m] uart_write:236                   M 1c008472 c.andi              a5, a5, 16          a5=00000010  a5:00000010 
52313494: 3768: [[34m/chip/soc/fc/insn                                    [0m] uart_write:27                    M 1c008474 c.bnez              a5, 0, -4           a5:00000010 
52355140: 3771: [[34m/chip/soc/fc/insn                                    [0m] uart_write:236                   M 1c008470 c.lw                a5, 0(a4)           a5=00000010  a4:1a102098  PA:1a102098 
52480078: 3780: [[34m/chip/soc/fc/insn                                    [0m] uart_write:236                   M 1c008472 c.andi              a5, a5, 16          a5=00000010  a5:00000010 
52507842: 3782: [[34m/chip/soc/fc/insn                                    [0m] uart_write:27                    M 1c008474 c.bnez              a5, 0, -4           a5:00000010 
52549488: 3785: [[34m/chip/soc/fc/insn                                    [0m] uart_write:236                   M 1c008470 c.lw                a5, 0(a4)           a5=00000010  a4:1a102098  PA:1a102098 
52674426: 3794: [[34m/chip/soc/fc/insn                                    [0m] uart_write:236                   M 1c008472 c.andi              a5, a5, 16          a5=00000010  a5:00000010 
52702190: 3796: [[34m/chip/soc/fc/insn                                    [0m] uart_write:27                    M 1c008474 c.bnez              a5, 0, -4           a5:00000010 
52743836: 3799: [[34m/chip/soc/fc/insn                                    [0m] uart_write:236                   M 1c008470 c.lw                a5, 0(a4)           a5=00000010  a4:1a102098  PA:1a102098 
52868774: 3808: [[34m/chip/soc/fc/insn                                    [0m] uart_write:236                   M 1c008472 c.andi              a5, a5, 16          a5=00000010  a5:00000010 
52896538: 3810: [[34m/chip/soc/fc/insn                                    [0m] uart_write:27                    M 1c008474 c.bnez              a5, 0, -4           a5:00000010 
52938184: 3813: [[34m/chip/soc/fc/insn                                    [0m] uart_write:236                   M 1c008470 c.lw                a5, 0(a4)           a5=00000010  a4:1a102098  PA:1a102098 
53063122: 3822: [[34m/chip/soc/fc/insn                                    [0m] uart_write:236                   M 1c008472 c.andi              a5, a5, 16          a5=00000010  a5:00000010 
53090886: 3824: [[34m/chip/soc/fc/insn                                    [0m] uart_write:27                    M 1c008474 c.bnez              a5, 0, -4           a5:00000010 
53132532: 3827: [[34m/chip/soc/fc/insn                                    [0m] uart_write:236                   M 1c008470 c.lw                a5, 0(a4)           a5=00000010  a4:1a102098  PA:1a102098 
53257470: 3836: [[34m/chip/soc/fc/insn                                    [0m] uart_write:236                   M 1c008472 c.andi              a5, a5, 16          a5=00000010  a5:00000010 
53285234: 3838: [[34m/chip/soc/fc/insn                                    [0m] uart_write:27                    M 1c008474 c.bnez              a5, 0, -4           a5:00000010 
53326880: 3841: [[34m/chip/soc/fc/insn                                    [0m] uart_write:236                   M 1c008470 c.lw                a5, 0(a4)           a5=00000010  a4:1a102098  PA:1a102098 
53451818: 3850: [[34m/chip/soc/fc/insn                                    [0m] uart_write:236                   M 1c008472 c.andi              a5, a5, 16          a5=00000010  a5:00000010 
53479582: 3852: [[34m/chip/soc/fc/insn                                    [0m] uart_write:27                    M 1c008474 c.bnez              a5, 0, -4           a5:00000010 
53521228: 3855: [[34m/chip/soc/fc/insn                                    [0m] uart_write:236                   M 1c008470 c.lw                a5, 0(a4)           a5=00000010  a4:1a102098  PA:1a102098 
53646166: 3864: [[34m/chip/soc/fc/insn                                    [0m] uart_write:236                   M 1c008472 c.andi              a5, a5, 16          a5=00000010  a5:00000010 
53673930: 3866: [[34m/chip/soc/fc/insn                                    [0m] uart_write:27                    M 1c008474 c.bnez              a5, 0, -4           a5:00000010 
53715576: 3869: [[34m/chip/soc/fc/insn                                    [0m] uart_write:236                   M 1c008470 c.lw                a5, 0(a4)           a5=00000010  a4:1a102098  PA:1a102098 
53840514: 3878: [[34m/chip/soc/fc/insn                                    [0m] uart_write:236                   M 1c008472 c.andi              a5, a5, 16          a5=00000010  a5:00000010 
53868278: 3880: [[34m/chip/soc/fc/insn                                    [0m] uart_write:27                    M 1c008474 c.bnez              a5, 0, -4           a5:00000010 
53909924: 3883: [[34m/chip/soc/fc/insn                                    [0m] uart_write:236                   M 1c008470 c.lw                a5, 0(a4)           a5=00000010  a4:1a102098  PA:1a102098 
54034862: 3892: [[34m/chip/soc/fc/insn                                    [0m] uart_write:236                   M 1c008472 c.andi              a5, a5, 16          a5=00000010  a5:00000010 
54062626: 3894: [[34m/chip/soc/fc/insn                                    [0m] uart_write:27                    M 1c008474 c.bnez              a5, 0, -4           a5:00000010 
54104272: 3897: [[34m/chip/soc/fc/insn                                    [0m] uart_write:236                   M 1c008470 c.lw                a5, 0(a4)           a5=00000010  a4:1a102098  PA:1a102098 
54229210: 3906: [[34m/chip/soc/fc/insn                                    [0m] uart_write:236                   M 1c008472 c.andi              a5, a5, 16          a5=00000010  a5:00000010 
54256974: 3908: [[34m/chip/soc/fc/insn                                    [0m] uart_write:27                    M 1c008474 c.bnez              a5, 0, -4           a5:00000010 
54298620: 3911: [[34m/chip/soc/fc/insn                                    [0m] uart_write:236                   M 1c008470 c.lw                a5, 0(a4)           a5=00000010  a4:1a102098  PA:1a102098 
54423558: 3920: [[34m/chip/soc/fc/insn                                    [0m] uart_write:236                   M 1c008472 c.andi              a5, a5, 16          a5=00000010  a5:00000010 
54451322: 3922: [[34m/chip/soc/fc/insn                                    [0m] uart_write:27                    M 1c008474 c.bnez              a5, 0, -4           a5:00000010 
54492968: 3925: [[34m/chip/soc/fc/insn                                    [0m] uart_write:236                   M 1c008470 c.lw                a5, 0(a4)           a5=00000010  a4:1a102098  PA:1a102098 
54617906: 3934: [[34m/chip/soc/fc/insn                                    [0m] uart_write:236                   M 1c008472 c.andi              a5, a5, 16          a5=00000010  a5:00000010 
54645670: 3936: [[34m/chip/soc/fc/insn                                    [0m] uart_write:27                    M 1c008474 c.bnez              a5, 0, -4           a5:00000010 
54687316: 3939: [[34m/chip/soc/fc/insn                                    [0m] uart_write:236                   M 1c008470 c.lw                a5, 0(a4)           a5=00000010  a4:1a102098  PA:1a102098 
54812254: 3948: [[34m/chip/soc/fc/insn                                    [0m] uart_write:236                   M 1c008472 c.andi              a5, a5, 16          a5=00000010  a5:00000010 
54840018: 3950: [[34m/chip/soc/fc/insn                                    [0m] uart_write:27                    M 1c008474 c.bnez              a5, 0, -4           a5:00000010 
54881664: 3953: [[34m/chip/soc/fc/insn                                    [0m] uart_write:236                   M 1c008470 c.lw                a5, 0(a4)           a5=00000010  a4:1a102098  PA:1a102098 
55006602: 3962: [[34m/chip/soc/fc/insn                                    [0m] uart_write:236                   M 1c008472 c.andi              a5, a5, 16          a5=00000010  a5:00000010 
55034366: 3964: [[34m/chip/soc/fc/insn                                    [0m] uart_write:27                    M 1c008474 c.bnez              a5, 0, -4           a5:00000010 
55076012: 3967: [[34m/chip/soc/fc/insn                                    [0m] uart_write:236                   M 1c008470 c.lw                a5, 0(a4)           a5=00000010  a4:1a102098  PA:1a102098 
55200950: 3976: [[34m/chip/soc/fc/insn                                    [0m] uart_write:236                   M 1c008472 c.andi              a5, a5, 16          a5=00000010  a5:00000010 
55228714: 3978: [[34m/chip/soc/fc/insn                                    [0m] uart_write:27                    M 1c008474 c.bnez              a5, 0, -4           a5:00000010 
55270360: 3981: [[34m/chip/soc/fc/insn                                    [0m] uart_write:236                   M 1c008470 c.lw                a5, 0(a4)           a5=00000010  a4:1a102098  PA:1a102098 
55395298: 3990: [[34m/chip/soc/fc/insn                                    [0m] uart_write:236                   M 1c008472 c.andi              a5, a5, 16          a5=00000010  a5:00000010 
55423062: 3992: [[34m/chip/soc/fc/insn                                    [0m] uart_write:27                    M 1c008474 c.bnez              a5, 0, -4           a5:00000010 
55464708: 3995: [[34m/chip/soc/fc/insn                                    [0m] uart_write:236                   M 1c008470 c.lw                a5, 0(a4)           a5=00000010  a4:1a102098  PA:1a102098 
55589646: 4004: [[34m/chip/soc/fc/insn                                    [0m] uart_write:236                   M 1c008472 c.andi              a5, a5, 16          a5=00000010  a5:00000010 
55617410: 4006: [[34m/chip/soc/fc/insn                                    [0m] uart_write:27                    M 1c008474 c.bnez              a5, 0, -4           a5:00000010 
55659056: 4009: [[34m/chip/soc/fc/insn                                    [0m] uart_write:236                   M 1c008470 c.lw                a5, 0(a4)           a5=00000010  a4:1a102098  PA:1a102098 
55783994: 4018: [[34m/chip/soc/fc/insn                                    [0m] uart_write:236                   M 1c008472 c.andi              a5, a5, 16          a5=00000010  a5:00000010 
55811758: 4020: [[34m/chip/soc/fc/insn                                    [0m] uart_write:27                    M 1c008474 c.bnez              a5, 0, -4           a5:00000010 
55853404: 4023: [[34m/chip/soc/fc/insn                                    [0m] uart_write:236                   M 1c008470 c.lw                a5, 0(a4)           a5=00000010  a4:1a102098  PA:1a102098 
55978342: 4032: [[34m/chip/soc/fc/insn                                    [0m] uart_write:236                   M 1c008472 c.andi              a5, a5, 16          a5=00000010  a5:00000010 
56006106: 4034: [[34m/chip/soc/fc/insn                                    [0m] uart_write:27                    M 1c008474 c.bnez              a5, 0, -4           a5:00000010 
56047752: 4037: [[34m/chip/soc/fc/insn                                    [0m] uart_write:236                   M 1c008470 c.lw                a5, 0(a4)           a5=00000010  a4:1a102098  PA:1a102098 
56172690: 4046: [[34m/chip/soc/fc/insn                                    [0m] uart_write:236                   M 1c008472 c.andi              a5, a5, 16          a5=00000010  a5:00000010 
56200454: 4048: [[34m/chip/soc/fc/insn                                    [0m] uart_write:27                    M 1c008474 c.bnez              a5, 0, -4           a5:00000010 
56242100: 4051: [[34m/chip/soc/fc/insn                                    [0m] uart_write:236                   M 1c008470 c.lw                a5, 0(a4)           a5=00000010  a4:1a102098  PA:1a102098 
56367038: 4060: [[34m/chip/soc/fc/insn                                    [0m] uart_write:236                   M 1c008472 c.andi              a5, a5, 16          a5=00000010  a5:00000010 
56394802: 4062: [[34m/chip/soc/fc/insn                                    [0m] uart_write:27                    M 1c008474 c.bnez              a5, 0, -4           a5:00000010 
56436448: 4065: [[34m/chip/soc/fc/insn                                    [0m] uart_write:236                   M 1c008470 c.lw                a5, 0(a4)           a5=00000010  a4:1a102098  PA:1a102098 
56561386: 4074: [[34m/chip/soc/fc/insn                                    [0m] uart_write:236                   M 1c008472 c.andi              a5, a5, 16          a5=00000010  a5:00000010 
56589150: 4076: [[34m/chip/soc/fc/insn                                    [0m] uart_write:27                    M 1c008474 c.bnez              a5, 0, -4           a5:00000010 
56630796: 4079: [[34m/chip/soc/fc/insn                                    [0m] uart_write:236                   M 1c008470 c.lw                a5, 0(a4)           a5=00000010  a4:1a102098  PA:1a102098 
56755734: 4088: [[34m/chip/soc/fc/insn                                    [0m] uart_write:236                   M 1c008472 c.andi              a5, a5, 16          a5=00000010  a5:00000010 
56783498: 4090: [[34m/chip/soc/fc/insn                                    [0m] uart_write:27                    M 1c008474 c.bnez              a5, 0, -4           a5:00000010 
56825144: 4093: [[34m/chip/soc/fc/insn                                    [0m] uart_write:236                   M 1c008470 c.lw                a5, 0(a4)           a5=00000010  a4:1a102098  PA:1a102098 
56950082: 4102: [[34m/chip/soc/fc/insn                                    [0m] uart_write:236                   M 1c008472 c.andi              a5, a5, 16          a5=00000010  a5:00000010 
56977846: 4104: [[34m/chip/soc/fc/insn                                    [0m] uart_write:27                    M 1c008474 c.bnez              a5, 0, -4           a5:00000010 
57019492: 4107: [[34m/chip/soc/fc/insn                                    [0m] uart_write:236                   M 1c008470 c.lw                a5, 0(a4)           a5=00000010  a4:1a102098  PA:1a102098 
57144430: 4116: [[34m/chip/soc/fc/insn                                    [0m] uart_write:236                   M 1c008472 c.andi              a5, a5, 16          a5=00000010  a5:00000010 
57172194: 4118: [[34m/chip/soc/fc/insn                                    [0m] uart_write:27                    M 1c008474 c.bnez              a5, 0, -4           a5:00000010 
57213840: 4121: [[34m/chip/soc/fc/insn                                    [0m] uart_write:236                   M 1c008470 c.lw                a5, 0(a4)           a5=00000010  a4:1a102098  PA:1a102098 
57338778: 4130: [[34m/chip/soc/fc/insn                                    [0m] uart_write:236                   M 1c008472 c.andi              a5, a5, 16          a5=00000010  a5:00000010 
57366542: 4132: [[34m/chip/soc/fc/insn                                    [0m] uart_write:27                    M 1c008474 c.bnez              a5, 0, -4           a5:00000010 
57408188: 4135: [[34m/chip/soc/fc/insn                                    [0m] uart_write:236                   M 1c008470 c.lw                a5, 0(a4)           a5=00000010  a4:1a102098  PA:1a102098 
57533126: 4144: [[34m/chip/soc/fc/insn                                    [0m] uart_write:236                   M 1c008472 c.andi              a5, a5, 16          a5=00000010  a5:00000010 
57560890: 4146: [[34m/chip/soc/fc/insn                                    [0m] uart_write:27                    M 1c008474 c.bnez              a5, 0, -4           a5:00000010 
57602536: 4149: [[34m/chip/soc/fc/insn                                    [0m] uart_write:236                   M 1c008470 c.lw                a5, 0(a4)           a5=00000010  a4:1a102098  PA:1a102098 
57727474: 4158: [[34m/chip/soc/fc/insn                                    [0m] uart_write:236                   M 1c008472 c.andi              a5, a5, 16          a5=00000010  a5:00000010 
57755238: 4160: [[34m/chip/soc/fc/insn                                    [0m] uart_write:27                    M 1c008474 c.bnez              a5, 0, -4           a5:00000010 
57796884: 4163: [[34m/chip/soc/fc/insn                                    [0m] uart_write:236                   M 1c008470 c.lw                a5, 0(a4)           a5=00000010  a4:1a102098  PA:1a102098 
57921822: 4172: [[34m/chip/soc/fc/insn                                    [0m] uart_write:236                   M 1c008472 c.andi              a5, a5, 16          a5=00000010  a5:00000010 
57949586: 4174: [[34m/chip/soc/fc/insn                                    [0m] uart_write:27                    M 1c008474 c.bnez              a5, 0, -4           a5:00000010 
57991232: 4177: [[34m/chip/soc/fc/insn                                    [0m] uart_write:236                   M 1c008470 c.lw                a5, 0(a4)           a5=00000010  a4:1a102098  PA:1a102098 
58116170: 4186: [[34m/chip/soc/fc/insn                                    [0m] uart_write:236                   M 1c008472 c.andi              a5, a5, 16          a5=00000010  a5:00000010 
58143934: 4188: [[34m/chip/soc/fc/insn                                    [0m] uart_write:27                    M 1c008474 c.bnez              a5, 0, -4           a5:00000010 
58185580: 4191: [[34m/chip/soc/fc/insn                                    [0m] uart_write:236                   M 1c008470 c.lw                a5, 0(a4)           a5=00000010  a4:1a102098  PA:1a102098 
58310518: 4200: [[34m/chip/soc/fc/insn                                    [0m] uart_write:236                   M 1c008472 c.andi              a5, a5, 16          a5=00000010  a5:00000010 
58338282: 4202: [[34m/chip/soc/fc/insn                                    [0m] uart_write:27                    M 1c008474 c.bnez              a5, 0, -4           a5:00000010 
58379928: 4205: [[34m/chip/soc/fc/insn                                    [0m] uart_write:236                   M 1c008470 c.lw                a5, 0(a4)           a5=00000010  a4:1a102098  PA:1a102098 
58504866: 4214: [[34m/chip/soc/fc/insn                                    [0m] uart_write:236                   M 1c008472 c.andi              a5, a5, 16          a5=00000010  a5:00000010 
58532630: 4216: [[34m/chip/soc/fc/insn                                    [0m] uart_write:27                    M 1c008474 c.bnez              a5, 0, -4           a5:00000010 
58574276: 4219: [[34m/chip/soc/fc/insn                                    [0m] uart_write:236                   M 1c008470 c.lw                a5, 0(a4)           a5=00000010  a4:1a102098  PA:1a102098 
58699214: 4228: [[34m/chip/soc/fc/insn                                    [0m] uart_write:236                   M 1c008472 c.andi              a5, a5, 16          a5=00000010  a5:00000010 
58726978: 4230: [[34m/chip/soc/fc/insn                                    [0m] uart_write:27                    M 1c008474 c.bnez              a5, 0, -4           a5:00000010 
58768624: 4233: [[34m/chip/soc/fc/insn                                    [0m] uart_write:236                   M 1c008470 c.lw                a5, 0(a4)           a5=00000010  a4:1a102098  PA:1a102098 
58893562: 4242: [[34m/chip/soc/fc/insn                                    [0m] uart_write:236                   M 1c008472 c.andi              a5, a5, 16          a5=00000010  a5:00000010 
58921326: 4244: [[34m/chip/soc/fc/insn                                    [0m] uart_write:27                    M 1c008474 c.bnez              a5, 0, -4           a5:00000010 
58962972: 4247: [[34m/chip/soc/fc/insn                                    [0m] uart_write:236                   M 1c008470 c.lw                a5, 0(a4)           a5=00000010  a4:1a102098  PA:1a102098 
59087910: 4256: [[34m/chip/soc/fc/insn                                    [0m] uart_write:236                   M 1c008472 c.andi              a5, a5, 16          a5=00000010  a5:00000010 
59115674: 4258: [[34m/chip/soc/fc/insn                                    [0m] uart_write:27                    M 1c008474 c.bnez              a5, 0, -4           a5:00000010 
59157320: 4261: [[34m/chip/soc/fc/insn                                    [0m] uart_write:236                   M 1c008470 c.lw                a5, 0(a4)           a5=00000010  a4:1a102098  PA:1a102098 
59282258: 4270: [[34m/chip/soc/fc/insn                                    [0m] uart_write:236                   M 1c008472 c.andi              a5, a5, 16          a5=00000010  a5:00000010 
59310022: 4272: [[34m/chip/soc/fc/insn                                    [0m] uart_write:27                    M 1c008474 c.bnez              a5, 0, -4           a5:00000010 
59351668: 4275: [[34m/chip/soc/fc/insn                                    [0m] uart_write:236                   M 1c008470 c.lw                a5, 0(a4)           a5=00000010  a4:1a102098  PA:1a102098 
59476606: 4284: [[34m/chip/soc/fc/insn                                    [0m] uart_write:236                   M 1c008472 c.andi              a5, a5, 16          a5=00000010  a5:00000010 
59504370: 4286: [[34m/chip/soc/fc/insn                                    [0m] uart_write:27                    M 1c008474 c.bnez              a5, 0, -4           a5:00000010 
59546016: 4289: [[34m/chip/soc/fc/insn                                    [0m] uart_write:236                   M 1c008470 c.lw                a5, 0(a4)           a5=00000010  a4:1a102098  PA:1a102098 
59670954: 4298: [[34m/chip/soc/fc/insn                                    [0m] uart_write:236                   M 1c008472 c.andi              a5, a5, 16          a5=00000010  a5:00000010 
59698718: 4300: [[34m/chip/soc/fc/insn                                    [0m] uart_write:27                    M 1c008474 c.bnez              a5, 0, -4           a5:00000010 
59740364: 4303: [[34m/chip/soc/fc/insn                                    [0m] uart_write:236                   M 1c008470 c.lw                a5, 0(a4)           a5=00000010  a4:1a102098  PA:1a102098 
59865302: 4312: [[34m/chip/soc/fc/insn                                    [0m] uart_write:236                   M 1c008472 c.andi              a5, a5, 16          a5=00000010  a5:00000010 
59893066: 4314: [[34m/chip/soc/fc/insn                                    [0m] uart_write:27                    M 1c008474 c.bnez              a5, 0, -4           a5:00000010 
59934712: 4317: [[34m/chip/soc/fc/insn                                    [0m] uart_write:236                   M 1c008470 c.lw                a5, 0(a4)           a5=00000010  a4:1a102098  PA:1a102098 
60059650: 4326: [[34m/chip/soc/fc/insn                                    [0m] uart_write:236                   M 1c008472 c.andi              a5, a5, 16          a5=00000010  a5:00000010 
60087414: 4328: [[34m/chip/soc/fc/insn                                    [0m] uart_write:27                    M 1c008474 c.bnez              a5, 0, -4           a5:00000010 
60129060: 4331: [[34m/chip/soc/fc/insn                                    [0m] uart_write:236                   M 1c008470 c.lw                a5, 0(a4)           a5=00000010  a4:1a102098  PA:1a102098 
60253998: 4340: [[34m/chip/soc/fc/insn                                    [0m] uart_write:236                   M 1c008472 c.andi              a5, a5, 16          a5=00000010  a5:00000010 
60281762: 4342: [[34m/chip/soc/fc/insn                                    [0m] uart_write:27                    M 1c008474 c.bnez              a5, 0, -4           a5:00000010 
60323408: 4345: [[34m/chip/soc/fc/insn                                    [0m] uart_write:236                   M 1c008470 c.lw                a5, 0(a4)           a5=00000010  a4:1a102098  PA:1a102098 
60448346: 4354: [[34m/chip/soc/fc/insn                                    [0m] uart_write:236                   M 1c008472 c.andi              a5, a5, 16          a5=00000010  a5:00000010 
60476110: 4356: [[34m/chip/soc/fc/insn                                    [0m] uart_write:27                    M 1c008474 c.bnez              a5, 0, -4           a5:00000010 
60517756: 4359: [[34m/chip/soc/fc/insn                                    [0m] uart_write:236                   M 1c008470 c.lw                a5, 0(a4)           a5=00000010  a4:1a102098  PA:1a102098 
60642694: 4368: [[34m/chip/soc/fc/insn                                    [0m] uart_write:236                   M 1c008472 c.andi              a5, a5, 16          a5=00000010  a5:00000010 
60670458: 4370: [[34m/chip/soc/fc/insn                                    [0m] uart_write:27                    M 1c008474 c.bnez              a5, 0, -4           a5:00000010 
60712104: 4373: [[34m/chip/soc/fc/insn                                    [0m] uart_write:236                   M 1c008470 c.lw                a5, 0(a4)           a5=00000010  a4:1a102098  PA:1a102098 
60837042: 4382: [[34m/chip/soc/fc/insn                                    [0m] uart_write:236                   M 1c008472 c.andi              a5, a5, 16          a5=00000010  a5:00000010 
60864806: 4384: [[34m/chip/soc/fc/insn                                    [0m] uart_write:27                    M 1c008474 c.bnez              a5, 0, -4           a5:00000010 
60906452: 4387: [[34m/chip/soc/fc/insn                                    [0m] uart_write:236                   M 1c008470 c.lw                a5, 0(a4)           a5=00000000  a4:1a102098  PA:1a102098 
61031390: 4396: [[34m/chip/soc/fc/insn                                    [0m] uart_write:236                   M 1c008472 c.andi              a5, a5, 16          a5=00000000  a5:00000000 
61059154: 4398: [[34m/chip/soc/fc/insn                                    [0m] uart_write:27                    M 1c008474 c.bnez              a5, 0, -4           a5:00000000 
61073036: 4399: [[34m/chip/soc/fc/insn                                    [0m] uart_write:27                    M 1c008476 lui                 a5, 0x1a102000      a5=1a102000 
61086918: 4400: [[34m/chip/soc/fc/insn                                    [0m] uart_write:27                    M 1c00847a addi                a5, a5, 160         a5=1a1020a0  a5:1a102000 
61100800: 4401: [[34m/chip/soc/fc/insn                                    [0m] uart_write:27                    M 1c00847e c.add               a0, a0, a5          a0=1a1020a0  a0:00000000  a5:1a1020a0 
61184092: 4407: [[34m/chip/soc/fc/insn                                    [0m] uart_write:134                   M 1c008480 c.lw                a5, 0(a0)           a5=00000001  a0:1a1020a0  PA:1a1020a0 
61309030: 4416: [[34m/chip/soc/fc/insn                                    [0m] uart_write:134                   M 1c008482 p.bclri             a5, a5, 0x1e, 0x1   a5=00000001  a5:00000001 
61336794: 4418: [[34m/chip/soc/fc/insn                                    [0m] uart_write:31                    M 1c008486 c.bnez              a5, 0, -6           a5:00000001 
61378440: 4421: [[34m/chip/soc/fc/insn                                    [0m] uart_write:134                   M 1c008480 c.lw                a5, 0(a0)           a5=00000001  a0:1a1020a0  PA:1a1020a0 
61503378: 4430: [[34m/chip/soc/fc/insn                                    [0m] uart_write:134                   M 1c008482 p.bclri             a5, a5, 0x1e, 0x1   a5=00000001  a5:00000001 
61531142: 4432: [[34m/chip/soc/fc/insn                                    [0m] uart_write:31                    M 1c008486 c.bnez              a5, 0, -6           a5:00000001 
61572788: 4435: [[34m/chip/soc/fc/insn                                    [0m] uart_write:134                   M 1c008480 c.lw                a5, 0(a0)           a5=00000001  a0:1a1020a0  PA:1a1020a0 
61697726: 4444: [[34m/chip/soc/fc/insn                                    [0m] uart_write:134                   M 1c008482 p.bclri             a5, a5, 0x1e, 0x1   a5=00000001  a5:00000001 
61725490: 4446: [[34m/chip/soc/fc/insn                                    [0m] uart_write:31                    M 1c008486 c.bnez              a5, 0, -6           a5:00000001 
61767136: 4449: [[34m/chip/soc/fc/insn                                    [0m] uart_write:134                   M 1c008480 c.lw                a5, 0(a0)           a5=00000001  a0:1a1020a0  PA:1a1020a0 
61892074: 4458: [[34m/chip/soc/fc/insn                                    [0m] uart_write:134                   M 1c008482 p.bclri             a5, a5, 0x1e, 0x1   a5=00000001  a5:00000001 
61919838: 4460: [[34m/chip/soc/fc/insn                                    [0m] uart_write:31                    M 1c008486 c.bnez              a5, 0, -6           a5:00000001 
61961484: 4463: [[34m/chip/soc/fc/insn                                    [0m] uart_write:134                   M 1c008480 c.lw                a5, 0(a0)           a5=00000001  a0:1a1020a0  PA:1a1020a0 
62086422: 4472: [[34m/chip/soc/fc/insn                                    [0m] uart_write:134                   M 1c008482 p.bclri             a5, a5, 0x1e, 0x1   a5=00000001  a5:00000001 
62114186: 4474: [[34m/chip/soc/fc/insn                                    [0m] uart_write:31                    M 1c008486 c.bnez              a5, 0, -6           a5:00000001 
62155832: 4477: [[34m/chip/soc/fc/insn                                    [0m] uart_write:134                   M 1c008480 c.lw                a5, 0(a0)           a5=00000001  a0:1a1020a0  PA:1a1020a0 
62280770: 4486: [[34m/chip/soc/fc/insn                                    [0m] uart_write:134                   M 1c008482 p.bclri             a5, a5, 0x1e, 0x1   a5=00000001  a5:00000001 
62308534: 4488: [[34m/chip/soc/fc/insn                                    [0m] uart_write:31                    M 1c008486 c.bnez              a5, 0, -6           a5:00000001 
62350180: 4491: [[34m/chip/soc/fc/insn                                    [0m] uart_write:134                   M 1c008480 c.lw                a5, 0(a0)           a5=00000001  a0:1a1020a0  PA:1a1020a0 
62475118: 4500: [[34m/chip/soc/fc/insn                                    [0m] uart_write:134                   M 1c008482 p.bclri             a5, a5, 0x1e, 0x1   a5=00000001  a5:00000001 
62502882: 4502: [[34m/chip/soc/fc/insn                                    [0m] uart_write:31                    M 1c008486 c.bnez              a5, 0, -6           a5:00000001 
62544528: 4505: [[34m/chip/soc/fc/insn                                    [0m] uart_write:134                   M 1c008480 c.lw                a5, 0(a0)           a5=00000001  a0:1a1020a0  PA:1a1020a0 
62669466: 4514: [[34m/chip/soc/fc/insn                                    [0m] uart_write:134                   M 1c008482 p.bclri             a5, a5, 0x1e, 0x1   a5=00000001  a5:00000001 
62697230: 4516: [[34m/chip/soc/fc/insn                                    [0m] uart_write:31                    M 1c008486 c.bnez              a5, 0, -6           a5:00000001 
62738876: 4519: [[34m/chip/soc/fc/insn                                    [0m] uart_write:134                   M 1c008480 c.lw                a5, 0(a0)           a5=00000001  a0:1a1020a0  PA:1a1020a0 
62863814: 4528: [[34m/chip/soc/fc/insn                                    [0m] uart_write:134                   M 1c008482 p.bclri             a5, a5, 0x1e, 0x1   a5=00000001  a5:00000001 
62891578: 4530: [[34m/chip/soc/fc/insn                                    [0m] uart_write:31                    M 1c008486 c.bnez              a5, 0, -6           a5:00000001 
62933224: 4533: [[34m/chip/soc/fc/insn                                    [0m] uart_write:134                   M 1c008480 c.lw                a5, 0(a0)           a5=00000001  a0:1a1020a0  PA:1a1020a0 
63058162: 4542: [[34m/chip/soc/fc/insn                                    [0m] uart_write:134                   M 1c008482 p.bclri             a5, a5, 0x1e, 0x1   a5=00000001  a5:00000001 
63085926: 4544: [[34m/chip/soc/fc/insn                                    [0m] uart_write:31                    M 1c008486 c.bnez              a5, 0, -6           a5:00000001 
63127572: 4547: [[34m/chip/soc/fc/insn                                    [0m] uart_write:134                   M 1c008480 c.lw                a5, 0(a0)           a5=00000001  a0:1a1020a0  PA:1a1020a0 
63252510: 4556: [[34m/chip/soc/fc/insn                                    [0m] uart_write:134                   M 1c008482 p.bclri             a5, a5, 0x1e, 0x1   a5=00000001  a5:00000001 
63280274: 4558: [[34m/chip/soc/fc/insn                                    [0m] uart_write:31                    M 1c008486 c.bnez              a5, 0, -6           a5:00000001 
63321920: 4561: [[34m/chip/soc/fc/insn                                    [0m] uart_write:134                   M 1c008480 c.lw                a5, 0(a0)           a5=00000001  a0:1a1020a0  PA:1a1020a0 
63446858: 4570: [[34m/chip/soc/fc/insn                                    [0m] uart_write:134                   M 1c008482 p.bclri             a5, a5, 0x1e, 0x1   a5=00000001  a5:00000001 
63474622: 4572: [[34m/chip/soc/fc/insn                                    [0m] uart_write:31                    M 1c008486 c.bnez              a5, 0, -6           a5:00000001 
63516268: 4575: [[34m/chip/soc/fc/insn                                    [0m] uart_write:134                   M 1c008480 c.lw                a5, 0(a0)           a5=00000001  a0:1a1020a0  PA:1a1020a0 
63641206: 4584: [[34m/chip/soc/fc/insn                                    [0m] uart_write:134                   M 1c008482 p.bclri             a5, a5, 0x1e, 0x1   a5=00000001  a5:00000001 
63668970: 4586: [[34m/chip/soc/fc/insn                                    [0m] uart_write:31                    M 1c008486 c.bnez              a5, 0, -6           a5:00000001 
63710616: 4589: [[34m/chip/soc/fc/insn                                    [0m] uart_write:134                   M 1c008480 c.lw                a5, 0(a0)           a5=00000001  a0:1a1020a0  PA:1a1020a0 
63835554: 4598: [[34m/chip/soc/fc/insn                                    [0m] uart_write:134                   M 1c008482 p.bclri             a5, a5, 0x1e, 0x1   a5=00000001  a5:00000001 
63863318: 4600: [[34m/chip/soc/fc/insn                                    [0m] uart_write:31                    M 1c008486 c.bnez              a5, 0, -6           a5:00000001 
63904964: 4603: [[34m/chip/soc/fc/insn                                    [0m] uart_write:134                   M 1c008480 c.lw                a5, 0(a0)           a5=00000001  a0:1a1020a0  PA:1a1020a0 
64029902: 4612: [[34m/chip/soc/fc/insn                                    [0m] uart_write:134                   M 1c008482 p.bclri             a5, a5, 0x1e, 0x1   a5=00000001  a5:00000001 
64057666: 4614: [[34m/chip/soc/fc/insn                                    [0m] uart_write:31                    M 1c008486 c.bnez              a5, 0, -6           a5:00000001 
64099312: 4617: [[34m/chip/soc/fc/insn                                    [0m] uart_write:134                   M 1c008480 c.lw                a5, 0(a0)           a5=00000001  a0:1a1020a0  PA:1a1020a0 
64224250: 4626: [[34m/chip/soc/fc/insn                                    [0m] uart_write:134                   M 1c008482 p.bclri             a5, a5, 0x1e, 0x1   a5=00000001  a5:00000001 
64252014: 4628: [[34m/chip/soc/fc/insn                                    [0m] uart_write:31                    M 1c008486 c.bnez              a5, 0, -6           a5:00000001 
64293660: 4631: [[34m/chip/soc/fc/insn                                    [0m] uart_write:134                   M 1c008480 c.lw                a5, 0(a0)           a5=00000001  a0:1a1020a0  PA:1a1020a0 
64418598: 4640: [[34m/chip/soc/fc/insn                                    [0m] uart_write:134                   M 1c008482 p.bclri             a5, a5, 0x1e, 0x1   a5=00000001  a5:00000001 
64446362: 4642: [[34m/chip/soc/fc/insn                                    [0m] uart_write:31                    M 1c008486 c.bnez              a5, 0, -6           a5:00000001 
64488008: 4645: [[34m/chip/soc/fc/insn                                    [0m] uart_write:134                   M 1c008480 c.lw                a5, 0(a0)           a5=00000001  a0:1a1020a0  PA:1a1020a0 
64612946: 4654: [[34m/chip/soc/fc/insn                                    [0m] uart_write:134                   M 1c008482 p.bclri             a5, a5, 0x1e, 0x1   a5=00000001  a5:00000001 
64640710: 4656: [[34m/chip/soc/fc/insn                                    [0m] uart_write:31                    M 1c008486 c.bnez              a5, 0, -6           a5:00000001 
64682356: 4659: [[34m/chip/soc/fc/insn                                    [0m] uart_write:134                   M 1c008480 c.lw                a5, 0(a0)           a5=00000001  a0:1a1020a0  PA:1a1020a0 
64807294: 4668: [[34m/chip/soc/fc/insn                                    [0m] uart_write:134                   M 1c008482 p.bclri             a5, a5, 0x1e, 0x1   a5=00000001  a5:00000001 
64835058: 4670: [[34m/chip/soc/fc/insn                                    [0m] uart_write:31                    M 1c008486 c.bnez              a5, 0, -6           a5:00000001 
64876704: 4673: [[34m/chip/soc/fc/insn                                    [0m] uart_write:134                   M 1c008480 c.lw                a5, 0(a0)           a5=00000001  a0:1a1020a0  PA:1a1020a0 
65001642: 4682: [[34m/chip/soc/fc/insn                                    [0m] uart_write:134                   M 1c008482 p.bclri             a5, a5, 0x1e, 0x1   a5=00000001  a5:00000001 
65029406: 4684: [[34m/chip/soc/fc/insn                                    [0m] uart_write:31                    M 1c008486 c.bnez              a5, 0, -6           a5:00000001 
65071052: 4687: [[34m/chip/soc/fc/insn                                    [0m] uart_write:134                   M 1c008480 c.lw                a5, 0(a0)           a5=00000001  a0:1a1020a0  PA:1a1020a0 
65195990: 4696: [[34m/chip/soc/fc/insn                                    [0m] uart_write:134                   M 1c008482 p.bclri             a5, a5, 0x1e, 0x1   a5=00000001  a5:00000001 
65223754: 4698: [[34m/chip/soc/fc/insn                                    [0m] uart_write:31                    M 1c008486 c.bnez              a5, 0, -6           a5:00000001 
65265400: 4701: [[34m/chip/soc/fc/insn                                    [0m] uart_write:134                   M 1c008480 c.lw                a5, 0(a0)           a5=00000001  a0:1a1020a0  PA:1a1020a0 
65390338: 4710: [[34m/chip/soc/fc/insn                                    [0m] uart_write:134                   M 1c008482 p.bclri             a5, a5, 0x1e, 0x1   a5=00000001  a5:00000001 
65418102: 4712: [[34m/chip/soc/fc/insn                                    [0m] uart_write:31                    M 1c008486 c.bnez              a5, 0, -6           a5:00000001 
65459748: 4715: [[34m/chip/soc/fc/insn                                    [0m] uart_write:134                   M 1c008480 c.lw                a5, 0(a0)           a5=00000001  a0:1a1020a0  PA:1a1020a0 
65584686: 4724: [[34m/chip/soc/fc/insn                                    [0m] uart_write:134                   M 1c008482 p.bclri             a5, a5, 0x1e, 0x1   a5=00000001  a5:00000001 
65612450: 4726: [[34m/chip/soc/fc/insn                                    [0m] uart_write:31                    M 1c008486 c.bnez              a5, 0, -6           a5:00000001 
65654096: 4729: [[34m/chip/soc/fc/insn                                    [0m] uart_write:134                   M 1c008480 c.lw                a5, 0(a0)           a5=00000001  a0:1a1020a0  PA:1a1020a0 
65779034: 4738: [[34m/chip/soc/fc/insn                                    [0m] uart_write:134                   M 1c008482 p.bclri             a5, a5, 0x1e, 0x1   a5=00000001  a5:00000001 
65806798: 4740: [[34m/chip/soc/fc/insn                                    [0m] uart_write:31                    M 1c008486 c.bnez              a5, 0, -6           a5:00000001 
65848444: 4743: [[34m/chip/soc/fc/insn                                    [0m] uart_write:134                   M 1c008480 c.lw                a5, 0(a0)           a5=00000001  a0:1a1020a0  PA:1a1020a0 
65973382: 4752: [[34m/chip/soc/fc/insn                                    [0m] uart_write:134                   M 1c008482 p.bclri             a5, a5, 0x1e, 0x1   a5=00000001  a5:00000001 
66001146: 4754: [[34m/chip/soc/fc/insn                                    [0m] uart_write:31                    M 1c008486 c.bnez              a5, 0, -6           a5:00000001 
66042792: 4757: [[34m/chip/soc/fc/insn                                    [0m] uart_write:134                   M 1c008480 c.lw                a5, 0(a0)           a5=00000001  a0:1a1020a0  PA:1a1020a0 
66167730: 4766: [[34m/chip/soc/fc/insn                                    [0m] uart_write:134                   M 1c008482 p.bclri             a5, a5, 0x1e, 0x1   a5=00000001  a5:00000001 
66195494: 4768: [[34m/chip/soc/fc/insn                                    [0m] uart_write:31                    M 1c008486 c.bnez              a5, 0, -6           a5:00000001 
66237140: 4771: [[34m/chip/soc/fc/insn                                    [0m] uart_write:134                   M 1c008480 c.lw                a5, 0(a0)           a5=00000001  a0:1a1020a0  PA:1a1020a0 
66362078: 4780: [[34m/chip/soc/fc/insn                                    [0m] uart_write:134                   M 1c008482 p.bclri             a5, a5, 0x1e, 0x1   a5=00000001  a5:00000001 
66389842: 4782: [[34m/chip/soc/fc/insn                                    [0m] uart_write:31                    M 1c008486 c.bnez              a5, 0, -6           a5:00000001 
66431488: 4785: [[34m/chip/soc/fc/insn                                    [0m] uart_write:134                   M 1c008480 c.lw                a5, 0(a0)           a5=00000001  a0:1a1020a0  PA:1a1020a0 
66556426: 4794: [[34m/chip/soc/fc/insn                                    [0m] uart_write:134                   M 1c008482 p.bclri             a5, a5, 0x1e, 0x1   a5=00000001  a5:00000001 
66584190: 4796: [[34m/chip/soc/fc/insn                                    [0m] uart_write:31                    M 1c008486 c.bnez              a5, 0, -6           a5:00000001 
66625836: 4799: [[34m/chip/soc/fc/insn                                    [0m] uart_write:134                   M 1c008480 c.lw                a5, 0(a0)           a5=00000001  a0:1a1020a0  PA:1a1020a0 
66750774: 4808: [[34m/chip/soc/fc/insn                                    [0m] uart_write:134                   M 1c008482 p.bclri             a5, a5, 0x1e, 0x1   a5=00000001  a5:00000001 
66778538: 4810: [[34m/chip/soc/fc/insn                                    [0m] uart_write:31                    M 1c008486 c.bnez              a5, 0, -6           a5:00000001 
66820184: 4813: [[34m/chip/soc/fc/insn                                    [0m] uart_write:134                   M 1c008480 c.lw                a5, 0(a0)           a5=00000001  a0:1a1020a0  PA:1a1020a0 
66945122: 4822: [[34m/chip/soc/fc/insn                                    [0m] uart_write:134                   M 1c008482 p.bclri             a5, a5, 0x1e, 0x1   a5=00000001  a5:00000001 
66972886: 4824: [[34m/chip/soc/fc/insn                                    [0m] uart_write:31                    M 1c008486 c.bnez              a5, 0, -6           a5:00000001 
67014532: 4827: [[34m/chip/soc/fc/insn                                    [0m] uart_write:134                   M 1c008480 c.lw                a5, 0(a0)           a5=00000001  a0:1a1020a0  PA:1a1020a0 
67139470: 4836: [[34m/chip/soc/fc/insn                                    [0m] uart_write:134                   M 1c008482 p.bclri             a5, a5, 0x1e, 0x1   a5=00000001  a5:00000001 
67167234: 4838: [[34m/chip/soc/fc/insn                                    [0m] uart_write:31                    M 1c008486 c.bnez              a5, 0, -6           a5:00000001 
67208880: 4841: [[34m/chip/soc/fc/insn                                    [0m] uart_write:134                   M 1c008480 c.lw                a5, 0(a0)           a5=00000001  a0:1a1020a0  PA:1a1020a0 
67333818: 4850: [[34m/chip/soc/fc/insn                                    [0m] uart_write:134                   M 1c008482 p.bclri             a5, a5, 0x1e, 0x1   a5=00000001  a5:00000001 
67361582: 4852: [[34m/chip/soc/fc/insn                                    [0m] uart_write:31                    M 1c008486 c.bnez              a5, 0, -6           a5:00000001 
67403228: 4855: [[34m/chip/soc/fc/insn                                    [0m] uart_write:134                   M 1c008480 c.lw                a5, 0(a0)           a5=00000001  a0:1a1020a0  PA:1a1020a0 
67528166: 4864: [[34m/chip/soc/fc/insn                                    [0m] uart_write:134                   M 1c008482 p.bclri             a5, a5, 0x1e, 0x1   a5=00000001  a5:00000001 
67555930: 4866: [[34m/chip/soc/fc/insn                                    [0m] uart_write:31                    M 1c008486 c.bnez              a5, 0, -6           a5:00000001 
67597576: 4869: [[34m/chip/soc/fc/insn                                    [0m] uart_write:134                   M 1c008480 c.lw                a5, 0(a0)           a5=00000001  a0:1a1020a0  PA:1a1020a0 
67722514: 4878: [[34m/chip/soc/fc/insn                                    [0m] uart_write:134                   M 1c008482 p.bclri             a5, a5, 0x1e, 0x1   a5=00000001  a5:00000001 
67750278: 4880: [[34m/chip/soc/fc/insn                                    [0m] uart_write:31                    M 1c008486 c.bnez              a5, 0, -6           a5:00000001 
67791924: 4883: [[34m/chip/soc/fc/insn                                    [0m] uart_write:134                   M 1c008480 c.lw                a5, 0(a0)           a5=00000001  a0:1a1020a0  PA:1a1020a0 
67916862: 4892: [[34m/chip/soc/fc/insn                                    [0m] uart_write:134                   M 1c008482 p.bclri             a5, a5, 0x1e, 0x1   a5=00000001  a5:00000001 
67944626: 4894: [[34m/chip/soc/fc/insn                                    [0m] uart_write:31                    M 1c008486 c.bnez              a5, 0, -6           a5:00000001 
67986272: 4897: [[34m/chip/soc/fc/insn                                    [0m] uart_write:134                   M 1c008480 c.lw                a5, 0(a0)           a5=00000001  a0:1a1020a0  PA:1a1020a0 
68111210: 4906: [[34m/chip/soc/fc/insn                                    [0m] uart_write:134                   M 1c008482 p.bclri             a5, a5, 0x1e, 0x1   a5=00000001  a5:00000001 
68138974: 4908: [[34m/chip/soc/fc/insn                                    [0m] uart_write:31                    M 1c008486 c.bnez              a5, 0, -6           a5:00000001 
68180620: 4911: [[34m/chip/soc/fc/insn                                    [0m] uart_write:134                   M 1c008480 c.lw                a5, 0(a0)           a5=00000001  a0:1a1020a0  PA:1a1020a0 
68305558: 4920: [[34m/chip/soc/fc/insn                                    [0m] uart_write:134                   M 1c008482 p.bclri             a5, a5, 0x1e, 0x1   a5=00000001  a5:00000001 
68333322: 4922: [[34m/chip/soc/fc/insn                                    [0m] uart_write:31                    M 1c008486 c.bnez              a5, 0, -6           a5:00000001 
68374968: 4925: [[34m/chip/soc/fc/insn                                    [0m] uart_write:134                   M 1c008480 c.lw                a5, 0(a0)           a5=00000001  a0:1a1020a0  PA:1a1020a0 
68499906: 4934: [[34m/chip/soc/fc/insn                                    [0m] uart_write:134                   M 1c008482 p.bclri             a5, a5, 0x1e, 0x1   a5=00000001  a5:00000001 
68527670: 4936: [[34m/chip/soc/fc/insn                                    [0m] uart_write:31                    M 1c008486 c.bnez              a5, 0, -6           a5:00000001 
68569316: 4939: [[34m/chip/soc/fc/insn                                    [0m] uart_write:134                   M 1c008480 c.lw                a5, 0(a0)           a5=00000001  a0:1a1020a0  PA:1a1020a0 
68694254: 4948: [[34m/chip/soc/fc/insn                                    [0m] uart_write:134                   M 1c008482 p.bclri             a5, a5, 0x1e, 0x1   a5=00000001  a5:00000001 
68722018: 4950: [[34m/chip/soc/fc/insn                                    [0m] uart_write:31                    M 1c008486 c.bnez              a5, 0, -6           a5:00000001 
68763664: 4953: [[34m/chip/soc/fc/insn                                    [0m] uart_write:134                   M 1c008480 c.lw                a5, 0(a0)           a5=00000001  a0:1a1020a0  PA:1a1020a0 
68888602: 4962: [[34m/chip/soc/fc/insn                                    [0m] uart_write:134                   M 1c008482 p.bclri             a5, a5, 0x1e, 0x1   a5=00000001  a5:00000001 
68916366: 4964: [[34m/chip/soc/fc/insn                                    [0m] uart_write:31                    M 1c008486 c.bnez              a5, 0, -6           a5:00000001 
68958012: 4967: [[34m/chip/soc/fc/insn                                    [0m] uart_write:134                   M 1c008480 c.lw                a5, 0(a0)           a5=00000001  a0:1a1020a0  PA:1a1020a0 
69082950: 4976: [[34m/chip/soc/fc/insn                                    [0m] uart_write:134                   M 1c008482 p.bclri             a5, a5, 0x1e, 0x1   a5=00000001  a5:00000001 
69110714: 4978: [[34m/chip/soc/fc/insn                                    [0m] uart_write:31                    M 1c008486 c.bnez              a5, 0, -6           a5:00000001 
69152360: 4981: [[34m/chip/soc/fc/insn                                    [0m] uart_write:134                   M 1c008480 c.lw                a5, 0(a0)           a5=00000001  a0:1a1020a0  PA:1a1020a0 
69277298: 4990: [[34m/chip/soc/fc/insn                                    [0m] uart_write:134                   M 1c008482 p.bclri             a5, a5, 0x1e, 0x1   a5=00000001  a5:00000001 
69305062: 4992: [[34m/chip/soc/fc/insn                                    [0m] uart_write:31                    M 1c008486 c.bnez              a5, 0, -6           a5:00000001 
69346708: 4995: [[34m/chip/soc/fc/insn                                    [0m] uart_write:134                   M 1c008480 c.lw                a5, 0(a0)           a5=00000001  a0:1a1020a0  PA:1a1020a0 
69471646: 5004: [[34m/chip/soc/fc/insn                                    [0m] uart_write:134                   M 1c008482 p.bclri             a5, a5, 0x1e, 0x1   a5=00000001  a5:00000001 
69499410: 5006: [[34m/chip/soc/fc/insn                                    [0m] uart_write:31                    M 1c008486 c.bnez              a5, 0, -6           a5:00000001 
69541056: 5009: [[34m/chip/soc/fc/insn                                    [0m] uart_write:134                   M 1c008480 c.lw                a5, 0(a0)           a5=00000001  a0:1a1020a0  PA:1a1020a0 
69665994: 5018: [[34m/chip/soc/fc/insn                                    [0m] uart_write:134                   M 1c008482 p.bclri             a5, a5, 0x1e, 0x1   a5=00000001  a5:00000001 
69693758: 5020: [[34m/chip/soc/fc/insn                                    [0m] uart_write:31                    M 1c008486 c.bnez              a5, 0, -6           a5:00000001 
69735404: 5023: [[34m/chip/soc/fc/insn                                    [0m] uart_write:134                   M 1c008480 c.lw                a5, 0(a0)           a5=00000001  a0:1a1020a0  PA:1a1020a0 
69860342: 5032: [[34m/chip/soc/fc/insn                                    [0m] uart_write:134                   M 1c008482 p.bclri             a5, a5, 0x1e, 0x1   a5=00000001  a5:00000001 
69888106: 5034: [[34m/chip/soc/fc/insn                                    [0m] uart_write:31                    M 1c008486 c.bnez              a5, 0, -6           a5:00000001 
69929752: 5037: [[34m/chip/soc/fc/insn                                    [0m] uart_write:134                   M 1c008480 c.lw                a5, 0(a0)           a5=00000001  a0:1a1020a0  PA:1a1020a0 
70054690: 5046: [[34m/chip/soc/fc/insn                                    [0m] uart_write:134                   M 1c008482 p.bclri             a5, a5, 0x1e, 0x1   a5=00000001  a5:00000001 
70082454: 5048: [[34m/chip/soc/fc/insn                                    [0m] uart_write:31                    M 1c008486 c.bnez              a5, 0, -6           a5:00000001 
70124100: 5051: [[34m/chip/soc/fc/insn                                    [0m] uart_write:134                   M 1c008480 c.lw                a5, 0(a0)           a5=00000001  a0:1a1020a0  PA:1a1020a0 
70249038: 5060: [[34m/chip/soc/fc/insn                                    [0m] uart_write:134                   M 1c008482 p.bclri             a5, a5, 0x1e, 0x1   a5=00000001  a5:00000001 
70276802: 5062: [[34m/chip/soc/fc/insn                                    [0m] uart_write:31                    M 1c008486 c.bnez              a5, 0, -6           a5:00000001 
70318448: 5065: [[34m/chip/soc/fc/insn                                    [0m] uart_write:134                   M 1c008480 c.lw                a5, 0(a0)           a5=00000001  a0:1a1020a0  PA:1a1020a0 
70443386: 5074: [[34m/chip/soc/fc/insn                                    [0m] uart_write:134                   M 1c008482 p.bclri             a5, a5, 0x1e, 0x1   a5=00000001  a5:00000001 
70471150: 5076: [[34m/chip/soc/fc/insn                                    [0m] uart_write:31                    M 1c008486 c.bnez              a5, 0, -6           a5:00000001 
70512796: 5079: [[34m/chip/soc/fc/insn                                    [0m] uart_write:134                   M 1c008480 c.lw                a5, 0(a0)           a5=00000001  a0:1a1020a0  PA:1a1020a0 
70637734: 5088: [[34m/chip/soc/fc/insn                                    [0m] uart_write:134                   M 1c008482 p.bclri             a5, a5, 0x1e, 0x1   a5=00000001  a5:00000001 
70665498: 5090: [[34m/chip/soc/fc/insn                                    [0m] uart_write:31                    M 1c008486 c.bnez              a5, 0, -6           a5:00000001 
70707144: 5093: [[34m/chip/soc/fc/insn                                    [0m] uart_write:134                   M 1c008480 c.lw                a5, 0(a0)           a5=00000001  a0:1a1020a0  PA:1a1020a0 
70832082: 5102: [[34m/chip/soc/fc/insn                                    [0m] uart_write:134                   M 1c008482 p.bclri             a5, a5, 0x1e, 0x1   a5=00000001  a5:00000001 
70859846: 5104: [[34m/chip/soc/fc/insn                                    [0m] uart_write:31                    M 1c008486 c.bnez              a5, 0, -6           a5:00000001 
70901492: 5107: [[34m/chip/soc/fc/insn                                    [0m] uart_write:134                   M 1c008480 c.lw                a5, 0(a0)           a5=00000001  a0:1a1020a0  PA:1a1020a0 
71026430: 5116: [[34m/chip/soc/fc/insn                                    [0m] uart_write:134                   M 1c008482 p.bclri             a5, a5, 0x1e, 0x1   a5=00000001  a5:00000001 
71054194: 5118: [[34m/chip/soc/fc/insn                                    [0m] uart_write:31                    M 1c008486 c.bnez              a5, 0, -6           a5:00000001 
71095840: 5121: [[34m/chip/soc/fc/insn                                    [0m] uart_write:134                   M 1c008480 c.lw                a5, 0(a0)           a5=00000001  a0:1a1020a0  PA:1a1020a0 
71220778: 5130: [[34m/chip/soc/fc/insn                                    [0m] uart_write:134                   M 1c008482 p.bclri             a5, a5, 0x1e, 0x1   a5=00000001  a5:00000001 
71248542: 5132: [[34m/chip/soc/fc/insn                                    [0m] uart_write:31                    M 1c008486 c.bnez              a5, 0, -6           a5:00000001 
71290188: 5135: [[34m/chip/soc/fc/insn                                    [0m] uart_write:134                   M 1c008480 c.lw                a5, 0(a0)           a5=00000001  a0:1a1020a0  PA:1a1020a0 
71415126: 5144: [[34m/chip/soc/fc/insn                                    [0m] uart_write:134                   M 1c008482 p.bclri             a5, a5, 0x1e, 0x1   a5=00000001  a5:00000001 
71442890: 5146: [[34m/chip/soc/fc/insn                                    [0m] uart_write:31                    M 1c008486 c.bnez              a5, 0, -6           a5:00000001 
71484536: 5149: [[34m/chip/soc/fc/insn                                    [0m] uart_write:134                   M 1c008480 c.lw                a5, 0(a0)           a5=00000001  a0:1a1020a0  PA:1a1020a0 
71609474: 5158: [[34m/chip/soc/fc/insn                                    [0m] uart_write:134                   M 1c008482 p.bclri             a5, a5, 0x1e, 0x1   a5=00000001  a5:00000001 
71637238: 5160: [[34m/chip/soc/fc/insn                                    [0m] uart_write:31                    M 1c008486 c.bnez              a5, 0, -6           a5:00000001 
71678884: 5163: [[34m/chip/soc/fc/insn                                    [0m] uart_write:134                   M 1c008480 c.lw                a5, 0(a0)           a5=00000001  a0:1a1020a0  PA:1a1020a0 
71803822: 5172: [[34m/chip/soc/fc/insn                                    [0m] uart_write:134                   M 1c008482 p.bclri             a5, a5, 0x1e, 0x1   a5=00000001  a5:00000001 
71831586: 5174: [[34m/chip/soc/fc/insn                                    [0m] uart_write:31                    M 1c008486 c.bnez              a5, 0, -6           a5:00000001 
71873232: 5177: [[34m/chip/soc/fc/insn                                    [0m] uart_write:134                   M 1c008480 c.lw                a5, 0(a0)           a5=00000001  a0:1a1020a0  PA:1a1020a0 
71998170: 5186: [[34m/chip/soc/fc/insn                                    [0m] uart_write:134                   M 1c008482 p.bclri             a5, a5, 0x1e, 0x1   a5=00000001  a5:00000001 
72025934: 5188: [[34m/chip/soc/fc/insn                                    [0m] uart_write:31                    M 1c008486 c.bnez              a5, 0, -6           a5:00000001 
72067580: 5191: [[34m/chip/soc/fc/insn                                    [0m] uart_write:134                   M 1c008480 c.lw                a5, 0(a0)           a5=00000001  a0:1a1020a0  PA:1a1020a0 
72192518: 5200: [[34m/chip/soc/fc/insn                                    [0m] uart_write:134                   M 1c008482 p.bclri             a5, a5, 0x1e, 0x1   a5=00000001  a5:00000001 
72220282: 5202: [[34m/chip/soc/fc/insn                                    [0m] uart_write:31                    M 1c008486 c.bnez              a5, 0, -6           a5:00000001 
72261928: 5205: [[34m/chip/soc/fc/insn                                    [0m] uart_write:134                   M 1c008480 c.lw                a5, 0(a0)           a5=00000001  a0:1a1020a0  PA:1a1020a0 
72386866: 5214: [[34m/chip/soc/fc/insn                                    [0m] uart_write:134                   M 1c008482 p.bclri             a5, a5, 0x1e, 0x1   a5=00000001  a5:00000001 
72414630: 5216: [[34m/chip/soc/fc/insn                                    [0m] uart_write:31                    M 1c008486 c.bnez              a5, 0, -6           a5:00000001 
72456276: 5219: [[34m/chip/soc/fc/insn                                    [0m] uart_write:134                   M 1c008480 c.lw                a5, 0(a0)           a5=00000001  a0:1a1020a0  PA:1a1020a0 
72581214: 5228: [[34m/chip/soc/fc/insn                                    [0m] uart_write:134                   M 1c008482 p.bclri             a5, a5, 0x1e, 0x1   a5=00000001  a5:00000001 
72608978: 5230: [[34m/chip/soc/fc/insn                                    [0m] uart_write:31                    M 1c008486 c.bnez              a5, 0, -6           a5:00000001 
72650624: 5233: [[34m/chip/soc/fc/insn                                    [0m] uart_write:134                   M 1c008480 c.lw                a5, 0(a0)           a5=00000001  a0:1a1020a0  PA:1a1020a0 
72775562: 5242: [[34m/chip/soc/fc/insn                                    [0m] uart_write:134                   M 1c008482 p.bclri             a5, a5, 0x1e, 0x1   a5=00000001  a5:00000001 
72803326: 5244: [[34m/chip/soc/fc/insn                                    [0m] uart_write:31                    M 1c008486 c.bnez              a5, 0, -6           a5:00000001 
72844972: 5247: [[34m/chip/soc/fc/insn                                    [0m] uart_write:134                   M 1c008480 c.lw                a5, 0(a0)           a5=00000001  a0:1a1020a0  PA:1a1020a0 
72969910: 5256: [[34m/chip/soc/fc/insn                                    [0m] uart_write:134                   M 1c008482 p.bclri             a5, a5, 0x1e, 0x1   a5=00000001  a5:00000001 
72997674: 5258: [[34m/chip/soc/fc/insn                                    [0m] uart_write:31                    M 1c008486 c.bnez              a5, 0, -6           a5:00000001 
73039320: 5261: [[34m/chip/soc/fc/insn                                    [0m] uart_write:134                   M 1c008480 c.lw                a5, 0(a0)           a5=00000001  a0:1a1020a0  PA:1a1020a0 
73164258: 5270: [[34m/chip/soc/fc/insn                                    [0m] uart_write:134                   M 1c008482 p.bclri             a5, a5, 0x1e, 0x1   a5=00000001  a5:00000001 
73192022: 5272: [[34m/chip/soc/fc/insn                                    [0m] uart_write:31                    M 1c008486 c.bnez              a5, 0, -6           a5:00000001 
73233668: 5275: [[34m/chip/soc/fc/insn                                    [0m] uart_write:134                   M 1c008480 c.lw                a5, 0(a0)           a5=00000001  a0:1a1020a0  PA:1a1020a0 
73358606: 5284: [[34m/chip/soc/fc/insn                                    [0m] uart_write:134                   M 1c008482 p.bclri             a5, a5, 0x1e, 0x1   a5=00000001  a5:00000001 
73386370: 5286: [[34m/chip/soc/fc/insn                                    [0m] uart_write:31                    M 1c008486 c.bnez              a5, 0, -6           a5:00000001 
73428016: 5289: [[34m/chip/soc/fc/insn                                    [0m] uart_write:134                   M 1c008480 c.lw                a5, 0(a0)           a5=00000001  a0:1a1020a0  PA:1a1020a0 
73552954: 5298: [[34m/chip/soc/fc/insn                                    [0m] uart_write:134                   M 1c008482 p.bclri             a5, a5, 0x1e, 0x1   a5=00000001  a5:00000001 
73580718: 5300: [[34m/chip/soc/fc/insn                                    [0m] uart_write:31                    M 1c008486 c.bnez              a5, 0, -6           a5:00000001 
73622364: 5303: [[34m/chip/soc/fc/insn                                    [0m] uart_write:134                   M 1c008480 c.lw                a5, 0(a0)           a5=00000001  a0:1a1020a0  PA:1a1020a0 
73747302: 5312: [[34m/chip/soc/fc/insn                                    [0m] uart_write:134                   M 1c008482 p.bclri             a5, a5, 0x1e, 0x1   a5=00000001  a5:00000001 
73775066: 5314: [[34m/chip/soc/fc/insn                                    [0m] uart_write:31                    M 1c008486 c.bnez              a5, 0, -6           a5:00000001 
73816712: 5317: [[34m/chip/soc/fc/insn                                    [0m] uart_write:134                   M 1c008480 c.lw                a5, 0(a0)           a5=00000001  a0:1a1020a0  PA:1a1020a0 
73941650: 5326: [[34m/chip/soc/fc/insn                                    [0m] uart_write:134                   M 1c008482 p.bclri             a5, a5, 0x1e, 0x1   a5=00000001  a5:00000001 
73969414: 5328: [[34m/chip/soc/fc/insn                                    [0m] uart_write:31                    M 1c008486 c.bnez              a5, 0, -6           a5:00000001 
74011060: 5331: [[34m/chip/soc/fc/insn                                    [0m] uart_write:134                   M 1c008480 c.lw                a5, 0(a0)           a5=00000001  a0:1a1020a0  PA:1a1020a0 
74135998: 5340: [[34m/chip/soc/fc/insn                                    [0m] uart_write:134                   M 1c008482 p.bclri             a5, a5, 0x1e, 0x1   a5=00000001  a5:00000001 
74163762: 5342: [[34m/chip/soc/fc/insn                                    [0m] uart_write:31                    M 1c008486 c.bnez              a5, 0, -6           a5:00000001 
74205408: 5345: [[34m/chip/soc/fc/insn                                    [0m] uart_write:134                   M 1c008480 c.lw                a5, 0(a0)           a5=00000001  a0:1a1020a0  PA:1a1020a0 
74330346: 5354: [[34m/chip/soc/fc/insn                                    [0m] uart_write:134                   M 1c008482 p.bclri             a5, a5, 0x1e, 0x1   a5=00000001  a5:00000001 
74358110: 5356: [[34m/chip/soc/fc/insn                                    [0m] uart_write:31                    M 1c008486 c.bnez              a5, 0, -6           a5:00000001 
74399756: 5359: [[34m/chip/soc/fc/insn                                    [0m] uart_write:134                   M 1c008480 c.lw                a5, 0(a0)           a5=00000001  a0:1a1020a0  PA:1a1020a0 
74524694: 5368: [[34m/chip/soc/fc/insn                                    [0m] uart_write:134                   M 1c008482 p.bclri             a5, a5, 0x1e, 0x1   a5=00000001  a5:00000001 
74552458: 5370: [[34m/chip/soc/fc/insn                                    [0m] uart_write:31                    M 1c008486 c.bnez              a5, 0, -6           a5:00000001 
74594104: 5373: [[34m/chip/soc/fc/insn                                    [0m] uart_write:134                   M 1c008480 c.lw                a5, 0(a0)           a5=00000001  a0:1a1020a0  PA:1a1020a0 
74719042: 5382: [[34m/chip/soc/fc/insn                                    [0m] uart_write:134                   M 1c008482 p.bclri             a5, a5, 0x1e, 0x1   a5=00000001  a5:00000001 
74746806: 5384: [[34m/chip/soc/fc/insn                                    [0m] uart_write:31                    M 1c008486 c.bnez              a5, 0, -6           a5:00000001 
74788452: 5387: [[34m/chip/soc/fc/insn                                    [0m] uart_write:134                   M 1c008480 c.lw                a5, 0(a0)           a5=00000001  a0:1a1020a0  PA:1a1020a0 
74913390: 5396: [[34m/chip/soc/fc/insn                                    [0m] uart_write:134                   M 1c008482 p.bclri             a5, a5, 0x1e, 0x1   a5=00000001  a5:00000001 
74941154: 5398: [[34m/chip/soc/fc/insn                                    [0m] uart_write:31                    M 1c008486 c.bnez              a5, 0, -6           a5:00000001 
74982800: 5401: [[34m/chip/soc/fc/insn                                    [0m] uart_write:134                   M 1c008480 c.lw                a5, 0(a0)           a5=00000001  a0:1a1020a0  PA:1a1020a0 
75107738: 5410: [[34m/chip/soc/fc/insn                                    [0m] uart_write:134                   M 1c008482 p.bclri             a5, a5, 0x1e, 0x1   a5=00000001  a5:00000001 
75135502: 5412: [[34m/chip/soc/fc/insn                                    [0m] uart_write:31                    M 1c008486 c.bnez              a5, 0, -6           a5:00000001 
75177148: 5415: [[34m/chip/soc/fc/insn                                    [0m] uart_write:134                   M 1c008480 c.lw                a5, 0(a0)           a5=00000001  a0:1a1020a0  PA:1a1020a0 
75302086: 5424: [[34m/chip/soc/fc/insn                                    [0m] uart_write:134                   M 1c008482 p.bclri             a5, a5, 0x1e, 0x1   a5=00000001  a5:00000001 
75329850: 5426: [[34m/chip/soc/fc/insn                                    [0m] uart_write:31                    M 1c008486 c.bnez              a5, 0, -6           a5:00000001 
75371496: 5429: [[34m/chip/soc/fc/insn                                    [0m] uart_write:134                   M 1c008480 c.lw                a5, 0(a0)           a5=00000001  a0:1a1020a0  PA:1a1020a0 
75496434: 5438: [[34m/chip/soc/fc/insn                                    [0m] uart_write:134                   M 1c008482 p.bclri             a5, a5, 0x1e, 0x1   a5=00000001  a5:00000001 
75524198: 5440: [[34m/chip/soc/fc/insn                                    [0m] uart_write:31                    M 1c008486 c.bnez              a5, 0, -6           a5:00000001 
75565844: 5443: [[34m/chip/soc/fc/insn                                    [0m] uart_write:134                   M 1c008480 c.lw                a5, 0(a0)           a5=00000001  a0:1a1020a0  PA:1a1020a0 
75690782: 5452: [[34m/chip/soc/fc/insn                                    [0m] uart_write:134                   M 1c008482 p.bclri             a5, a5, 0x1e, 0x1   a5=00000001  a5:00000001 
75718546: 5454: [[34m/chip/soc/fc/insn                                    [0m] uart_write:31                    M 1c008486 c.bnez              a5, 0, -6           a5:00000001 
75760192: 5457: [[34m/chip/soc/fc/insn                                    [0m] uart_write:134                   M 1c008480 c.lw                a5, 0(a0)           a5=00000001  a0:1a1020a0  PA:1a1020a0 
75885130: 5466: [[34m/chip/soc/fc/insn                                    [0m] uart_write:134                   M 1c008482 p.bclri             a5, a5, 0x1e, 0x1   a5=00000001  a5:00000001 
75912894: 5468: [[34m/chip/soc/fc/insn                                    [0m] uart_write:31                    M 1c008486 c.bnez              a5, 0, -6           a5:00000001 
75954540: 5471: [[34m/chip/soc/fc/insn                                    [0m] uart_write:134                   M 1c008480 c.lw                a5, 0(a0)           a5=00000001  a0:1a1020a0  PA:1a1020a0 
76079478: 5480: [[34m/chip/soc/fc/insn                                    [0m] uart_write:134                   M 1c008482 p.bclri             a5, a5, 0x1e, 0x1   a5=00000001  a5:00000001 
76107242: 5482: [[34m/chip/soc/fc/insn                                    [0m] uart_write:31                    M 1c008486 c.bnez              a5, 0, -6           a5:00000001 
76148888: 5485: [[34m/chip/soc/fc/insn                                    [0m] uart_write:134                   M 1c008480 c.lw                a5, 0(a0)           a5=00000001  a0:1a1020a0  PA:1a1020a0 
76273826: 5494: [[34m/chip/soc/fc/insn                                    [0m] uart_write:134                   M 1c008482 p.bclri             a5, a5, 0x1e, 0x1   a5=00000001  a5:00000001 
76301590: 5496: [[34m/chip/soc/fc/insn                                    [0m] uart_write:31                    M 1c008486 c.bnez              a5, 0, -6           a5:00000001 
76343236: 5499: [[34m/chip/soc/fc/insn                                    [0m] uart_write:134                   M 1c008480 c.lw                a5, 0(a0)           a5=00000001  a0:1a1020a0  PA:1a1020a0 
76468174: 5508: [[34m/chip/soc/fc/insn                                    [0m] uart_write:134                   M 1c008482 p.bclri             a5, a5, 0x1e, 0x1   a5=00000001  a5:00000001 
76495938: 5510: [[34m/chip/soc/fc/insn                                    [0m] uart_write:31                    M 1c008486 c.bnez              a5, 0, -6           a5:00000001 
76537584: 5513: [[34m/chip/soc/fc/insn                                    [0m] uart_write:134                   M 1c008480 c.lw                a5, 0(a0)           a5=00000001  a0:1a1020a0  PA:1a1020a0 
76662522: 5522: [[34m/chip/soc/fc/insn                                    [0m] uart_write:134                   M 1c008482 p.bclri             a5, a5, 0x1e, 0x1   a5=00000001  a5:00000001 
76690286: 5524: [[34m/chip/soc/fc/insn                                    [0m] uart_write:31                    M 1c008486 c.bnez              a5, 0, -6           a5:00000001 
76731932: 5527: [[34m/chip/soc/fc/insn                                    [0m] uart_write:134                   M 1c008480 c.lw                a5, 0(a0)           a5=00000001  a0:1a1020a0  PA:1a1020a0 
76856870: 5536: [[34m/chip/soc/fc/insn                                    [0m] uart_write:134                   M 1c008482 p.bclri             a5, a5, 0x1e, 0x1   a5=00000001  a5:00000001 
76884634: 5538: [[34m/chip/soc/fc/insn                                    [0m] uart_write:31                    M 1c008486 c.bnez              a5, 0, -6           a5:00000001 
76926280: 5541: [[34m/chip/soc/fc/insn                                    [0m] uart_write:134                   M 1c008480 c.lw                a5, 0(a0)           a5=00000001  a0:1a1020a0  PA:1a1020a0 
77051218: 5550: [[34m/chip/soc/fc/insn                                    [0m] uart_write:134                   M 1c008482 p.bclri             a5, a5, 0x1e, 0x1   a5=00000001  a5:00000001 
77078982: 5552: [[34m/chip/soc/fc/insn                                    [0m] uart_write:31                    M 1c008486 c.bnez              a5, 0, -6           a5:00000001 
77120628: 5555: [[34m/chip/soc/fc/insn                                    [0m] uart_write:134                   M 1c008480 c.lw                a5, 0(a0)           a5=00000001  a0:1a1020a0  PA:1a1020a0 
77245566: 5564: [[34m/chip/soc/fc/insn                                    [0m] uart_write:134                   M 1c008482 p.bclri             a5, a5, 0x1e, 0x1   a5=00000001  a5:00000001 
77273330: 5566: [[34m/chip/soc/fc/insn                                    [0m] uart_write:31                    M 1c008486 c.bnez              a5, 0, -6           a5:00000001 
77314976: 5569: [[34m/chip/soc/fc/insn                                    [0m] uart_write:134                   M 1c008480 c.lw                a5, 0(a0)           a5=00000001  a0:1a1020a0  PA:1a1020a0 
77439914: 5578: [[34m/chip/soc/fc/insn                                    [0m] uart_write:134                   M 1c008482 p.bclri             a5, a5, 0x1e, 0x1   a5=00000001  a5:00000001 
77467678: 5580: [[34m/chip/soc/fc/insn                                    [0m] uart_write:31                    M 1c008486 c.bnez              a5, 0, -6           a5:00000001 
77509324: 5583: [[34m/chip/soc/fc/insn                                    [0m] uart_write:134                   M 1c008480 c.lw                a5, 0(a0)           a5=00000001  a0:1a1020a0  PA:1a1020a0 
77634262: 5592: [[34m/chip/soc/fc/insn                                    [0m] uart_write:134                   M 1c008482 p.bclri             a5, a5, 0x1e, 0x1   a5=00000001  a5:00000001 
77662026: 5594: [[34m/chip/soc/fc/insn                                    [0m] uart_write:31                    M 1c008486 c.bnez              a5, 0, -6           a5:00000001 
77703672: 5597: [[34m/chip/soc/fc/insn                                    [0m] uart_write:134                   M 1c008480 c.lw                a5, 0(a0)           a5=00000001  a0:1a1020a0  PA:1a1020a0 
77828610: 5606: [[34m/chip/soc/fc/insn                                    [0m] uart_write:134                   M 1c008482 p.bclri             a5, a5, 0x1e, 0x1   a5=00000001  a5:00000001 
77856374: 5608: [[34m/chip/soc/fc/insn                                    [0m] uart_write:31                    M 1c008486 c.bnez              a5, 0, -6           a5:00000001 
77898020: 5611: [[34m/chip/soc/fc/insn                                    [0m] uart_write:134                   M 1c008480 c.lw                a5, 0(a0)           a5=00000001  a0:1a1020a0  PA:1a1020a0 
78022958: 5620: [[34m/chip/soc/fc/insn                                    [0m] uart_write:134                   M 1c008482 p.bclri             a5, a5, 0x1e, 0x1   a5=00000001  a5:00000001 
78050722: 5622: [[34m/chip/soc/fc/insn                                    [0m] uart_write:31                    M 1c008486 c.bnez              a5, 0, -6           a5:00000001 
78092368: 5625: [[34m/chip/soc/fc/insn                                    [0m] uart_write:134                   M 1c008480 c.lw                a5, 0(a0)           a5=00000001  a0:1a1020a0  PA:1a1020a0 
78217306: 5634: [[34m/chip/soc/fc/insn                                    [0m] uart_write:134                   M 1c008482 p.bclri             a5, a5, 0x1e, 0x1   a5=00000001  a5:00000001 
78245070: 5636: [[34m/chip/soc/fc/insn                                    [0m] uart_write:31                    M 1c008486 c.bnez              a5, 0, -6           a5:00000001 
78286716: 5639: [[34m/chip/soc/fc/insn                                    [0m] uart_write:134                   M 1c008480 c.lw                a5, 0(a0)           a5=00000001  a0:1a1020a0  PA:1a1020a0 
78411654: 5648: [[34m/chip/soc/fc/insn                                    [0m] uart_write:134                   M 1c008482 p.bclri             a5, a5, 0x1e, 0x1   a5=00000001  a5:00000001 
78439418: 5650: [[34m/chip/soc/fc/insn                                    [0m] uart_write:31                    M 1c008486 c.bnez              a5, 0, -6           a5:00000001 
78481064: 5653: [[34m/chip/soc/fc/insn                                    [0m] uart_write:134                   M 1c008480 c.lw                a5, 0(a0)           a5=00000001  a0:1a1020a0  PA:1a1020a0 
78606002: 5662: [[34m/chip/soc/fc/insn                                    [0m] uart_write:134                   M 1c008482 p.bclri             a5, a5, 0x1e, 0x1   a5=00000001  a5:00000001 
78633766: 5664: [[34m/chip/soc/fc/insn                                    [0m] uart_write:31                    M 1c008486 c.bnez              a5, 0, -6           a5:00000001 
78675412: 5667: [[34m/chip/soc/fc/insn                                    [0m] uart_write:134                   M 1c008480 c.lw                a5, 0(a0)           a5=00000001  a0:1a1020a0  PA:1a1020a0 
78800350: 5676: [[34m/chip/soc/fc/insn                                    [0m] uart_write:134                   M 1c008482 p.bclri             a5, a5, 0x1e, 0x1   a5=00000001  a5:00000001 
78828114: 5678: [[34m/chip/soc/fc/insn                                    [0m] uart_write:31                    M 1c008486 c.bnez              a5, 0, -6           a5:00000001 
78869760: 5681: [[34m/chip/soc/fc/insn                                    [0m] uart_write:134                   M 1c008480 c.lw                a5, 0(a0)           a5=00000001  a0:1a1020a0  PA:1a1020a0 
78994698: 5690: [[34m/chip/soc/fc/insn                                    [0m] uart_write:134                   M 1c008482 p.bclri             a5, a5, 0x1e, 0x1   a5=00000001  a5:00000001 
79022462: 5692: [[34m/chip/soc/fc/insn                                    [0m] uart_write:31                    M 1c008486 c.bnez              a5, 0, -6           a5:00000001 
79064108: 5695: [[34m/chip/soc/fc/insn                                    [0m] uart_write:134                   M 1c008480 c.lw                a5, 0(a0)           a5=00000001  a0:1a1020a0  PA:1a1020a0 
79189046: 5704: [[34m/chip/soc/fc/insn                                    [0m] uart_write:134                   M 1c008482 p.bclri             a5, a5, 0x1e, 0x1   a5=00000001  a5:00000001 
79216810: 5706: [[34m/chip/soc/fc/insn                                    [0m] uart_write:31                    M 1c008486 c.bnez              a5, 0, -6           a5:00000001 
79258456: 5709: [[34m/chip/soc/fc/insn                                    [0m] uart_write:134                   M 1c008480 c.lw                a5, 0(a0)           a5=00000001  a0:1a1020a0  PA:1a1020a0 
79383394: 5718: [[34m/chip/soc/fc/insn                                    [0m] uart_write:134                   M 1c008482 p.bclri             a5, a5, 0x1e, 0x1   a5=00000001  a5:00000001 
79411158: 5720: [[34m/chip/soc/fc/insn                                    [0m] uart_write:31                    M 1c008486 c.bnez              a5, 0, -6           a5:00000001 
79452804: 5723: [[34m/chip/soc/fc/insn                                    [0m] uart_write:134                   M 1c008480 c.lw                a5, 0(a0)           a5=00000001  a0:1a1020a0  PA:1a1020a0 
79577742: 5732: [[34m/chip/soc/fc/insn                                    [0m] uart_write:134                   M 1c008482 p.bclri             a5, a5, 0x1e, 0x1   a5=00000001  a5:00000001 
79605506: 5734: [[34m/chip/soc/fc/insn                                    [0m] uart_write:31                    M 1c008486 c.bnez              a5, 0, -6           a5:00000001 
79647152: 5737: [[34m/chip/soc/fc/insn                                    [0m] uart_write:134                   M 1c008480 c.lw                a5, 0(a0)           a5=00000001  a0:1a1020a0  PA:1a1020a0 
79772090: 5746: [[34m/chip/soc/fc/insn                                    [0m] uart_write:134                   M 1c008482 p.bclri             a5, a5, 0x1e, 0x1   a5=00000001  a5:00000001 
79799854: 5748: [[34m/chip/soc/fc/insn                                    [0m] uart_write:31                    M 1c008486 c.bnez              a5, 0, -6           a5:00000001 
79841500: 5751: [[34m/chip/soc/fc/insn                                    [0m] uart_write:134                   M 1c008480 c.lw                a5, 0(a0)           a5=00000001  a0:1a1020a0  PA:1a1020a0 
79966438: 5760: [[34m/chip/soc/fc/insn                                    [0m] uart_write:134                   M 1c008482 p.bclri             a5, a5, 0x1e, 0x1   a5=00000001  a5:00000001 
79994202: 5762: [[34m/chip/soc/fc/insn                                    [0m] uart_write:31                    M 1c008486 c.bnez              a5, 0, -6           a5:00000001 
80035848: 5765: [[34m/chip/soc/fc/insn                                    [0m] uart_write:134                   M 1c008480 c.lw                a5, 0(a0)           a5=00000001  a0:1a1020a0  PA:1a1020a0 
80160786: 5774: [[34m/chip/soc/fc/insn                                    [0m] uart_write:134                   M 1c008482 p.bclri             a5, a5, 0x1e, 0x1   a5=00000001  a5:00000001 
80188550: 5776: [[34m/chip/soc/fc/insn                                    [0m] uart_write:31                    M 1c008486 c.bnez              a5, 0, -6           a5:00000001 
80230196: 5779: [[34m/chip/soc/fc/insn                                    [0m] uart_write:134                   M 1c008480 c.lw                a5, 0(a0)           a5=00000001  a0:1a1020a0  PA:1a1020a0 
80355134: 5788: [[34m/chip/soc/fc/insn                                    [0m] uart_write:134                   M 1c008482 p.bclri             a5, a5, 0x1e, 0x1   a5=00000001  a5:00000001 
80382898: 5790: [[34m/chip/soc/fc/insn                                    [0m] uart_write:31                    M 1c008486 c.bnez              a5, 0, -6           a5:00000001 
80424544: 5793: [[34m/chip/soc/fc/insn                                    [0m] uart_write:134                   M 1c008480 c.lw                a5, 0(a0)           a5=00000001  a0:1a1020a0  PA:1a1020a0 
80549482: 5802: [[34m/chip/soc/fc/insn                                    [0m] uart_write:134                   M 1c008482 p.bclri             a5, a5, 0x1e, 0x1   a5=00000001  a5:00000001 
80577246: 5804: [[34m/chip/soc/fc/insn                                    [0m] uart_write:31                    M 1c008486 c.bnez              a5, 0, -6           a5:00000001 
80618892: 5807: [[34m/chip/soc/fc/insn                                    [0m] uart_write:134                   M 1c008480 c.lw                a5, 0(a0)           a5=00000001  a0:1a1020a0  PA:1a1020a0 
80743830: 5816: [[34m/chip/soc/fc/insn                                    [0m] uart_write:134                   M 1c008482 p.bclri             a5, a5, 0x1e, 0x1   a5=00000001  a5:00000001 
80771594: 5818: [[34m/chip/soc/fc/insn                                    [0m] uart_write:31                    M 1c008486 c.bnez              a5, 0, -6           a5:00000001 
80813240: 5821: [[34m/chip/soc/fc/insn                                    [0m] uart_write:134                   M 1c008480 c.lw                a5, 0(a0)           a5=00000001  a0:1a1020a0  PA:1a1020a0 
80938178: 5830: [[34m/chip/soc/fc/insn                                    [0m] uart_write:134                   M 1c008482 p.bclri             a5, a5, 0x1e, 0x1   a5=00000001  a5:00000001 
80965942: 5832: [[34m/chip/soc/fc/insn                                    [0m] uart_write:31                    M 1c008486 c.bnez              a5, 0, -6           a5:00000001 
81007588: 5835: [[34m/chip/soc/fc/insn                                    [0m] uart_write:134                   M 1c008480 c.lw                a5, 0(a0)           a5=00000001  a0:1a1020a0  PA:1a1020a0 
81132526: 5844: [[34m/chip/soc/fc/insn                                    [0m] uart_write:134                   M 1c008482 p.bclri             a5, a5, 0x1e, 0x1   a5=00000001  a5:00000001 
81160290: 5846: [[34m/chip/soc/fc/insn                                    [0m] uart_write:31                    M 1c008486 c.bnez              a5, 0, -6           a5:00000001 
81201936: 5849: [[34m/chip/soc/fc/insn                                    [0m] uart_write:134                   M 1c008480 c.lw                a5, 0(a0)           a5=00000001  a0:1a1020a0  PA:1a1020a0 
81326874: 5858: [[34m/chip/soc/fc/insn                                    [0m] uart_write:134                   M 1c008482 p.bclri             a5, a5, 0x1e, 0x1   a5=00000001  a5:00000001 
81354638: 5860: [[34m/chip/soc/fc/insn                                    [0m] uart_write:31                    M 1c008486 c.bnez              a5, 0, -6           a5:00000001 
81396284: 5863: [[34m/chip/soc/fc/insn                                    [0m] uart_write:134                   M 1c008480 c.lw                a5, 0(a0)           a5=00000001  a0:1a1020a0  PA:1a1020a0 
81521222: 5872: [[34m/chip/soc/fc/insn                                    [0m] uart_write:134                   M 1c008482 p.bclri             a5, a5, 0x1e, 0x1   a5=00000001  a5:00000001 
81548986: 5874: [[34m/chip/soc/fc/insn                                    [0m] uart_write:31                    M 1c008486 c.bnez              a5, 0, -6           a5:00000001 
81590632: 5877: [[34m/chip/soc/fc/insn                                    [0m] uart_write:134                   M 1c008480 c.lw                a5, 0(a0)           a5=00000001  a0:1a1020a0  PA:1a1020a0 
81715570: 5886: [[34m/chip/soc/fc/insn                                    [0m] uart_write:134                   M 1c008482 p.bclri             a5, a5, 0x1e, 0x1   a5=00000001  a5:00000001 
81743334: 5888: [[34m/chip/soc/fc/insn                                    [0m] uart_write:31                    M 1c008486 c.bnez              a5, 0, -6           a5:00000001 
81784980: 5891: [[34m/chip/soc/fc/insn                                    [0m] uart_write:134                   M 1c008480 c.lw                a5, 0(a0)           a5=00000001  a0:1a1020a0  PA:1a1020a0 
81909918: 5900: [[34m/chip/soc/fc/insn                                    [0m] uart_write:134                   M 1c008482 p.bclri             a5, a5, 0x1e, 0x1   a5=00000001  a5:00000001 
81937682: 5902: [[34m/chip/soc/fc/insn                                    [0m] uart_write:31                    M 1c008486 c.bnez              a5, 0, -6           a5:00000001 
81979328: 5905: [[34m/chip/soc/fc/insn                                    [0m] uart_write:134                   M 1c008480 c.lw                a5, 0(a0)           a5=00000001  a0:1a1020a0  PA:1a1020a0 
82104266: 5914: [[34m/chip/soc/fc/insn                                    [0m] uart_write:134                   M 1c008482 p.bclri             a5, a5, 0x1e, 0x1   a5=00000001  a5:00000001 
82132030: 5916: [[34m/chip/soc/fc/insn                                    [0m] uart_write:31                    M 1c008486 c.bnez              a5, 0, -6           a5:00000001 
82173676: 5919: [[34m/chip/soc/fc/insn                                    [0m] uart_write:134                   M 1c008480 c.lw                a5, 0(a0)           a5=00000001  a0:1a1020a0  PA:1a1020a0 
82298614: 5928: [[34m/chip/soc/fc/insn                                    [0m] uart_write:134                   M 1c008482 p.bclri             a5, a5, 0x1e, 0x1   a5=00000001  a5:00000001 
82326378: 5930: [[34m/chip/soc/fc/insn                                    [0m] uart_write:31                    M 1c008486 c.bnez              a5, 0, -6           a5:00000001 
82368024: 5933: [[34m/chip/soc/fc/insn                                    [0m] uart_write:134                   M 1c008480 c.lw                a5, 0(a0)           a5=00000001  a0:1a1020a0  PA:1a1020a0 
82492962: 5942: [[34m/chip/soc/fc/insn                                    [0m] uart_write:134                   M 1c008482 p.bclri             a5, a5, 0x1e, 0x1   a5=00000001  a5:00000001 
82520726: 5944: [[34m/chip/soc/fc/insn                                    [0m] uart_write:31                    M 1c008486 c.bnez              a5, 0, -6           a5:00000001 
82562372: 5947: [[34m/chip/soc/fc/insn                                    [0m] uart_write:134                   M 1c008480 c.lw                a5, 0(a0)           a5=00000001  a0:1a1020a0  PA:1a1020a0 
82687310: 5956: [[34m/chip/soc/fc/insn                                    [0m] uart_write:134                   M 1c008482 p.bclri             a5, a5, 0x1e, 0x1   a5=00000001  a5:00000001 
82715074: 5958: [[34m/chip/soc/fc/insn                                    [0m] uart_write:31                    M 1c008486 c.bnez              a5, 0, -6           a5:00000001 
82756720: 5961: [[34m/chip/soc/fc/insn                                    [0m] uart_write:134                   M 1c008480 c.lw                a5, 0(a0)           a5=00000001  a0:1a1020a0  PA:1a1020a0 
82881658: 5970: [[34m/chip/soc/fc/insn                                    [0m] uart_write:134                   M 1c008482 p.bclri             a5, a5, 0x1e, 0x1   a5=00000001  a5:00000001 
82909422: 5972: [[34m/chip/soc/fc/insn                                    [0m] uart_write:31                    M 1c008486 c.bnez              a5, 0, -6           a5:00000001 
82951068: 5975: [[34m/chip/soc/fc/insn                                    [0m] uart_write:134                   M 1c008480 c.lw                a5, 0(a0)           a5=00000001  a0:1a1020a0  PA:1a1020a0 
83076006: 5984: [[34m/chip/soc/fc/insn                                    [0m] uart_write:134                   M 1c008482 p.bclri             a5, a5, 0x1e, 0x1   a5=00000001  a5:00000001 
83103770: 5986: [[34m/chip/soc/fc/insn                                    [0m] uart_write:31                    M 1c008486 c.bnez              a5, 0, -6           a5:00000001 
83145416: 5989: [[34m/chip/soc/fc/insn                                    [0m] uart_write:134                   M 1c008480 c.lw                a5, 0(a0)           a5=00000001  a0:1a1020a0  PA:1a1020a0 
83270354: 5998: [[34m/chip/soc/fc/insn                                    [0m] uart_write:134                   M 1c008482 p.bclri             a5, a5, 0x1e, 0x1   a5=00000001  a5:00000001 
83298118: 6000: [[34m/chip/soc/fc/insn                                    [0m] uart_write:31                    M 1c008486 c.bnez              a5, 0, -6           a5:00000001 
83339764: 6003: [[34m/chip/soc/fc/insn                                    [0m] uart_write:134                   M 1c008480 c.lw                a5, 0(a0)           a5=00000001  a0:1a1020a0  PA:1a1020a0 
83464702: 6012: [[34m/chip/soc/fc/insn                                    [0m] uart_write:134                   M 1c008482 p.bclri             a5, a5, 0x1e, 0x1   a5=00000001  a5:00000001 
83492466: 6014: [[34m/chip/soc/fc/insn                                    [0m] uart_write:31                    M 1c008486 c.bnez              a5, 0, -6           a5:00000001 
83534112: 6017: [[34m/chip/soc/fc/insn                                    [0m] uart_write:134                   M 1c008480 c.lw                a5, 0(a0)           a5=00000001  a0:1a1020a0  PA:1a1020a0 
83659050: 6026: [[34m/chip/soc/fc/insn                                    [0m] uart_write:134                   M 1c008482 p.bclri             a5, a5, 0x1e, 0x1   a5=00000001  a5:00000001 
83686814: 6028: [[34m/chip/soc/fc/insn                                    [0m] uart_write:31                    M 1c008486 c.bnez              a5, 0, -6           a5:00000001 
83728460: 6031: [[34m/chip/soc/fc/insn                                    [0m] uart_write:134                   M 1c008480 c.lw                a5, 0(a0)           a5=00000001  a0:1a1020a0  PA:1a1020a0 
83853398: 6040: [[34m/chip/soc/fc/insn                                    [0m] uart_write:134                   M 1c008482 p.bclri             a5, a5, 0x1e, 0x1   a5=00000001  a5:00000001 
83881162: 6042: [[34m/chip/soc/fc/insn                                    [0m] uart_write:31                    M 1c008486 c.bnez              a5, 0, -6           a5:00000001 
83922808: 6045: [[34m/chip/soc/fc/insn                                    [0m] uart_write:134                   M 1c008480 c.lw                a5, 0(a0)           a5=00000001  a0:1a1020a0  PA:1a1020a0 
84047746: 6054: [[34m/chip/soc/fc/insn                                    [0m] uart_write:134                   M 1c008482 p.bclri             a5, a5, 0x1e, 0x1   a5=00000001  a5:00000001 
84075510: 6056: [[34m/chip/soc/fc/insn                                    [0m] uart_write:31                    M 1c008486 c.bnez              a5, 0, -6           a5:00000001 
84117156: 6059: [[34m/chip/soc/fc/insn                                    [0m] uart_write:134                   M 1c008480 c.lw                a5, 0(a0)           a5=00000001  a0:1a1020a0  PA:1a1020a0 
84242094: 6068: [[34m/chip/soc/fc/insn                                    [0m] uart_write:134                   M 1c008482 p.bclri             a5, a5, 0x1e, 0x1   a5=00000001  a5:00000001 
84269858: 6070: [[34m/chip/soc/fc/insn                                    [0m] uart_write:31                    M 1c008486 c.bnez              a5, 0, -6           a5:00000001 
84311504: 6073: [[34m/chip/soc/fc/insn                                    [0m] uart_write:134                   M 1c008480 c.lw                a5, 0(a0)           a5=00000001  a0:1a1020a0  PA:1a1020a0 
84436442: 6082: [[34m/chip/soc/fc/insn                                    [0m] uart_write:134                   M 1c008482 p.bclri             a5, a5, 0x1e, 0x1   a5=00000001  a5:00000001 
84464206: 6084: [[34m/chip/soc/fc/insn                                    [0m] uart_write:31                    M 1c008486 c.bnez              a5, 0, -6           a5:00000001 
84505852: 6087: [[34m/chip/soc/fc/insn                                    [0m] uart_write:134                   M 1c008480 c.lw                a5, 0(a0)           a5=00000001  a0:1a1020a0  PA:1a1020a0 
84630790: 6096: [[34m/chip/soc/fc/insn                                    [0m] uart_write:134                   M 1c008482 p.bclri             a5, a5, 0x1e, 0x1   a5=00000001  a5:00000001 
84658554: 6098: [[34m/chip/soc/fc/insn                                    [0m] uart_write:31                    M 1c008486 c.bnez              a5, 0, -6           a5:00000001 
84700200: 6101: [[34m/chip/soc/fc/insn                                    [0m] uart_write:134                   M 1c008480 c.lw                a5, 0(a0)           a5=00000001  a0:1a1020a0  PA:1a1020a0 
84825138: 6110: [[34m/chip/soc/fc/insn                                    [0m] uart_write:134                   M 1c008482 p.bclri             a5, a5, 0x1e, 0x1   a5=00000001  a5:00000001 
84852902: 6112: [[34m/chip/soc/fc/insn                                    [0m] uart_write:31                    M 1c008486 c.bnez              a5, 0, -6           a5:00000001 
84894548: 6115: [[34m/chip/soc/fc/insn                                    [0m] uart_write:134                   M 1c008480 c.lw                a5, 0(a0)           a5=00000001  a0:1a1020a0  PA:1a1020a0 
85019486: 6124: [[34m/chip/soc/fc/insn                                    [0m] uart_write:134                   M 1c008482 p.bclri             a5, a5, 0x1e, 0x1   a5=00000001  a5:00000001 
85047250: 6126: [[34m/chip/soc/fc/insn                                    [0m] uart_write:31                    M 1c008486 c.bnez              a5, 0, -6           a5:00000001 
85088896: 6129: [[34m/chip/soc/fc/insn                                    [0m] uart_write:134                   M 1c008480 c.lw                a5, 0(a0)           a5=00000001  a0:1a1020a0  PA:1a1020a0 
85213834: 6138: [[34m/chip/soc/fc/insn                                    [0m] uart_write:134                   M 1c008482 p.bclri             a5, a5, 0x1e, 0x1   a5=00000001  a5:00000001 
85241598: 6140: [[34m/chip/soc/fc/insn                                    [0m] uart_write:31                    M 1c008486 c.bnez              a5, 0, -6           a5:00000001 
85283244: 6143: [[34m/chip/soc/fc/insn                                    [0m] uart_write:134                   M 1c008480 c.lw                a5, 0(a0)           a5=00000001  a0:1a1020a0  PA:1a1020a0 
85408182: 6152: [[34m/chip/soc/fc/insn                                    [0m] uart_write:134                   M 1c008482 p.bclri             a5, a5, 0x1e, 0x1   a5=00000001  a5:00000001 
85435946: 6154: [[34m/chip/soc/fc/insn                                    [0m] uart_write:31                    M 1c008486 c.bnez              a5, 0, -6           a5:00000001 
85477592: 6157: [[34m/chip/soc/fc/insn                                    [0m] uart_write:134                   M 1c008480 c.lw                a5, 0(a0)           a5=00000001  a0:1a1020a0  PA:1a1020a0 
85602530: 6166: [[34m/chip/soc/fc/insn                                    [0m] uart_write:134                   M 1c008482 p.bclri             a5, a5, 0x1e, 0x1   a5=00000001  a5:00000001 
85630294: 6168: [[34m/chip/soc/fc/insn                                    [0m] uart_write:31                    M 1c008486 c.bnez              a5, 0, -6           a5:00000001 
85671940: 6171: [[34m/chip/soc/fc/insn                                    [0m] uart_write:134                   M 1c008480 c.lw                a5, 0(a0)           a5=00000001  a0:1a1020a0  PA:1a1020a0 
85796878: 6180: [[34m/chip/soc/fc/insn                                    [0m] uart_write:134                   M 1c008482 p.bclri             a5, a5, 0x1e, 0x1   a5=00000001  a5:00000001 
85824642: 6182: [[34m/chip/soc/fc/insn                                    [0m] uart_write:31                    M 1c008486 c.bnez              a5, 0, -6           a5:00000001 
85866288: 6185: [[34m/chip/soc/fc/insn                                    [0m] uart_write:134                   M 1c008480 c.lw                a5, 0(a0)           a5=00000001  a0:1a1020a0  PA:1a1020a0 
85991226: 6194: [[34m/chip/soc/fc/insn                                    [0m] uart_write:134                   M 1c008482 p.bclri             a5, a5, 0x1e, 0x1   a5=00000001  a5:00000001 
86018990: 6196: [[34m/chip/soc/fc/insn                                    [0m] uart_write:31                    M 1c008486 c.bnez              a5, 0, -6           a5:00000001 
86060636: 6199: [[34m/chip/soc/fc/insn                                    [0m] uart_write:134                   M 1c008480 c.lw                a5, 0(a0)           a5=00000001  a0:1a1020a0  PA:1a1020a0 
86185574: 6208: [[34m/chip/soc/fc/insn                                    [0m] uart_write:134                   M 1c008482 p.bclri             a5, a5, 0x1e, 0x1   a5=00000001  a5:00000001 
86213338: 6210: [[34m/chip/soc/fc/insn                                    [0m] uart_write:31                    M 1c008486 c.bnez              a5, 0, -6           a5:00000001 
86254984: 6213: [[34m/chip/soc/fc/insn                                    [0m] uart_write:134                   M 1c008480 c.lw                a5, 0(a0)           a5=00000001  a0:1a1020a0  PA:1a1020a0 
86379922: 6222: [[34m/chip/soc/fc/insn                                    [0m] uart_write:134                   M 1c008482 p.bclri             a5, a5, 0x1e, 0x1   a5=00000001  a5:00000001 
86407686: 6224: [[34m/chip/soc/fc/insn                                    [0m] uart_write:31                    M 1c008486 c.bnez              a5, 0, -6           a5:00000001 
86449332: 6227: [[34m/chip/soc/fc/insn                                    [0m] uart_write:134                   M 1c008480 c.lw                a5, 0(a0)           a5=00000001  a0:1a1020a0  PA:1a1020a0 
86574270: 6236: [[34m/chip/soc/fc/insn                                    [0m] uart_write:134                   M 1c008482 p.bclri             a5, a5, 0x1e, 0x1   a5=00000001  a5:00000001 
86602034: 6238: [[34m/chip/soc/fc/insn                                    [0m] uart_write:31                    M 1c008486 c.bnez              a5, 0, -6           a5:00000001 
86643680: 6241: [[34m/chip/soc/fc/insn                                    [0m] uart_write:134                   M 1c008480 c.lw                a5, 0(a0)           a5=00000001  a0:1a1020a0  PA:1a1020a0 
86768618: 6250: [[34m/chip/soc/fc/insn                                    [0m] uart_write:134                   M 1c008482 p.bclri             a5, a5, 0x1e, 0x1   a5=00000001  a5:00000001 
86796382: 6252: [[34m/chip/soc/fc/insn                                    [0m] uart_write:31                    M 1c008486 c.bnez              a5, 0, -6           a5:00000001 
86838028: 6255: [[34m/chip/soc/fc/insn                                    [0m] uart_write:134                   M 1c008480 c.lw                a5, 0(a0)           a5=00000001  a0:1a1020a0  PA:1a1020a0 
86962966: 6264: [[34m/chip/soc/fc/insn                                    [0m] uart_write:134                   M 1c008482 p.bclri             a5, a5, 0x1e, 0x1   a5=00000001  a5:00000001 
86990730: 6266: [[34m/chip/soc/fc/insn                                    [0m] uart_write:31                    M 1c008486 c.bnez              a5, 0, -6           a5:00000001 
87032376: 6269: [[34m/chip/soc/fc/insn                                    [0m] uart_write:134                   M 1c008480 c.lw                a5, 0(a0)           a5=00000001  a0:1a1020a0  PA:1a1020a0 
87157314: 6278: [[34m/chip/soc/fc/insn                                    [0m] uart_write:134                   M 1c008482 p.bclri             a5, a5, 0x1e, 0x1   a5=00000001  a5:00000001 
87185078: 6280: [[34m/chip/soc/fc/insn                                    [0m] uart_write:31                    M 1c008486 c.bnez              a5, 0, -6           a5:00000001 
87226724: 6283: [[34m/chip/soc/fc/insn                                    [0m] uart_write:134                   M 1c008480 c.lw                a5, 0(a0)           a5=00000001  a0:1a1020a0  PA:1a1020a0 
87351662: 6292: [[34m/chip/soc/fc/insn                                    [0m] uart_write:134                   M 1c008482 p.bclri             a5, a5, 0x1e, 0x1   a5=00000001  a5:00000001 
87379426: 6294: [[34m/chip/soc/fc/insn                                    [0m] uart_write:31                    M 1c008486 c.bnez              a5, 0, -6           a5:00000001 
87421072: 6297: [[34m/chip/soc/fc/insn                                    [0m] uart_write:134                   M 1c008480 c.lw                a5, 0(a0)           a5=00000001  a0:1a1020a0  PA:1a1020a0 
87546010: 6306: [[34m/chip/soc/fc/insn                                    [0m] uart_write:134                   M 1c008482 p.bclri             a5, a5, 0x1e, 0x1   a5=00000001  a5:00000001 
87573774: 6308: [[34m/chip/soc/fc/insn                                    [0m] uart_write:31                    M 1c008486 c.bnez              a5, 0, -6           a5:00000001 
87615420: 6311: [[34m/chip/soc/fc/insn                                    [0m] uart_write:134                   M 1c008480 c.lw                a5, 0(a0)           a5=00000001  a0:1a1020a0  PA:1a1020a0 
87740358: 6320: [[34m/chip/soc/fc/insn                                    [0m] uart_write:134                   M 1c008482 p.bclri             a5, a5, 0x1e, 0x1   a5=00000001  a5:00000001 
87768122: 6322: [[34m/chip/soc/fc/insn                                    [0m] uart_write:31                    M 1c008486 c.bnez              a5, 0, -6           a5:00000001 
87809768: 6325: [[34m/chip/soc/fc/insn                                    [0m] uart_write:134                   M 1c008480 c.lw                a5, 0(a0)           a5=00000001  a0:1a1020a0  PA:1a1020a0 
87934706: 6334: [[34m/chip/soc/fc/insn                                    [0m] uart_write:134                   M 1c008482 p.bclri             a5, a5, 0x1e, 0x1   a5=00000001  a5:00000001 
87962470: 6336: [[34m/chip/soc/fc/insn                                    [0m] uart_write:31                    M 1c008486 c.bnez              a5, 0, -6           a5:00000001 
88004116: 6339: [[34m/chip/soc/fc/insn                                    [0m] uart_write:134                   M 1c008480 c.lw                a5, 0(a0)           a5=00000001  a0:1a1020a0  PA:1a1020a0 
88129054: 6348: [[34m/chip/soc/fc/insn                                    [0m] uart_write:134                   M 1c008482 p.bclri             a5, a5, 0x1e, 0x1   a5=00000001  a5:00000001 
88156818: 6350: [[34m/chip/soc/fc/insn                                    [0m] uart_write:31                    M 1c008486 c.bnez              a5, 0, -6           a5:00000001 
88198464: 6353: [[34m/chip/soc/fc/insn                                    [0m] uart_write:134                   M 1c008480 c.lw                a5, 0(a0)           a5=00000001  a0:1a1020a0  PA:1a1020a0 
88323402: 6362: [[34m/chip/soc/fc/insn                                    [0m] uart_write:134                   M 1c008482 p.bclri             a5, a5, 0x1e, 0x1   a5=00000001  a5:00000001 
88351166: 6364: [[34m/chip/soc/fc/insn                                    [0m] uart_write:31                    M 1c008486 c.bnez              a5, 0, -6           a5:00000001 
88392812: 6367: [[34m/chip/soc/fc/insn                                    [0m] uart_write:134                   M 1c008480 c.lw                a5, 0(a0)           a5=00000001  a0:1a1020a0  PA:1a1020a0 
88517750: 6376: [[34m/chip/soc/fc/insn                                    [0m] uart_write:134                   M 1c008482 p.bclri             a5, a5, 0x1e, 0x1   a5=00000001  a5:00000001 
88545514: 6378: [[34m/chip/soc/fc/insn                                    [0m] uart_write:31                    M 1c008486 c.bnez              a5, 0, -6           a5:00000001 
88587160: 6381: [[34m/chip/soc/fc/insn                                    [0m] uart_write:134                   M 1c008480 c.lw                a5, 0(a0)           a5=00000001  a0:1a1020a0  PA:1a1020a0 
88712098: 6390: [[34m/chip/soc/fc/insn                                    [0m] uart_write:134                   M 1c008482 p.bclri             a5, a5, 0x1e, 0x1   a5=00000001  a5:00000001 
88739862: 6392: [[34m/chip/soc/fc/insn                                    [0m] uart_write:31                    M 1c008486 c.bnez              a5, 0, -6           a5:00000001 
88781508: 6395: [[34m/chip/soc/fc/insn                                    [0m] uart_write:134                   M 1c008480 c.lw                a5, 0(a0)           a5=00000001  a0:1a1020a0  PA:1a1020a0 
88906446: 6404: [[34m/chip/soc/fc/insn                                    [0m] uart_write:134                   M 1c008482 p.bclri             a5, a5, 0x1e, 0x1   a5=00000001  a5:00000001 
88934210: 6406: [[34m/chip/soc/fc/insn                                    [0m] uart_write:31                    M 1c008486 c.bnez              a5, 0, -6           a5:00000001 
88975856: 6409: [[34m/chip/soc/fc/insn                                    [0m] uart_write:134                   M 1c008480 c.lw                a5, 0(a0)           a5=00000001  a0:1a1020a0  PA:1a1020a0 
89100794: 6418: [[34m/chip/soc/fc/insn                                    [0m] uart_write:134                   M 1c008482 p.bclri             a5, a5, 0x1e, 0x1   a5=00000001  a5:00000001 
89128558: 6420: [[34m/chip/soc/fc/insn                                    [0m] uart_write:31                    M 1c008486 c.bnez              a5, 0, -6           a5:00000001 
89170204: 6423: [[34m/chip/soc/fc/insn                                    [0m] uart_write:134                   M 1c008480 c.lw                a5, 0(a0)           a5=00000001  a0:1a1020a0  PA:1a1020a0 
89295142: 6432: [[34m/chip/soc/fc/insn                                    [0m] uart_write:134                   M 1c008482 p.bclri             a5, a5, 0x1e, 0x1   a5=00000001  a5:00000001 
89322906: 6434: [[34m/chip/soc/fc/insn                                    [0m] uart_write:31                    M 1c008486 c.bnez              a5, 0, -6           a5:00000001 
89364552: 6437: [[34m/chip/soc/fc/insn                                    [0m] uart_write:134                   M 1c008480 c.lw                a5, 0(a0)           a5=00000001  a0:1a1020a0  PA:1a1020a0 
89489490: 6446: [[34m/chip/soc/fc/insn                                    [0m] uart_write:134                   M 1c008482 p.bclri             a5, a5, 0x1e, 0x1   a5=00000001  a5:00000001 
89517254: 6448: [[34m/chip/soc/fc/insn                                    [0m] uart_write:31                    M 1c008486 c.bnez              a5, 0, -6           a5:00000001 
89558900: 6451: [[34m/chip/soc/fc/insn                                    [0m] uart_write:134                   M 1c008480 c.lw                a5, 0(a0)           a5=00000001  a0:1a1020a0  PA:1a1020a0 
89683838: 6460: [[34m/chip/soc/fc/insn                                    [0m] uart_write:134                   M 1c008482 p.bclri             a5, a5, 0x1e, 0x1   a5=00000001  a5:00000001 
89711602: 6462: [[34m/chip/soc/fc/insn                                    [0m] uart_write:31                    M 1c008486 c.bnez              a5, 0, -6           a5:00000001 
89753248: 6465: [[34m/chip/soc/fc/insn                                    [0m] uart_write:134                   M 1c008480 c.lw                a5, 0(a0)           a5=00000001  a0:1a1020a0  PA:1a1020a0 
89878186: 6474: [[34m/chip/soc/fc/insn                                    [0m] uart_write:134                   M 1c008482 p.bclri             a5, a5, 0x1e, 0x1   a5=00000001  a5:00000001 
89905950: 6476: [[34m/chip/soc/fc/insn                                    [0m] uart_write:31                    M 1c008486 c.bnez              a5, 0, -6           a5:00000001 
89947596: 6479: [[34m/chip/soc/fc/insn                                    [0m] uart_write:134                   M 1c008480 c.lw                a5, 0(a0)           a5=00000001  a0:1a1020a0  PA:1a1020a0 
90072534: 6488: [[34m/chip/soc/fc/insn                                    [0m] uart_write:134                   M 1c008482 p.bclri             a5, a5, 0x1e, 0x1   a5=00000001  a5:00000001 
90100298: 6490: [[34m/chip/soc/fc/insn                                    [0m] uart_write:31                    M 1c008486 c.bnez              a5, 0, -6           a5:00000001 
90141944: 6493: [[34m/chip/soc/fc/insn                                    [0m] uart_write:134                   M 1c008480 c.lw                a5, 0(a0)           a5=00000001  a0:1a1020a0  PA:1a1020a0 
90266882: 6502: [[34m/chip/soc/fc/insn                                    [0m] uart_write:134                   M 1c008482 p.bclri             a5, a5, 0x1e, 0x1   a5=00000001  a5:00000001 
90294646: 6504: [[34m/chip/soc/fc/insn                                    [0m] uart_write:31                    M 1c008486 c.bnez              a5, 0, -6           a5:00000001 
90336292: 6507: [[34m/chip/soc/fc/insn                                    [0m] uart_write:134                   M 1c008480 c.lw                a5, 0(a0)           a5=00000001  a0:1a1020a0  PA:1a1020a0 
90461230: 6516: [[34m/chip/soc/fc/insn                                    [0m] uart_write:134                   M 1c008482 p.bclri             a5, a5, 0x1e, 0x1   a5=00000001  a5:00000001 
90488994: 6518: [[34m/chip/soc/fc/insn                                    [0m] uart_write:31                    M 1c008486 c.bnez              a5, 0, -6           a5:00000001 
90530640: 6521: [[34m/chip/soc/fc/insn                                    [0m] uart_write:134                   M 1c008480 c.lw                a5, 0(a0)           a5=00000001  a0:1a1020a0  PA:1a1020a0 
90655578: 6530: [[34m/chip/soc/fc/insn                                    [0m] uart_write:134                   M 1c008482 p.bclri             a5, a5, 0x1e, 0x1   a5=00000001  a5:00000001 
90683342: 6532: [[34m/chip/soc/fc/insn                                    [0m] uart_write:31                    M 1c008486 c.bnez              a5, 0, -6           a5:00000001 
90724988: 6535: [[34m/chip/soc/fc/insn                                    [0m] uart_write:134                   M 1c008480 c.lw                a5, 0(a0)           a5=00000001  a0:1a1020a0  PA:1a1020a0 
90849926: 6544: [[34m/chip/soc/fc/insn                                    [0m] uart_write:134                   M 1c008482 p.bclri             a5, a5, 0x1e, 0x1   a5=00000001  a5:00000001 
90877690: 6546: [[34m/chip/soc/fc/insn                                    [0m] uart_write:31                    M 1c008486 c.bnez              a5, 0, -6           a5:00000001 
90919336: 6549: [[34m/chip/soc/fc/insn                                    [0m] uart_write:134                   M 1c008480 c.lw                a5, 0(a0)           a5=00000001  a0:1a1020a0  PA:1a1020a0 
91044274: 6558: [[34m/chip/soc/fc/insn                                    [0m] uart_write:134                   M 1c008482 p.bclri             a5, a5, 0x1e, 0x1   a5=00000001  a5:00000001 
91072038: 6560: [[34m/chip/soc/fc/insn                                    [0m] uart_write:31                    M 1c008486 c.bnez              a5, 0, -6           a5:00000001 
91113684: 6563: [[34m/chip/soc/fc/insn                                    [0m] uart_write:134                   M 1c008480 c.lw                a5, 0(a0)           a5=00000001  a0:1a1020a0  PA:1a1020a0 
91238622: 6572: [[34m/chip/soc/fc/insn                                    [0m] uart_write:134                   M 1c008482 p.bclri             a5, a5, 0x1e, 0x1   a5=00000001  a5:00000001 
91266386: 6574: [[34m/chip/soc/fc/insn                                    [0m] uart_write:31                    M 1c008486 c.bnez              a5, 0, -6           a5:00000001 
91308032: 6577: [[34m/chip/soc/fc/insn                                    [0m] uart_write:134                   M 1c008480 c.lw                a5, 0(a0)           a5=00000001  a0:1a1020a0  PA:1a1020a0 
91432970: 6586: [[34m/chip/soc/fc/insn                                    [0m] uart_write:134                   M 1c008482 p.bclri             a5, a5, 0x1e, 0x1   a5=00000001  a5:00000001 
91460734: 6588: [[34m/chip/soc/fc/insn                                    [0m] uart_write:31                    M 1c008486 c.bnez              a5, 0, -6           a5:00000001 
91502380: 6591: [[34m/chip/soc/fc/insn                                    [0m] uart_write:134                   M 1c008480 c.lw                a5, 0(a0)           a5=00000001  a0:1a1020a0  PA:1a1020a0 
91627318: 6600: [[34m/chip/soc/fc/insn                                    [0m] uart_write:134                   M 1c008482 p.bclri             a5, a5, 0x1e, 0x1   a5=00000001  a5:00000001 
91655082: 6602: [[34m/chip/soc/fc/insn                                    [0m] uart_write:31                    M 1c008486 c.bnez              a5, 0, -6           a5:00000001 
91696728: 6605: [[34m/chip/soc/fc/insn                                    [0m] uart_write:134                   M 1c008480 c.lw                a5, 0(a0)           a5=00000001  a0:1a1020a0  PA:1a1020a0 
91821666: 6614: [[34m/chip/soc/fc/insn                                    [0m] uart_write:134                   M 1c008482 p.bclri             a5, a5, 0x1e, 0x1   a5=00000001  a5:00000001 
91849430: 6616: [[34m/chip/soc/fc/insn                                    [0m] uart_write:31                    M 1c008486 c.bnez              a5, 0, -6           a5:00000001 
91891076: 6619: [[34m/chip/soc/fc/insn                                    [0m] uart_write:134                   M 1c008480 c.lw                a5, 0(a0)           a5=00000001  a0:1a1020a0  PA:1a1020a0 
92016014: 6628: [[34m/chip/soc/fc/insn                                    [0m] uart_write:134                   M 1c008482 p.bclri             a5, a5, 0x1e, 0x1   a5=00000001  a5:00000001 
92043778: 6630: [[34m/chip/soc/fc/insn                                    [0m] uart_write:31                    M 1c008486 c.bnez              a5, 0, -6           a5:00000001 
92085424: 6633: [[34m/chip/soc/fc/insn                                    [0m] uart_write:134                   M 1c008480 c.lw                a5, 0(a0)           a5=00000001  a0:1a1020a0  PA:1a1020a0 
92210362: 6642: [[34m/chip/soc/fc/insn                                    [0m] uart_write:134                   M 1c008482 p.bclri             a5, a5, 0x1e, 0x1   a5=00000001  a5:00000001 
92238126: 6644: [[34m/chip/soc/fc/insn                                    [0m] uart_write:31                    M 1c008486 c.bnez              a5, 0, -6           a5:00000001 
92279772: 6647: [[34m/chip/soc/fc/insn                                    [0m] uart_write:134                   M 1c008480 c.lw                a5, 0(a0)           a5=00000001  a0:1a1020a0  PA:1a1020a0 
92404710: 6656: [[34m/chip/soc/fc/insn                                    [0m] uart_write:134                   M 1c008482 p.bclri             a5, a5, 0x1e, 0x1   a5=00000001  a5:00000001 
92432474: 6658: [[34m/chip/soc/fc/insn                                    [0m] uart_write:31                    M 1c008486 c.bnez              a5, 0, -6           a5:00000001 
92474120: 6661: [[34m/chip/soc/fc/insn                                    [0m] uart_write:134                   M 1c008480 c.lw                a5, 0(a0)           a5=00000001  a0:1a1020a0  PA:1a1020a0 
92599058: 6670: [[34m/chip/soc/fc/insn                                    [0m] uart_write:134                   M 1c008482 p.bclri             a5, a5, 0x1e, 0x1   a5=00000001  a5:00000001 
92626822: 6672: [[34m/chip/soc/fc/insn                                    [0m] uart_write:31                    M 1c008486 c.bnez              a5, 0, -6           a5:00000001 
92668468: 6675: [[34m/chip/soc/fc/insn                                    [0m] uart_write:134                   M 1c008480 c.lw                a5, 0(a0)           a5=00000001  a0:1a1020a0  PA:1a1020a0 
92793406: 6684: [[34m/chip/soc/fc/insn                                    [0m] uart_write:134                   M 1c008482 p.bclri             a5, a5, 0x1e, 0x1   a5=00000001  a5:00000001 
92821170: 6686: [[34m/chip/soc/fc/insn                                    [0m] uart_write:31                    M 1c008486 c.bnez              a5, 0, -6           a5:00000001 
92862816: 6689: [[34m/chip/soc/fc/insn                                    [0m] uart_write:134                   M 1c008480 c.lw                a5, 0(a0)           a5=00000001  a0:1a1020a0  PA:1a1020a0 
92987754: 6698: [[34m/chip/soc/fc/insn                                    [0m] uart_write:134                   M 1c008482 p.bclri             a5, a5, 0x1e, 0x1   a5=00000001  a5:00000001 
93015518: 6700: [[34m/chip/soc/fc/insn                                    [0m] uart_write:31                    M 1c008486 c.bnez              a5, 0, -6           a5:00000001 
93057164: 6703: [[34m/chip/soc/fc/insn                                    [0m] uart_write:134                   M 1c008480 c.lw                a5, 0(a0)           a5=00000001  a0:1a1020a0  PA:1a1020a0 
93182102: 6712: [[34m/chip/soc/fc/insn                                    [0m] uart_write:134                   M 1c008482 p.bclri             a5, a5, 0x1e, 0x1   a5=00000001  a5:00000001 
93209866: 6714: [[34m/chip/soc/fc/insn                                    [0m] uart_write:31                    M 1c008486 c.bnez              a5, 0, -6           a5:00000001 
93251512: 6717: [[34m/chip/soc/fc/insn                                    [0m] uart_write:134                   M 1c008480 c.lw                a5, 0(a0)           a5=00000001  a0:1a1020a0  PA:1a1020a0 
93376450: 6726: [[34m/chip/soc/fc/insn                                    [0m] uart_write:134                   M 1c008482 p.bclri             a5, a5, 0x1e, 0x1   a5=00000001  a5:00000001 
93404214: 6728: [[34m/chip/soc/fc/insn                                    [0m] uart_write:31                    M 1c008486 c.bnez              a5, 0, -6           a5:00000001 
93445860: 6731: [[34m/chip/soc/fc/insn                                    [0m] uart_write:134                   M 1c008480 c.lw                a5, 0(a0)           a5=00000001  a0:1a1020a0  PA:1a1020a0 
93570798: 6740: [[34m/chip/soc/fc/insn                                    [0m] uart_write:134                   M 1c008482 p.bclri             a5, a5, 0x1e, 0x1   a5=00000001  a5:00000001 
93598562: 6742: [[34m/chip/soc/fc/insn                                    [0m] uart_write:31                    M 1c008486 c.bnez              a5, 0, -6           a5:00000001 
93640208: 6745: [[34m/chip/soc/fc/insn                                    [0m] uart_write:134                   M 1c008480 c.lw                a5, 0(a0)           a5=00000001  a0:1a1020a0  PA:1a1020a0 
93765146: 6754: [[34m/chip/soc/fc/insn                                    [0m] uart_write:134                   M 1c008482 p.bclri             a5, a5, 0x1e, 0x1   a5=00000001  a5:00000001 
93792910: 6756: [[34m/chip/soc/fc/insn                                    [0m] uart_write:31                    M 1c008486 c.bnez              a5, 0, -6           a5:00000001 
93834556: 6759: [[34m/chip/soc/fc/insn                                    [0m] uart_write:134                   M 1c008480 c.lw                a5, 0(a0)           a5=00000001  a0:1a1020a0  PA:1a1020a0 
93959494: 6768: [[34m/chip/soc/fc/insn                                    [0m] uart_write:134                   M 1c008482 p.bclri             a5, a5, 0x1e, 0x1   a5=00000001  a5:00000001 
93987258: 6770: [[34m/chip/soc/fc/insn                                    [0m] uart_write:31                    M 1c008486 c.bnez              a5, 0, -6           a5:00000001 
94028904: 6773: [[34m/chip/soc/fc/insn                                    [0m] uart_write:134                   M 1c008480 c.lw                a5, 0(a0)           a5=00000001  a0:1a1020a0  PA:1a1020a0 
94153842: 6782: [[34m/chip/soc/fc/insn                                    [0m] uart_write:134                   M 1c008482 p.bclri             a5, a5, 0x1e, 0x1   a5=00000001  a5:00000001 
94181606: 6784: [[34m/chip/soc/fc/insn                                    [0m] uart_write:31                    M 1c008486 c.bnez              a5, 0, -6           a5:00000001 
94223252: 6787: [[34m/chip/soc/fc/insn                                    [0m] uart_write:134                   M 1c008480 c.lw                a5, 0(a0)           a5=00000001  a0:1a1020a0  PA:1a1020a0 
94348190: 6796: [[34m/chip/soc/fc/insn                                    [0m] uart_write:134                   M 1c008482 p.bclri             a5, a5, 0x1e, 0x1   a5=00000001  a5:00000001 
94375954: 6798: [[34m/chip/soc/fc/insn                                    [0m] uart_write:31                    M 1c008486 c.bnez              a5, 0, -6           a5:00000001 
94417600: 6801: [[34m/chip/soc/fc/insn                                    [0m] uart_write:134                   M 1c008480 c.lw                a5, 0(a0)           a5=00000001  a0:1a1020a0  PA:1a1020a0 
94542538: 6810: [[34m/chip/soc/fc/insn                                    [0m] uart_write:134                   M 1c008482 p.bclri             a5, a5, 0x1e, 0x1   a5=00000001  a5:00000001 
94570302: 6812: [[34m/chip/soc/fc/insn                                    [0m] uart_write:31                    M 1c008486 c.bnez              a5, 0, -6           a5:00000001 
94611948: 6815: [[34m/chip/soc/fc/insn                                    [0m] uart_write:134                   M 1c008480 c.lw                a5, 0(a0)           a5=00000001  a0:1a1020a0  PA:1a1020a0 
94736886: 6824: [[34m/chip/soc/fc/insn                                    [0m] uart_write:134                   M 1c008482 p.bclri             a5, a5, 0x1e, 0x1   a5=00000001  a5:00000001 
94764650: 6826: [[34m/chip/soc/fc/insn                                    [0m] uart_write:31                    M 1c008486 c.bnez              a5, 0, -6           a5:00000001 
94806296: 6829: [[34m/chip/soc/fc/insn                                    [0m] uart_write:134                   M 1c008480 c.lw                a5, 0(a0)           a5=00000001  a0:1a1020a0  PA:1a1020a0 
94931234: 6838: [[34m/chip/soc/fc/insn                                    [0m] uart_write:134                   M 1c008482 p.bclri             a5, a5, 0x1e, 0x1   a5=00000001  a5:00000001 
94958998: 6840: [[34m/chip/soc/fc/insn                                    [0m] uart_write:31                    M 1c008486 c.bnez              a5, 0, -6           a5:00000001 
95000644: 6843: [[34m/chip/soc/fc/insn                                    [0m] uart_write:134                   M 1c008480 c.lw                a5, 0(a0)           a5=00000001  a0:1a1020a0  PA:1a1020a0 
95125582: 6852: [[34m/chip/soc/fc/insn                                    [0m] uart_write:134                   M 1c008482 p.bclri             a5, a5, 0x1e, 0x1   a5=00000001  a5:00000001 
95153346: 6854: [[34m/chip/soc/fc/insn                                    [0m] uart_write:31                    M 1c008486 c.bnez              a5, 0, -6           a5:00000001 
95194992: 6857: [[34m/chip/soc/fc/insn                                    [0m] uart_write:134                   M 1c008480 c.lw                a5, 0(a0)           a5=00000001  a0:1a1020a0  PA:1a1020a0 
95319930: 6866: [[34m/chip/soc/fc/insn                                    [0m] uart_write:134                   M 1c008482 p.bclri             a5, a5, 0x1e, 0x1   a5=00000001  a5:00000001 
95347694: 6868: [[34m/chip/soc/fc/insn                                    [0m] uart_write:31                    M 1c008486 c.bnez              a5, 0, -6           a5:00000001 
95389340: 6871: [[34m/chip/soc/fc/insn                                    [0m] uart_write:134                   M 1c008480 c.lw                a5, 0(a0)           a5=00000001  a0:1a1020a0  PA:1a1020a0 
95514278: 6880: [[34m/chip/soc/fc/insn                                    [0m] uart_write:134                   M 1c008482 p.bclri             a5, a5, 0x1e, 0x1   a5=00000001  a5:00000001 
95542042: 6882: [[34m/chip/soc/fc/insn                                    [0m] uart_write:31                    M 1c008486 c.bnez              a5, 0, -6           a5:00000001 
95583688: 6885: [[34m/chip/soc/fc/insn                                    [0m] uart_write:134                   M 1c008480 c.lw                a5, 0(a0)           a5=00000001  a0:1a1020a0  PA:1a1020a0 
95708626: 6894: [[34m/chip/soc/fc/insn                                    [0m] uart_write:134                   M 1c008482 p.bclri             a5, a5, 0x1e, 0x1   a5=00000001  a5:00000001 
95736390: 6896: [[34m/chip/soc/fc/insn                                    [0m] uart_write:31                    M 1c008486 c.bnez              a5, 0, -6           a5:00000001 
95778036: 6899: [[34m/chip/soc/fc/insn                                    [0m] uart_write:134                   M 1c008480 c.lw                a5, 0(a0)           a5=00000001  a0:1a1020a0  PA:1a1020a0 
95902974: 6908: [[34m/chip/soc/fc/insn                                    [0m] uart_write:134                   M 1c008482 p.bclri             a5, a5, 0x1e, 0x1   a5=00000001  a5:00000001 
95930738: 6910: [[34m/chip/soc/fc/insn                                    [0m] uart_write:31                    M 1c008486 c.bnez              a5, 0, -6           a5:00000001 
95972384: 6913: [[34m/chip/soc/fc/insn                                    [0m] uart_write:134                   M 1c008480 c.lw                a5, 0(a0)           a5=00000001  a0:1a1020a0  PA:1a1020a0 
96097322: 6922: [[34m/chip/soc/fc/insn                                    [0m] uart_write:134                   M 1c008482 p.bclri             a5, a5, 0x1e, 0x1   a5=00000001  a5:00000001 
96125086: 6924: [[34m/chip/soc/fc/insn                                    [0m] uart_write:31                    M 1c008486 c.bnez              a5, 0, -6           a5:00000001 
96166732: 6927: [[34m/chip/soc/fc/insn                                    [0m] uart_write:134                   M 1c008480 c.lw                a5, 0(a0)           a5=00000001  a0:1a1020a0  PA:1a1020a0 
96291670: 6936: [[34m/chip/soc/fc/insn                                    [0m] uart_write:134                   M 1c008482 p.bclri             a5, a5, 0x1e, 0x1   a5=00000001  a5:00000001 
96319434: 6938: [[34m/chip/soc/fc/insn                                    [0m] uart_write:31                    M 1c008486 c.bnez              a5, 0, -6           a5:00000001 
96361080: 6941: [[34m/chip/soc/fc/insn                                    [0m] uart_write:134                   M 1c008480 c.lw                a5, 0(a0)           a5=00000001  a0:1a1020a0  PA:1a1020a0 
96486018: 6950: [[34m/chip/soc/fc/insn                                    [0m] uart_write:134                   M 1c008482 p.bclri             a5, a5, 0x1e, 0x1   a5=00000001  a5:00000001 
96513782: 6952: [[34m/chip/soc/fc/insn                                    [0m] uart_write:31                    M 1c008486 c.bnez              a5, 0, -6           a5:00000001 
96555428: 6955: [[34m/chip/soc/fc/insn                                    [0m] uart_write:134                   M 1c008480 c.lw                a5, 0(a0)           a5=00000001  a0:1a1020a0  PA:1a1020a0 
96680366: 6964: [[34m/chip/soc/fc/insn                                    [0m] uart_write:134                   M 1c008482 p.bclri             a5, a5, 0x1e, 0x1   a5=00000001  a5:00000001 
96708130: 6966: [[34m/chip/soc/fc/insn                                    [0m] uart_write:31                    M 1c008486 c.bnez              a5, 0, -6           a5:00000001 
96749776: 6969: [[34m/chip/soc/fc/insn                                    [0m] uart_write:134                   M 1c008480 c.lw                a5, 0(a0)           a5=00000001  a0:1a1020a0  PA:1a1020a0 
96874714: 6978: [[34m/chip/soc/fc/insn                                    [0m] uart_write:134                   M 1c008482 p.bclri             a5, a5, 0x1e, 0x1   a5=00000001  a5:00000001 
96902478: 6980: [[34m/chip/soc/fc/insn                                    [0m] uart_write:31                    M 1c008486 c.bnez              a5, 0, -6           a5:00000001 
96944124: 6983: [[34m/chip/soc/fc/insn                                    [0m] uart_write:134                   M 1c008480 c.lw                a5, 0(a0)           a5=00000001  a0:1a1020a0  PA:1a1020a0 
97069062: 6992: [[34m/chip/soc/fc/insn                                    [0m] uart_write:134                   M 1c008482 p.bclri             a5, a5, 0x1e, 0x1   a5=00000001  a5:00000001 
97096826: 6994: [[34m/chip/soc/fc/insn                                    [0m] uart_write:31                    M 1c008486 c.bnez              a5, 0, -6           a5:00000001 
97138472: 6997: [[34m/chip/soc/fc/insn                                    [0m] uart_write:134                   M 1c008480 c.lw                a5, 0(a0)           a5=00000001  a0:1a1020a0  PA:1a1020a0 
97263410: 7006: [[34m/chip/soc/fc/insn                                    [0m] uart_write:134                   M 1c008482 p.bclri             a5, a5, 0x1e, 0x1   a5=00000001  a5:00000001 
97291174: 7008: [[34m/chip/soc/fc/insn                                    [0m] uart_write:31                    M 1c008486 c.bnez              a5, 0, -6           a5:00000001 
97332820: 7011: [[34m/chip/soc/fc/insn                                    [0m] uart_write:134                   M 1c008480 c.lw                a5, 0(a0)           a5=00000001  a0:1a1020a0  PA:1a1020a0 
97457758: 7020: [[34m/chip/soc/fc/insn                                    [0m] uart_write:134                   M 1c008482 p.bclri             a5, a5, 0x1e, 0x1   a5=00000001  a5:00000001 
97485522: 7022: [[34m/chip/soc/fc/insn                                    [0m] uart_write:31                    M 1c008486 c.bnez              a5, 0, -6           a5:00000001 
97527168: 7025: [[34m/chip/soc/fc/insn                                    [0m] uart_write:134                   M 1c008480 c.lw                a5, 0(a0)           a5=00000001  a0:1a1020a0  PA:1a1020a0 
97652106: 7034: [[34m/chip/soc/fc/insn                                    [0m] uart_write:134                   M 1c008482 p.bclri             a5, a5, 0x1e, 0x1   a5=00000001  a5:00000001 
97679870: 7036: [[34m/chip/soc/fc/insn                                    [0m] uart_write:31                    M 1c008486 c.bnez              a5, 0, -6           a5:00000001 
97721516: 7039: [[34m/chip/soc/fc/insn                                    [0m] uart_write:134                   M 1c008480 c.lw                a5, 0(a0)           a5=00000001  a0:1a1020a0  PA:1a1020a0 
97846454: 7048: [[34m/chip/soc/fc/insn                                    [0m] uart_write:134                   M 1c008482 p.bclri             a5, a5, 0x1e, 0x1   a5=00000001  a5:00000001 
97874218: 7050: [[34m/chip/soc/fc/insn                                    [0m] uart_write:31                    M 1c008486 c.bnez              a5, 0, -6           a5:00000001 
97915864: 7053: [[34m/chip/soc/fc/insn                                    [0m] uart_write:134                   M 1c008480 c.lw                a5, 0(a0)           a5=00000001  a0:1a1020a0  PA:1a1020a0 
98040802: 7062: [[34m/chip/soc/fc/insn                                    [0m] uart_write:134                   M 1c008482 p.bclri             a5, a5, 0x1e, 0x1   a5=00000001  a5:00000001 
98068566: 7064: [[34m/chip/soc/fc/insn                                    [0m] uart_write:31                    M 1c008486 c.bnez              a5, 0, -6           a5:00000001 
98110212: 7067: [[34m/chip/soc/fc/insn                                    [0m] uart_write:134                   M 1c008480 c.lw                a5, 0(a0)           a5=00000001  a0:1a1020a0  PA:1a1020a0 
98235150: 7076: [[34m/chip/soc/fc/insn                                    [0m] uart_write:134                   M 1c008482 p.bclri             a5, a5, 0x1e, 0x1   a5=00000001  a5:00000001 
98262914: 7078: [[34m/chip/soc/fc/insn                                    [0m] uart_write:31                    M 1c008486 c.bnez              a5, 0, -6           a5:00000001 
98304560: 7081: [[34m/chip/soc/fc/insn                                    [0m] uart_write:134                   M 1c008480 c.lw                a5, 0(a0)           a5=00000001  a0:1a1020a0  PA:1a1020a0 
98429498: 7090: [[34m/chip/soc/fc/insn                                    [0m] uart_write:134                   M 1c008482 p.bclri             a5, a5, 0x1e, 0x1   a5=00000001  a5:00000001 
98457262: 7092: [[34m/chip/soc/fc/insn                                    [0m] uart_write:31                    M 1c008486 c.bnez              a5, 0, -6           a5:00000001 
98498908: 7095: [[34m/chip/soc/fc/insn                                    [0m] uart_write:134                   M 1c008480 c.lw                a5, 0(a0)           a5=00000001  a0:1a1020a0  PA:1a1020a0 
98623846: 7104: [[34m/chip/soc/fc/insn                                    [0m] uart_write:134                   M 1c008482 p.bclri             a5, a5, 0x1e, 0x1   a5=00000001  a5:00000001 
98651610: 7106: [[34m/chip/soc/fc/insn                                    [0m] uart_write:31                    M 1c008486 c.bnez              a5, 0, -6           a5:00000001 
98693256: 7109: [[34m/chip/soc/fc/insn                                    [0m] uart_write:134                   M 1c008480 c.lw                a5, 0(a0)           a5=00000001  a0:1a1020a0  PA:1a1020a0 
98818194: 7118: [[34m/chip/soc/fc/insn                                    [0m] uart_write:134                   M 1c008482 p.bclri             a5, a5, 0x1e, 0x1   a5=00000001  a5:00000001 
98845958: 7120: [[34m/chip/soc/fc/insn                                    [0m] uart_write:31                    M 1c008486 c.bnez              a5, 0, -6           a5:00000001 
98887604: 7123: [[34m/chip/soc/fc/insn                                    [0m] uart_write:134                   M 1c008480 c.lw                a5, 0(a0)           a5=00000001  a0:1a1020a0  PA:1a1020a0 
99012542: 7132: [[34m/chip/soc/fc/insn                                    [0m] uart_write:134                   M 1c008482 p.bclri             a5, a5, 0x1e, 0x1   a5=00000001  a5:00000001 
99040306: 7134: [[34m/chip/soc/fc/insn                                    [0m] uart_write:31                    M 1c008486 c.bnez              a5, 0, -6           a5:00000001 
99081952: 7137: [[34m/chip/soc/fc/insn                                    [0m] uart_write:134                   M 1c008480 c.lw                a5, 0(a0)           a5=00000001  a0:1a1020a0  PA:1a1020a0 
99206890: 7146: [[34m/chip/soc/fc/insn                                    [0m] uart_write:134                   M 1c008482 p.bclri             a5, a5, 0x1e, 0x1   a5=00000001  a5:00000001 
99234654: 7148: [[34m/chip/soc/fc/insn                                    [0m] uart_write:31                    M 1c008486 c.bnez              a5, 0, -6           a5:00000001 
99276300: 7151: [[34m/chip/soc/fc/insn                                    [0m] uart_write:134                   M 1c008480 c.lw                a5, 0(a0)           a5=00000001  a0:1a1020a0  PA:1a1020a0 
99401238: 7160: [[34m/chip/soc/fc/insn                                    [0m] uart_write:134                   M 1c008482 p.bclri             a5, a5, 0x1e, 0x1   a5=00000001  a5:00000001 
99429002: 7162: [[34m/chip/soc/fc/insn                                    [0m] uart_write:31                    M 1c008486 c.bnez              a5, 0, -6           a5:00000001 
99470648: 7165: [[34m/chip/soc/fc/insn                                    [0m] uart_write:134                   M 1c008480 c.lw                a5, 0(a0)           a5=00000001  a0:1a1020a0  PA:1a1020a0 
99595586: 7174: [[34m/chip/soc/fc/insn                                    [0m] uart_write:134                   M 1c008482 p.bclri             a5, a5, 0x1e, 0x1   a5=00000001  a5:00000001 
99623350: 7176: [[34m/chip/soc/fc/insn                                    [0m] uart_write:31                    M 1c008486 c.bnez              a5, 0, -6           a5:00000001 
99664996: 7179: [[34m/chip/soc/fc/insn                                    [0m] uart_write:134                   M 1c008480 c.lw                a5, 0(a0)           a5=00000001  a0:1a1020a0  PA:1a1020a0 
99789934: 7188: [[34m/chip/soc/fc/insn                                    [0m] uart_write:134                   M 1c008482 p.bclri             a5, a5, 0x1e, 0x1   a5=00000001  a5:00000001 
99817698: 7190: [[34m/chip/soc/fc/insn                                    [0m] uart_write:31                    M 1c008486 c.bnez              a5, 0, -6           a5:00000001 
99859344: 7193: [[34m/chip/soc/fc/insn                                    [0m] uart_write:134                   M 1c008480 c.lw                a5, 0(a0)           a5=00000001  a0:1a1020a0  PA:1a1020a0 
99984282: 7202: [[34m/chip/soc/fc/insn                                    [0m] uart_write:134                   M 1c008482 p.bclri             a5, a5, 0x1e, 0x1   a5=00000001  a5:00000001 
100012046: 7204: [[34m/chip/soc/fc/insn                                    [0m] uart_write:31                    M 1c008486 c.bnez              a5, 0, -6           a5:00000001 
100053692: 7207: [[34m/chip/soc/fc/insn                                    [0m] uart_write:134                   M 1c008480 c.lw                a5, 0(a0)           a5=00000001  a0:1a1020a0  PA:1a1020a0 
100178630: 7216: [[34m/chip/soc/fc/insn                                    [0m] uart_write:134                   M 1c008482 p.bclri             a5, a5, 0x1e, 0x1   a5=00000001  a5:00000001 
100206394: 7218: [[34m/chip/soc/fc/insn                                    [0m] uart_write:31                    M 1c008486 c.bnez              a5, 0, -6           a5:00000001 
100248040: 7221: [[34m/chip/soc/fc/insn                                    [0m] uart_write:134                   M 1c008480 c.lw                a5, 0(a0)           a5=00000001  a0:1a1020a0  PA:1a1020a0 
100372978: 7230: [[34m/chip/soc/fc/insn                                    [0m] uart_write:134                   M 1c008482 p.bclri             a5, a5, 0x1e, 0x1   a5=00000001  a5:00000001 
100400742: 7232: [[34m/chip/soc/fc/insn                                    [0m] uart_write:31                    M 1c008486 c.bnez              a5, 0, -6           a5:00000001 
100442388: 7235: [[34m/chip/soc/fc/insn                                    [0m] uart_write:134                   M 1c008480 c.lw                a5, 0(a0)           a5=00000001  a0:1a1020a0  PA:1a1020a0 
100567326: 7244: [[34m/chip/soc/fc/insn                                    [0m] uart_write:134                   M 1c008482 p.bclri             a5, a5, 0x1e, 0x1   a5=00000001  a5:00000001 
100595090: 7246: [[34m/chip/soc/fc/insn                                    [0m] uart_write:31                    M 1c008486 c.bnez              a5, 0, -6           a5:00000001 
100636736: 7249: [[34m/chip/soc/fc/insn                                    [0m] uart_write:134                   M 1c008480 c.lw                a5, 0(a0)           a5=00000001  a0:1a1020a0  PA:1a1020a0 
100761674: 7258: [[34m/chip/soc/fc/insn                                    [0m] uart_write:134                   M 1c008482 p.bclri             a5, a5, 0x1e, 0x1   a5=00000001  a5:00000001 
100789438: 7260: [[34m/chip/soc/fc/insn                                    [0m] uart_write:31                    M 1c008486 c.bnez              a5, 0, -6           a5:00000001 
100831084: 7263: [[34m/chip/soc/fc/insn                                    [0m] uart_write:134                   M 1c008480 c.lw                a5, 0(a0)           a5=00000001  a0:1a1020a0  PA:1a1020a0 
100956022: 7272: [[34m/chip/soc/fc/insn                                    [0m] uart_write:134                   M 1c008482 p.bclri             a5, a5, 0x1e, 0x1   a5=00000001  a5:00000001 
100983786: 7274: [[34m/chip/soc/fc/insn                                    [0m] uart_write:31                    M 1c008486 c.bnez              a5, 0, -6           a5:00000001 
101025432: 7277: [[34m/chip/soc/fc/insn                                    [0m] uart_write:134                   M 1c008480 c.lw                a5, 0(a0)           a5=00000001  a0:1a1020a0  PA:1a1020a0 
101150370: 7286: [[34m/chip/soc/fc/insn                                    [0m] uart_write:134                   M 1c008482 p.bclri             a5, a5, 0x1e, 0x1   a5=00000001  a5:00000001 
101178134: 7288: [[34m/chip/soc/fc/insn                                    [0m] uart_write:31                    M 1c008486 c.bnez              a5, 0, -6           a5:00000001 
101219780: 7291: [[34m/chip/soc/fc/insn                                    [0m] uart_write:134                   M 1c008480 c.lw                a5, 0(a0)           a5=00000001  a0:1a1020a0  PA:1a1020a0 
101344718: 7300: [[34m/chip/soc/fc/insn                                    [0m] uart_write:134                   M 1c008482 p.bclri             a5, a5, 0x1e, 0x1   a5=00000001  a5:00000001 
101372482: 7302: [[34m/chip/soc/fc/insn                                    [0m] uart_write:31                    M 1c008486 c.bnez              a5, 0, -6           a5:00000001 
101414128: 7305: [[34m/chip/soc/fc/insn                                    [0m] uart_write:134                   M 1c008480 c.lw                a5, 0(a0)           a5=00000001  a0:1a1020a0  PA:1a1020a0 
101539066: 7314: [[34m/chip/soc/fc/insn                                    [0m] uart_write:134                   M 1c008482 p.bclri             a5, a5, 0x1e, 0x1   a5=00000001  a5:00000001 
101566830: 7316: [[34m/chip/soc/fc/insn                                    [0m] uart_write:31                    M 1c008486 c.bnez              a5, 0, -6           a5:00000001 
101608476: 7319: [[34m/chip/soc/fc/insn                                    [0m] uart_write:134                   M 1c008480 c.lw                a5, 0(a0)           a5=00000001  a0:1a1020a0  PA:1a1020a0 
101733414: 7328: [[34m/chip/soc/fc/insn                                    [0m] uart_write:134                   M 1c008482 p.bclri             a5, a5, 0x1e, 0x1   a5=00000001  a5:00000001 
101761178: 7330: [[34m/chip/soc/fc/insn                                    [0m] uart_write:31                    M 1c008486 c.bnez              a5, 0, -6           a5:00000001 
101802824: 7333: [[34m/chip/soc/fc/insn                                    [0m] uart_write:134                   M 1c008480 c.lw                a5, 0(a0)           a5=00000001  a0:1a1020a0  PA:1a1020a0 
101927762: 7342: [[34m/chip/soc/fc/insn                                    [0m] uart_write:134                   M 1c008482 p.bclri             a5, a5, 0x1e, 0x1   a5=00000001  a5:00000001 
101955526: 7344: [[34m/chip/soc/fc/insn                                    [0m] uart_write:31                    M 1c008486 c.bnez              a5, 0, -6           a5:00000001 
101997172: 7347: [[34m/chip/soc/fc/insn                                    [0m] uart_write:134                   M 1c008480 c.lw                a5, 0(a0)           a5=00000001  a0:1a1020a0  PA:1a1020a0 
102122110: 7356: [[34m/chip/soc/fc/insn                                    [0m] uart_write:134                   M 1c008482 p.bclri             a5, a5, 0x1e, 0x1   a5=00000001  a5:00000001 
102149874: 7358: [[34m/chip/soc/fc/insn                                    [0m] uart_write:31                    M 1c008486 c.bnez              a5, 0, -6           a5:00000001 
102191520: 7361: [[34m/chip/soc/fc/insn                                    [0m] uart_write:134                   M 1c008480 c.lw                a5, 0(a0)           a5=00000001  a0:1a1020a0  PA:1a1020a0 
102316458: 7370: [[34m/chip/soc/fc/insn                                    [0m] uart_write:134                   M 1c008482 p.bclri             a5, a5, 0x1e, 0x1   a5=00000001  a5:00000001 
102344222: 7372: [[34m/chip/soc/fc/insn                                    [0m] uart_write:31                    M 1c008486 c.bnez              a5, 0, -6           a5:00000001 
102385868: 7375: [[34m/chip/soc/fc/insn                                    [0m] uart_write:134                   M 1c008480 c.lw                a5, 0(a0)           a5=00000001  a0:1a1020a0  PA:1a1020a0 
102510806: 7384: [[34m/chip/soc/fc/insn                                    [0m] uart_write:134                   M 1c008482 p.bclri             a5, a5, 0x1e, 0x1   a5=00000001  a5:00000001 
102538570: 7386: [[34m/chip/soc/fc/insn                                    [0m] uart_write:31                    M 1c008486 c.bnez              a5, 0, -6           a5:00000001 
102580216: 7389: [[34m/chip/soc/fc/insn                                    [0m] uart_write:134                   M 1c008480 c.lw                a5, 0(a0)           a5=00000001  a0:1a1020a0  PA:1a1020a0 
102705154: 7398: [[34m/chip/soc/fc/insn                                    [0m] uart_write:134                   M 1c008482 p.bclri             a5, a5, 0x1e, 0x1   a5=00000001  a5:00000001 
102732918: 7400: [[34m/chip/soc/fc/insn                                    [0m] uart_write:31                    M 1c008486 c.bnez              a5, 0, -6           a5:00000001 
102774564: 7403: [[34m/chip/soc/fc/insn                                    [0m] uart_write:134                   M 1c008480 c.lw                a5, 0(a0)           a5=00000001  a0:1a1020a0  PA:1a1020a0 
102899502: 7412: [[34m/chip/soc/fc/insn                                    [0m] uart_write:134                   M 1c008482 p.bclri             a5, a5, 0x1e, 0x1   a5=00000001  a5:00000001 
102927266: 7414: [[34m/chip/soc/fc/insn                                    [0m] uart_write:31                    M 1c008486 c.bnez              a5, 0, -6           a5:00000001 
102968912: 7417: [[34m/chip/soc/fc/insn                                    [0m] uart_write:134                   M 1c008480 c.lw                a5, 0(a0)           a5=00000001  a0:1a1020a0  PA:1a1020a0 
103093850: 7426: [[34m/chip/soc/fc/insn                                    [0m] uart_write:134                   M 1c008482 p.bclri             a5, a5, 0x1e, 0x1   a5=00000001  a5:00000001 
103121614: 7428: [[34m/chip/soc/fc/insn                                    [0m] uart_write:31                    M 1c008486 c.bnez              a5, 0, -6           a5:00000001 
103163260: 7431: [[34m/chip/soc/fc/insn                                    [0m] uart_write:134                   M 1c008480 c.lw                a5, 0(a0)           a5=00000001  a0:1a1020a0  PA:1a1020a0 
103288198: 7440: [[34m/chip/soc/fc/insn                                    [0m] uart_write:134                   M 1c008482 p.bclri             a5, a5, 0x1e, 0x1   a5=00000001  a5:00000001 
103315962: 7442: [[34m/chip/soc/fc/insn                                    [0m] uart_write:31                    M 1c008486 c.bnez              a5, 0, -6           a5:00000001 
103357608: 7445: [[34m/chip/soc/fc/insn                                    [0m] uart_write:134                   M 1c008480 c.lw                a5, 0(a0)           a5=00000001  a0:1a1020a0  PA:1a1020a0 
103482546: 7454: [[34m/chip/soc/fc/insn                                    [0m] uart_write:134                   M 1c008482 p.bclri             a5, a5, 0x1e, 0x1   a5=00000001  a5:00000001 
103510310: 7456: [[34m/chip/soc/fc/insn                                    [0m] uart_write:31                    M 1c008486 c.bnez              a5, 0, -6           a5:00000001 
103551956: 7459: [[34m/chip/soc/fc/insn                                    [0m] uart_write:134                   M 1c008480 c.lw                a5, 0(a0)           a5=00000001  a0:1a1020a0  PA:1a1020a0 
103676894: 7468: [[34m/chip/soc/fc/insn                                    [0m] uart_write:134                   M 1c008482 p.bclri             a5, a5, 0x1e, 0x1   a5=00000001  a5:00000001 
103704658: 7470: [[34m/chip/soc/fc/insn                                    [0m] uart_write:31                    M 1c008486 c.bnez              a5, 0, -6           a5:00000001 
103746304: 7473: [[34m/chip/soc/fc/insn                                    [0m] uart_write:134                   M 1c008480 c.lw                a5, 0(a0)           a5=00000001  a0:1a1020a0  PA:1a1020a0 
103871242: 7482: [[34m/chip/soc/fc/insn                                    [0m] uart_write:134                   M 1c008482 p.bclri             a5, a5, 0x1e, 0x1   a5=00000001  a5:00000001 
103899006: 7484: [[34m/chip/soc/fc/insn                                    [0m] uart_write:31                    M 1c008486 c.bnez              a5, 0, -6           a5:00000001 
103940652: 7487: [[34m/chip/soc/fc/insn                                    [0m] uart_write:134                   M 1c008480 c.lw                a5, 0(a0)           a5=00000001  a0:1a1020a0  PA:1a1020a0 
104065590: 7496: [[34m/chip/soc/fc/insn                                    [0m] uart_write:134                   M 1c008482 p.bclri             a5, a5, 0x1e, 0x1   a5=00000001  a5:00000001 
104093354: 7498: [[34m/chip/soc/fc/insn                                    [0m] uart_write:31                    M 1c008486 c.bnez              a5, 0, -6           a5:00000001 
104135000: 7501: [[34m/chip/soc/fc/insn                                    [0m] uart_write:134                   M 1c008480 c.lw                a5, 0(a0)           a5=00000001  a0:1a1020a0  PA:1a1020a0 
104259938: 7510: [[34m/chip/soc/fc/insn                                    [0m] uart_write:134                   M 1c008482 p.bclri             a5, a5, 0x1e, 0x1   a5=00000001  a5:00000001 
104287702: 7512: [[34m/chip/soc/fc/insn                                    [0m] uart_write:31                    M 1c008486 c.bnez              a5, 0, -6           a5:00000001 
104329348: 7515: [[34m/chip/soc/fc/insn                                    [0m] uart_write:134                   M 1c008480 c.lw                a5, 0(a0)           a5=00000001  a0:1a1020a0  PA:1a1020a0 
104454286: 7524: [[34m/chip/soc/fc/insn                                    [0m] uart_write:134                   M 1c008482 p.bclri             a5, a5, 0x1e, 0x1   a5=00000001  a5:00000001 
104482050: 7526: [[34m/chip/soc/fc/insn                                    [0m] uart_write:31                    M 1c008486 c.bnez              a5, 0, -6           a5:00000001 
104523696: 7529: [[34m/chip/soc/fc/insn                                    [0m] uart_write:134                   M 1c008480 c.lw                a5, 0(a0)           a5=00000001  a0:1a1020a0  PA:1a1020a0 
104648634: 7538: [[34m/chip/soc/fc/insn                                    [0m] uart_write:134                   M 1c008482 p.bclri             a5, a5, 0x1e, 0x1   a5=00000001  a5:00000001 
104676398: 7540: [[34m/chip/soc/fc/insn                                    [0m] uart_write:31                    M 1c008486 c.bnez              a5, 0, -6           a5:00000001 
104718044: 7543: [[34m/chip/soc/fc/insn                                    [0m] uart_write:134                   M 1c008480 c.lw                a5, 0(a0)           a5=00000001  a0:1a1020a0  PA:1a1020a0 
104842982: 7552: [[34m/chip/soc/fc/insn                                    [0m] uart_write:134                   M 1c008482 p.bclri             a5, a5, 0x1e, 0x1   a5=00000001  a5:00000001 
104870746: 7554: [[34m/chip/soc/fc/insn                                    [0m] uart_write:31                    M 1c008486 c.bnez              a5, 0, -6           a5:00000001 
104912392: 7557: [[34m/chip/soc/fc/insn                                    [0m] uart_write:134                   M 1c008480 c.lw                a5, 0(a0)           a5=00000001  a0:1a1020a0  PA:1a1020a0 
105037330: 7566: [[34m/chip/soc/fc/insn                                    [0m] uart_write:134                   M 1c008482 p.bclri             a5, a5, 0x1e, 0x1   a5=00000001  a5:00000001 
105065094: 7568: [[34m/chip/soc/fc/insn                                    [0m] uart_write:31                    M 1c008486 c.bnez              a5, 0, -6           a5:00000001 
105106740: 7571: [[34m/chip/soc/fc/insn                                    [0m] uart_write:134                   M 1c008480 c.lw                a5, 0(a0)           a5=00000001  a0:1a1020a0  PA:1a1020a0 
105231678: 7580: [[34m/chip/soc/fc/insn                                    [0m] uart_write:134                   M 1c008482 p.bclri             a5, a5, 0x1e, 0x1   a5=00000001  a5:00000001 
105259442: 7582: [[34m/chip/soc/fc/insn                                    [0m] uart_write:31                    M 1c008486 c.bnez              a5, 0, -6           a5:00000001 
105301088: 7585: [[34m/chip/soc/fc/insn                                    [0m] uart_write:134                   M 1c008480 c.lw                a5, 0(a0)           a5=00000001  a0:1a1020a0  PA:1a1020a0 
105426026: 7594: [[34m/chip/soc/fc/insn                                    [0m] uart_write:134                   M 1c008482 p.bclri             a5, a5, 0x1e, 0x1   a5=00000001  a5:00000001 
105453790: 7596: [[34m/chip/soc/fc/insn                                    [0m] uart_write:31                    M 1c008486 c.bnez              a5, 0, -6           a5:00000001 
105495436: 7599: [[34m/chip/soc/fc/insn                                    [0m] uart_write:134                   M 1c008480 c.lw                a5, 0(a0)           a5=00000001  a0:1a1020a0  PA:1a1020a0 
105620374: 7608: [[34m/chip/soc/fc/insn                                    [0m] uart_write:134                   M 1c008482 p.bclri             a5, a5, 0x1e, 0x1   a5=00000001  a5:00000001 
105648138: 7610: [[34m/chip/soc/fc/insn                                    [0m] uart_write:31                    M 1c008486 c.bnez              a5, 0, -6           a5:00000001 
105689784: 7613: [[34m/chip/soc/fc/insn                                    [0m] uart_write:134                   M 1c008480 c.lw                a5, 0(a0)           a5=00000001  a0:1a1020a0  PA:1a1020a0 
105814722: 7622: [[34m/chip/soc/fc/insn                                    [0m] uart_write:134                   M 1c008482 p.bclri             a5, a5, 0x1e, 0x1   a5=00000001  a5:00000001 
105842486: 7624: [[34m/chip/soc/fc/insn                                    [0m] uart_write:31                    M 1c008486 c.bnez              a5, 0, -6           a5:00000001 
105884132: 7627: [[34m/chip/soc/fc/insn                                    [0m] uart_write:134                   M 1c008480 c.lw                a5, 0(a0)           a5=00000001  a0:1a1020a0  PA:1a1020a0 
106009070: 7636: [[34m/chip/soc/fc/insn                                    [0m] uart_write:134                   M 1c008482 p.bclri             a5, a5, 0x1e, 0x1   a5=00000001  a5:00000001 
106036834: 7638: [[34m/chip/soc/fc/insn                                    [0m] uart_write:31                    M 1c008486 c.bnez              a5, 0, -6           a5:00000001 
106078480: 7641: [[34m/chip/soc/fc/insn                                    [0m] uart_write:134                   M 1c008480 c.lw                a5, 0(a0)           a5=00000001  a0:1a1020a0  PA:1a1020a0 
106203418: 7650: [[34m/chip/soc/fc/insn                                    [0m] uart_write:134                   M 1c008482 p.bclri             a5, a5, 0x1e, 0x1   a5=00000001  a5:00000001 
106231182: 7652: [[34m/chip/soc/fc/insn                                    [0m] uart_write:31                    M 1c008486 c.bnez              a5, 0, -6           a5:00000001 
106272828: 7655: [[34m/chip/soc/fc/insn                                    [0m] uart_write:134                   M 1c008480 c.lw                a5, 0(a0)           a5=00000001  a0:1a1020a0  PA:1a1020a0 
106397766: 7664: [[34m/chip/soc/fc/insn                                    [0m] uart_write:134                   M 1c008482 p.bclri             a5, a5, 0x1e, 0x1   a5=00000001  a5:00000001 
106425530: 7666: [[34m/chip/soc/fc/insn                                    [0m] uart_write:31                    M 1c008486 c.bnez              a5, 0, -6           a5:00000001 
106467176: 7669: [[34m/chip/soc/fc/insn                                    [0m] uart_write:134                   M 1c008480 c.lw                a5, 0(a0)           a5=00000001  a0:1a1020a0  PA:1a1020a0 
106592114: 7678: [[34m/chip/soc/fc/insn                                    [0m] uart_write:134                   M 1c008482 p.bclri             a5, a5, 0x1e, 0x1   a5=00000001  a5:00000001 
106619878: 7680: [[34m/chip/soc/fc/insn                                    [0m] uart_write:31                    M 1c008486 c.bnez              a5, 0, -6           a5:00000001 
106661524: 7683: [[34m/chip/soc/fc/insn                                    [0m] uart_write:134                   M 1c008480 c.lw                a5, 0(a0)           a5=00000001  a0:1a1020a0  PA:1a1020a0 
106786462: 7692: [[34m/chip/soc/fc/insn                                    [0m] uart_write:134                   M 1c008482 p.bclri             a5, a5, 0x1e, 0x1   a5=00000001  a5:00000001 
106814226: 7694: [[34m/chip/soc/fc/insn                                    [0m] uart_write:31                    M 1c008486 c.bnez              a5, 0, -6           a5:00000001 
106855872: 7697: [[34m/chip/soc/fc/insn                                    [0m] uart_write:134                   M 1c008480 c.lw                a5, 0(a0)           a5=00000001  a0:1a1020a0  PA:1a1020a0 
106980810: 7706: [[34m/chip/soc/fc/insn                                    [0m] uart_write:134                   M 1c008482 p.bclri             a5, a5, 0x1e, 0x1   a5=00000001  a5:00000001 
107008574: 7708: [[34m/chip/soc/fc/insn                                    [0m] uart_write:31                    M 1c008486 c.bnez              a5, 0, -6           a5:00000001 
107050220: 7711: [[34m/chip/soc/fc/insn                                    [0m] uart_write:134                   M 1c008480 c.lw                a5, 0(a0)           a5=00000001  a0:1a1020a0  PA:1a1020a0 
107175158: 7720: [[34m/chip/soc/fc/insn                                    [0m] uart_write:134                   M 1c008482 p.bclri             a5, a5, 0x1e, 0x1   a5=00000001  a5:00000001 
107202922: 7722: [[34m/chip/soc/fc/insn                                    [0m] uart_write:31                    M 1c008486 c.bnez              a5, 0, -6           a5:00000001 
107244568: 7725: [[34m/chip/soc/fc/insn                                    [0m] uart_write:134                   M 1c008480 c.lw                a5, 0(a0)           a5=00000001  a0:1a1020a0  PA:1a1020a0 
107369506: 7734: [[34m/chip/soc/fc/insn                                    [0m] uart_write:134                   M 1c008482 p.bclri             a5, a5, 0x1e, 0x1   a5=00000001  a5:00000001 
107397270: 7736: [[34m/chip/soc/fc/insn                                    [0m] uart_write:31                    M 1c008486 c.bnez              a5, 0, -6           a5:00000001 
107438916: 7739: [[34m/chip/soc/fc/insn                                    [0m] uart_write:134                   M 1c008480 c.lw                a5, 0(a0)           a5=00000001  a0:1a1020a0  PA:1a1020a0 
107563854: 7748: [[34m/chip/soc/fc/insn                                    [0m] uart_write:134                   M 1c008482 p.bclri             a5, a5, 0x1e, 0x1   a5=00000001  a5:00000001 
107591618: 7750: [[34m/chip/soc/fc/insn                                    [0m] uart_write:31                    M 1c008486 c.bnez              a5, 0, -6           a5:00000001 
107633264: 7753: [[34m/chip/soc/fc/insn                                    [0m] uart_write:134                   M 1c008480 c.lw                a5, 0(a0)           a5=00000001  a0:1a1020a0  PA:1a1020a0 
107758202: 7762: [[34m/chip/soc/fc/insn                                    [0m] uart_write:134                   M 1c008482 p.bclri             a5, a5, 0x1e, 0x1   a5=00000001  a5:00000001 
107785966: 7764: [[34m/chip/soc/fc/insn                                    [0m] uart_write:31                    M 1c008486 c.bnez              a5, 0, -6           a5:00000001 
107827612: 7767: [[34m/chip/soc/fc/insn                                    [0m] uart_write:134                   M 1c008480 c.lw                a5, 0(a0)           a5=00000001  a0:1a1020a0  PA:1a1020a0 
107952550: 7776: [[34m/chip/soc/fc/insn                                    [0m] uart_write:134                   M 1c008482 p.bclri             a5, a5, 0x1e, 0x1   a5=00000001  a5:00000001 
107980314: 7778: [[34m/chip/soc/fc/insn                                    [0m] uart_write:31                    M 1c008486 c.bnez              a5, 0, -6           a5:00000001 
108021960: 7781: [[34m/chip/soc/fc/insn                                    [0m] uart_write:134                   M 1c008480 c.lw                a5, 0(a0)           a5=00000001  a0:1a1020a0  PA:1a1020a0 
108146898: 7790: [[34m/chip/soc/fc/insn                                    [0m] uart_write:134                   M 1c008482 p.bclri             a5, a5, 0x1e, 0x1   a5=00000001  a5:00000001 
108174662: 7792: [[34m/chip/soc/fc/insn                                    [0m] uart_write:31                    M 1c008486 c.bnez              a5, 0, -6           a5:00000001 
108216308: 7795: [[34m/chip/soc/fc/insn                                    [0m] uart_write:134                   M 1c008480 c.lw                a5, 0(a0)           a5=00000001  a0:1a1020a0  PA:1a1020a0 
108341246: 7804: [[34m/chip/soc/fc/insn                                    [0m] uart_write:134                   M 1c008482 p.bclri             a5, a5, 0x1e, 0x1   a5=00000001  a5:00000001 
108369010: 7806: [[34m/chip/soc/fc/insn                                    [0m] uart_write:31                    M 1c008486 c.bnez              a5, 0, -6           a5:00000001 
108410656: 7809: [[34m/chip/soc/fc/insn                                    [0m] uart_write:134                   M 1c008480 c.lw                a5, 0(a0)           a5=00000001  a0:1a1020a0  PA:1a1020a0 
108535594: 7818: [[34m/chip/soc/fc/insn                                    [0m] uart_write:134                   M 1c008482 p.bclri             a5, a5, 0x1e, 0x1   a5=00000001  a5:00000001 
108563358: 7820: [[34m/chip/soc/fc/insn                                    [0m] uart_write:31                    M 1c008486 c.bnez              a5, 0, -6           a5:00000001 
108605004: 7823: [[34m/chip/soc/fc/insn                                    [0m] uart_write:134                   M 1c008480 c.lw                a5, 0(a0)           a5=00000001  a0:1a1020a0  PA:1a1020a0 
108729942: 7832: [[34m/chip/soc/fc/insn                                    [0m] uart_write:134                   M 1c008482 p.bclri             a5, a5, 0x1e, 0x1   a5=00000001  a5:00000001 
108757706: 7834: [[34m/chip/soc/fc/insn                                    [0m] uart_write:31                    M 1c008486 c.bnez              a5, 0, -6           a5:00000001 
108799352: 7837: [[34m/chip/soc/fc/insn                                    [0m] uart_write:134                   M 1c008480 c.lw                a5, 0(a0)           a5=00000001  a0:1a1020a0  PA:1a1020a0 
108924290: 7846: [[34m/chip/soc/fc/insn                                    [0m] uart_write:134                   M 1c008482 p.bclri             a5, a5, 0x1e, 0x1   a5=00000001  a5:00000001 
108952054: 7848: [[34m/chip/soc/fc/insn                                    [0m] uart_write:31                    M 1c008486 c.bnez              a5, 0, -6           a5:00000001 
108993700: 7851: [[34m/chip/soc/fc/insn                                    [0m] uart_write:134                   M 1c008480 c.lw                a5, 0(a0)           a5=00000001  a0:1a1020a0  PA:1a1020a0 
109118638: 7860: [[34m/chip/soc/fc/insn                                    [0m] uart_write:134                   M 1c008482 p.bclri             a5, a5, 0x1e, 0x1   a5=00000001  a5:00000001 
109146402: 7862: [[34m/chip/soc/fc/insn                                    [0m] uart_write:31                    M 1c008486 c.bnez              a5, 0, -6           a5:00000001 
109188048: 7865: [[34m/chip/soc/fc/insn                                    [0m] uart_write:134                   M 1c008480 c.lw                a5, 0(a0)           a5=00000001  a0:1a1020a0  PA:1a1020a0 
109312986: 7874: [[34m/chip/soc/fc/insn                                    [0m] uart_write:134                   M 1c008482 p.bclri             a5, a5, 0x1e, 0x1   a5=00000001  a5:00000001 
109340750: 7876: [[34m/chip/soc/fc/insn                                    [0m] uart_write:31                    M 1c008486 c.bnez              a5, 0, -6           a5:00000001 
109382396: 7879: [[34m/chip/soc/fc/insn                                    [0m] uart_write:134                   M 1c008480 c.lw                a5, 0(a0)           a5=00000001  a0:1a1020a0  PA:1a1020a0 
109507334: 7888: [[34m/chip/soc/fc/insn                                    [0m] uart_write:134                   M 1c008482 p.bclri             a5, a5, 0x1e, 0x1   a5=00000001  a5:00000001 
109535098: 7890: [[34m/chip/soc/fc/insn                                    [0m] uart_write:31                    M 1c008486 c.bnez              a5, 0, -6           a5:00000001 
109576744: 7893: [[34m/chip/soc/fc/insn                                    [0m] uart_write:134                   M 1c008480 c.lw                a5, 0(a0)           a5=00000001  a0:1a1020a0  PA:1a1020a0 
109701682: 7902: [[34m/chip/soc/fc/insn                                    [0m] uart_write:134                   M 1c008482 p.bclri             a5, a5, 0x1e, 0x1   a5=00000001  a5:00000001 
109729446: 7904: [[34m/chip/soc/fc/insn                                    [0m] uart_write:31                    M 1c008486 c.bnez              a5, 0, -6           a5:00000001 
109771092: 7907: [[34m/chip/soc/fc/insn                                    [0m] uart_write:134                   M 1c008480 c.lw                a5, 0(a0)           a5=00000001  a0:1a1020a0  PA:1a1020a0 
109896030: 7916: [[34m/chip/soc/fc/insn                                    [0m] uart_write:134                   M 1c008482 p.bclri             a5, a5, 0x1e, 0x1   a5=00000001  a5:00000001 
109923794: 7918: [[34m/chip/soc/fc/insn                                    [0m] uart_write:31                    M 1c008486 c.bnez              a5, 0, -6           a5:00000001 
109965440: 7921: [[34m/chip/soc/fc/insn                                    [0m] uart_write:134                   M 1c008480 c.lw                a5, 0(a0)           a5=00000001  a0:1a1020a0  PA:1a1020a0 
110090378: 7930: [[34m/chip/soc/fc/insn                                    [0m] uart_write:134                   M 1c008482 p.bclri             a5, a5, 0x1e, 0x1   a5=00000001  a5:00000001 
110118142: 7932: [[34m/chip/soc/fc/insn                                    [0m] uart_write:31                    M 1c008486 c.bnez              a5, 0, -6           a5:00000001 
110159788: 7935: [[34m/chip/soc/fc/insn                                    [0m] uart_write:134                   M 1c008480 c.lw                a5, 0(a0)           a5=00000001  a0:1a1020a0  PA:1a1020a0 
110284726: 7944: [[34m/chip/soc/fc/insn                                    [0m] uart_write:134                   M 1c008482 p.bclri             a5, a5, 0x1e, 0x1   a5=00000001  a5:00000001 
110312490: 7946: [[34m/chip/soc/fc/insn                                    [0m] uart_write:31                    M 1c008486 c.bnez              a5, 0, -6           a5:00000001 
110354136: 7949: [[34m/chip/soc/fc/insn                                    [0m] uart_write:134                   M 1c008480 c.lw                a5, 0(a0)           a5=00000001  a0:1a1020a0  PA:1a1020a0 
110479074: 7958: [[34m/chip/soc/fc/insn                                    [0m] uart_write:134                   M 1c008482 p.bclri             a5, a5, 0x1e, 0x1   a5=00000001  a5:00000001 
110506838: 7960: [[34m/chip/soc/fc/insn                                    [0m] uart_write:31                    M 1c008486 c.bnez              a5, 0, -6           a5:00000001 
110548484: 7963: [[34m/chip/soc/fc/insn                                    [0m] uart_write:134                   M 1c008480 c.lw                a5, 0(a0)           a5=00000001  a0:1a1020a0  PA:1a1020a0 
110673422: 7972: [[34m/chip/soc/fc/insn                                    [0m] uart_write:134                   M 1c008482 p.bclri             a5, a5, 0x1e, 0x1   a5=00000001  a5:00000001 
110701186: 7974: [[34m/chip/soc/fc/insn                                    [0m] uart_write:31                    M 1c008486 c.bnez              a5, 0, -6           a5:00000001 
110742832: 7977: [[34m/chip/soc/fc/insn                                    [0m] uart_write:134                   M 1c008480 c.lw                a5, 0(a0)           a5=00000001  a0:1a1020a0  PA:1a1020a0 
110867770: 7986: [[34m/chip/soc/fc/insn                                    [0m] uart_write:134                   M 1c008482 p.bclri             a5, a5, 0x1e, 0x1   a5=00000001  a5:00000001 
110895534: 7988: [[34m/chip/soc/fc/insn                                    [0m] uart_write:31                    M 1c008486 c.bnez              a5, 0, -6           a5:00000001 
110937180: 7991: [[34m/chip/soc/fc/insn                                    [0m] uart_write:134                   M 1c008480 c.lw                a5, 0(a0)           a5=00000001  a0:1a1020a0  PA:1a1020a0 
111062118: 8000: [[34m/chip/soc/fc/insn                                    [0m] uart_write:134                   M 1c008482 p.bclri             a5, a5, 0x1e, 0x1   a5=00000001  a5:00000001 
111089882: 8002: [[34m/chip/soc/fc/insn                                    [0m] uart_write:31                    M 1c008486 c.bnez              a5, 0, -6           a5:00000001 
111131528: 8005: [[34m/chip/soc/fc/insn                                    [0m] uart_write:134                   M 1c008480 c.lw                a5, 0(a0)           a5=00000001  a0:1a1020a0  PA:1a1020a0 
111256466: 8014: [[34m/chip/soc/fc/insn                                    [0m] uart_write:134                   M 1c008482 p.bclri             a5, a5, 0x1e, 0x1   a5=00000001  a5:00000001 
111284230: 8016: [[34m/chip/soc/fc/insn                                    [0m] uart_write:31                    M 1c008486 c.bnez              a5, 0, -6           a5:00000001 
111325876: 8019: [[34m/chip/soc/fc/insn                                    [0m] uart_write:134                   M 1c008480 c.lw                a5, 0(a0)           a5=00000001  a0:1a1020a0  PA:1a1020a0 
111450814: 8028: [[34m/chip/soc/fc/insn                                    [0m] uart_write:134                   M 1c008482 p.bclri             a5, a5, 0x1e, 0x1   a5=00000001  a5:00000001 
111478578: 8030: [[34m/chip/soc/fc/insn                                    [0m] uart_write:31                    M 1c008486 c.bnez              a5, 0, -6           a5:00000001 
111520224: 8033: [[34m/chip/soc/fc/insn                                    [0m] uart_write:134                   M 1c008480 c.lw                a5, 0(a0)           a5=00000001  a0:1a1020a0  PA:1a1020a0 
111645162: 8042: [[34m/chip/soc/fc/insn                                    [0m] uart_write:134                   M 1c008482 p.bclri             a5, a5, 0x1e, 0x1   a5=00000001  a5:00000001 
111672926: 8044: [[34m/chip/soc/fc/insn                                    [0m] uart_write:31                    M 1c008486 c.bnez              a5, 0, -6           a5:00000001 
111714572: 8047: [[34m/chip/soc/fc/insn                                    [0m] uart_write:134                   M 1c008480 c.lw                a5, 0(a0)           a5=00000001  a0:1a1020a0  PA:1a1020a0 
111839510: 8056: [[34m/chip/soc/fc/insn                                    [0m] uart_write:134                   M 1c008482 p.bclri             a5, a5, 0x1e, 0x1   a5=00000001  a5:00000001 
111867274: 8058: [[34m/chip/soc/fc/insn                                    [0m] uart_write:31                    M 1c008486 c.bnez              a5, 0, -6           a5:00000001 
111908920: 8061: [[34m/chip/soc/fc/insn                                    [0m] uart_write:134                   M 1c008480 c.lw                a5, 0(a0)           a5=00000001  a0:1a1020a0  PA:1a1020a0 
112033858: 8070: [[34m/chip/soc/fc/insn                                    [0m] uart_write:134                   M 1c008482 p.bclri             a5, a5, 0x1e, 0x1   a5=00000001  a5:00000001 
112061622: 8072: [[34m/chip/soc/fc/insn                                    [0m] uart_write:31                    M 1c008486 c.bnez              a5, 0, -6           a5:00000001 
112103268: 8075: [[34m/chip/soc/fc/insn                                    [0m] uart_write:134                   M 1c008480 c.lw                a5, 0(a0)           a5=00000001  a0:1a1020a0  PA:1a1020a0 
112228206: 8084: [[34m/chip/soc/fc/insn                                    [0m] uart_write:134                   M 1c008482 p.bclri             a5, a5, 0x1e, 0x1   a5=00000001  a5:00000001 
112255970: 8086: [[34m/chip/soc/fc/insn                                    [0m] uart_write:31                    M 1c008486 c.bnez              a5, 0, -6           a5:00000001 
112297616: 8089: [[34m/chip/soc/fc/insn                                    [0m] uart_write:134                   M 1c008480 c.lw                a5, 0(a0)           a5=00000001  a0:1a1020a0  PA:1a1020a0 
112422554: 8098: [[34m/chip/soc/fc/insn                                    [0m] uart_write:134                   M 1c008482 p.bclri             a5, a5, 0x1e, 0x1   a5=00000001  a5:00000001 
112450318: 8100: [[34m/chip/soc/fc/insn                                    [0m] uart_write:31                    M 1c008486 c.bnez              a5, 0, -6           a5:00000001 
112491964: 8103: [[34m/chip/soc/fc/insn                                    [0m] uart_write:134                   M 1c008480 c.lw                a5, 0(a0)           a5=00000001  a0:1a1020a0  PA:1a1020a0 
112616902: 8112: [[34m/chip/soc/fc/insn                                    [0m] uart_write:134                   M 1c008482 p.bclri             a5, a5, 0x1e, 0x1   a5=00000001  a5:00000001 
112644666: 8114: [[34m/chip/soc/fc/insn                                    [0m] uart_write:31                    M 1c008486 c.bnez              a5, 0, -6           a5:00000001 
112686312: 8117: [[34m/chip/soc/fc/insn                                    [0m] uart_write:134                   M 1c008480 c.lw                a5, 0(a0)           a5=00000001  a0:1a1020a0  PA:1a1020a0 
112811250: 8126: [[34m/chip/soc/fc/insn                                    [0m] uart_write:134                   M 1c008482 p.bclri             a5, a5, 0x1e, 0x1   a5=00000001  a5:00000001 
112839014: 8128: [[34m/chip/soc/fc/insn                                    [0m] uart_write:31                    M 1c008486 c.bnez              a5, 0, -6           a5:00000001 
112880660: 8131: [[34m/chip/soc/fc/insn                                    [0m] uart_write:134                   M 1c008480 c.lw                a5, 0(a0)           a5=00000001  a0:1a1020a0  PA:1a1020a0 
113005598: 8140: [[34m/chip/soc/fc/insn                                    [0m] uart_write:134                   M 1c008482 p.bclri             a5, a5, 0x1e, 0x1   a5=00000001  a5:00000001 
113033362: 8142: [[34m/chip/soc/fc/insn                                    [0m] uart_write:31                    M 1c008486 c.bnez              a5, 0, -6           a5:00000001 
113075008: 8145: [[34m/chip/soc/fc/insn                                    [0m] uart_write:134                   M 1c008480 c.lw                a5, 0(a0)           a5=00000001  a0:1a1020a0  PA:1a1020a0 
113199946: 8154: [[34m/chip/soc/fc/insn                                    [0m] uart_write:134                   M 1c008482 p.bclri             a5, a5, 0x1e, 0x1   a5=00000001  a5:00000001 
113227710: 8156: [[34m/chip/soc/fc/insn                                    [0m] uart_write:31                    M 1c008486 c.bnez              a5, 0, -6           a5:00000001 
113269356: 8159: [[34m/chip/soc/fc/insn                                    [0m] uart_write:134                   M 1c008480 c.lw                a5, 0(a0)           a5=00000001  a0:1a1020a0  PA:1a1020a0 
113394294: 8168: [[34m/chip/soc/fc/insn                                    [0m] uart_write:134                   M 1c008482 p.bclri             a5, a5, 0x1e, 0x1   a5=00000001  a5:00000001 
113422058: 8170: [[34m/chip/soc/fc/insn                                    [0m] uart_write:31                    M 1c008486 c.bnez              a5, 0, -6           a5:00000001 
113463704: 8173: [[34m/chip/soc/fc/insn                                    [0m] uart_write:134                   M 1c008480 c.lw                a5, 0(a0)           a5=00000001  a0:1a1020a0  PA:1a1020a0 
113588642: 8182: [[34m/chip/soc/fc/insn                                    [0m] uart_write:134                   M 1c008482 p.bclri             a5, a5, 0x1e, 0x1   a5=00000001  a5:00000001 
113616406: 8184: [[34m/chip/soc/fc/insn                                    [0m] uart_write:31                    M 1c008486 c.bnez              a5, 0, -6           a5:00000001 
113658052: 8187: [[34m/chip/soc/fc/insn                                    [0m] uart_write:134                   M 1c008480 c.lw                a5, 0(a0)           a5=00000001  a0:1a1020a0  PA:1a1020a0 
113782990: 8196: [[34m/chip/soc/fc/insn                                    [0m] uart_write:134                   M 1c008482 p.bclri             a5, a5, 0x1e, 0x1   a5=00000001  a5:00000001 
113810754: 8198: [[34m/chip/soc/fc/insn                                    [0m] uart_write:31                    M 1c008486 c.bnez              a5, 0, -6           a5:00000001 
113852400: 8201: [[34m/chip/soc/fc/insn                                    [0m] uart_write:134                   M 1c008480 c.lw                a5, 0(a0)           a5=00000001  a0:1a1020a0  PA:1a1020a0 
113977338: 8210: [[34m/chip/soc/fc/insn                                    [0m] uart_write:134                   M 1c008482 p.bclri             a5, a5, 0x1e, 0x1   a5=00000001  a5:00000001 
114005102: 8212: [[34m/chip/soc/fc/insn                                    [0m] uart_write:31                    M 1c008486 c.bnez              a5, 0, -6           a5:00000001 
114046748: 8215: [[34m/chip/soc/fc/insn                                    [0m] uart_write:134                   M 1c008480 c.lw                a5, 0(a0)           a5=00000001  a0:1a1020a0  PA:1a1020a0 
114171686: 8224: [[34m/chip/soc/fc/insn                                    [0m] uart_write:134                   M 1c008482 p.bclri             a5, a5, 0x1e, 0x1   a5=00000001  a5:00000001 
114199450: 8226: [[34m/chip/soc/fc/insn                                    [0m] uart_write:31                    M 1c008486 c.bnez              a5, 0, -6           a5:00000001 
114241096: 8229: [[34m/chip/soc/fc/insn                                    [0m] uart_write:134                   M 1c008480 c.lw                a5, 0(a0)           a5=00000001  a0:1a1020a0  PA:1a1020a0 
114366034: 8238: [[34m/chip/soc/fc/insn                                    [0m] uart_write:134                   M 1c008482 p.bclri             a5, a5, 0x1e, 0x1   a5=00000001  a5:00000001 
114393798: 8240: [[34m/chip/soc/fc/insn                                    [0m] uart_write:31                    M 1c008486 c.bnez              a5, 0, -6           a5:00000001 
114435444: 8243: [[34m/chip/soc/fc/insn                                    [0m] uart_write:134                   M 1c008480 c.lw                a5, 0(a0)           a5=00000001  a0:1a1020a0  PA:1a1020a0 
114560382: 8252: [[34m/chip/soc/fc/insn                                    [0m] uart_write:134                   M 1c008482 p.bclri             a5, a5, 0x1e, 0x1   a5=00000001  a5:00000001 
114588146: 8254: [[34m/chip/soc/fc/insn                                    [0m] uart_write:31                    M 1c008486 c.bnez              a5, 0, -6           a5:00000001 
114629792: 8257: [[34m/chip/soc/fc/insn                                    [0m] uart_write:134                   M 1c008480 c.lw                a5, 0(a0)           a5=00000001  a0:1a1020a0  PA:1a1020a0 
114754730: 8266: [[34m/chip/soc/fc/insn                                    [0m] uart_write:134                   M 1c008482 p.bclri             a5, a5, 0x1e, 0x1   a5=00000001  a5:00000001 
114782494: 8268: [[34m/chip/soc/fc/insn                                    [0m] uart_write:31                    M 1c008486 c.bnez              a5, 0, -6           a5:00000001 
114824140: 8271: [[34m/chip/soc/fc/insn                                    [0m] uart_write:134                   M 1c008480 c.lw                a5, 0(a0)           a5=00000001  a0:1a1020a0  PA:1a1020a0 
114949078: 8280: [[34m/chip/soc/fc/insn                                    [0m] uart_write:134                   M 1c008482 p.bclri             a5, a5, 0x1e, 0x1   a5=00000001  a5:00000001 
114976842: 8282: [[34m/chip/soc/fc/insn                                    [0m] uart_write:31                    M 1c008486 c.bnez              a5, 0, -6           a5:00000001 
115018488: 8285: [[34m/chip/soc/fc/insn                                    [0m] uart_write:134                   M 1c008480 c.lw                a5, 0(a0)           a5=00000001  a0:1a1020a0  PA:1a1020a0 
115143426: 8294: [[34m/chip/soc/fc/insn                                    [0m] uart_write:134                   M 1c008482 p.bclri             a5, a5, 0x1e, 0x1   a5=00000001  a5:00000001 
115171190: 8296: [[34m/chip/soc/fc/insn                                    [0m] uart_write:31                    M 1c008486 c.bnez              a5, 0, -6           a5:00000001 
115212836: 8299: [[34m/chip/soc/fc/insn                                    [0m] uart_write:134                   M 1c008480 c.lw                a5, 0(a0)           a5=00000001  a0:1a1020a0  PA:1a1020a0 
115337774: 8308: [[34m/chip/soc/fc/insn                                    [0m] uart_write:134                   M 1c008482 p.bclri             a5, a5, 0x1e, 0x1   a5=00000001  a5:00000001 
115365538: 8310: [[34m/chip/soc/fc/insn                                    [0m] uart_write:31                    M 1c008486 c.bnez              a5, 0, -6           a5:00000001 
115407184: 8313: [[34m/chip/soc/fc/insn                                    [0m] uart_write:134                   M 1c008480 c.lw                a5, 0(a0)           a5=00000001  a0:1a1020a0  PA:1a1020a0 
115532122: 8322: [[34m/chip/soc/fc/insn                                    [0m] uart_write:134                   M 1c008482 p.bclri             a5, a5, 0x1e, 0x1   a5=00000001  a5:00000001 
115559886: 8324: [[34m/chip/soc/fc/insn                                    [0m] uart_write:31                    M 1c008486 c.bnez              a5, 0, -6           a5:00000001 
115601532: 8327: [[34m/chip/soc/fc/insn                                    [0m] uart_write:134                   M 1c008480 c.lw                a5, 0(a0)           a5=00000001  a0:1a1020a0  PA:1a1020a0 
115726470: 8336: [[34m/chip/soc/fc/insn                                    [0m] uart_write:134                   M 1c008482 p.bclri             a5, a5, 0x1e, 0x1   a5=00000001  a5:00000001 
115754234: 8338: [[34m/chip/soc/fc/insn                                    [0m] uart_write:31                    M 1c008486 c.bnez              a5, 0, -6           a5:00000001 
115795880: 8341: [[34m/chip/soc/fc/insn                                    [0m] uart_write:134                   M 1c008480 c.lw                a5, 0(a0)           a5=00000001  a0:1a1020a0  PA:1a1020a0 
115920818: 8350: [[34m/chip/soc/fc/insn                                    [0m] uart_write:134                   M 1c008482 p.bclri             a5, a5, 0x1e, 0x1   a5=00000001  a5:00000001 
115948582: 8352: [[34m/chip/soc/fc/insn                                    [0m] uart_write:31                    M 1c008486 c.bnez              a5, 0, -6           a5:00000001 
115990228: 8355: [[34m/chip/soc/fc/insn                                    [0m] uart_write:134                   M 1c008480 c.lw                a5, 0(a0)           a5=00000001  a0:1a1020a0  PA:1a1020a0 
116115166: 8364: [[34m/chip/soc/fc/insn                                    [0m] uart_write:134                   M 1c008482 p.bclri             a5, a5, 0x1e, 0x1   a5=00000001  a5:00000001 
116142930: 8366: [[34m/chip/soc/fc/insn                                    [0m] uart_write:31                    M 1c008486 c.bnez              a5, 0, -6           a5:00000001 
116184576: 8369: [[34m/chip/soc/fc/insn                                    [0m] uart_write:134                   M 1c008480 c.lw                a5, 0(a0)           a5=00000001  a0:1a1020a0  PA:1a1020a0 
116309514: 8378: [[34m/chip/soc/fc/insn                                    [0m] uart_write:134                   M 1c008482 p.bclri             a5, a5, 0x1e, 0x1   a5=00000001  a5:00000001 
116337278: 8380: [[34m/chip/soc/fc/insn                                    [0m] uart_write:31                    M 1c008486 c.bnez              a5, 0, -6           a5:00000001 
116378924: 8383: [[34m/chip/soc/fc/insn                                    [0m] uart_write:134                   M 1c008480 c.lw                a5, 0(a0)           a5=00000001  a0:1a1020a0  PA:1a1020a0 
116503862: 8392: [[34m/chip/soc/fc/insn                                    [0m] uart_write:134                   M 1c008482 p.bclri             a5, a5, 0x1e, 0x1   a5=00000001  a5:00000001 
116531626: 8394: [[34m/chip/soc/fc/insn                                    [0m] uart_write:31                    M 1c008486 c.bnez              a5, 0, -6           a5:00000001 
116573272: 8397: [[34m/chip/soc/fc/insn                                    [0m] uart_write:134                   M 1c008480 c.lw                a5, 0(a0)           a5=00000001  a0:1a1020a0  PA:1a1020a0 
116698210: 8406: [[34m/chip/soc/fc/insn                                    [0m] uart_write:134                   M 1c008482 p.bclri             a5, a5, 0x1e, 0x1   a5=00000001  a5:00000001 
116725974: 8408: [[34m/chip/soc/fc/insn                                    [0m] uart_write:31                    M 1c008486 c.bnez              a5, 0, -6           a5:00000001 
116767620: 8411: [[34m/chip/soc/fc/insn                                    [0m] uart_write:134                   M 1c008480 c.lw                a5, 0(a0)           a5=00000001  a0:1a1020a0  PA:1a1020a0 
116892558: 8420: [[34m/chip/soc/fc/insn                                    [0m] uart_write:134                   M 1c008482 p.bclri             a5, a5, 0x1e, 0x1   a5=00000001  a5:00000001 
116920322: 8422: [[34m/chip/soc/fc/insn                                    [0m] uart_write:31                    M 1c008486 c.bnez              a5, 0, -6           a5:00000001 
116961968: 8425: [[34m/chip/soc/fc/insn                                    [0m] uart_write:134                   M 1c008480 c.lw                a5, 0(a0)           a5=00000001  a0:1a1020a0  PA:1a1020a0 
117086906: 8434: [[34m/chip/soc/fc/insn                                    [0m] uart_write:134                   M 1c008482 p.bclri             a5, a5, 0x1e, 0x1   a5=00000001  a5:00000001 
117114670: 8436: [[34m/chip/soc/fc/insn                                    [0m] uart_write:31                    M 1c008486 c.bnez              a5, 0, -6           a5:00000001 
117156316: 8439: [[34m/chip/soc/fc/insn                                    [0m] uart_write:134                   M 1c008480 c.lw                a5, 0(a0)           a5=00000001  a0:1a1020a0  PA:1a1020a0 
117281254: 8448: [[34m/chip/soc/fc/insn                                    [0m] uart_write:134                   M 1c008482 p.bclri             a5, a5, 0x1e, 0x1   a5=00000001  a5:00000001 
117309018: 8450: [[34m/chip/soc/fc/insn                                    [0m] uart_write:31                    M 1c008486 c.bnez              a5, 0, -6           a5:00000001 
117350664: 8453: [[34m/chip/soc/fc/insn                                    [0m] uart_write:134                   M 1c008480 c.lw                a5, 0(a0)           a5=00000001  a0:1a1020a0  PA:1a1020a0 
117475602: 8462: [[34m/chip/soc/fc/insn                                    [0m] uart_write:134                   M 1c008482 p.bclri             a5, a5, 0x1e, 0x1   a5=00000001  a5:00000001 
117503366: 8464: [[34m/chip/soc/fc/insn                                    [0m] uart_write:31                    M 1c008486 c.bnez              a5, 0, -6           a5:00000001 
117545012: 8467: [[34m/chip/soc/fc/insn                                    [0m] uart_write:134                   M 1c008480 c.lw                a5, 0(a0)           a5=00000001  a0:1a1020a0  PA:1a1020a0 
117669950: 8476: [[34m/chip/soc/fc/insn                                    [0m] uart_write:134                   M 1c008482 p.bclri             a5, a5, 0x1e, 0x1   a5=00000001  a5:00000001 
117697714: 8478: [[34m/chip/soc/fc/insn                                    [0m] uart_write:31                    M 1c008486 c.bnez              a5, 0, -6           a5:00000001 
117739360: 8481: [[34m/chip/soc/fc/insn                                    [0m] uart_write:134                   M 1c008480 c.lw                a5, 0(a0)           a5=00000001  a0:1a1020a0  PA:1a1020a0 
117864298: 8490: [[34m/chip/soc/fc/insn                                    [0m] uart_write:134                   M 1c008482 p.bclri             a5, a5, 0x1e, 0x1   a5=00000001  a5:00000001 
117892062: 8492: [[34m/chip/soc/fc/insn                                    [0m] uart_write:31                    M 1c008486 c.bnez              a5, 0, -6           a5:00000001 
117933708: 8495: [[34m/chip/soc/fc/insn                                    [0m] uart_write:134                   M 1c008480 c.lw                a5, 0(a0)           a5=00000001  a0:1a1020a0  PA:1a1020a0 
118058646: 8504: [[34m/chip/soc/fc/insn                                    [0m] uart_write:134                   M 1c008482 p.bclri             a5, a5, 0x1e, 0x1   a5=00000001  a5:00000001 
118086410: 8506: [[34m/chip/soc/fc/insn                                    [0m] uart_write:31                    M 1c008486 c.bnez              a5, 0, -6           a5:00000001 
118128056: 8509: [[34m/chip/soc/fc/insn                                    [0m] uart_write:134                   M 1c008480 c.lw                a5, 0(a0)           a5=00000001  a0:1a1020a0  PA:1a1020a0 
118252994: 8518: [[34m/chip/soc/fc/insn                                    [0m] uart_write:134                   M 1c008482 p.bclri             a5, a5, 0x1e, 0x1   a5=00000001  a5:00000001 
118280758: 8520: [[34m/chip/soc/fc/insn                                    [0m] uart_write:31                    M 1c008486 c.bnez              a5, 0, -6           a5:00000001 
118322404: 8523: [[34m/chip/soc/fc/insn                                    [0m] uart_write:134                   M 1c008480 c.lw                a5, 0(a0)           a5=00000001  a0:1a1020a0  PA:1a1020a0 
118447342: 8532: [[34m/chip/soc/fc/insn                                    [0m] uart_write:134                   M 1c008482 p.bclri             a5, a5, 0x1e, 0x1   a5=00000001  a5:00000001 
118475106: 8534: [[34m/chip/soc/fc/insn                                    [0m] uart_write:31                    M 1c008486 c.bnez              a5, 0, -6           a5:00000001 
118516752: 8537: [[34m/chip/soc/fc/insn                                    [0m] uart_write:134                   M 1c008480 c.lw                a5, 0(a0)           a5=00000001  a0:1a1020a0  PA:1a1020a0 
118641690: 8546: [[34m/chip/soc/fc/insn                                    [0m] uart_write:134                   M 1c008482 p.bclri             a5, a5, 0x1e, 0x1   a5=00000001  a5:00000001 
118669454: 8548: [[34m/chip/soc/fc/insn                                    [0m] uart_write:31                    M 1c008486 c.bnez              a5, 0, -6           a5:00000001 
118711100: 8551: [[34m/chip/soc/fc/insn                                    [0m] uart_write:134                   M 1c008480 c.lw                a5, 0(a0)           a5=00000001  a0:1a1020a0  PA:1a1020a0 
118836038: 8560: [[34m/chip/soc/fc/insn                                    [0m] uart_write:134                   M 1c008482 p.bclri             a5, a5, 0x1e, 0x1   a5=00000001  a5:00000001 
118863802: 8562: [[34m/chip/soc/fc/insn                                    [0m] uart_write:31                    M 1c008486 c.bnez              a5, 0, -6           a5:00000001 
118905448: 8565: [[34m/chip/soc/fc/insn                                    [0m] uart_write:134                   M 1c008480 c.lw                a5, 0(a0)           a5=00000001  a0:1a1020a0  PA:1a1020a0 
119030386: 8574: [[34m/chip/soc/fc/insn                                    [0m] uart_write:134                   M 1c008482 p.bclri             a5, a5, 0x1e, 0x1   a5=00000001  a5:00000001 
119058150: 8576: [[34m/chip/soc/fc/insn                                    [0m] uart_write:31                    M 1c008486 c.bnez              a5, 0, -6           a5:00000001 
119099796: 8579: [[34m/chip/soc/fc/insn                                    [0m] uart_write:134                   M 1c008480 c.lw                a5, 0(a0)           a5=00000001  a0:1a1020a0  PA:1a1020a0 
119224734: 8588: [[34m/chip/soc/fc/insn                                    [0m] uart_write:134                   M 1c008482 p.bclri             a5, a5, 0x1e, 0x1   a5=00000001  a5:00000001 
119252498: 8590: [[34m/chip/soc/fc/insn                                    [0m] uart_write:31                    M 1c008486 c.bnez              a5, 0, -6           a5:00000001 
119294144: 8593: [[34m/chip/soc/fc/insn                                    [0m] uart_write:134                   M 1c008480 c.lw                a5, 0(a0)           a5=00000001  a0:1a1020a0  PA:1a1020a0 
119419082: 8602: [[34m/chip/soc/fc/insn                                    [0m] uart_write:134                   M 1c008482 p.bclri             a5, a5, 0x1e, 0x1   a5=00000001  a5:00000001 
119446846: 8604: [[34m/chip/soc/fc/insn                                    [0m] uart_write:31                    M 1c008486 c.bnez              a5, 0, -6           a5:00000001 
119488492: 8607: [[34m/chip/soc/fc/insn                                    [0m] uart_write:134                   M 1c008480 c.lw                a5, 0(a0)           a5=00000001  a0:1a1020a0  PA:1a1020a0 
119613430: 8616: [[34m/chip/soc/fc/insn                                    [0m] uart_write:134                   M 1c008482 p.bclri             a5, a5, 0x1e, 0x1   a5=00000001  a5:00000001 
119641194: 8618: [[34m/chip/soc/fc/insn                                    [0m] uart_write:31                    M 1c008486 c.bnez              a5, 0, -6           a5:00000001 
119682840: 8621: [[34m/chip/soc/fc/insn                                    [0m] uart_write:134                   M 1c008480 c.lw                a5, 0(a0)           a5=00000001  a0:1a1020a0  PA:1a1020a0 
119807778: 8630: [[34m/chip/soc/fc/insn                                    [0m] uart_write:134                   M 1c008482 p.bclri             a5, a5, 0x1e, 0x1   a5=00000001  a5:00000001 
119835542: 8632: [[34m/chip/soc/fc/insn                                    [0m] uart_write:31                    M 1c008486 c.bnez              a5, 0, -6           a5:00000001 
119877188: 8635: [[34m/chip/soc/fc/insn                                    [0m] uart_write:134                   M 1c008480 c.lw                a5, 0(a0)           a5=00000001  a0:1a1020a0  PA:1a1020a0 
120002126: 8644: [[34m/chip/soc/fc/insn                                    [0m] uart_write:134                   M 1c008482 p.bclri             a5, a5, 0x1e, 0x1   a5=00000001  a5:00000001 
120029890: 8646: [[34m/chip/soc/fc/insn                                    [0m] uart_write:31                    M 1c008486 c.bnez              a5, 0, -6           a5:00000001 
120071536: 8649: [[34m/chip/soc/fc/insn                                    [0m] uart_write:134                   M 1c008480 c.lw                a5, 0(a0)           a5=00000001  a0:1a1020a0  PA:1a1020a0 
120196474: 8658: [[34m/chip/soc/fc/insn                                    [0m] uart_write:134                   M 1c008482 p.bclri             a5, a5, 0x1e, 0x1   a5=00000001  a5:00000001 
120224238: 8660: [[34m/chip/soc/fc/insn                                    [0m] uart_write:31                    M 1c008486 c.bnez              a5, 0, -6           a5:00000001 
120265884: 8663: [[34m/chip/soc/fc/insn                                    [0m] uart_write:134                   M 1c008480 c.lw                a5, 0(a0)           a5=00000001  a0:1a1020a0  PA:1a1020a0 
120390822: 8672: [[34m/chip/soc/fc/insn                                    [0m] uart_write:134                   M 1c008482 p.bclri             a5, a5, 0x1e, 0x1   a5=00000001  a5:00000001 
120418586: 8674: [[34m/chip/soc/fc/insn                                    [0m] uart_write:31                    M 1c008486 c.bnez              a5, 0, -6           a5:00000001 
120460232: 8677: [[34m/chip/soc/fc/insn                                    [0m] uart_write:134                   M 1c008480 c.lw                a5, 0(a0)           a5=00000001  a0:1a1020a0  PA:1a1020a0 
120585170: 8686: [[34m/chip/soc/fc/insn                                    [0m] uart_write:134                   M 1c008482 p.bclri             a5, a5, 0x1e, 0x1   a5=00000001  a5:00000001 
120612934: 8688: [[34m/chip/soc/fc/insn                                    [0m] uart_write:31                    M 1c008486 c.bnez              a5, 0, -6           a5:00000001 
120654580: 8691: [[34m/chip/soc/fc/insn                                    [0m] uart_write:134                   M 1c008480 c.lw                a5, 0(a0)           a5=00000001  a0:1a1020a0  PA:1a1020a0 
120779518: 8700: [[34m/chip/soc/fc/insn                                    [0m] uart_write:134                   M 1c008482 p.bclri             a5, a5, 0x1e, 0x1   a5=00000001  a5:00000001 
120807282: 8702: [[34m/chip/soc/fc/insn                                    [0m] uart_write:31                    M 1c008486 c.bnez              a5, 0, -6           a5:00000001 
120848928: 8705: [[34m/chip/soc/fc/insn                                    [0m] uart_write:134                   M 1c008480 c.lw                a5, 0(a0)           a5=00000001  a0:1a1020a0  PA:1a1020a0 
120973866: 8714: [[34m/chip/soc/fc/insn                                    [0m] uart_write:134                   M 1c008482 p.bclri             a5, a5, 0x1e, 0x1   a5=00000001  a5:00000001 
121001630: 8716: [[34m/chip/soc/fc/insn                                    [0m] uart_write:31                    M 1c008486 c.bnez              a5, 0, -6           a5:00000001 
121043276: 8719: [[34m/chip/soc/fc/insn                                    [0m] uart_write:134                   M 1c008480 c.lw                a5, 0(a0)           a5=00000001  a0:1a1020a0  PA:1a1020a0 
121168214: 8728: [[34m/chip/soc/fc/insn                                    [0m] uart_write:134                   M 1c008482 p.bclri             a5, a5, 0x1e, 0x1   a5=00000001  a5:00000001 
121195978: 8730: [[34m/chip/soc/fc/insn                                    [0m] uart_write:31                    M 1c008486 c.bnez              a5, 0, -6           a5:00000001 
121237624: 8733: [[34m/chip/soc/fc/insn                                    [0m] uart_write:134                   M 1c008480 c.lw                a5, 0(a0)           a5=00000001  a0:1a1020a0  PA:1a1020a0 
121362562: 8742: [[34m/chip/soc/fc/insn                                    [0m] uart_write:134                   M 1c008482 p.bclri             a5, a5, 0x1e, 0x1   a5=00000001  a5:00000001 
121390326: 8744: [[34m/chip/soc/fc/insn                                    [0m] uart_write:31                    M 1c008486 c.bnez              a5, 0, -6           a5:00000001 
121431972: 8747: [[34m/chip/soc/fc/insn                                    [0m] uart_write:134                   M 1c008480 c.lw                a5, 0(a0)           a5=00000001  a0:1a1020a0  PA:1a1020a0 
121556910: 8756: [[34m/chip/soc/fc/insn                                    [0m] uart_write:134                   M 1c008482 p.bclri             a5, a5, 0x1e, 0x1   a5=00000001  a5:00000001 
121584674: 8758: [[34m/chip/soc/fc/insn                                    [0m] uart_write:31                    M 1c008486 c.bnez              a5, 0, -6           a5:00000001 
121626320: 8761: [[34m/chip/soc/fc/insn                                    [0m] uart_write:134                   M 1c008480 c.lw                a5, 0(a0)           a5=00000001  a0:1a1020a0  PA:1a1020a0 
121751258: 8770: [[34m/chip/soc/fc/insn                                    [0m] uart_write:134                   M 1c008482 p.bclri             a5, a5, 0x1e, 0x1   a5=00000001  a5:00000001 
121779022: 8772: [[34m/chip/soc/fc/insn                                    [0m] uart_write:31                    M 1c008486 c.bnez              a5, 0, -6           a5:00000001 
121820668: 8775: [[34m/chip/soc/fc/insn                                    [0m] uart_write:134                   M 1c008480 c.lw                a5, 0(a0)           a5=00000001  a0:1a1020a0  PA:1a1020a0 
121945606: 8784: [[34m/chip/soc/fc/insn                                    [0m] uart_write:134                   M 1c008482 p.bclri             a5, a5, 0x1e, 0x1   a5=00000001  a5:00000001 
121973370: 8786: [[34m/chip/soc/fc/insn                                    [0m] uart_write:31                    M 1c008486 c.bnez              a5, 0, -6           a5:00000001 
122015016: 8789: [[34m/chip/soc/fc/insn                                    [0m] uart_write:134                   M 1c008480 c.lw                a5, 0(a0)           a5=00000001  a0:1a1020a0  PA:1a1020a0 
122139954: 8798: [[34m/chip/soc/fc/insn                                    [0m] uart_write:134                   M 1c008482 p.bclri             a5, a5, 0x1e, 0x1   a5=00000001  a5:00000001 
122167718: 8800: [[34m/chip/soc/fc/insn                                    [0m] uart_write:31                    M 1c008486 c.bnez              a5, 0, -6           a5:00000001 
122209364: 8803: [[34m/chip/soc/fc/insn                                    [0m] uart_write:134                   M 1c008480 c.lw                a5, 0(a0)           a5=00000001  a0:1a1020a0  PA:1a1020a0 
122334302: 8812: [[34m/chip/soc/fc/insn                                    [0m] uart_write:134                   M 1c008482 p.bclri             a5, a5, 0x1e, 0x1   a5=00000001  a5:00000001 
122362066: 8814: [[34m/chip/soc/fc/insn                                    [0m] uart_write:31                    M 1c008486 c.bnez              a5, 0, -6           a5:00000001 
122403712: 8817: [[34m/chip/soc/fc/insn                                    [0m] uart_write:134                   M 1c008480 c.lw                a5, 0(a0)           a5=00000001  a0:1a1020a0  PA:1a1020a0 
122528650: 8826: [[34m/chip/soc/fc/insn                                    [0m] uart_write:134                   M 1c008482 p.bclri             a5, a5, 0x1e, 0x1   a5=00000001  a5:00000001 
122556414: 8828: [[34m/chip/soc/fc/insn                                    [0m] uart_write:31                    M 1c008486 c.bnez              a5, 0, -6           a5:00000001 
122598060: 8831: [[34m/chip/soc/fc/insn                                    [0m] uart_write:134                   M 1c008480 c.lw                a5, 0(a0)           a5=00000001  a0:1a1020a0  PA:1a1020a0 
122722998: 8840: [[34m/chip/soc/fc/insn                                    [0m] uart_write:134                   M 1c008482 p.bclri             a5, a5, 0x1e, 0x1   a5=00000001  a5:00000001 
122750762: 8842: [[34m/chip/soc/fc/insn                                    [0m] uart_write:31                    M 1c008486 c.bnez              a5, 0, -6           a5:00000001 
122792408: 8845: [[34m/chip/soc/fc/insn                                    [0m] uart_write:134                   M 1c008480 c.lw                a5, 0(a0)           a5=00000001  a0:1a1020a0  PA:1a1020a0 
122917346: 8854: [[34m/chip/soc/fc/insn                                    [0m] uart_write:134                   M 1c008482 p.bclri             a5, a5, 0x1e, 0x1   a5=00000001  a5:00000001 
122945110: 8856: [[34m/chip/soc/fc/insn                                    [0m] uart_write:31                    M 1c008486 c.bnez              a5, 0, -6           a5:00000001 
122986756: 8859: [[34m/chip/soc/fc/insn                                    [0m] uart_write:134                   M 1c008480 c.lw                a5, 0(a0)           a5=00000001  a0:1a1020a0  PA:1a1020a0 
123111694: 8868: [[34m/chip/soc/fc/insn                                    [0m] uart_write:134                   M 1c008482 p.bclri             a5, a5, 0x1e, 0x1   a5=00000001  a5:00000001 
123139458: 8870: [[34m/chip/soc/fc/insn                                    [0m] uart_write:31                    M 1c008486 c.bnez              a5, 0, -6           a5:00000001 
123181104: 8873: [[34m/chip/soc/fc/insn                                    [0m] uart_write:134                   M 1c008480 c.lw                a5, 0(a0)           a5=00000001  a0:1a1020a0  PA:1a1020a0 
123306042: 8882: [[34m/chip/soc/fc/insn                                    [0m] uart_write:134                   M 1c008482 p.bclri             a5, a5, 0x1e, 0x1   a5=00000001  a5:00000001 
123333806: 8884: [[34m/chip/soc/fc/insn                                    [0m] uart_write:31                    M 1c008486 c.bnez              a5, 0, -6           a5:00000001 
123375452: 8887: [[34m/chip/soc/fc/insn                                    [0m] uart_write:134                   M 1c008480 c.lw                a5, 0(a0)           a5=00000001  a0:1a1020a0  PA:1a1020a0 
123500390: 8896: [[34m/chip/soc/fc/insn                                    [0m] uart_write:134                   M 1c008482 p.bclri             a5, a5, 0x1e, 0x1   a5=00000001  a5:00000001 
123528154: 8898: [[34m/chip/soc/fc/insn                                    [0m] uart_write:31                    M 1c008486 c.bnez              a5, 0, -6           a5:00000001 
123569800: 8901: [[34m/chip/soc/fc/insn                                    [0m] uart_write:134                   M 1c008480 c.lw                a5, 0(a0)           a5=00000001  a0:1a1020a0  PA:1a1020a0 
123694738: 8910: [[34m/chip/soc/fc/insn                                    [0m] uart_write:134                   M 1c008482 p.bclri             a5, a5, 0x1e, 0x1   a5=00000001  a5:00000001 
123722502: 8912: [[34m/chip/soc/fc/insn                                    [0m] uart_write:31                    M 1c008486 c.bnez              a5, 0, -6           a5:00000001 
123764148: 8915: [[34m/chip/soc/fc/insn                                    [0m] uart_write:134                   M 1c008480 c.lw                a5, 0(a0)           a5=00000001  a0:1a1020a0  PA:1a1020a0 
123889086: 8924: [[34m/chip/soc/fc/insn                                    [0m] uart_write:134                   M 1c008482 p.bclri             a5, a5, 0x1e, 0x1   a5=00000001  a5:00000001 
123916850: 8926: [[34m/chip/soc/fc/insn                                    [0m] uart_write:31                    M 1c008486 c.bnez              a5, 0, -6           a5:00000001 
123958496: 8929: [[34m/chip/soc/fc/insn                                    [0m] uart_write:134                   M 1c008480 c.lw                a5, 0(a0)           a5=00000001  a0:1a1020a0  PA:1a1020a0 
124083434: 8938: [[34m/chip/soc/fc/insn                                    [0m] uart_write:134                   M 1c008482 p.bclri             a5, a5, 0x1e, 0x1   a5=00000001  a5:00000001 
124111198: 8940: [[34m/chip/soc/fc/insn                                    [0m] uart_write:31                    M 1c008486 c.bnez              a5, 0, -6           a5:00000001 
124152844: 8943: [[34m/chip/soc/fc/insn                                    [0m] uart_write:134                   M 1c008480 c.lw                a5, 0(a0)           a5=00000001  a0:1a1020a0  PA:1a1020a0 
124277782: 8952: [[34m/chip/soc/fc/insn                                    [0m] uart_write:134                   M 1c008482 p.bclri             a5, a5, 0x1e, 0x1   a5=00000001  a5:00000001 
124305546: 8954: [[34m/chip/soc/fc/insn                                    [0m] uart_write:31                    M 1c008486 c.bnez              a5, 0, -6           a5:00000001 
124347192: 8957: [[34m/chip/soc/fc/insn                                    [0m] uart_write:134                   M 1c008480 c.lw                a5, 0(a0)           a5=00000001  a0:1a1020a0  PA:1a1020a0 
124472130: 8966: [[34m/chip/soc/fc/insn                                    [0m] uart_write:134                   M 1c008482 p.bclri             a5, a5, 0x1e, 0x1   a5=00000001  a5:00000001 
124499894: 8968: [[34m/chip/soc/fc/insn                                    [0m] uart_write:31                    M 1c008486 c.bnez              a5, 0, -6           a5:00000001 
124541540: 8971: [[34m/chip/soc/fc/insn                                    [0m] uart_write:134                   M 1c008480 c.lw                a5, 0(a0)           a5=00000001  a0:1a1020a0  PA:1a1020a0 
124666478: 8980: [[34m/chip/soc/fc/insn                                    [0m] uart_write:134                   M 1c008482 p.bclri             a5, a5, 0x1e, 0x1   a5=00000001  a5:00000001 
124694242: 8982: [[34m/chip/soc/fc/insn                                    [0m] uart_write:31                    M 1c008486 c.bnez              a5, 0, -6           a5:00000001 
124735888: 8985: [[34m/chip/soc/fc/insn                                    [0m] uart_write:134                   M 1c008480 c.lw                a5, 0(a0)           a5=00000001  a0:1a1020a0  PA:1a1020a0 
124860826: 8994: [[34m/chip/soc/fc/insn                                    [0m] uart_write:134                   M 1c008482 p.bclri             a5, a5, 0x1e, 0x1   a5=00000001  a5:00000001 
124888590: 8996: [[34m/chip/soc/fc/insn                                    [0m] uart_write:31                    M 1c008486 c.bnez              a5, 0, -6           a5:00000001 
124930236: 8999: [[34m/chip/soc/fc/insn                                    [0m] uart_write:134                   M 1c008480 c.lw                a5, 0(a0)           a5=00000001  a0:1a1020a0  PA:1a1020a0 
125055174: 9008: [[34m/chip/soc/fc/insn                                    [0m] uart_write:134                   M 1c008482 p.bclri             a5, a5, 0x1e, 0x1   a5=00000001  a5:00000001 
125082938: 9010: [[34m/chip/soc/fc/insn                                    [0m] uart_write:31                    M 1c008486 c.bnez              a5, 0, -6           a5:00000001 
125124584: 9013: [[34m/chip/soc/fc/insn                                    [0m] uart_write:134                   M 1c008480 c.lw                a5, 0(a0)           a5=00000001  a0:1a1020a0  PA:1a1020a0 
125249522: 9022: [[34m/chip/soc/fc/insn                                    [0m] uart_write:134                   M 1c008482 p.bclri             a5, a5, 0x1e, 0x1   a5=00000001  a5:00000001 
125277286: 9024: [[34m/chip/soc/fc/insn                                    [0m] uart_write:31                    M 1c008486 c.bnez              a5, 0, -6           a5:00000001 
125318932: 9027: [[34m/chip/soc/fc/insn                                    [0m] uart_write:134                   M 1c008480 c.lw                a5, 0(a0)           a5=00000001  a0:1a1020a0  PA:1a1020a0 
125443870: 9036: [[34m/chip/soc/fc/insn                                    [0m] uart_write:134                   M 1c008482 p.bclri             a5, a5, 0x1e, 0x1   a5=00000001  a5:00000001 
125471634: 9038: [[34m/chip/soc/fc/insn                                    [0m] uart_write:31                    M 1c008486 c.bnez              a5, 0, -6           a5:00000001 
125513280: 9041: [[34m/chip/soc/fc/insn                                    [0m] uart_write:134                   M 1c008480 c.lw                a5, 0(a0)           a5=00000001  a0:1a1020a0  PA:1a1020a0 
125638218: 9050: [[34m/chip/soc/fc/insn                                    [0m] uart_write:134                   M 1c008482 p.bclri             a5, a5, 0x1e, 0x1   a5=00000001  a5:00000001 
125665982: 9052: [[34m/chip/soc/fc/insn                                    [0m] uart_write:31                    M 1c008486 c.bnez              a5, 0, -6           a5:00000001 
125707628: 9055: [[34m/chip/soc/fc/insn                                    [0m] uart_write:134                   M 1c008480 c.lw                a5, 0(a0)           a5=00000001  a0:1a1020a0  PA:1a1020a0 
125832566: 9064: [[34m/chip/soc/fc/insn                                    [0m] uart_write:134                   M 1c008482 p.bclri             a5, a5, 0x1e, 0x1   a5=00000001  a5:00000001 
125860330: 9066: [[34m/chip/soc/fc/insn                                    [0m] uart_write:31                    M 1c008486 c.bnez              a5, 0, -6           a5:00000001 
125901976: 9069: [[34m/chip/soc/fc/insn                                    [0m] uart_write:134                   M 1c008480 c.lw                a5, 0(a0)           a5=00000001  a0:1a1020a0  PA:1a1020a0 
126026914: 9078: [[34m/chip/soc/fc/insn                                    [0m] uart_write:134                   M 1c008482 p.bclri             a5, a5, 0x1e, 0x1   a5=00000001  a5:00000001 
126054678: 9080: [[34m/chip/soc/fc/insn                                    [0m] uart_write:31                    M 1c008486 c.bnez              a5, 0, -6           a5:00000001 
126096324: 9083: [[34m/chip/soc/fc/insn                                    [0m] uart_write:134                   M 1c008480 c.lw                a5, 0(a0)           a5=00000001  a0:1a1020a0  PA:1a1020a0 
126221262: 9092: [[34m/chip/soc/fc/insn                                    [0m] uart_write:134                   M 1c008482 p.bclri             a5, a5, 0x1e, 0x1   a5=00000001  a5:00000001 
126249026: 9094: [[34m/chip/soc/fc/insn                                    [0m] uart_write:31                    M 1c008486 c.bnez              a5, 0, -6           a5:00000001 
126290672: 9097: [[34m/chip/soc/fc/insn                                    [0m] uart_write:134                   M 1c008480 c.lw                a5, 0(a0)           a5=00000001  a0:1a1020a0  PA:1a1020a0 
126415610: 9106: [[34m/chip/soc/fc/insn                                    [0m] uart_write:134                   M 1c008482 p.bclri             a5, a5, 0x1e, 0x1   a5=00000001  a5:00000001 
126443374: 9108: [[34m/chip/soc/fc/insn                                    [0m] uart_write:31                    M 1c008486 c.bnez              a5, 0, -6           a5:00000001 
126485020: 9111: [[34m/chip/soc/fc/insn                                    [0m] uart_write:134                   M 1c008480 c.lw                a5, 0(a0)           a5=00000001  a0:1a1020a0  PA:1a1020a0 
126609958: 9120: [[34m/chip/soc/fc/insn                                    [0m] uart_write:134                   M 1c008482 p.bclri             a5, a5, 0x1e, 0x1   a5=00000001  a5:00000001 
126637722: 9122: [[34m/chip/soc/fc/insn                                    [0m] uart_write:31                    M 1c008486 c.bnez              a5, 0, -6           a5:00000001 
126679368: 9125: [[34m/chip/soc/fc/insn                                    [0m] uart_write:134                   M 1c008480 c.lw                a5, 0(a0)           a5=00000001  a0:1a1020a0  PA:1a1020a0 
126804306: 9134: [[34m/chip/soc/fc/insn                                    [0m] uart_write:134                   M 1c008482 p.bclri             a5, a5, 0x1e, 0x1   a5=00000001  a5:00000001 
126832070: 9136: [[34m/chip/soc/fc/insn                                    [0m] uart_write:31                    M 1c008486 c.bnez              a5, 0, -6           a5:00000001 
126873716: 9139: [[34m/chip/soc/fc/insn                                    [0m] uart_write:134                   M 1c008480 c.lw                a5, 0(a0)           a5=00000001  a0:1a1020a0  PA:1a1020a0 
126998654: 9148: [[34m/chip/soc/fc/insn                                    [0m] uart_write:134                   M 1c008482 p.bclri             a5, a5, 0x1e, 0x1   a5=00000001  a5:00000001 
127026418: 9150: [[34m/chip/soc/fc/insn                                    [0m] uart_write:31                    M 1c008486 c.bnez              a5, 0, -6           a5:00000001 
127068064: 9153: [[34m/chip/soc/fc/insn                                    [0m] uart_write:134                   M 1c008480 c.lw                a5, 0(a0)           a5=00000001  a0:1a1020a0  PA:1a1020a0 
127193002: 9162: [[34m/chip/soc/fc/insn                                    [0m] uart_write:134                   M 1c008482 p.bclri             a5, a5, 0x1e, 0x1   a5=00000001  a5:00000001 
127220766: 9164: [[34m/chip/soc/fc/insn                                    [0m] uart_write:31                    M 1c008486 c.bnez              a5, 0, -6           a5:00000001 
127262412: 9167: [[34m/chip/soc/fc/insn                                    [0m] uart_write:134                   M 1c008480 c.lw                a5, 0(a0)           a5=00000001  a0:1a1020a0  PA:1a1020a0 
127387350: 9176: [[34m/chip/soc/fc/insn                                    [0m] uart_write:134                   M 1c008482 p.bclri             a5, a5, 0x1e, 0x1   a5=00000001  a5:00000001 
127415114: 9178: [[34m/chip/soc/fc/insn                                    [0m] uart_write:31                    M 1c008486 c.bnez              a5, 0, -6           a5:00000001 
127456760: 9181: [[34m/chip/soc/fc/insn                                    [0m] uart_write:134                   M 1c008480 c.lw                a5, 0(a0)           a5=00000001  a0:1a1020a0  PA:1a1020a0 
127581698: 9190: [[34m/chip/soc/fc/insn                                    [0m] uart_write:134                   M 1c008482 p.bclri             a5, a5, 0x1e, 0x1   a5=00000001  a5:00000001 
127609462: 9192: [[34m/chip/soc/fc/insn                                    [0m] uart_write:31                    M 1c008486 c.bnez              a5, 0, -6           a5:00000001 
127651108: 9195: [[34m/chip/soc/fc/insn                                    [0m] uart_write:134                   M 1c008480 c.lw                a5, 0(a0)           a5=00000001  a0:1a1020a0  PA:1a1020a0 
127776046: 9204: [[34m/chip/soc/fc/insn                                    [0m] uart_write:134                   M 1c008482 p.bclri             a5, a5, 0x1e, 0x1   a5=00000001  a5:00000001 
127803810: 9206: [[34m/chip/soc/fc/insn                                    [0m] uart_write:31                    M 1c008486 c.bnez              a5, 0, -6           a5:00000001 
127845456: 9209: [[34m/chip/soc/fc/insn                                    [0m] uart_write:134                   M 1c008480 c.lw                a5, 0(a0)           a5=00000001  a0:1a1020a0  PA:1a1020a0 
127970394: 9218: [[34m/chip/soc/fc/insn                                    [0m] uart_write:134                   M 1c008482 p.bclri             a5, a5, 0x1e, 0x1   a5=00000001  a5:00000001 
127998158: 9220: [[34m/chip/soc/fc/insn                                    [0m] uart_write:31                    M 1c008486 c.bnez              a5, 0, -6           a5:00000001 
128039804: 9223: [[34m/chip/soc/fc/insn                                    [0m] uart_write:134                   M 1c008480 c.lw                a5, 0(a0)           a5=00000001  a0:1a1020a0  PA:1a1020a0 
128164742: 9232: [[34m/chip/soc/fc/insn                                    [0m] uart_write:134                   M 1c008482 p.bclri             a5, a5, 0x1e, 0x1   a5=00000001  a5:00000001 
128192506: 9234: [[34m/chip/soc/fc/insn                                    [0m] uart_write:31                    M 1c008486 c.bnez              a5, 0, -6           a5:00000001 
128234152: 9237: [[34m/chip/soc/fc/insn                                    [0m] uart_write:134                   M 1c008480 c.lw                a5, 0(a0)           a5=00000001  a0:1a1020a0  PA:1a1020a0 
128359090: 9246: [[34m/chip/soc/fc/insn                                    [0m] uart_write:134                   M 1c008482 p.bclri             a5, a5, 0x1e, 0x1   a5=00000001  a5:00000001 
128386854: 9248: [[34m/chip/soc/fc/insn                                    [0m] uart_write:31                    M 1c008486 c.bnez              a5, 0, -6           a5:00000001 
128428500: 9251: [[34m/chip/soc/fc/insn                                    [0m] uart_write:134                   M 1c008480 c.lw                a5, 0(a0)           a5=00000001  a0:1a1020a0  PA:1a1020a0 
128553438: 9260: [[34m/chip/soc/fc/insn                                    [0m] uart_write:134                   M 1c008482 p.bclri             a5, a5, 0x1e, 0x1   a5=00000001  a5:00000001 
128581202: 9262: [[34m/chip/soc/fc/insn                                    [0m] uart_write:31                    M 1c008486 c.bnez              a5, 0, -6           a5:00000001 
128622848: 9265: [[34m/chip/soc/fc/insn                                    [0m] uart_write:134                   M 1c008480 c.lw                a5, 0(a0)           a5=00000001  a0:1a1020a0  PA:1a1020a0 
128747786: 9274: [[34m/chip/soc/fc/insn                                    [0m] uart_write:134                   M 1c008482 p.bclri             a5, a5, 0x1e, 0x1   a5=00000001  a5:00000001 
128775550: 9276: [[34m/chip/soc/fc/insn                                    [0m] uart_write:31                    M 1c008486 c.bnez              a5, 0, -6           a5:00000001 
128817196: 9279: [[34m/chip/soc/fc/insn                                    [0m] uart_write:134                   M 1c008480 c.lw                a5, 0(a0)           a5=00000001  a0:1a1020a0  PA:1a1020a0 
128942134: 9288: [[34m/chip/soc/fc/insn                                    [0m] uart_write:134                   M 1c008482 p.bclri             a5, a5, 0x1e, 0x1   a5=00000001  a5:00000001 
128969898: 9290: [[34m/chip/soc/fc/insn                                    [0m] uart_write:31                    M 1c008486 c.bnez              a5, 0, -6           a5:00000001 
129011544: 9293: [[34m/chip/soc/fc/insn                                    [0m] uart_write:134                   M 1c008480 c.lw                a5, 0(a0)           a5=00000001  a0:1a1020a0  PA:1a1020a0 
129136482: 9302: [[34m/chip/soc/fc/insn                                    [0m] uart_write:134                   M 1c008482 p.bclri             a5, a5, 0x1e, 0x1   a5=00000001  a5:00000001 
129164246: 9304: [[34m/chip/soc/fc/insn                                    [0m] uart_write:31                    M 1c008486 c.bnez              a5, 0, -6           a5:00000001 
129205892: 9307: [[34m/chip/soc/fc/insn                                    [0m] uart_write:134                   M 1c008480 c.lw                a5, 0(a0)           a5=00000001  a0:1a1020a0  PA:1a1020a0 
129330830: 9316: [[34m/chip/soc/fc/insn                                    [0m] uart_write:134                   M 1c008482 p.bclri             a5, a5, 0x1e, 0x1   a5=00000001  a5:00000001 
129358594: 9318: [[34m/chip/soc/fc/insn                                    [0m] uart_write:31                    M 1c008486 c.bnez              a5, 0, -6           a5:00000001 
129400240: 9321: [[34m/chip/soc/fc/insn                                    [0m] uart_write:134                   M 1c008480 c.lw                a5, 0(a0)           a5=00000001  a0:1a1020a0  PA:1a1020a0 
129525178: 9330: [[34m/chip/soc/fc/insn                                    [0m] uart_write:134                   M 1c008482 p.bclri             a5, a5, 0x1e, 0x1   a5=00000001  a5:00000001 
129552942: 9332: [[34m/chip/soc/fc/insn                                    [0m] uart_write:31                    M 1c008486 c.bnez              a5, 0, -6           a5:00000001 
129594588: 9335: [[34m/chip/soc/fc/insn                                    [0m] uart_write:134                   M 1c008480 c.lw                a5, 0(a0)           a5=00000001  a0:1a1020a0  PA:1a1020a0 
129719526: 9344: [[34m/chip/soc/fc/insn                                    [0m] uart_write:134                   M 1c008482 p.bclri             a5, a5, 0x1e, 0x1   a5=00000001  a5:00000001 
129747290: 9346: [[34m/chip/soc/fc/insn                                    [0m] uart_write:31                    M 1c008486 c.bnez              a5, 0, -6           a5:00000001 
129788936: 9349: [[34m/chip/soc/fc/insn                                    [0m] uart_write:134                   M 1c008480 c.lw                a5, 0(a0)           a5=00000001  a0:1a1020a0  PA:1a1020a0 
129913874: 9358: [[34m/chip/soc/fc/insn                                    [0m] uart_write:134                   M 1c008482 p.bclri             a5, a5, 0x1e, 0x1   a5=00000001  a5:00000001 
129941638: 9360: [[34m/chip/soc/fc/insn                                    [0m] uart_write:31                    M 1c008486 c.bnez              a5, 0, -6           a5:00000001 
129983284: 9363: [[34m/chip/soc/fc/insn                                    [0m] uart_write:134                   M 1c008480 c.lw                a5, 0(a0)           a5=00000001  a0:1a1020a0  PA:1a1020a0 
130108222: 9372: [[34m/chip/soc/fc/insn                                    [0m] uart_write:134                   M 1c008482 p.bclri             a5, a5, 0x1e, 0x1   a5=00000001  a5:00000001 
130135986: 9374: [[34m/chip/soc/fc/insn                                    [0m] uart_write:31                    M 1c008486 c.bnez              a5, 0, -6           a5:00000001 
130177632: 9377: [[34m/chip/soc/fc/insn                                    [0m] uart_write:134                   M 1c008480 c.lw                a5, 0(a0)           a5=00000001  a0:1a1020a0  PA:1a1020a0 
130302570: 9386: [[34m/chip/soc/fc/insn                                    [0m] uart_write:134                   M 1c008482 p.bclri             a5, a5, 0x1e, 0x1   a5=00000001  a5:00000001 
130330334: 9388: [[34m/chip/soc/fc/insn                                    [0m] uart_write:31                    M 1c008486 c.bnez              a5, 0, -6           a5:00000001 
130371980: 9391: [[34m/chip/soc/fc/insn                                    [0m] uart_write:134                   M 1c008480 c.lw                a5, 0(a0)           a5=00000001  a0:1a1020a0  PA:1a1020a0 
130496918: 9400: [[34m/chip/soc/fc/insn                                    [0m] uart_write:134                   M 1c008482 p.bclri             a5, a5, 0x1e, 0x1   a5=00000001  a5:00000001 
130524682: 9402: [[34m/chip/soc/fc/insn                                    [0m] uart_write:31                    M 1c008486 c.bnez              a5, 0, -6           a5:00000001 
130566328: 9405: [[34m/chip/soc/fc/insn                                    [0m] uart_write:134                   M 1c008480 c.lw                a5, 0(a0)           a5=00000001  a0:1a1020a0  PA:1a1020a0 
130691266: 9414: [[34m/chip/soc/fc/insn                                    [0m] uart_write:134                   M 1c008482 p.bclri             a5, a5, 0x1e, 0x1   a5=00000001  a5:00000001 
130719030: 9416: [[34m/chip/soc/fc/insn                                    [0m] uart_write:31                    M 1c008486 c.bnez              a5, 0, -6           a5:00000001 
130760676: 9419: [[34m/chip/soc/fc/insn                                    [0m] uart_write:134                   M 1c008480 c.lw                a5, 0(a0)           a5=00000001  a0:1a1020a0  PA:1a1020a0 
130885614: 9428: [[34m/chip/soc/fc/insn                                    [0m] uart_write:134                   M 1c008482 p.bclri             a5, a5, 0x1e, 0x1   a5=00000001  a5:00000001 
130913378: 9430: [[34m/chip/soc/fc/insn                                    [0m] uart_write:31                    M 1c008486 c.bnez              a5, 0, -6           a5:00000001 
130955024: 9433: [[34m/chip/soc/fc/insn                                    [0m] uart_write:134                   M 1c008480 c.lw                a5, 0(a0)           a5=00000001  a0:1a1020a0  PA:1a1020a0 
131079962: 9442: [[34m/chip/soc/fc/insn                                    [0m] uart_write:134                   M 1c008482 p.bclri             a5, a5, 0x1e, 0x1   a5=00000001  a5:00000001 
131107726: 9444: [[34m/chip/soc/fc/insn                                    [0m] uart_write:31                    M 1c008486 c.bnez              a5, 0, -6           a5:00000001 
131149372: 9447: [[34m/chip/soc/fc/insn                                    [0m] uart_write:134                   M 1c008480 c.lw                a5, 0(a0)           a5=00000001  a0:1a1020a0  PA:1a1020a0 
131274310: 9456: [[34m/chip/soc/fc/insn                                    [0m] uart_write:134                   M 1c008482 p.bclri             a5, a5, 0x1e, 0x1   a5=00000001  a5:00000001 
131302074: 9458: [[34m/chip/soc/fc/insn                                    [0m] uart_write:31                    M 1c008486 c.bnez              a5, 0, -6           a5:00000001 
131343720: 9461: [[34m/chip/soc/fc/insn                                    [0m] uart_write:134                   M 1c008480 c.lw                a5, 0(a0)           a5=00000001  a0:1a1020a0  PA:1a1020a0 
131468658: 9470: [[34m/chip/soc/fc/insn                                    [0m] uart_write:134                   M 1c008482 p.bclri             a5, a5, 0x1e, 0x1   a5=00000001  a5:00000001 
131496422: 9472: [[34m/chip/soc/fc/insn                                    [0m] uart_write:31                    M 1c008486 c.bnez              a5, 0, -6           a5:00000001 
131538068: 9475: [[34m/chip/soc/fc/insn                                    [0m] uart_write:134                   M 1c008480 c.lw                a5, 0(a0)           a5=00000001  a0:1a1020a0  PA:1a1020a0 
131663006: 9484: [[34m/chip/soc/fc/insn                                    [0m] uart_write:134                   M 1c008482 p.bclri             a5, a5, 0x1e, 0x1   a5=00000001  a5:00000001 
131690770: 9486: [[34m/chip/soc/fc/insn                                    [0m] uart_write:31                    M 1c008486 c.bnez              a5, 0, -6           a5:00000001 
131732416: 9489: [[34m/chip/soc/fc/insn                                    [0m] uart_write:134                   M 1c008480 c.lw                a5, 0(a0)           a5=00000001  a0:1a1020a0  PA:1a1020a0 
131857354: 9498: [[34m/chip/soc/fc/insn                                    [0m] uart_write:134                   M 1c008482 p.bclri             a5, a5, 0x1e, 0x1   a5=00000001  a5:00000001 
131885118: 9500: [[34m/chip/soc/fc/insn                                    [0m] uart_write:31                    M 1c008486 c.bnez              a5, 0, -6           a5:00000001 
131926764: 9503: [[34m/chip/soc/fc/insn                                    [0m] uart_write:134                   M 1c008480 c.lw                a5, 0(a0)           a5=00000001  a0:1a1020a0  PA:1a1020a0 
132051702: 9512: [[34m/chip/soc/fc/insn                                    [0m] uart_write:134                   M 1c008482 p.bclri             a5, a5, 0x1e, 0x1   a5=00000001  a5:00000001 
132079466: 9514: [[34m/chip/soc/fc/insn                                    [0m] uart_write:31                    M 1c008486 c.bnez              a5, 0, -6           a5:00000001 
132121112: 9517: [[34m/chip/soc/fc/insn                                    [0m] uart_write:134                   M 1c008480 c.lw                a5, 0(a0)           a5=00000001  a0:1a1020a0  PA:1a1020a0 
132246050: 9526: [[34m/chip/soc/fc/insn                                    [0m] uart_write:134                   M 1c008482 p.bclri             a5, a5, 0x1e, 0x1   a5=00000001  a5:00000001 
132273814: 9528: [[34m/chip/soc/fc/insn                                    [0m] uart_write:31                    M 1c008486 c.bnez              a5, 0, -6           a5:00000001 
132315460: 9531: [[34m/chip/soc/fc/insn                                    [0m] uart_write:134                   M 1c008480 c.lw                a5, 0(a0)           a5=00000001  a0:1a1020a0  PA:1a1020a0 
132440398: 9540: [[34m/chip/soc/fc/insn                                    [0m] uart_write:134                   M 1c008482 p.bclri             a5, a5, 0x1e, 0x1   a5=00000001  a5:00000001 
132468162: 9542: [[34m/chip/soc/fc/insn                                    [0m] uart_write:31                    M 1c008486 c.bnez              a5, 0, -6           a5:00000001 
132509808: 9545: [[34m/chip/soc/fc/insn                                    [0m] uart_write:134                   M 1c008480 c.lw                a5, 0(a0)           a5=00000001  a0:1a1020a0  PA:1a1020a0 
132634746: 9554: [[34m/chip/soc/fc/insn                                    [0m] uart_write:134                   M 1c008482 p.bclri             a5, a5, 0x1e, 0x1   a5=00000001  a5:00000001 
132662510: 9556: [[34m/chip/soc/fc/insn                                    [0m] uart_write:31                    M 1c008486 c.bnez              a5, 0, -6           a5:00000001 
132704156: 9559: [[34m/chip/soc/fc/insn                                    [0m] uart_write:134                   M 1c008480 c.lw                a5, 0(a0)           a5=00000001  a0:1a1020a0  PA:1a1020a0 
132829094: 9568: [[34m/chip/soc/fc/insn                                    [0m] uart_write:134                   M 1c008482 p.bclri             a5, a5, 0x1e, 0x1   a5=00000001  a5:00000001 
132856858: 9570: [[34m/chip/soc/fc/insn                                    [0m] uart_write:31                    M 1c008486 c.bnez              a5, 0, -6           a5:00000001 
132898504: 9573: [[34m/chip/soc/fc/insn                                    [0m] uart_write:134                   M 1c008480 c.lw                a5, 0(a0)           a5=00000001  a0:1a1020a0  PA:1a1020a0 
133023442: 9582: [[34m/chip/soc/fc/insn                                    [0m] uart_write:134                   M 1c008482 p.bclri             a5, a5, 0x1e, 0x1   a5=00000001  a5:00000001 
133051206: 9584: [[34m/chip/soc/fc/insn                                    [0m] uart_write:31                    M 1c008486 c.bnez              a5, 0, -6           a5:00000001 
133092852: 9587: [[34m/chip/soc/fc/insn                                    [0m] uart_write:134                   M 1c008480 c.lw                a5, 0(a0)           a5=00000001  a0:1a1020a0  PA:1a1020a0 
133217790: 9596: [[34m/chip/soc/fc/insn                                    [0m] uart_write:134                   M 1c008482 p.bclri             a5, a5, 0x1e, 0x1   a5=00000001  a5:00000001 
133245554: 9598: [[34m/chip/soc/fc/insn                                    [0m] uart_write:31                    M 1c008486 c.bnez              a5, 0, -6           a5:00000001 
133287200: 9601: [[34m/chip/soc/fc/insn                                    [0m] uart_write:134                   M 1c008480 c.lw                a5, 0(a0)           a5=00000001  a0:1a1020a0  PA:1a1020a0 
133412138: 9610: [[34m/chip/soc/fc/insn                                    [0m] uart_write:134                   M 1c008482 p.bclri             a5, a5, 0x1e, 0x1   a5=00000001  a5:00000001 
133439902: 9612: [[34m/chip/soc/fc/insn                                    [0m] uart_write:31                    M 1c008486 c.bnez              a5, 0, -6           a5:00000001 
133481548: 9615: [[34m/chip/soc/fc/insn                                    [0m] uart_write:134                   M 1c008480 c.lw                a5, 0(a0)           a5=00000001  a0:1a1020a0  PA:1a1020a0 
133606486: 9624: [[34m/chip/soc/fc/insn                                    [0m] uart_write:134                   M 1c008482 p.bclri             a5, a5, 0x1e, 0x1   a5=00000001  a5:00000001 
133634250: 9626: [[34m/chip/soc/fc/insn                                    [0m] uart_write:31                    M 1c008486 c.bnez              a5, 0, -6           a5:00000001 
133675896: 9629: [[34m/chip/soc/fc/insn                                    [0m] uart_write:134                   M 1c008480 c.lw                a5, 0(a0)           a5=00000001  a0:1a1020a0  PA:1a1020a0 
133800834: 9638: [[34m/chip/soc/fc/insn                                    [0m] uart_write:134                   M 1c008482 p.bclri             a5, a5, 0x1e, 0x1   a5=00000001  a5:00000001 
133828598: 9640: [[34m/chip/soc/fc/insn                                    [0m] uart_write:31                    M 1c008486 c.bnez              a5, 0, -6           a5:00000001 
133870244: 9643: [[34m/chip/soc/fc/insn                                    [0m] uart_write:134                   M 1c008480 c.lw                a5, 0(a0)           a5=00000001  a0:1a1020a0  PA:1a1020a0 
133995182: 9652: [[34m/chip/soc/fc/insn                                    [0m] uart_write:134                   M 1c008482 p.bclri             a5, a5, 0x1e, 0x1   a5=00000001  a5:00000001 
134022946: 9654: [[34m/chip/soc/fc/insn                                    [0m] uart_write:31                    M 1c008486 c.bnez              a5, 0, -6           a5:00000001 
134064592: 9657: [[34m/chip/soc/fc/insn                                    [0m] uart_write:134                   M 1c008480 c.lw                a5, 0(a0)           a5=00000001  a0:1a1020a0  PA:1a1020a0 
134189530: 9666: [[34m/chip/soc/fc/insn                                    [0m] uart_write:134                   M 1c008482 p.bclri             a5, a5, 0x1e, 0x1   a5=00000001  a5:00000001 
134217294: 9668: [[34m/chip/soc/fc/insn                                    [0m] uart_write:31                    M 1c008486 c.bnez              a5, 0, -6           a5:00000001 
134258940: 9671: [[34m/chip/soc/fc/insn                                    [0m] uart_write:134                   M 1c008480 c.lw                a5, 0(a0)           a5=00000001  a0:1a1020a0  PA:1a1020a0 
134383878: 9680: [[34m/chip/soc/fc/insn                                    [0m] uart_write:134                   M 1c008482 p.bclri             a5, a5, 0x1e, 0x1   a5=00000001  a5:00000001 
134411642: 9682: [[34m/chip/soc/fc/insn                                    [0m] uart_write:31                    M 1c008486 c.bnez              a5, 0, -6           a5:00000001 
134453288: 9685: [[34m/chip/soc/fc/insn                                    [0m] uart_write:134                   M 1c008480 c.lw                a5, 0(a0)           a5=00000001  a0:1a1020a0  PA:1a1020a0 
134578226: 9694: [[34m/chip/soc/fc/insn                                    [0m] uart_write:134                   M 1c008482 p.bclri             a5, a5, 0x1e, 0x1   a5=00000001  a5:00000001 
134605990: 9696: [[34m/chip/soc/fc/insn                                    [0m] uart_write:31                    M 1c008486 c.bnez              a5, 0, -6           a5:00000001 
134647636: 9699: [[34m/chip/soc/fc/insn                                    [0m] uart_write:134                   M 1c008480 c.lw                a5, 0(a0)           a5=00000001  a0:1a1020a0  PA:1a1020a0 
134772574: 9708: [[34m/chip/soc/fc/insn                                    [0m] uart_write:134                   M 1c008482 p.bclri             a5, a5, 0x1e, 0x1   a5=00000001  a5:00000001 
134800338: 9710: [[34m/chip/soc/fc/insn                                    [0m] uart_write:31                    M 1c008486 c.bnez              a5, 0, -6           a5:00000001 
134841984: 9713: [[34m/chip/soc/fc/insn                                    [0m] uart_write:134                   M 1c008480 c.lw                a5, 0(a0)           a5=00000001  a0:1a1020a0  PA:1a1020a0 
134966922: 9722: [[34m/chip/soc/fc/insn                                    [0m] uart_write:134                   M 1c008482 p.bclri             a5, a5, 0x1e, 0x1   a5=00000001  a5:00000001 
134994686: 9724: [[34m/chip/soc/fc/insn                                    [0m] uart_write:31                    M 1c008486 c.bnez              a5, 0, -6           a5:00000001 
135036332: 9727: [[34m/chip/soc/fc/insn                                    [0m] uart_write:134                   M 1c008480 c.lw                a5, 0(a0)           a5=00000001  a0:1a1020a0  PA:1a1020a0 
135161270: 9736: [[34m/chip/soc/fc/insn                                    [0m] uart_write:134                   M 1c008482 p.bclri             a5, a5, 0x1e, 0x1   a5=00000001  a5:00000001 
135189034: 9738: [[34m/chip/soc/fc/insn                                    [0m] uart_write:31                    M 1c008486 c.bnez              a5, 0, -6           a5:00000001 
135230680: 9741: [[34m/chip/soc/fc/insn                                    [0m] uart_write:134                   M 1c008480 c.lw                a5, 0(a0)           a5=00000001  a0:1a1020a0  PA:1a1020a0 
135355618: 9750: [[34m/chip/soc/fc/insn                                    [0m] uart_write:134                   M 1c008482 p.bclri             a5, a5, 0x1e, 0x1   a5=00000001  a5:00000001 
135383382: 9752: [[34m/chip/soc/fc/insn                                    [0m] uart_write:31                    M 1c008486 c.bnez              a5, 0, -6           a5:00000001 
135425028: 9755: [[34m/chip/soc/fc/insn                                    [0m] uart_write:134                   M 1c008480 c.lw                a5, 0(a0)           a5=00000001  a0:1a1020a0  PA:1a1020a0 
135549966: 9764: [[34m/chip/soc/fc/insn                                    [0m] uart_write:134                   M 1c008482 p.bclri             a5, a5, 0x1e, 0x1   a5=00000001  a5:00000001 
135577730: 9766: [[34m/chip/soc/fc/insn                                    [0m] uart_write:31                    M 1c008486 c.bnez              a5, 0, -6           a5:00000001 
135619376: 9769: [[34m/chip/soc/fc/insn                                    [0m] uart_write:134                   M 1c008480 c.lw                a5, 0(a0)           a5=00000001  a0:1a1020a0  PA:1a1020a0 
135744314: 9778: [[34m/chip/soc/fc/insn                                    [0m] uart_write:134                   M 1c008482 p.bclri             a5, a5, 0x1e, 0x1   a5=00000001  a5:00000001 
135772078: 9780: [[34m/chip/soc/fc/insn                                    [0m] uart_write:31                    M 1c008486 c.bnez              a5, 0, -6           a5:00000001 
135813724: 9783: [[34m/chip/soc/fc/insn                                    [0m] uart_write:134                   M 1c008480 c.lw                a5, 0(a0)           a5=00000001  a0:1a1020a0  PA:1a1020a0 
135938662: 9792: [[34m/chip/soc/fc/insn                                    [0m] uart_write:134                   M 1c008482 p.bclri             a5, a5, 0x1e, 0x1   a5=00000001  a5:00000001 
135966426: 9794: [[34m/chip/soc/fc/insn                                    [0m] uart_write:31                    M 1c008486 c.bnez              a5, 0, -6           a5:00000001 
136008072: 9797: [[34m/chip/soc/fc/insn                                    [0m] uart_write:134                   M 1c008480 c.lw                a5, 0(a0)           a5=00000001  a0:1a1020a0  PA:1a1020a0 
136133010: 9806: [[34m/chip/soc/fc/insn                                    [0m] uart_write:134                   M 1c008482 p.bclri             a5, a5, 0x1e, 0x1   a5=00000001  a5:00000001 
136160774: 9808: [[34m/chip/soc/fc/insn                                    [0m] uart_write:31                    M 1c008486 c.bnez              a5, 0, -6           a5:00000001 
136202420: 9811: [[34m/chip/soc/fc/insn                                    [0m] uart_write:134                   M 1c008480 c.lw                a5, 0(a0)           a5=00000001  a0:1a1020a0  PA:1a1020a0 
136327358: 9820: [[34m/chip/soc/fc/insn                                    [0m] uart_write:134                   M 1c008482 p.bclri             a5, a5, 0x1e, 0x1   a5=00000001  a5:00000001 
136355122: 9822: [[34m/chip/soc/fc/insn                                    [0m] uart_write:31                    M 1c008486 c.bnez              a5, 0, -6           a5:00000001 
136396768: 9825: [[34m/chip/soc/fc/insn                                    [0m] uart_write:134                   M 1c008480 c.lw                a5, 0(a0)           a5=00000001  a0:1a1020a0  PA:1a1020a0 
136521706: 9834: [[34m/chip/soc/fc/insn                                    [0m] uart_write:134                   M 1c008482 p.bclri             a5, a5, 0x1e, 0x1   a5=00000001  a5:00000001 
136549470: 9836: [[34m/chip/soc/fc/insn                                    [0m] uart_write:31                    M 1c008486 c.bnez              a5, 0, -6           a5:00000001 
136591116: 9839: [[34m/chip/soc/fc/insn                                    [0m] uart_write:134                   M 1c008480 c.lw                a5, 0(a0)           a5=00000001  a0:1a1020a0  PA:1a1020a0 
136716054: 9848: [[34m/chip/soc/fc/insn                                    [0m] uart_write:134                   M 1c008482 p.bclri             a5, a5, 0x1e, 0x1   a5=00000001  a5:00000001 
136743818: 9850: [[34m/chip/soc/fc/insn                                    [0m] uart_write:31                    M 1c008486 c.bnez              a5, 0, -6           a5:00000001 
136785464: 9853: [[34m/chip/soc/fc/insn                                    [0m] uart_write:134                   M 1c008480 c.lw                a5, 0(a0)           a5=00000001  a0:1a1020a0  PA:1a1020a0 
136910402: 9862: [[34m/chip/soc/fc/insn                                    [0m] uart_write:134                   M 1c008482 p.bclri             a5, a5, 0x1e, 0x1   a5=00000001  a5:00000001 
136938166: 9864: [[34m/chip/soc/fc/insn                                    [0m] uart_write:31                    M 1c008486 c.bnez              a5, 0, -6           a5:00000001 
136979812: 9867: [[34m/chip/soc/fc/insn                                    [0m] uart_write:134                   M 1c008480 c.lw                a5, 0(a0)           a5=00000001  a0:1a1020a0  PA:1a1020a0 
137104750: 9876: [[34m/chip/soc/fc/insn                                    [0m] uart_write:134                   M 1c008482 p.bclri             a5, a5, 0x1e, 0x1   a5=00000001  a5:00000001 
137132514: 9878: [[34m/chip/soc/fc/insn                                    [0m] uart_write:31                    M 1c008486 c.bnez              a5, 0, -6           a5:00000001 
137174160: 9881: [[34m/chip/soc/fc/insn                                    [0m] uart_write:134                   M 1c008480 c.lw                a5, 0(a0)           a5=00000001  a0:1a1020a0  PA:1a1020a0 
137299098: 9890: [[34m/chip/soc/fc/insn                                    [0m] uart_write:134                   M 1c008482 p.bclri             a5, a5, 0x1e, 0x1   a5=00000001  a5:00000001 
137326862: 9892: [[34m/chip/soc/fc/insn                                    [0m] uart_write:31                    M 1c008486 c.bnez              a5, 0, -6           a5:00000001 
137368508: 9895: [[34m/chip/soc/fc/insn                                    [0m] uart_write:134                   M 1c008480 c.lw                a5, 0(a0)           a5=00000001  a0:1a1020a0  PA:1a1020a0 
137493446: 9904: [[34m/chip/soc/fc/insn                                    [0m] uart_write:134                   M 1c008482 p.bclri             a5, a5, 0x1e, 0x1   a5=00000001  a5:00000001 
137521210: 9906: [[34m/chip/soc/fc/insn                                    [0m] uart_write:31                    M 1c008486 c.bnez              a5, 0, -6           a5:00000001 
137562856: 9909: [[34m/chip/soc/fc/insn                                    [0m] uart_write:134                   M 1c008480 c.lw                a5, 0(a0)           a5=00000001  a0:1a1020a0  PA:1a1020a0 
137687794: 9918: [[34m/chip/soc/fc/insn                                    [0m] uart_write:134                   M 1c008482 p.bclri             a5, a5, 0x1e, 0x1   a5=00000001  a5:00000001 
137715558: 9920: [[34m/chip/soc/fc/insn                                    [0m] uart_write:31                    M 1c008486 c.bnez              a5, 0, -6           a5:00000001 
137757204: 9923: [[34m/chip/soc/fc/insn                                    [0m] uart_write:134                   M 1c008480 c.lw                a5, 0(a0)           a5=00000001  a0:1a1020a0  PA:1a1020a0 
137882142: 9932: [[34m/chip/soc/fc/insn                                    [0m] uart_write:134                   M 1c008482 p.bclri             a5, a5, 0x1e, 0x1   a5=00000001  a5:00000001 
137909906: 9934: [[34m/chip/soc/fc/insn                                    [0m] uart_write:31                    M 1c008486 c.bnez              a5, 0, -6           a5:00000001 
137951552: 9937: [[34m/chip/soc/fc/insn                                    [0m] uart_write:134                   M 1c008480 c.lw                a5, 0(a0)           a5=00000001  a0:1a1020a0  PA:1a1020a0 
138076490: 9946: [[34m/chip/soc/fc/insn                                    [0m] uart_write:134                   M 1c008482 p.bclri             a5, a5, 0x1e, 0x1   a5=00000001  a5:00000001 
138104254: 9948: [[34m/chip/soc/fc/insn                                    [0m] uart_write:31                    M 1c008486 c.bnez              a5, 0, -6           a5:00000001 
138145900: 9951: [[34m/chip/soc/fc/insn                                    [0m] uart_write:134                   M 1c008480 c.lw                a5, 0(a0)           a5=00000001  a0:1a1020a0  PA:1a1020a0 
138270838: 9960: [[34m/chip/soc/fc/insn                                    [0m] uart_write:134                   M 1c008482 p.bclri             a5, a5, 0x1e, 0x1   a5=00000001  a5:00000001 
138298602: 9962: [[34m/chip/soc/fc/insn                                    [0m] uart_write:31                    M 1c008486 c.bnez              a5, 0, -6           a5:00000001 
138340248: 9965: [[34m/chip/soc/fc/insn                                    [0m] uart_write:134                   M 1c008480 c.lw                a5, 0(a0)           a5=00000001  a0:1a1020a0  PA:1a1020a0 
138465186: 9974: [[34m/chip/soc/fc/insn                                    [0m] uart_write:134                   M 1c008482 p.bclri             a5, a5, 0x1e, 0x1   a5=00000001  a5:00000001 
138492950: 9976: [[34m/chip/soc/fc/insn                                    [0m] uart_write:31                    M 1c008486 c.bnez              a5, 0, -6           a5:00000001 
138534596: 9979: [[34m/chip/soc/fc/insn                                    [0m] uart_write:134                   M 1c008480 c.lw                a5, 0(a0)           a5=00000001  a0:1a1020a0  PA:1a1020a0 
138659534: 9988: [[34m/chip/soc/fc/insn                                    [0m] uart_write:134                   M 1c008482 p.bclri             a5, a5, 0x1e, 0x1   a5=00000001  a5:00000001 
138687298: 9990: [[34m/chip/soc/fc/insn                                    [0m] uart_write:31                    M 1c008486 c.bnez              a5, 0, -6           a5:00000001 
138728944: 9993: [[34m/chip/soc/fc/insn                                    [0m] uart_write:134                   M 1c008480 c.lw                a5, 0(a0)           a5=00000001  a0:1a1020a0  PA:1a1020a0 
138853882: 10002: [[34m/chip/soc/fc/insn                                    [0m] uart_write:134                   M 1c008482 p.bclri             a5, a5, 0x1e, 0x1   a5=00000001  a5:00000001 
138881646: 10004: [[34m/chip/soc/fc/insn                                    [0m] uart_write:31                    M 1c008486 c.bnez              a5, 0, -6           a5:00000001 
138923292: 10007: [[34m/chip/soc/fc/insn                                    [0m] uart_write:134                   M 1c008480 c.lw                a5, 0(a0)           a5=00000001  a0:1a1020a0  PA:1a1020a0 
139048230: 10016: [[34m/chip/soc/fc/insn                                    [0m] uart_write:134                   M 1c008482 p.bclri             a5, a5, 0x1e, 0x1   a5=00000001  a5:00000001 
139075994: 10018: [[34m/chip/soc/fc/insn                                    [0m] uart_write:31                    M 1c008486 c.bnez              a5, 0, -6           a5:00000001 
139117640: 10021: [[34m/chip/soc/fc/insn                                    [0m] uart_write:134                   M 1c008480 c.lw                a5, 0(a0)           a5=00000001  a0:1a1020a0  PA:1a1020a0 
139242578: 10030: [[34m/chip/soc/fc/insn                                    [0m] uart_write:134                   M 1c008482 p.bclri             a5, a5, 0x1e, 0x1   a5=00000001  a5:00000001 
139270342: 10032: [[34m/chip/soc/fc/insn                                    [0m] uart_write:31                    M 1c008486 c.bnez              a5, 0, -6           a5:00000001 
139311988: 10035: [[34m/chip/soc/fc/insn                                    [0m] uart_write:134                   M 1c008480 c.lw                a5, 0(a0)           a5=00000001  a0:1a1020a0  PA:1a1020a0 
139436926: 10044: [[34m/chip/soc/fc/insn                                    [0m] uart_write:134                   M 1c008482 p.bclri             a5, a5, 0x1e, 0x1   a5=00000001  a5:00000001 
139464690: 10046: [[34m/chip/soc/fc/insn                                    [0m] uart_write:31                    M 1c008486 c.bnez              a5, 0, -6           a5:00000001 
139506336: 10049: [[34m/chip/soc/fc/insn                                    [0m] uart_write:134                   M 1c008480 c.lw                a5, 0(a0)           a5=00000001  a0:1a1020a0  PA:1a1020a0 
139631274: 10058: [[34m/chip/soc/fc/insn                                    [0m] uart_write:134                   M 1c008482 p.bclri             a5, a5, 0x1e, 0x1   a5=00000001  a5:00000001 
139659038: 10060: [[34m/chip/soc/fc/insn                                    [0m] uart_write:31                    M 1c008486 c.bnez              a5, 0, -6           a5:00000001 
139700684: 10063: [[34m/chip/soc/fc/insn                                    [0m] uart_write:134                   M 1c008480 c.lw                a5, 0(a0)           a5=00000001  a0:1a1020a0  PA:1a1020a0 
139825622: 10072: [[34m/chip/soc/fc/insn                                    [0m] uart_write:134                   M 1c008482 p.bclri             a5, a5, 0x1e, 0x1   a5=00000001  a5:00000001 
139853386: 10074: [[34m/chip/soc/fc/insn                                    [0m] uart_write:31                    M 1c008486 c.bnez              a5, 0, -6           a5:00000001 
139895032: 10077: [[34m/chip/soc/fc/insn                                    [0m] uart_write:134                   M 1c008480 c.lw                a5, 0(a0)           a5=00000001  a0:1a1020a0  PA:1a1020a0 
140019970: 10086: [[34m/chip/soc/fc/insn                                    [0m] uart_write:134                   M 1c008482 p.bclri             a5, a5, 0x1e, 0x1   a5=00000001  a5:00000001 
140047734: 10088: [[34m/chip/soc/fc/insn                                    [0m] uart_write:31                    M 1c008486 c.bnez              a5, 0, -6           a5:00000001 
140089380: 10091: [[34m/chip/soc/fc/insn                                    [0m] uart_write:134                   M 1c008480 c.lw                a5, 0(a0)           a5=00000001  a0:1a1020a0  PA:1a1020a0 
140214318: 10100: [[34m/chip/soc/fc/insn                                    [0m] uart_write:134                   M 1c008482 p.bclri             a5, a5, 0x1e, 0x1   a5=00000001  a5:00000001 
140242082: 10102: [[34m/chip/soc/fc/insn                                    [0m] uart_write:31                    M 1c008486 c.bnez              a5, 0, -6           a5:00000001 
140283728: 10105: [[34m/chip/soc/fc/insn                                    [0m] uart_write:134                   M 1c008480 c.lw                a5, 0(a0)           a5=00000001  a0:1a1020a0  PA:1a1020a0 
140408666: 10114: [[34m/chip/soc/fc/insn                                    [0m] uart_write:134                   M 1c008482 p.bclri             a5, a5, 0x1e, 0x1   a5=00000001  a5:00000001 
140436430: 10116: [[34m/chip/soc/fc/insn                                    [0m] uart_write:31                    M 1c008486 c.bnez              a5, 0, -6           a5:00000001 
140478076: 10119: [[34m/chip/soc/fc/insn                                    [0m] uart_write:134                   M 1c008480 c.lw                a5, 0(a0)           a5=00000001  a0:1a1020a0  PA:1a1020a0 
140603014: 10128: [[34m/chip/soc/fc/insn                                    [0m] uart_write:134                   M 1c008482 p.bclri             a5, a5, 0x1e, 0x1   a5=00000001  a5:00000001 
140630778: 10130: [[34m/chip/soc/fc/insn                                    [0m] uart_write:31                    M 1c008486 c.bnez              a5, 0, -6           a5:00000001 
140672424: 10133: [[34m/chip/soc/fc/insn                                    [0m] uart_write:134                   M 1c008480 c.lw                a5, 0(a0)           a5=00000001  a0:1a1020a0  PA:1a1020a0 
140797362: 10142: [[34m/chip/soc/fc/insn                                    [0m] uart_write:134                   M 1c008482 p.bclri             a5, a5, 0x1e, 0x1   a5=00000001  a5:00000001 
140825126: 10144: [[34m/chip/soc/fc/insn                                    [0m] uart_write:31                    M 1c008486 c.bnez              a5, 0, -6           a5:00000001 
140866772: 10147: [[34m/chip/soc/fc/insn                                    [0m] uart_write:134                   M 1c008480 c.lw                a5, 0(a0)           a5=00000001  a0:1a1020a0  PA:1a1020a0 
140991710: 10156: [[34m/chip/soc/fc/insn                                    [0m] uart_write:134                   M 1c008482 p.bclri             a5, a5, 0x1e, 0x1   a5=00000001  a5:00000001 
141019474: 10158: [[34m/chip/soc/fc/insn                                    [0m] uart_write:31                    M 1c008486 c.bnez              a5, 0, -6           a5:00000001 
141061120: 10161: [[34m/chip/soc/fc/insn                                    [0m] uart_write:134                   M 1c008480 c.lw                a5, 0(a0)           a5=00000001  a0:1a1020a0  PA:1a1020a0 
141186058: 10170: [[34m/chip/soc/fc/insn                                    [0m] uart_write:134                   M 1c008482 p.bclri             a5, a5, 0x1e, 0x1   a5=00000001  a5:00000001 
141213822: 10172: [[34m/chip/soc/fc/insn                                    [0m] uart_write:31                    M 1c008486 c.bnez              a5, 0, -6           a5:00000001 
141255468: 10175: [[34m/chip/soc/fc/insn                                    [0m] uart_write:134                   M 1c008480 c.lw                a5, 0(a0)           a5=00000001  a0:1a1020a0  PA:1a1020a0 
141380406: 10184: [[34m/chip/soc/fc/insn                                    [0m] uart_write:134                   M 1c008482 p.bclri             a5, a5, 0x1e, 0x1   a5=00000001  a5:00000001 
141408170: 10186: [[34m/chip/soc/fc/insn                                    [0m] uart_write:31                    M 1c008486 c.bnez              a5, 0, -6           a5:00000001 
141449816: 10189: [[34m/chip/soc/fc/insn                                    [0m] uart_write:134                   M 1c008480 c.lw                a5, 0(a0)           a5=00000001  a0:1a1020a0  PA:1a1020a0 
141574754: 10198: [[34m/chip/soc/fc/insn                                    [0m] uart_write:134                   M 1c008482 p.bclri             a5, a5, 0x1e, 0x1   a5=00000001  a5:00000001 
141602518: 10200: [[34m/chip/soc/fc/insn                                    [0m] uart_write:31                    M 1c008486 c.bnez              a5, 0, -6           a5:00000001 
141644164: 10203: [[34m/chip/soc/fc/insn                                    [0m] uart_write:134                   M 1c008480 c.lw                a5, 0(a0)           a5=00000001  a0:1a1020a0  PA:1a1020a0 
141769102: 10212: [[34m/chip/soc/fc/insn                                    [0m] uart_write:134                   M 1c008482 p.bclri             a5, a5, 0x1e, 0x1   a5=00000001  a5:00000001 
141796866: 10214: [[34m/chip/soc/fc/insn                                    [0m] uart_write:31                    M 1c008486 c.bnez              a5, 0, -6           a5:00000001 
141838512: 10217: [[34m/chip/soc/fc/insn                                    [0m] uart_write:134                   M 1c008480 c.lw                a5, 0(a0)           a5=00000001  a0:1a1020a0  PA:1a1020a0 
141963450: 10226: [[34m/chip/soc/fc/insn                                    [0m] uart_write:134                   M 1c008482 p.bclri             a5, a5, 0x1e, 0x1   a5=00000001  a5:00000001 
141991214: 10228: [[34m/chip/soc/fc/insn                                    [0m] uart_write:31                    M 1c008486 c.bnez              a5, 0, -6           a5:00000001 
142032860: 10231: [[34m/chip/soc/fc/insn                                    [0m] uart_write:134                   M 1c008480 c.lw                a5, 0(a0)           a5=00000001  a0:1a1020a0  PA:1a1020a0 
142157798: 10240: [[34m/chip/soc/fc/insn                                    [0m] uart_write:134                   M 1c008482 p.bclri             a5, a5, 0x1e, 0x1   a5=00000001  a5:00000001 
142185562: 10242: [[34m/chip/soc/fc/insn                                    [0m] uart_write:31                    M 1c008486 c.bnez              a5, 0, -6           a5:00000001 
142227208: 10245: [[34m/chip/soc/fc/insn                                    [0m] uart_write:134                   M 1c008480 c.lw                a5, 0(a0)           a5=00000001  a0:1a1020a0  PA:1a1020a0 
142352146: 10254: [[34m/chip/soc/fc/insn                                    [0m] uart_write:134                   M 1c008482 p.bclri             a5, a5, 0x1e, 0x1   a5=00000001  a5:00000001 
142379910: 10256: [[34m/chip/soc/fc/insn                                    [0m] uart_write:31                    M 1c008486 c.bnez              a5, 0, -6           a5:00000001 
142421556: 10259: [[34m/chip/soc/fc/insn                                    [0m] uart_write:134                   M 1c008480 c.lw                a5, 0(a0)           a5=00000001  a0:1a1020a0  PA:1a1020a0 
142546494: 10268: [[34m/chip/soc/fc/insn                                    [0m] uart_write:134                   M 1c008482 p.bclri             a5, a5, 0x1e, 0x1   a5=00000001  a5:00000001 
142574258: 10270: [[34m/chip/soc/fc/insn                                    [0m] uart_write:31                    M 1c008486 c.bnez              a5, 0, -6           a5:00000001 
142615904: 10273: [[34m/chip/soc/fc/insn                                    [0m] uart_write:134                   M 1c008480 c.lw                a5, 0(a0)           a5=00000001  a0:1a1020a0  PA:1a1020a0 
142740842: 10282: [[34m/chip/soc/fc/insn                                    [0m] uart_write:134                   M 1c008482 p.bclri             a5, a5, 0x1e, 0x1   a5=00000001  a5:00000001 
142768606: 10284: [[34m/chip/soc/fc/insn                                    [0m] uart_write:31                    M 1c008486 c.bnez              a5, 0, -6           a5:00000001 
142810252: 10287: [[34m/chip/soc/fc/insn                                    [0m] uart_write:134                   M 1c008480 c.lw                a5, 0(a0)           a5=00000001  a0:1a1020a0  PA:1a1020a0 
142935190: 10296: [[34m/chip/soc/fc/insn                                    [0m] uart_write:134                   M 1c008482 p.bclri             a5, a5, 0x1e, 0x1   a5=00000001  a5:00000001 
142962954: 10298: [[34m/chip/soc/fc/insn                                    [0m] uart_write:31                    M 1c008486 c.bnez              a5, 0, -6           a5:00000001 
143004600: 10301: [[34m/chip/soc/fc/insn                                    [0m] uart_write:134                   M 1c008480 c.lw                a5, 0(a0)           a5=00000001  a0:1a1020a0  PA:1a1020a0 
143129538: 10310: [[34m/chip/soc/fc/insn                                    [0m] uart_write:134                   M 1c008482 p.bclri             a5, a5, 0x1e, 0x1   a5=00000001  a5:00000001 
143157302: 10312: [[34m/chip/soc/fc/insn                                    [0m] uart_write:31                    M 1c008486 c.bnez              a5, 0, -6           a5:00000001 
143198948: 10315: [[34m/chip/soc/fc/insn                                    [0m] uart_write:134                   M 1c008480 c.lw                a5, 0(a0)           a5=00000001  a0:1a1020a0  PA:1a1020a0 
143323886: 10324: [[34m/chip/soc/fc/insn                                    [0m] uart_write:134                   M 1c008482 p.bclri             a5, a5, 0x1e, 0x1   a5=00000001  a5:00000001 
143351650: 10326: [[34m/chip/soc/fc/insn                                    [0m] uart_write:31                    M 1c008486 c.bnez              a5, 0, -6           a5:00000001 
143393296: 10329: [[34m/chip/soc/fc/insn                                    [0m] uart_write:134                   M 1c008480 c.lw                a5, 0(a0)           a5=00000001  a0:1a1020a0  PA:1a1020a0 
143518234: 10338: [[34m/chip/soc/fc/insn                                    [0m] uart_write:134                   M 1c008482 p.bclri             a5, a5, 0x1e, 0x1   a5=00000001  a5:00000001 
143545998: 10340: [[34m/chip/soc/fc/insn                                    [0m] uart_write:31                    M 1c008486 c.bnez              a5, 0, -6           a5:00000001 
143587644: 10343: [[34m/chip/soc/fc/insn                                    [0m] uart_write:134                   M 1c008480 c.lw                a5, 0(a0)           a5=00000001  a0:1a1020a0  PA:1a1020a0 
143712582: 10352: [[34m/chip/soc/fc/insn                                    [0m] uart_write:134                   M 1c008482 p.bclri             a5, a5, 0x1e, 0x1   a5=00000001  a5:00000001 
143740346: 10354: [[34m/chip/soc/fc/insn                                    [0m] uart_write:31                    M 1c008486 c.bnez              a5, 0, -6           a5:00000001 
143781992: 10357: [[34m/chip/soc/fc/insn                                    [0m] uart_write:134                   M 1c008480 c.lw                a5, 0(a0)           a5=00000001  a0:1a1020a0  PA:1a1020a0 
143906930: 10366: [[34m/chip/soc/fc/insn                                    [0m] uart_write:134                   M 1c008482 p.bclri             a5, a5, 0x1e, 0x1   a5=00000001  a5:00000001 
143934694: 10368: [[34m/chip/soc/fc/insn                                    [0m] uart_write:31                    M 1c008486 c.bnez              a5, 0, -6           a5:00000001 
143976340: 10371: [[34m/chip/soc/fc/insn                                    [0m] uart_write:134                   M 1c008480 c.lw                a5, 0(a0)           a5=00000001  a0:1a1020a0  PA:1a1020a0 
144101278: 10380: [[34m/chip/soc/fc/insn                                    [0m] uart_write:134                   M 1c008482 p.bclri             a5, a5, 0x1e, 0x1   a5=00000001  a5:00000001 
144129042: 10382: [[34m/chip/soc/fc/insn                                    [0m] uart_write:31                    M 1c008486 c.bnez              a5, 0, -6           a5:00000001 
144170688: 10385: [[34m/chip/soc/fc/insn                                    [0m] uart_write:134                   M 1c008480 c.lw                a5, 0(a0)           a5=00000001  a0:1a1020a0  PA:1a1020a0 
144295626: 10394: [[34m/chip/soc/fc/insn                                    [0m] uart_write:134                   M 1c008482 p.bclri             a5, a5, 0x1e, 0x1   a5=00000001  a5:00000001 
144323390: 10396: [[34m/chip/soc/fc/insn                                    [0m] uart_write:31                    M 1c008486 c.bnez              a5, 0, -6           a5:00000001 
144365036: 10399: [[34m/chip/soc/fc/insn                                    [0m] uart_write:134                   M 1c008480 c.lw                a5, 0(a0)           a5=00000001  a0:1a1020a0  PA:1a1020a0 
144489974: 10408: [[34m/chip/soc/fc/insn                                    [0m] uart_write:134                   M 1c008482 p.bclri             a5, a5, 0x1e, 0x1   a5=00000001  a5:00000001 
144517738: 10410: [[34m/chip/soc/fc/insn                                    [0m] uart_write:31                    M 1c008486 c.bnez              a5, 0, -6           a5:00000001 
144559384: 10413: [[34m/chip/soc/fc/insn                                    [0m] uart_write:134                   M 1c008480 c.lw                a5, 0(a0)           a5=00000001  a0:1a1020a0  PA:1a1020a0 
144684322: 10422: [[34m/chip/soc/fc/insn                                    [0m] uart_write:134                   M 1c008482 p.bclri             a5, a5, 0x1e, 0x1   a5=00000001  a5:00000001 
144712086: 10424: [[34m/chip/soc/fc/insn                                    [0m] uart_write:31                    M 1c008486 c.bnez              a5, 0, -6           a5:00000001 
144753732: 10427: [[34m/chip/soc/fc/insn                                    [0m] uart_write:134                   M 1c008480 c.lw                a5, 0(a0)           a5=00000001  a0:1a1020a0  PA:1a1020a0 
144878670: 10436: [[34m/chip/soc/fc/insn                                    [0m] uart_write:134                   M 1c008482 p.bclri             a5, a5, 0x1e, 0x1   a5=00000001  a5:00000001 
144906434: 10438: [[34m/chip/soc/fc/insn                                    [0m] uart_write:31                    M 1c008486 c.bnez              a5, 0, -6           a5:00000001 
144948080: 10441: [[34m/chip/soc/fc/insn                                    [0m] uart_write:134                   M 1c008480 c.lw                a5, 0(a0)           a5=00000001  a0:1a1020a0  PA:1a1020a0 
145073018: 10450: [[34m/chip/soc/fc/insn                                    [0m] uart_write:134                   M 1c008482 p.bclri             a5, a5, 0x1e, 0x1   a5=00000001  a5:00000001 
145100782: 10452: [[34m/chip/soc/fc/insn                                    [0m] uart_write:31                    M 1c008486 c.bnez              a5, 0, -6           a5:00000001 
145142428: 10455: [[34m/chip/soc/fc/insn                                    [0m] uart_write:134                   M 1c008480 c.lw                a5, 0(a0)           a5=00000001  a0:1a1020a0  PA:1a1020a0 
145267366: 10464: [[34m/chip/soc/fc/insn                                    [0m] uart_write:134                   M 1c008482 p.bclri             a5, a5, 0x1e, 0x1   a5=00000001  a5:00000001 
145295130: 10466: [[34m/chip/soc/fc/insn                                    [0m] uart_write:31                    M 1c008486 c.bnez              a5, 0, -6           a5:00000001 
145336776: 10469: [[34m/chip/soc/fc/insn                                    [0m] uart_write:134                   M 1c008480 c.lw                a5, 0(a0)           a5=00000001  a0:1a1020a0  PA:1a1020a0 
145461714: 10478: [[34m/chip/soc/fc/insn                                    [0m] uart_write:134                   M 1c008482 p.bclri             a5, a5, 0x1e, 0x1   a5=00000001  a5:00000001 
145489478: 10480: [[34m/chip/soc/fc/insn                                    [0m] uart_write:31                    M 1c008486 c.bnez              a5, 0, -6           a5:00000001 
145531124: 10483: [[34m/chip/soc/fc/insn                                    [0m] uart_write:134                   M 1c008480 c.lw                a5, 0(a0)           a5=00000001  a0:1a1020a0  PA:1a1020a0 
145656062: 10492: [[34m/chip/soc/fc/insn                                    [0m] uart_write:134                   M 1c008482 p.bclri             a5, a5, 0x1e, 0x1   a5=00000001  a5:00000001 
145683826: 10494: [[34m/chip/soc/fc/insn                                    [0m] uart_write:31                    M 1c008486 c.bnez              a5, 0, -6           a5:00000001 
145725472: 10497: [[34m/chip/soc/fc/insn                                    [0m] uart_write:134                   M 1c008480 c.lw                a5, 0(a0)           a5=00000001  a0:1a1020a0  PA:1a1020a0 
145850410: 10506: [[34m/chip/soc/fc/insn                                    [0m] uart_write:134                   M 1c008482 p.bclri             a5, a5, 0x1e, 0x1   a5=00000001  a5:00000001 
145878174: 10508: [[34m/chip/soc/fc/insn                                    [0m] uart_write:31                    M 1c008486 c.bnez              a5, 0, -6           a5:00000001 
145919820: 10511: [[34m/chip/soc/fc/insn                                    [0m] uart_write:134                   M 1c008480 c.lw                a5, 0(a0)           a5=00000001  a0:1a1020a0  PA:1a1020a0 
146044758: 10520: [[34m/chip/soc/fc/insn                                    [0m] uart_write:134                   M 1c008482 p.bclri             a5, a5, 0x1e, 0x1   a5=00000001  a5:00000001 
146072522: 10522: [[34m/chip/soc/fc/insn                                    [0m] uart_write:31                    M 1c008486 c.bnez              a5, 0, -6           a5:00000001 
146114168: 10525: [[34m/chip/soc/fc/insn                                    [0m] uart_write:134                   M 1c008480 c.lw                a5, 0(a0)           a5=00000001  a0:1a1020a0  PA:1a1020a0 
146239106: 10534: [[34m/chip/soc/fc/insn                                    [0m] uart_write:134                   M 1c008482 p.bclri             a5, a5, 0x1e, 0x1   a5=00000001  a5:00000001 
146266870: 10536: [[34m/chip/soc/fc/insn                                    [0m] uart_write:31                    M 1c008486 c.bnez              a5, 0, -6           a5:00000001 
146308516: 10539: [[34m/chip/soc/fc/insn                                    [0m] uart_write:134                   M 1c008480 c.lw                a5, 0(a0)           a5=00000001  a0:1a1020a0  PA:1a1020a0 
146433454: 10548: [[34m/chip/soc/fc/insn                                    [0m] uart_write:134                   M 1c008482 p.bclri             a5, a5, 0x1e, 0x1   a5=00000001  a5:00000001 
146461218: 10550: [[34m/chip/soc/fc/insn                                    [0m] uart_write:31                    M 1c008486 c.bnez              a5, 0, -6           a5:00000001 
146502864: 10553: [[34m/chip/soc/fc/insn                                    [0m] uart_write:134                   M 1c008480 c.lw                a5, 0(a0)           a5=00000001  a0:1a1020a0  PA:1a1020a0 
146627802: 10562: [[34m/chip/soc/fc/insn                                    [0m] uart_write:134                   M 1c008482 p.bclri             a5, a5, 0x1e, 0x1   a5=00000001  a5:00000001 
146655566: 10564: [[34m/chip/soc/fc/insn                                    [0m] uart_write:31                    M 1c008486 c.bnez              a5, 0, -6           a5:00000001 
146697212: 10567: [[34m/chip/soc/fc/insn                                    [0m] uart_write:134                   M 1c008480 c.lw                a5, 0(a0)           a5=00000001  a0:1a1020a0  PA:1a1020a0 
146822150: 10576: [[34m/chip/soc/fc/insn                                    [0m] uart_write:134                   M 1c008482 p.bclri             a5, a5, 0x1e, 0x1   a5=00000001  a5:00000001 
146849914: 10578: [[34m/chip/soc/fc/insn                                    [0m] uart_write:31                    M 1c008486 c.bnez              a5, 0, -6           a5:00000001 
146891560: 10581: [[34m/chip/soc/fc/insn                                    [0m] uart_write:134                   M 1c008480 c.lw                a5, 0(a0)           a5=00000001  a0:1a1020a0  PA:1a1020a0 
147016498: 10590: [[34m/chip/soc/fc/insn                                    [0m] uart_write:134                   M 1c008482 p.bclri             a5, a5, 0x1e, 0x1   a5=00000001  a5:00000001 
147044262: 10592: [[34m/chip/soc/fc/insn                                    [0m] uart_write:31                    M 1c008486 c.bnez              a5, 0, -6           a5:00000001 
147085908: 10595: [[34m/chip/soc/fc/insn                                    [0m] uart_write:134                   M 1c008480 c.lw                a5, 0(a0)           a5=00000001  a0:1a1020a0  PA:1a1020a0 
147210846: 10604: [[34m/chip/soc/fc/insn                                    [0m] uart_write:134                   M 1c008482 p.bclri             a5, a5, 0x1e, 0x1   a5=00000001  a5:00000001 
147238610: 10606: [[34m/chip/soc/fc/insn                                    [0m] uart_write:31                    M 1c008486 c.bnez              a5, 0, -6           a5:00000001 
147280256: 10609: [[34m/chip/soc/fc/insn                                    [0m] uart_write:134                   M 1c008480 c.lw                a5, 0(a0)           a5=00000001  a0:1a1020a0  PA:1a1020a0 
147405194: 10618: [[34m/chip/soc/fc/insn                                    [0m] uart_write:134                   M 1c008482 p.bclri             a5, a5, 0x1e, 0x1   a5=00000001  a5:00000001 
147432958: 10620: [[34m/chip/soc/fc/insn                                    [0m] uart_write:31                    M 1c008486 c.bnez              a5, 0, -6           a5:00000001 
147474604: 10623: [[34m/chip/soc/fc/insn                                    [0m] uart_write:134                   M 1c008480 c.lw                a5, 0(a0)           a5=00000001  a0:1a1020a0  PA:1a1020a0 
147599542: 10632: [[34m/chip/soc/fc/insn                                    [0m] uart_write:134                   M 1c008482 p.bclri             a5, a5, 0x1e, 0x1   a5=00000001  a5:00000001 
147627306: 10634: [[34m/chip/soc/fc/insn                                    [0m] uart_write:31                    M 1c008486 c.bnez              a5, 0, -6           a5:00000001 
147668952: 10637: [[34m/chip/soc/fc/insn                                    [0m] uart_write:134                   M 1c008480 c.lw                a5, 0(a0)           a5=00000001  a0:1a1020a0  PA:1a1020a0 
147793890: 10646: [[34m/chip/soc/fc/insn                                    [0m] uart_write:134                   M 1c008482 p.bclri             a5, a5, 0x1e, 0x1   a5=00000001  a5:00000001 
147821654: 10648: [[34m/chip/soc/fc/insn                                    [0m] uart_write:31                    M 1c008486 c.bnez              a5, 0, -6           a5:00000001 
147863300: 10651: [[34m/chip/soc/fc/insn                                    [0m] uart_write:134                   M 1c008480 c.lw                a5, 0(a0)           a5=00000001  a0:1a1020a0  PA:1a1020a0 
147988238: 10660: [[34m/chip/soc/fc/insn                                    [0m] uart_write:134                   M 1c008482 p.bclri             a5, a5, 0x1e, 0x1   a5=00000001  a5:00000001 
148016002: 10662: [[34m/chip/soc/fc/insn                                    [0m] uart_write:31                    M 1c008486 c.bnez              a5, 0, -6           a5:00000001 
148057648: 10665: [[34m/chip/soc/fc/insn                                    [0m] uart_write:134                   M 1c008480 c.lw                a5, 0(a0)           a5=00000001  a0:1a1020a0  PA:1a1020a0 
148182586: 10674: [[34m/chip/soc/fc/insn                                    [0m] uart_write:134                   M 1c008482 p.bclri             a5, a5, 0x1e, 0x1   a5=00000001  a5:00000001 
148210350: 10676: [[34m/chip/soc/fc/insn                                    [0m] uart_write:31                    M 1c008486 c.bnez              a5, 0, -6           a5:00000001 
148251996: 10679: [[34m/chip/soc/fc/insn                                    [0m] uart_write:134                   M 1c008480 c.lw                a5, 0(a0)           a5=00000001  a0:1a1020a0  PA:1a1020a0 
148376934: 10688: [[34m/chip/soc/fc/insn                                    [0m] uart_write:134                   M 1c008482 p.bclri             a5, a5, 0x1e, 0x1   a5=00000001  a5:00000001 
148404698: 10690: [[34m/chip/soc/fc/insn                                    [0m] uart_write:31                    M 1c008486 c.bnez              a5, 0, -6           a5:00000001 
148446344: 10693: [[34m/chip/soc/fc/insn                                    [0m] uart_write:134                   M 1c008480 c.lw                a5, 0(a0)           a5=00000001  a0:1a1020a0  PA:1a1020a0 
148571282: 10702: [[34m/chip/soc/fc/insn                                    [0m] uart_write:134                   M 1c008482 p.bclri             a5, a5, 0x1e, 0x1   a5=00000001  a5:00000001 
148599046: 10704: [[34m/chip/soc/fc/insn                                    [0m] uart_write:31                    M 1c008486 c.bnez              a5, 0, -6           a5:00000001 
148640692: 10707: [[34m/chip/soc/fc/insn                                    [0m] uart_write:134                   M 1c008480 c.lw                a5, 0(a0)           a5=00000001  a0:1a1020a0  PA:1a1020a0 
148765630: 10716: [[34m/chip/soc/fc/insn                                    [0m] uart_write:134                   M 1c008482 p.bclri             a5, a5, 0x1e, 0x1   a5=00000001  a5:00000001 
148793394: 10718: [[34m/chip/soc/fc/insn                                    [0m] uart_write:31                    M 1c008486 c.bnez              a5, 0, -6           a5:00000001 
148835040: 10721: [[34m/chip/soc/fc/insn                                    [0m] uart_write:134                   M 1c008480 c.lw                a5, 0(a0)           a5=00000001  a0:1a1020a0  PA:1a1020a0 
148959978: 10730: [[34m/chip/soc/fc/insn                                    [0m] uart_write:134                   M 1c008482 p.bclri             a5, a5, 0x1e, 0x1   a5=00000001  a5:00000001 
148987742: 10732: [[34m/chip/soc/fc/insn                                    [0m] uart_write:31                    M 1c008486 c.bnez              a5, 0, -6           a5:00000001 
149029388: 10735: [[34m/chip/soc/fc/insn                                    [0m] uart_write:134                   M 1c008480 c.lw                a5, 0(a0)           a5=00000001  a0:1a1020a0  PA:1a1020a0 
149154326: 10744: [[34m/chip/soc/fc/insn                                    [0m] uart_write:134                   M 1c008482 p.bclri             a5, a5, 0x1e, 0x1   a5=00000001  a5:00000001 
149182090: 10746: [[34m/chip/soc/fc/insn                                    [0m] uart_write:31                    M 1c008486 c.bnez              a5, 0, -6           a5:00000001 
149223736: 10749: [[34m/chip/soc/fc/insn                                    [0m] uart_write:134                   M 1c008480 c.lw                a5, 0(a0)           a5=00000001  a0:1a1020a0  PA:1a1020a0 
149348674: 10758: [[34m/chip/soc/fc/insn                                    [0m] uart_write:134                   M 1c008482 p.bclri             a5, a5, 0x1e, 0x1   a5=00000001  a5:00000001 
149376438: 10760: [[34m/chip/soc/fc/insn                                    [0m] uart_write:31                    M 1c008486 c.bnez              a5, 0, -6           a5:00000001 
149418084: 10763: [[34m/chip/soc/fc/insn                                    [0m] uart_write:134                   M 1c008480 c.lw                a5, 0(a0)           a5=00000001  a0:1a1020a0  PA:1a1020a0 
149543022: 10772: [[34m/chip/soc/fc/insn                                    [0m] uart_write:134                   M 1c008482 p.bclri             a5, a5, 0x1e, 0x1   a5=00000001  a5:00000001 
149570786: 10774: [[34m/chip/soc/fc/insn                                    [0m] uart_write:31                    M 1c008486 c.bnez              a5, 0, -6           a5:00000001 
149612432: 10777: [[34m/chip/soc/fc/insn                                    [0m] uart_write:134                   M 1c008480 c.lw                a5, 0(a0)           a5=00000001  a0:1a1020a0  PA:1a1020a0 
149737370: 10786: [[34m/chip/soc/fc/insn                                    [0m] uart_write:134                   M 1c008482 p.bclri             a5, a5, 0x1e, 0x1   a5=00000001  a5:00000001 
149765134: 10788: [[34m/chip/soc/fc/insn                                    [0m] uart_write:31                    M 1c008486 c.bnez              a5, 0, -6           a5:00000001 
149806780: 10791: [[34m/chip/soc/fc/insn                                    [0m] uart_write:134                   M 1c008480 c.lw                a5, 0(a0)           a5=00000001  a0:1a1020a0  PA:1a1020a0 
149931718: 10800: [[34m/chip/soc/fc/insn                                    [0m] uart_write:134                   M 1c008482 p.bclri             a5, a5, 0x1e, 0x1   a5=00000001  a5:00000001 
149959482: 10802: [[34m/chip/soc/fc/insn                                    [0m] uart_write:31                    M 1c008486 c.bnez              a5, 0, -6           a5:00000001 
150001128: 10805: [[34m/chip/soc/fc/insn                                    [0m] uart_write:134                   M 1c008480 c.lw                a5, 0(a0)           a5=00000001  a0:1a1020a0  PA:1a1020a0 
150126066: 10814: [[34m/chip/soc/fc/insn                                    [0m] uart_write:134                   M 1c008482 p.bclri             a5, a5, 0x1e, 0x1   a5=00000001  a5:00000001 
150153830: 10816: [[34m/chip/soc/fc/insn                                    [0m] uart_write:31                    M 1c008486 c.bnez              a5, 0, -6           a5:00000001 
150195476: 10819: [[34m/chip/soc/fc/insn                                    [0m] uart_write:134                   M 1c008480 c.lw                a5, 0(a0)           a5=00000001  a0:1a1020a0  PA:1a1020a0 
150320414: 10828: [[34m/chip/soc/fc/insn                                    [0m] uart_write:134                   M 1c008482 p.bclri             a5, a5, 0x1e, 0x1   a5=00000001  a5:00000001 
150348178: 10830: [[34m/chip/soc/fc/insn                                    [0m] uart_write:31                    M 1c008486 c.bnez              a5, 0, -6           a5:00000001 
150389824: 10833: [[34m/chip/soc/fc/insn                                    [0m] uart_write:134                   M 1c008480 c.lw                a5, 0(a0)           a5=00000001  a0:1a1020a0  PA:1a1020a0 
150514762: 10842: [[34m/chip/soc/fc/insn                                    [0m] uart_write:134                   M 1c008482 p.bclri             a5, a5, 0x1e, 0x1   a5=00000001  a5:00000001 
150542526: 10844: [[34m/chip/soc/fc/insn                                    [0m] uart_write:31                    M 1c008486 c.bnez              a5, 0, -6           a5:00000001 
150584172: 10847: [[34m/chip/soc/fc/insn                                    [0m] uart_write:134                   M 1c008480 c.lw                a5, 0(a0)           a5=00000001  a0:1a1020a0  PA:1a1020a0 
150709110: 10856: [[34m/chip/soc/fc/insn                                    [0m] uart_write:134                   M 1c008482 p.bclri             a5, a5, 0x1e, 0x1   a5=00000001  a5:00000001 
150736874: 10858: [[34m/chip/soc/fc/insn                                    [0m] uart_write:31                    M 1c008486 c.bnez              a5, 0, -6           a5:00000001 
150778520: 10861: [[34m/chip/soc/fc/insn                                    [0m] uart_write:134                   M 1c008480 c.lw                a5, 0(a0)           a5=00000001  a0:1a1020a0  PA:1a1020a0 
150903458: 10870: [[34m/chip/soc/fc/insn                                    [0m] uart_write:134                   M 1c008482 p.bclri             a5, a5, 0x1e, 0x1   a5=00000001  a5:00000001 
150931222: 10872: [[34m/chip/soc/fc/insn                                    [0m] uart_write:31                    M 1c008486 c.bnez              a5, 0, -6           a5:00000001 
150972868: 10875: [[34m/chip/soc/fc/insn                                    [0m] uart_write:134                   M 1c008480 c.lw                a5, 0(a0)           a5=00000001  a0:1a1020a0  PA:1a1020a0 
151097806: 10884: [[34m/chip/soc/fc/insn                                    [0m] uart_write:134                   M 1c008482 p.bclri             a5, a5, 0x1e, 0x1   a5=00000001  a5:00000001 
151125570: 10886: [[34m/chip/soc/fc/insn                                    [0m] uart_write:31                    M 1c008486 c.bnez              a5, 0, -6           a5:00000001 
151167216: 10889: [[34m/chip/soc/fc/insn                                    [0m] uart_write:134                   M 1c008480 c.lw                a5, 0(a0)           a5=00000001  a0:1a1020a0  PA:1a1020a0 
151292154: 10898: [[34m/chip/soc/fc/insn                                    [0m] uart_write:134                   M 1c008482 p.bclri             a5, a5, 0x1e, 0x1   a5=00000001  a5:00000001 
151319918: 10900: [[34m/chip/soc/fc/insn                                    [0m] uart_write:31                    M 1c008486 c.bnez              a5, 0, -6           a5:00000001 
151361564: 10903: [[34m/chip/soc/fc/insn                                    [0m] uart_write:134                   M 1c008480 c.lw                a5, 0(a0)           a5=00000001  a0:1a1020a0  PA:1a1020a0 
151486502: 10912: [[34m/chip/soc/fc/insn                                    [0m] uart_write:134                   M 1c008482 p.bclri             a5, a5, 0x1e, 0x1   a5=00000001  a5:00000001 
151514266: 10914: [[34m/chip/soc/fc/insn                                    [0m] uart_write:31                    M 1c008486 c.bnez              a5, 0, -6           a5:00000001 
151555912: 10917: [[34m/chip/soc/fc/insn                                    [0m] uart_write:134                   M 1c008480 c.lw                a5, 0(a0)           a5=00000001  a0:1a1020a0  PA:1a1020a0 
151680850: 10926: [[34m/chip/soc/fc/insn                                    [0m] uart_write:134                   M 1c008482 p.bclri             a5, a5, 0x1e, 0x1   a5=00000001  a5:00000001 
151708614: 10928: [[34m/chip/soc/fc/insn                                    [0m] uart_write:31                    M 1c008486 c.bnez              a5, 0, -6           a5:00000001 
151750260: 10931: [[34m/chip/soc/fc/insn                                    [0m] uart_write:134                   M 1c008480 c.lw                a5, 0(a0)           a5=00000001  a0:1a1020a0  PA:1a1020a0 
151875198: 10940: [[34m/chip/soc/fc/insn                                    [0m] uart_write:134                   M 1c008482 p.bclri             a5, a5, 0x1e, 0x1   a5=00000001  a5:00000001 
151902962: 10942: [[34m/chip/soc/fc/insn                                    [0m] uart_write:31                    M 1c008486 c.bnez              a5, 0, -6           a5:00000001 
151944608: 10945: [[34m/chip/soc/fc/insn                                    [0m] uart_write:134                   M 1c008480 c.lw                a5, 0(a0)           a5=00000001  a0:1a1020a0  PA:1a1020a0 
152069546: 10954: [[34m/chip/soc/fc/insn                                    [0m] uart_write:134                   M 1c008482 p.bclri             a5, a5, 0x1e, 0x1   a5=00000001  a5:00000001 
152097310: 10956: [[34m/chip/soc/fc/insn                                    [0m] uart_write:31                    M 1c008486 c.bnez              a5, 0, -6           a5:00000001 
152138956: 10959: [[34m/chip/soc/fc/insn                                    [0m] uart_write:134                   M 1c008480 c.lw                a5, 0(a0)           a5=00000001  a0:1a1020a0  PA:1a1020a0 
152263894: 10968: [[34m/chip/soc/fc/insn                                    [0m] uart_write:134                   M 1c008482 p.bclri             a5, a5, 0x1e, 0x1   a5=00000001  a5:00000001 
152291658: 10970: [[34m/chip/soc/fc/insn                                    [0m] uart_write:31                    M 1c008486 c.bnez              a5, 0, -6           a5:00000001 
152333304: 10973: [[34m/chip/soc/fc/insn                                    [0m] uart_write:134                   M 1c008480 c.lw                a5, 0(a0)           a5=00000001  a0:1a1020a0  PA:1a1020a0 
152458242: 10982: [[34m/chip/soc/fc/insn                                    [0m] uart_write:134                   M 1c008482 p.bclri             a5, a5, 0x1e, 0x1   a5=00000001  a5:00000001 
152486006: 10984: [[34m/chip/soc/fc/insn                                    [0m] uart_write:31                    M 1c008486 c.bnez              a5, 0, -6           a5:00000001 
152527652: 10987: [[34m/chip/soc/fc/insn                                    [0m] uart_write:134                   M 1c008480 c.lw                a5, 0(a0)           a5=00000001  a0:1a1020a0  PA:1a1020a0 
152652590: 10996: [[34m/chip/soc/fc/insn                                    [0m] uart_write:134                   M 1c008482 p.bclri             a5, a5, 0x1e, 0x1   a5=00000001  a5:00000001 
152680354: 10998: [[34m/chip/soc/fc/insn                                    [0m] uart_write:31                    M 1c008486 c.bnez              a5, 0, -6           a5:00000001 
152722000: 11001: [[34m/chip/soc/fc/insn                                    [0m] uart_write:134                   M 1c008480 c.lw                a5, 0(a0)           a5=00000001  a0:1a1020a0  PA:1a1020a0 
152846938: 11010: [[34m/chip/soc/fc/insn                                    [0m] uart_write:134                   M 1c008482 p.bclri             a5, a5, 0x1e, 0x1   a5=00000001  a5:00000001 
152874702: 11012: [[34m/chip/soc/fc/insn                                    [0m] uart_write:31                    M 1c008486 c.bnez              a5, 0, -6           a5:00000001 
152916348: 11015: [[34m/chip/soc/fc/insn                                    [0m] uart_write:134                   M 1c008480 c.lw                a5, 0(a0)           a5=00000001  a0:1a1020a0  PA:1a1020a0 
153041286: 11024: [[34m/chip/soc/fc/insn                                    [0m] uart_write:134                   M 1c008482 p.bclri             a5, a5, 0x1e, 0x1   a5=00000001  a5:00000001 
153069050: 11026: [[34m/chip/soc/fc/insn                                    [0m] uart_write:31                    M 1c008486 c.bnez              a5, 0, -6           a5:00000001 
153110696: 11029: [[34m/chip/soc/fc/insn                                    [0m] uart_write:134                   M 1c008480 c.lw                a5, 0(a0)           a5=00000001  a0:1a1020a0  PA:1a1020a0 
153235634: 11038: [[34m/chip/soc/fc/insn                                    [0m] uart_write:134                   M 1c008482 p.bclri             a5, a5, 0x1e, 0x1   a5=00000001  a5:00000001 
153263398: 11040: [[34m/chip/soc/fc/insn                                    [0m] uart_write:31                    M 1c008486 c.bnez              a5, 0, -6           a5:00000001 
153305044: 11043: [[34m/chip/soc/fc/insn                                    [0m] uart_write:134                   M 1c008480 c.lw                a5, 0(a0)           a5=00000001  a0:1a1020a0  PA:1a1020a0 
153429982: 11052: [[34m/chip/soc/fc/insn                                    [0m] uart_write:134                   M 1c008482 p.bclri             a5, a5, 0x1e, 0x1   a5=00000001  a5:00000001 
153457746: 11054: [[34m/chip/soc/fc/insn                                    [0m] uart_write:31                    M 1c008486 c.bnez              a5, 0, -6           a5:00000001 
153499392: 11057: [[34m/chip/soc/fc/insn                                    [0m] uart_write:134                   M 1c008480 c.lw                a5, 0(a0)           a5=00000001  a0:1a1020a0  PA:1a1020a0 
153624330: 11066: [[34m/chip/soc/fc/insn                                    [0m] uart_write:134                   M 1c008482 p.bclri             a5, a5, 0x1e, 0x1   a5=00000001  a5:00000001 
153652094: 11068: [[34m/chip/soc/fc/insn                                    [0m] uart_write:31                    M 1c008486 c.bnez              a5, 0, -6           a5:00000001 
153693740: 11071: [[34m/chip/soc/fc/insn                                    [0m] uart_write:134                   M 1c008480 c.lw                a5, 0(a0)           a5=00000001  a0:1a1020a0  PA:1a1020a0 
153818678: 11080: [[34m/chip/soc/fc/insn                                    [0m] uart_write:134                   M 1c008482 p.bclri             a5, a5, 0x1e, 0x1   a5=00000001  a5:00000001 
153846442: 11082: [[34m/chip/soc/fc/insn                                    [0m] uart_write:31                    M 1c008486 c.bnez              a5, 0, -6           a5:00000001 
153888088: 11085: [[34m/chip/soc/fc/insn                                    [0m] uart_write:134                   M 1c008480 c.lw                a5, 0(a0)           a5=00000001  a0:1a1020a0  PA:1a1020a0 
154013026: 11094: [[34m/chip/soc/fc/insn                                    [0m] uart_write:134                   M 1c008482 p.bclri             a5, a5, 0x1e, 0x1   a5=00000001  a5:00000001 
154040790: 11096: [[34m/chip/soc/fc/insn                                    [0m] uart_write:31                    M 1c008486 c.bnez              a5, 0, -6           a5:00000001 
154082436: 11099: [[34m/chip/soc/fc/insn                                    [0m] uart_write:134                   M 1c008480 c.lw                a5, 0(a0)           a5=00000001  a0:1a1020a0  PA:1a1020a0 
154207374: 11108: [[34m/chip/soc/fc/insn                                    [0m] uart_write:134                   M 1c008482 p.bclri             a5, a5, 0x1e, 0x1   a5=00000001  a5:00000001 
154235138: 11110: [[34m/chip/soc/fc/insn                                    [0m] uart_write:31                    M 1c008486 c.bnez              a5, 0, -6           a5:00000001 
154276784: 11113: [[34m/chip/soc/fc/insn                                    [0m] uart_write:134                   M 1c008480 c.lw                a5, 0(a0)           a5=00000001  a0:1a1020a0  PA:1a1020a0 
154401722: 11122: [[34m/chip/soc/fc/insn                                    [0m] uart_write:134                   M 1c008482 p.bclri             a5, a5, 0x1e, 0x1   a5=00000001  a5:00000001 
154429486: 11124: [[34m/chip/soc/fc/insn                                    [0m] uart_write:31                    M 1c008486 c.bnez              a5, 0, -6           a5:00000001 
154471132: 11127: [[34m/chip/soc/fc/insn                                    [0m] uart_write:134                   M 1c008480 c.lw                a5, 0(a0)           a5=00000001  a0:1a1020a0  PA:1a1020a0 
154596070: 11136: [[34m/chip/soc/fc/insn                                    [0m] uart_write:134                   M 1c008482 p.bclri             a5, a5, 0x1e, 0x1   a5=00000001  a5:00000001 
154623834: 11138: [[34m/chip/soc/fc/insn                                    [0m] uart_write:31                    M 1c008486 c.bnez              a5, 0, -6           a5:00000001 
154665480: 11141: [[34m/chip/soc/fc/insn                                    [0m] uart_write:134                   M 1c008480 c.lw                a5, 0(a0)           a5=00000001  a0:1a1020a0  PA:1a1020a0 
154790418: 11150: [[34m/chip/soc/fc/insn                                    [0m] uart_write:134                   M 1c008482 p.bclri             a5, a5, 0x1e, 0x1   a5=00000001  a5:00000001 
154818182: 11152: [[34m/chip/soc/fc/insn                                    [0m] uart_write:31                    M 1c008486 c.bnez              a5, 0, -6           a5:00000001 
154859828: 11155: [[34m/chip/soc/fc/insn                                    [0m] uart_write:134                   M 1c008480 c.lw                a5, 0(a0)           a5=00000001  a0:1a1020a0  PA:1a1020a0 
154984766: 11164: [[34m/chip/soc/fc/insn                                    [0m] uart_write:134                   M 1c008482 p.bclri             a5, a5, 0x1e, 0x1   a5=00000001  a5:00000001 
155012530: 11166: [[34m/chip/soc/fc/insn                                    [0m] uart_write:31                    M 1c008486 c.bnez              a5, 0, -6           a5:00000001 
155054176: 11169: [[34m/chip/soc/fc/insn                                    [0m] uart_write:134                   M 1c008480 c.lw                a5, 0(a0)           a5=00000001  a0:1a1020a0  PA:1a1020a0 
155179114: 11178: [[34m/chip/soc/fc/insn                                    [0m] uart_write:134                   M 1c008482 p.bclri             a5, a5, 0x1e, 0x1   a5=00000001  a5:00000001 
155206878: 11180: [[34m/chip/soc/fc/insn                                    [0m] uart_write:31                    M 1c008486 c.bnez              a5, 0, -6           a5:00000001 
155248524: 11183: [[34m/chip/soc/fc/insn                                    [0m] uart_write:134                   M 1c008480 c.lw                a5, 0(a0)           a5=00000001  a0:1a1020a0  PA:1a1020a0 
155373462: 11192: [[34m/chip/soc/fc/insn                                    [0m] uart_write:134                   M 1c008482 p.bclri             a5, a5, 0x1e, 0x1   a5=00000001  a5:00000001 
155401226: 11194: [[34m/chip/soc/fc/insn                                    [0m] uart_write:31                    M 1c008486 c.bnez              a5, 0, -6           a5:00000001 
155442872: 11197: [[34m/chip/soc/fc/insn                                    [0m] uart_write:134                   M 1c008480 c.lw                a5, 0(a0)           a5=00000001  a0:1a1020a0  PA:1a1020a0 
155567810: 11206: [[34m/chip/soc/fc/insn                                    [0m] uart_write:134                   M 1c008482 p.bclri             a5, a5, 0x1e, 0x1   a5=00000001  a5:00000001 
155595574: 11208: [[34m/chip/soc/fc/insn                                    [0m] uart_write:31                    M 1c008486 c.bnez              a5, 0, -6           a5:00000001 
155637220: 11211: [[34m/chip/soc/fc/insn                                    [0m] uart_write:134                   M 1c008480 c.lw                a5, 0(a0)           a5=00000001  a0:1a1020a0  PA:1a1020a0 
155762158: 11220: [[34m/chip/soc/fc/insn                                    [0m] uart_write:134                   M 1c008482 p.bclri             a5, a5, 0x1e, 0x1   a5=00000001  a5:00000001 
155789922: 11222: [[34m/chip/soc/fc/insn                                    [0m] uart_write:31                    M 1c008486 c.bnez              a5, 0, -6           a5:00000001 
155831568: 11225: [[34m/chip/soc/fc/insn                                    [0m] uart_write:134                   M 1c008480 c.lw                a5, 0(a0)           a5=00000001  a0:1a1020a0  PA:1a1020a0 
155956506: 11234: [[34m/chip/soc/fc/insn                                    [0m] uart_write:134                   M 1c008482 p.bclri             a5, a5, 0x1e, 0x1   a5=00000001  a5:00000001 
155984270: 11236: [[34m/chip/soc/fc/insn                                    [0m] uart_write:31                    M 1c008486 c.bnez              a5, 0, -6           a5:00000001 
156025916: 11239: [[34m/chip/soc/fc/insn                                    [0m] uart_write:134                   M 1c008480 c.lw                a5, 0(a0)           a5=00000001  a0:1a1020a0  PA:1a1020a0 
156150854: 11248: [[34m/chip/soc/fc/insn                                    [0m] uart_write:134                   M 1c008482 p.bclri             a5, a5, 0x1e, 0x1   a5=00000001  a5:00000001 
156178618: 11250: [[34m/chip/soc/fc/insn                                    [0m] uart_write:31                    M 1c008486 c.bnez              a5, 0, -6           a5:00000001 
156220264: 11253: [[34m/chip/soc/fc/insn                                    [0m] uart_write:134                   M 1c008480 c.lw                a5, 0(a0)           a5=00000001  a0:1a1020a0  PA:1a1020a0 
156345202: 11262: [[34m/chip/soc/fc/insn                                    [0m] uart_write:134                   M 1c008482 p.bclri             a5, a5, 0x1e, 0x1   a5=00000001  a5:00000001 
156372966: 11264: [[34m/chip/soc/fc/insn                                    [0m] uart_write:31                    M 1c008486 c.bnez              a5, 0, -6           a5:00000001 
156414612: 11267: [[34m/chip/soc/fc/insn                                    [0m] uart_write:134                   M 1c008480 c.lw                a5, 0(a0)           a5=00000001  a0:1a1020a0  PA:1a1020a0 
156539550: 11276: [[34m/chip/soc/fc/insn                                    [0m] uart_write:134                   M 1c008482 p.bclri             a5, a5, 0x1e, 0x1   a5=00000001  a5:00000001 
156567314: 11278: [[34m/chip/soc/fc/insn                                    [0m] uart_write:31                    M 1c008486 c.bnez              a5, 0, -6           a5:00000001 
156608960: 11281: [[34m/chip/soc/fc/insn                                    [0m] uart_write:134                   M 1c008480 c.lw                a5, 0(a0)           a5=00000001  a0:1a1020a0  PA:1a1020a0 
156733898: 11290: [[34m/chip/soc/fc/insn                                    [0m] uart_write:134                   M 1c008482 p.bclri             a5, a5, 0x1e, 0x1   a5=00000001  a5:00000001 
156761662: 11292: [[34m/chip/soc/fc/insn                                    [0m] uart_write:31                    M 1c008486 c.bnez              a5, 0, -6           a5:00000001 
156803308: 11295: [[34m/chip/soc/fc/insn                                    [0m] uart_write:134                   M 1c008480 c.lw                a5, 0(a0)           a5=00000001  a0:1a1020a0  PA:1a1020a0 
156928246: 11304: [[34m/chip/soc/fc/insn                                    [0m] uart_write:134                   M 1c008482 p.bclri             a5, a5, 0x1e, 0x1   a5=00000001  a5:00000001 
156956010: 11306: [[34m/chip/soc/fc/insn                                    [0m] uart_write:31                    M 1c008486 c.bnez              a5, 0, -6           a5:00000001 
156997656: 11309: [[34m/chip/soc/fc/insn                                    [0m] uart_write:134                   M 1c008480 c.lw                a5, 0(a0)           a5=00000001  a0:1a1020a0  PA:1a1020a0 
157122594: 11318: [[34m/chip/soc/fc/insn                                    [0m] uart_write:134                   M 1c008482 p.bclri             a5, a5, 0x1e, 0x1   a5=00000001  a5:00000001 
157150358: 11320: [[34m/chip/soc/fc/insn                                    [0m] uart_write:31                    M 1c008486 c.bnez              a5, 0, -6           a5:00000001 
157192004: 11323: [[34m/chip/soc/fc/insn                                    [0m] uart_write:134                   M 1c008480 c.lw                a5, 0(a0)           a5=00000001  a0:1a1020a0  PA:1a1020a0 
157316942: 11332: [[34m/chip/soc/fc/insn                                    [0m] uart_write:134                   M 1c008482 p.bclri             a5, a5, 0x1e, 0x1   a5=00000001  a5:00000001 
157344706: 11334: [[34m/chip/soc/fc/insn                                    [0m] uart_write:31                    M 1c008486 c.bnez              a5, 0, -6           a5:00000001 
157386352: 11337: [[34m/chip/soc/fc/insn                                    [0m] uart_write:134                   M 1c008480 c.lw                a5, 0(a0)           a5=00000001  a0:1a1020a0  PA:1a1020a0 
157511290: 11346: [[34m/chip/soc/fc/insn                                    [0m] uart_write:134                   M 1c008482 p.bclri             a5, a5, 0x1e, 0x1   a5=00000001  a5:00000001 
157539054: 11348: [[34m/chip/soc/fc/insn                                    [0m] uart_write:31                    M 1c008486 c.bnez              a5, 0, -6           a5:00000001 
157580700: 11351: [[34m/chip/soc/fc/insn                                    [0m] uart_write:134                   M 1c008480 c.lw                a5, 0(a0)           a5=00000001  a0:1a1020a0  PA:1a1020a0 
157705638: 11360: [[34m/chip/soc/fc/insn                                    [0m] uart_write:134                   M 1c008482 p.bclri             a5, a5, 0x1e, 0x1   a5=00000001  a5:00000001 
157733402: 11362: [[34m/chip/soc/fc/insn                                    [0m] uart_write:31                    M 1c008486 c.bnez              a5, 0, -6           a5:00000001 
157775048: 11365: [[34m/chip/soc/fc/insn                                    [0m] uart_write:134                   M 1c008480 c.lw                a5, 0(a0)           a5=00000001  a0:1a1020a0  PA:1a1020a0 
157899986: 11374: [[34m/chip/soc/fc/insn                                    [0m] uart_write:134                   M 1c008482 p.bclri             a5, a5, 0x1e, 0x1   a5=00000001  a5:00000001 
157927750: 11376: [[34m/chip/soc/fc/insn                                    [0m] uart_write:31                    M 1c008486 c.bnez              a5, 0, -6           a5:00000001 
157969396: 11379: [[34m/chip/soc/fc/insn                                    [0m] uart_write:134                   M 1c008480 c.lw                a5, 0(a0)           a5=00000001  a0:1a1020a0  PA:1a1020a0 
158094334: 11388: [[34m/chip/soc/fc/insn                                    [0m] uart_write:134                   M 1c008482 p.bclri             a5, a5, 0x1e, 0x1   a5=00000001  a5:00000001 
158122098: 11390: [[34m/chip/soc/fc/insn                                    [0m] uart_write:31                    M 1c008486 c.bnez              a5, 0, -6           a5:00000001 
158163744: 11393: [[34m/chip/soc/fc/insn                                    [0m] uart_write:134                   M 1c008480 c.lw                a5, 0(a0)           a5=00000001  a0:1a1020a0  PA:1a1020a0 
158288682: 11402: [[34m/chip/soc/fc/insn                                    [0m] uart_write:134                   M 1c008482 p.bclri             a5, a5, 0x1e, 0x1   a5=00000001  a5:00000001 
158316446: 11404: [[34m/chip/soc/fc/insn                                    [0m] uart_write:31                    M 1c008486 c.bnez              a5, 0, -6           a5:00000001 
158358092: 11407: [[34m/chip/soc/fc/insn                                    [0m] uart_write:134                   M 1c008480 c.lw                a5, 0(a0)           a5=00000001  a0:1a1020a0  PA:1a1020a0 
158483030: 11416: [[34m/chip/soc/fc/insn                                    [0m] uart_write:134                   M 1c008482 p.bclri             a5, a5, 0x1e, 0x1   a5=00000001  a5:00000001 
158510794: 11418: [[34m/chip/soc/fc/insn                                    [0m] uart_write:31                    M 1c008486 c.bnez              a5, 0, -6           a5:00000001 
158552440: 11421: [[34m/chip/soc/fc/insn                                    [0m] uart_write:134                   M 1c008480 c.lw                a5, 0(a0)           a5=00000001  a0:1a1020a0  PA:1a1020a0 
158677378: 11430: [[34m/chip/soc/fc/insn                                    [0m] uart_write:134                   M 1c008482 p.bclri             a5, a5, 0x1e, 0x1   a5=00000001  a5:00000001 
158705142: 11432: [[34m/chip/soc/fc/insn                                    [0m] uart_write:31                    M 1c008486 c.bnez              a5, 0, -6           a5:00000001 
158746788: 11435: [[34m/chip/soc/fc/insn                                    [0m] uart_write:134                   M 1c008480 c.lw                a5, 0(a0)           a5=00000001  a0:1a1020a0  PA:1a1020a0 
158871726: 11444: [[34m/chip/soc/fc/insn                                    [0m] uart_write:134                   M 1c008482 p.bclri             a5, a5, 0x1e, 0x1   a5=00000001  a5:00000001 
158899490: 11446: [[34m/chip/soc/fc/insn                                    [0m] uart_write:31                    M 1c008486 c.bnez              a5, 0, -6           a5:00000001 
158941136: 11449: [[34m/chip/soc/fc/insn                                    [0m] uart_write:134                   M 1c008480 c.lw                a5, 0(a0)           a5=00000001  a0:1a1020a0  PA:1a1020a0 
159066074: 11458: [[34m/chip/soc/fc/insn                                    [0m] uart_write:134                   M 1c008482 p.bclri             a5, a5, 0x1e, 0x1   a5=00000001  a5:00000001 
159093838: 11460: [[34m/chip/soc/fc/insn                                    [0m] uart_write:31                    M 1c008486 c.bnez              a5, 0, -6           a5:00000001 
159135484: 11463: [[34m/chip/soc/fc/insn                                    [0m] uart_write:134                   M 1c008480 c.lw                a5, 0(a0)           a5=00000001  a0:1a1020a0  PA:1a1020a0 
159260422: 11472: [[34m/chip/soc/fc/insn                                    [0m] uart_write:134                   M 1c008482 p.bclri             a5, a5, 0x1e, 0x1   a5=00000001  a5:00000001 
159288186: 11474: [[34m/chip/soc/fc/insn                                    [0m] uart_write:31                    M 1c008486 c.bnez              a5, 0, -6           a5:00000001 
159329832: 11477: [[34m/chip/soc/fc/insn                                    [0m] uart_write:134                   M 1c008480 c.lw                a5, 0(a0)           a5=00000001  a0:1a1020a0  PA:1a1020a0 
159454770: 11486: [[34m/chip/soc/fc/insn                                    [0m] uart_write:134                   M 1c008482 p.bclri             a5, a5, 0x1e, 0x1   a5=00000001  a5:00000001 
159482534: 11488: [[34m/chip/soc/fc/insn                                    [0m] uart_write:31                    M 1c008486 c.bnez              a5, 0, -6           a5:00000001 
159524180: 11491: [[34m/chip/soc/fc/insn                                    [0m] uart_write:134                   M 1c008480 c.lw                a5, 0(a0)           a5=00000001  a0:1a1020a0  PA:1a1020a0 
159649118: 11500: [[34m/chip/soc/fc/insn                                    [0m] uart_write:134                   M 1c008482 p.bclri             a5, a5, 0x1e, 0x1   a5=00000001  a5:00000001 
159676882: 11502: [[34m/chip/soc/fc/insn                                    [0m] uart_write:31                    M 1c008486 c.bnez              a5, 0, -6           a5:00000001 
159718528: 11505: [[34m/chip/soc/fc/insn                                    [0m] uart_write:134                   M 1c008480 c.lw                a5, 0(a0)           a5=00000001  a0:1a1020a0  PA:1a1020a0 
159843466: 11514: [[34m/chip/soc/fc/insn                                    [0m] uart_write:134                   M 1c008482 p.bclri             a5, a5, 0x1e, 0x1   a5=00000001  a5:00000001 
159871230: 11516: [[34m/chip/soc/fc/insn                                    [0m] uart_write:31                    M 1c008486 c.bnez              a5, 0, -6           a5:00000001 
159912876: 11519: [[34m/chip/soc/fc/insn                                    [0m] uart_write:134                   M 1c008480 c.lw                a5, 0(a0)           a5=00000001  a0:1a1020a0  PA:1a1020a0 
160037814: 11528: [[34m/chip/soc/fc/insn                                    [0m] uart_write:134                   M 1c008482 p.bclri             a5, a5, 0x1e, 0x1   a5=00000001  a5:00000001 
160065578: 11530: [[34m/chip/soc/fc/insn                                    [0m] uart_write:31                    M 1c008486 c.bnez              a5, 0, -6           a5:00000001 
160107224: 11533: [[34m/chip/soc/fc/insn                                    [0m] uart_write:134                   M 1c008480 c.lw                a5, 0(a0)           a5=00000001  a0:1a1020a0  PA:1a1020a0 
160232162: 11542: [[34m/chip/soc/fc/insn                                    [0m] uart_write:134                   M 1c008482 p.bclri             a5, a5, 0x1e, 0x1   a5=00000001  a5:00000001 
160259926: 11544: [[34m/chip/soc/fc/insn                                    [0m] uart_write:31                    M 1c008486 c.bnez              a5, 0, -6           a5:00000001 
160301572: 11547: [[34m/chip/soc/fc/insn                                    [0m] uart_write:134                   M 1c008480 c.lw                a5, 0(a0)           a5=00000001  a0:1a1020a0  PA:1a1020a0 
160426510: 11556: [[34m/chip/soc/fc/insn                                    [0m] uart_write:134                   M 1c008482 p.bclri             a5, a5, 0x1e, 0x1   a5=00000001  a5:00000001 
160454274: 11558: [[34m/chip/soc/fc/insn                                    [0m] uart_write:31                    M 1c008486 c.bnez              a5, 0, -6           a5:00000001 
160495920: 11561: [[34m/chip/soc/fc/insn                                    [0m] uart_write:134                   M 1c008480 c.lw                a5, 0(a0)           a5=00000001  a0:1a1020a0  PA:1a1020a0 
160620858: 11570: [[34m/chip/soc/fc/insn                                    [0m] uart_write:134                   M 1c008482 p.bclri             a5, a5, 0x1e, 0x1   a5=00000001  a5:00000001 
160648622: 11572: [[34m/chip/soc/fc/insn                                    [0m] uart_write:31                    M 1c008486 c.bnez              a5, 0, -6           a5:00000001 
160690268: 11575: [[34m/chip/soc/fc/insn                                    [0m] uart_write:134                   M 1c008480 c.lw                a5, 0(a0)           a5=00000001  a0:1a1020a0  PA:1a1020a0 
160815206: 11584: [[34m/chip/soc/fc/insn                                    [0m] uart_write:134                   M 1c008482 p.bclri             a5, a5, 0x1e, 0x1   a5=00000001  a5:00000001 
160842970: 11586: [[34m/chip/soc/fc/insn                                    [0m] uart_write:31                    M 1c008486 c.bnez              a5, 0, -6           a5:00000001 
160884616: 11589: [[34m/chip/soc/fc/insn                                    [0m] uart_write:134                   M 1c008480 c.lw                a5, 0(a0)           a5=00000001  a0:1a1020a0  PA:1a1020a0 
161009554: 11598: [[34m/chip/soc/fc/insn                                    [0m] uart_write:134                   M 1c008482 p.bclri             a5, a5, 0x1e, 0x1   a5=00000001  a5:00000001 
161037318: 11600: [[34m/chip/soc/fc/insn                                    [0m] uart_write:31                    M 1c008486 c.bnez              a5, 0, -6           a5:00000001 
161078964: 11603: [[34m/chip/soc/fc/insn                                    [0m] uart_write:134                   M 1c008480 c.lw                a5, 0(a0)           a5=00000001  a0:1a1020a0  PA:1a1020a0 
161203902: 11612: [[34m/chip/soc/fc/insn                                    [0m] uart_write:134                   M 1c008482 p.bclri             a5, a5, 0x1e, 0x1   a5=00000001  a5:00000001 
161231666: 11614: [[34m/chip/soc/fc/insn                                    [0m] uart_write:31                    M 1c008486 c.bnez              a5, 0, -6           a5:00000001 
161273312: 11617: [[34m/chip/soc/fc/insn                                    [0m] uart_write:134                   M 1c008480 c.lw                a5, 0(a0)           a5=00000001  a0:1a1020a0  PA:1a1020a0 
161398250: 11626: [[34m/chip/soc/fc/insn                                    [0m] uart_write:134                   M 1c008482 p.bclri             a5, a5, 0x1e, 0x1   a5=00000001  a5:00000001 
161426014: 11628: [[34m/chip/soc/fc/insn                                    [0m] uart_write:31                    M 1c008486 c.bnez              a5, 0, -6           a5:00000001 
161467660: 11631: [[34m/chip/soc/fc/insn                                    [0m] uart_write:134                   M 1c008480 c.lw                a5, 0(a0)           a5=00000001  a0:1a1020a0  PA:1a1020a0 
161592598: 11640: [[34m/chip/soc/fc/insn                                    [0m] uart_write:134                   M 1c008482 p.bclri             a5, a5, 0x1e, 0x1   a5=00000001  a5:00000001 
161620362: 11642: [[34m/chip/soc/fc/insn                                    [0m] uart_write:31                    M 1c008486 c.bnez              a5, 0, -6           a5:00000001 
161662008: 11645: [[34m/chip/soc/fc/insn                                    [0m] uart_write:134                   M 1c008480 c.lw                a5, 0(a0)           a5=00000001  a0:1a1020a0  PA:1a1020a0 
161786946: 11654: [[34m/chip/soc/fc/insn                                    [0m] uart_write:134                   M 1c008482 p.bclri             a5, a5, 0x1e, 0x1   a5=00000001  a5:00000001 
161814710: 11656: [[34m/chip/soc/fc/insn                                    [0m] uart_write:31                    M 1c008486 c.bnez              a5, 0, -6           a5:00000001 
161856356: 11659: [[34m/chip/soc/fc/insn                                    [0m] uart_write:134                   M 1c008480 c.lw                a5, 0(a0)           a5=00000001  a0:1a1020a0  PA:1a1020a0 
161981294: 11668: [[34m/chip/soc/fc/insn                                    [0m] uart_write:134                   M 1c008482 p.bclri             a5, a5, 0x1e, 0x1   a5=00000001  a5:00000001 
162009058: 11670: [[34m/chip/soc/fc/insn                                    [0m] uart_write:31                    M 1c008486 c.bnez              a5, 0, -6           a5:00000001 
162050704: 11673: [[34m/chip/soc/fc/insn                                    [0m] uart_write:134                   M 1c008480 c.lw                a5, 0(a0)           a5=00000001  a0:1a1020a0  PA:1a1020a0 
162175642: 11682: [[34m/chip/soc/fc/insn                                    [0m] uart_write:134                   M 1c008482 p.bclri             a5, a5, 0x1e, 0x1   a5=00000001  a5:00000001 
162203406: 11684: [[34m/chip/soc/fc/insn                                    [0m] uart_write:31                    M 1c008486 c.bnez              a5, 0, -6           a5:00000001 
162245052: 11687: [[34m/chip/soc/fc/insn                                    [0m] uart_write:134                   M 1c008480 c.lw                a5, 0(a0)           a5=00000001  a0:1a1020a0  PA:1a1020a0 
162369990: 11696: [[34m/chip/soc/fc/insn                                    [0m] uart_write:134                   M 1c008482 p.bclri             a5, a5, 0x1e, 0x1   a5=00000001  a5:00000001 
162397754: 11698: [[34m/chip/soc/fc/insn                                    [0m] uart_write:31                    M 1c008486 c.bnez              a5, 0, -6           a5:00000001 
162439400: 11701: [[34m/chip/soc/fc/insn                                    [0m] uart_write:134                   M 1c008480 c.lw                a5, 0(a0)           a5=00000001  a0:1a1020a0  PA:1a1020a0 
162564338: 11710: [[34m/chip/soc/fc/insn                                    [0m] uart_write:134                   M 1c008482 p.bclri             a5, a5, 0x1e, 0x1   a5=00000001  a5:00000001 
162592102: 11712: [[34m/chip/soc/fc/insn                                    [0m] uart_write:31                    M 1c008486 c.bnez              a5, 0, -6           a5:00000001 
162633748: 11715: [[34m/chip/soc/fc/insn                                    [0m] uart_write:134                   M 1c008480 c.lw                a5, 0(a0)           a5=00000001  a0:1a1020a0  PA:1a1020a0 
162758686: 11724: [[34m/chip/soc/fc/insn                                    [0m] uart_write:134                   M 1c008482 p.bclri             a5, a5, 0x1e, 0x1   a5=00000001  a5:00000001 
162786450: 11726: [[34m/chip/soc/fc/insn                                    [0m] uart_write:31                    M 1c008486 c.bnez              a5, 0, -6           a5:00000001 
162828096: 11729: [[34m/chip/soc/fc/insn                                    [0m] uart_write:134                   M 1c008480 c.lw                a5, 0(a0)           a5=00000001  a0:1a1020a0  PA:1a1020a0 
162953034: 11738: [[34m/chip/soc/fc/insn                                    [0m] uart_write:134                   M 1c008482 p.bclri             a5, a5, 0x1e, 0x1   a5=00000001  a5:00000001 
162980798: 11740: [[34m/chip/soc/fc/insn                                    [0m] uart_write:31                    M 1c008486 c.bnez              a5, 0, -6           a5:00000001 
163022444: 11743: [[34m/chip/soc/fc/insn                                    [0m] uart_write:134                   M 1c008480 c.lw                a5, 0(a0)           a5=00000001  a0:1a1020a0  PA:1a1020a0 
163147382: 11752: [[34m/chip/soc/fc/insn                                    [0m] uart_write:134                   M 1c008482 p.bclri             a5, a5, 0x1e, 0x1   a5=00000001  a5:00000001 
163175146: 11754: [[34m/chip/soc/fc/insn                                    [0m] uart_write:31                    M 1c008486 c.bnez              a5, 0, -6           a5:00000001 
163216792: 11757: [[34m/chip/soc/fc/insn                                    [0m] uart_write:134                   M 1c008480 c.lw                a5, 0(a0)           a5=00000001  a0:1a1020a0  PA:1a1020a0 
163341730: 11766: [[34m/chip/soc/fc/insn                                    [0m] uart_write:134                   M 1c008482 p.bclri             a5, a5, 0x1e, 0x1   a5=00000001  a5:00000001 
163369494: 11768: [[34m/chip/soc/fc/insn                                    [0m] uart_write:31                    M 1c008486 c.bnez              a5, 0, -6           a5:00000001 
163411140: 11771: [[34m/chip/soc/fc/insn                                    [0m] uart_write:134                   M 1c008480 c.lw                a5, 0(a0)           a5=00000001  a0:1a1020a0  PA:1a1020a0 
163536078: 11780: [[34m/chip/soc/fc/insn                                    [0m] uart_write:134                   M 1c008482 p.bclri             a5, a5, 0x1e, 0x1   a5=00000001  a5:00000001 
163563842: 11782: [[34m/chip/soc/fc/insn                                    [0m] uart_write:31                    M 1c008486 c.bnez              a5, 0, -6           a5:00000001 
163605488: 11785: [[34m/chip/soc/fc/insn                                    [0m] uart_write:134                   M 1c008480 c.lw                a5, 0(a0)           a5=00000001  a0:1a1020a0  PA:1a1020a0 
163730426: 11794: [[34m/chip/soc/fc/insn                                    [0m] uart_write:134                   M 1c008482 p.bclri             a5, a5, 0x1e, 0x1   a5=00000001  a5:00000001 
163758190: 11796: [[34m/chip/soc/fc/insn                                    [0m] uart_write:31                    M 1c008486 c.bnez              a5, 0, -6           a5:00000001 
163799836: 11799: [[34m/chip/soc/fc/insn                                    [0m] uart_write:134                   M 1c008480 c.lw                a5, 0(a0)           a5=00000001  a0:1a1020a0  PA:1a1020a0 
163924774: 11808: [[34m/chip/soc/fc/insn                                    [0m] uart_write:134                   M 1c008482 p.bclri             a5, a5, 0x1e, 0x1   a5=00000001  a5:00000001 
163952538: 11810: [[34m/chip/soc/fc/insn                                    [0m] uart_write:31                    M 1c008486 c.bnez              a5, 0, -6           a5:00000001 
163994184: 11813: [[34m/chip/soc/fc/insn                                    [0m] uart_write:134                   M 1c008480 c.lw                a5, 0(a0)           a5=00000001  a0:1a1020a0  PA:1a1020a0 
164119122: 11822: [[34m/chip/soc/fc/insn                                    [0m] uart_write:134                   M 1c008482 p.bclri             a5, a5, 0x1e, 0x1   a5=00000001  a5:00000001 
164146886: 11824: [[34m/chip/soc/fc/insn                                    [0m] uart_write:31                    M 1c008486 c.bnez              a5, 0, -6           a5:00000001 
164188532: 11827: [[34m/chip/soc/fc/insn                                    [0m] uart_write:134                   M 1c008480 c.lw                a5, 0(a0)           a5=00000001  a0:1a1020a0  PA:1a1020a0 
164313470: 11836: [[34m/chip/soc/fc/insn                                    [0m] uart_write:134                   M 1c008482 p.bclri             a5, a5, 0x1e, 0x1   a5=00000001  a5:00000001 
164341234: 11838: [[34m/chip/soc/fc/insn                                    [0m] uart_write:31                    M 1c008486 c.bnez              a5, 0, -6           a5:00000001 
164382880: 11841: [[34m/chip/soc/fc/insn                                    [0m] uart_write:134                   M 1c008480 c.lw                a5, 0(a0)           a5=00000001  a0:1a1020a0  PA:1a1020a0 
164507818: 11850: [[34m/chip/soc/fc/insn                                    [0m] uart_write:134                   M 1c008482 p.bclri             a5, a5, 0x1e, 0x1   a5=00000001  a5:00000001 
164535582: 11852: [[34m/chip/soc/fc/insn                                    [0m] uart_write:31                    M 1c008486 c.bnez              a5, 0, -6           a5:00000001 
164577228: 11855: [[34m/chip/soc/fc/insn                                    [0m] uart_write:134                   M 1c008480 c.lw                a5, 0(a0)           a5=00000001  a0:1a1020a0  PA:1a1020a0 
164702166: 11864: [[34m/chip/soc/fc/insn                                    [0m] uart_write:134                   M 1c008482 p.bclri             a5, a5, 0x1e, 0x1   a5=00000001  a5:00000001 
164729930: 11866: [[34m/chip/soc/fc/insn                                    [0m] uart_write:31                    M 1c008486 c.bnez              a5, 0, -6           a5:00000001 
164771576: 11869: [[34m/chip/soc/fc/insn                                    [0m] uart_write:134                   M 1c008480 c.lw                a5, 0(a0)           a5=00000001  a0:1a1020a0  PA:1a1020a0 
164896514: 11878: [[34m/chip/soc/fc/insn                                    [0m] uart_write:134                   M 1c008482 p.bclri             a5, a5, 0x1e, 0x1   a5=00000001  a5:00000001 
164924278: 11880: [[34m/chip/soc/fc/insn                                    [0m] uart_write:31                    M 1c008486 c.bnez              a5, 0, -6           a5:00000001 
164965924: 11883: [[34m/chip/soc/fc/insn                                    [0m] uart_write:134                   M 1c008480 c.lw                a5, 0(a0)           a5=00000001  a0:1a1020a0  PA:1a1020a0 
165090862: 11892: [[34m/chip/soc/fc/insn                                    [0m] uart_write:134                   M 1c008482 p.bclri             a5, a5, 0x1e, 0x1   a5=00000001  a5:00000001 
165118626: 11894: [[34m/chip/soc/fc/insn                                    [0m] uart_write:31                    M 1c008486 c.bnez              a5, 0, -6           a5:00000001 
165160272: 11897: [[34m/chip/soc/fc/insn                                    [0m] uart_write:134                   M 1c008480 c.lw                a5, 0(a0)           a5=00000001  a0:1a1020a0  PA:1a1020a0 
165285210: 11906: [[34m/chip/soc/fc/insn                                    [0m] uart_write:134                   M 1c008482 p.bclri             a5, a5, 0x1e, 0x1   a5=00000001  a5:00000001 
165312974: 11908: [[34m/chip/soc/fc/insn                                    [0m] uart_write:31                    M 1c008486 c.bnez              a5, 0, -6           a5:00000001 
165354620: 11911: [[34m/chip/soc/fc/insn                                    [0m] uart_write:134                   M 1c008480 c.lw                a5, 0(a0)           a5=00000001  a0:1a1020a0  PA:1a1020a0 
165479558: 11920: [[34m/chip/soc/fc/insn                                    [0m] uart_write:134                   M 1c008482 p.bclri             a5, a5, 0x1e, 0x1   a5=00000001  a5:00000001 
165507322: 11922: [[34m/chip/soc/fc/insn                                    [0m] uart_write:31                    M 1c008486 c.bnez              a5, 0, -6           a5:00000001 
165548968: 11925: [[34m/chip/soc/fc/insn                                    [0m] uart_write:134                   M 1c008480 c.lw                a5, 0(a0)           a5=00000001  a0:1a1020a0  PA:1a1020a0 
165673906: 11934: [[34m/chip/soc/fc/insn                                    [0m] uart_write:134                   M 1c008482 p.bclri             a5, a5, 0x1e, 0x1   a5=00000001  a5:00000001 
165701670: 11936: [[34m/chip/soc/fc/insn                                    [0m] uart_write:31                    M 1c008486 c.bnez              a5, 0, -6           a5:00000001 
165743316: 11939: [[34m/chip/soc/fc/insn                                    [0m] uart_write:134                   M 1c008480 c.lw                a5, 0(a0)           a5=00000001  a0:1a1020a0  PA:1a1020a0 
165868254: 11948: [[34m/chip/soc/fc/insn                                    [0m] uart_write:134                   M 1c008482 p.bclri             a5, a5, 0x1e, 0x1   a5=00000001  a5:00000001 
165896018: 11950: [[34m/chip/soc/fc/insn                                    [0m] uart_write:31                    M 1c008486 c.bnez              a5, 0, -6           a5:00000001 
165937664: 11953: [[34m/chip/soc/fc/insn                                    [0m] uart_write:134                   M 1c008480 c.lw                a5, 0(a0)           a5=00000001  a0:1a1020a0  PA:1a1020a0 
166062602: 11962: [[34m/chip/soc/fc/insn                                    [0m] uart_write:134                   M 1c008482 p.bclri             a5, a5, 0x1e, 0x1   a5=00000001  a5:00000001 
166090366: 11964: [[34m/chip/soc/fc/insn                                    [0m] uart_write:31                    M 1c008486 c.bnez              a5, 0, -6           a5:00000001 
166132012: 11967: [[34m/chip/soc/fc/insn                                    [0m] uart_write:134                   M 1c008480 c.lw                a5, 0(a0)           a5=00000001  a0:1a1020a0  PA:1a1020a0 
166256950: 11976: [[34m/chip/soc/fc/insn                                    [0m] uart_write:134                   M 1c008482 p.bclri             a5, a5, 0x1e, 0x1   a5=00000001  a5:00000001 
166284714: 11978: [[34m/chip/soc/fc/insn                                    [0m] uart_write:31                    M 1c008486 c.bnez              a5, 0, -6           a5:00000001 
166326360: 11981: [[34m/chip/soc/fc/insn                                    [0m] uart_write:134                   M 1c008480 c.lw                a5, 0(a0)           a5=00000001  a0:1a1020a0  PA:1a1020a0 
166451298: 11990: [[34m/chip/soc/fc/insn                                    [0m] uart_write:134                   M 1c008482 p.bclri             a5, a5, 0x1e, 0x1   a5=00000001  a5:00000001 
166479062: 11992: [[34m/chip/soc/fc/insn                                    [0m] uart_write:31                    M 1c008486 c.bnez              a5, 0, -6           a5:00000001 
166520708: 11995: [[34m/chip/soc/fc/insn                                    [0m] uart_write:134                   M 1c008480 c.lw                a5, 0(a0)           a5=00000001  a0:1a1020a0  PA:1a1020a0 
166645646: 12004: [[34m/chip/soc/fc/insn                                    [0m] uart_write:134                   M 1c008482 p.bclri             a5, a5, 0x1e, 0x1   a5=00000001  a5:00000001 
166673410: 12006: [[34m/chip/soc/fc/insn                                    [0m] uart_write:31                    M 1c008486 c.bnez              a5, 0, -6           a5:00000001 
166715056: 12009: [[34m/chip/soc/fc/insn                                    [0m] uart_write:134                   M 1c008480 c.lw                a5, 0(a0)           a5=00000001  a0:1a1020a0  PA:1a1020a0 
166839994: 12018: [[34m/chip/soc/fc/insn                                    [0m] uart_write:134                   M 1c008482 p.bclri             a5, a5, 0x1e, 0x1   a5=00000001  a5:00000001 
166867758: 12020: [[34m/chip/soc/fc/insn                                    [0m] uart_write:31                    M 1c008486 c.bnez              a5, 0, -6           a5:00000001 
166909404: 12023: [[34m/chip/soc/fc/insn                                    [0m] uart_write:134                   M 1c008480 c.lw                a5, 0(a0)           a5=00000001  a0:1a1020a0  PA:1a1020a0 
167034342: 12032: [[34m/chip/soc/fc/insn                                    [0m] uart_write:134                   M 1c008482 p.bclri             a5, a5, 0x1e, 0x1   a5=00000001  a5:00000001 
167062106: 12034: [[34m/chip/soc/fc/insn                                    [0m] uart_write:31                    M 1c008486 c.bnez              a5, 0, -6           a5:00000001 
167103752: 12037: [[34m/chip/soc/fc/insn                                    [0m] uart_write:134                   M 1c008480 c.lw                a5, 0(a0)           a5=00000001  a0:1a1020a0  PA:1a1020a0 
167228690: 12046: [[34m/chip/soc/fc/insn                                    [0m] uart_write:134                   M 1c008482 p.bclri             a5, a5, 0x1e, 0x1   a5=00000001  a5:00000001 
167256454: 12048: [[34m/chip/soc/fc/insn                                    [0m] uart_write:31                    M 1c008486 c.bnez              a5, 0, -6           a5:00000001 
167298100: 12051: [[34m/chip/soc/fc/insn                                    [0m] uart_write:134                   M 1c008480 c.lw                a5, 0(a0)           a5=00000001  a0:1a1020a0  PA:1a1020a0 
167423038: 12060: [[34m/chip/soc/fc/insn                                    [0m] uart_write:134                   M 1c008482 p.bclri             a5, a5, 0x1e, 0x1   a5=00000001  a5:00000001 
167450802: 12062: [[34m/chip/soc/fc/insn                                    [0m] uart_write:31                    M 1c008486 c.bnez              a5, 0, -6           a5:00000001 
167492448: 12065: [[34m/chip/soc/fc/insn                                    [0m] uart_write:134                   M 1c008480 c.lw                a5, 0(a0)           a5=00000001  a0:1a1020a0  PA:1a1020a0 
167617386: 12074: [[34m/chip/soc/fc/insn                                    [0m] uart_write:134                   M 1c008482 p.bclri             a5, a5, 0x1e, 0x1   a5=00000001  a5:00000001 
167645150: 12076: [[34m/chip/soc/fc/insn                                    [0m] uart_write:31                    M 1c008486 c.bnez              a5, 0, -6           a5:00000001 
167686796: 12079: [[34m/chip/soc/fc/insn                                    [0m] uart_write:134                   M 1c008480 c.lw                a5, 0(a0)           a5=00000001  a0:1a1020a0  PA:1a1020a0 
167811734: 12088: [[34m/chip/soc/fc/insn                                    [0m] uart_write:134                   M 1c008482 p.bclri             a5, a5, 0x1e, 0x1   a5=00000001  a5:00000001 
167839498: 12090: [[34m/chip/soc/fc/insn                                    [0m] uart_write:31                    M 1c008486 c.bnez              a5, 0, -6           a5:00000001 
167881144: 12093: [[34m/chip/soc/fc/insn                                    [0m] uart_write:134                   M 1c008480 c.lw                a5, 0(a0)           a5=00000001  a0:1a1020a0  PA:1a1020a0 
168006082: 12102: [[34m/chip/soc/fc/insn                                    [0m] uart_write:134                   M 1c008482 p.bclri             a5, a5, 0x1e, 0x1   a5=00000001  a5:00000001 
168033846: 12104: [[34m/chip/soc/fc/insn                                    [0m] uart_write:31                    M 1c008486 c.bnez              a5, 0, -6           a5:00000001 
168075492: 12107: [[34m/chip/soc/fc/insn                                    [0m] uart_write:134                   M 1c008480 c.lw                a5, 0(a0)           a5=00000001  a0:1a1020a0  PA:1a1020a0 
168200430: 12116: [[34m/chip/soc/fc/insn                                    [0m] uart_write:134                   M 1c008482 p.bclri             a5, a5, 0x1e, 0x1   a5=00000001  a5:00000001 
168228194: 12118: [[34m/chip/soc/fc/insn                                    [0m] uart_write:31                    M 1c008486 c.bnez              a5, 0, -6           a5:00000001 
168269840: 12121: [[34m/chip/soc/fc/insn                                    [0m] uart_write:134                   M 1c008480 c.lw                a5, 0(a0)           a5=00000001  a0:1a1020a0  PA:1a1020a0 
168394778: 12130: [[34m/chip/soc/fc/insn                                    [0m] uart_write:134                   M 1c008482 p.bclri             a5, a5, 0x1e, 0x1   a5=00000001  a5:00000001 
168422542: 12132: [[34m/chip/soc/fc/insn                                    [0m] uart_write:31                    M 1c008486 c.bnez              a5, 0, -6           a5:00000001 
168464188: 12135: [[34m/chip/soc/fc/insn                                    [0m] uart_write:134                   M 1c008480 c.lw                a5, 0(a0)           a5=00000001  a0:1a1020a0  PA:1a1020a0 
168589126: 12144: [[34m/chip/soc/fc/insn                                    [0m] uart_write:134                   M 1c008482 p.bclri             a5, a5, 0x1e, 0x1   a5=00000001  a5:00000001 
168616890: 12146: [[34m/chip/soc/fc/insn                                    [0m] uart_write:31                    M 1c008486 c.bnez              a5, 0, -6           a5:00000001 
168658536: 12149: [[34m/chip/soc/fc/insn                                    [0m] uart_write:134                   M 1c008480 c.lw                a5, 0(a0)           a5=00000001  a0:1a1020a0  PA:1a1020a0 
168783474: 12158: [[34m/chip/soc/fc/insn                                    [0m] uart_write:134                   M 1c008482 p.bclri             a5, a5, 0x1e, 0x1   a5=00000001  a5:00000001 
168811238: 12160: [[34m/chip/soc/fc/insn                                    [0m] uart_write:31                    M 1c008486 c.bnez              a5, 0, -6           a5:00000001 
168852884: 12163: [[34m/chip/soc/fc/insn                                    [0m] uart_write:134                   M 1c008480 c.lw                a5, 0(a0)           a5=00000001  a0:1a1020a0  PA:1a1020a0 
168977822: 12172: [[34m/chip/soc/fc/insn                                    [0m] uart_write:134                   M 1c008482 p.bclri             a5, a5, 0x1e, 0x1   a5=00000001  a5:00000001 
169005586: 12174: [[34m/chip/soc/fc/insn                                    [0m] uart_write:31                    M 1c008486 c.bnez              a5, 0, -6           a5:00000001 
169047232: 12177: [[34m/chip/soc/fc/insn                                    [0m] uart_write:134                   M 1c008480 c.lw                a5, 0(a0)           a5=00000001  a0:1a1020a0  PA:1a1020a0 
169172170: 12186: [[34m/chip/soc/fc/insn                                    [0m] uart_write:134                   M 1c008482 p.bclri             a5, a5, 0x1e, 0x1   a5=00000001  a5:00000001 
169199934: 12188: [[34m/chip/soc/fc/insn                                    [0m] uart_write:31                    M 1c008486 c.bnez              a5, 0, -6           a5:00000001 
169241580: 12191: [[34m/chip/soc/fc/insn                                    [0m] uart_write:134                   M 1c008480 c.lw                a5, 0(a0)           a5=00000001  a0:1a1020a0  PA:1a1020a0 
169366518: 12200: [[34m/chip/soc/fc/insn                                    [0m] uart_write:134                   M 1c008482 p.bclri             a5, a5, 0x1e, 0x1   a5=00000001  a5:00000001 
169394282: 12202: [[34m/chip/soc/fc/insn                                    [0m] uart_write:31                    M 1c008486 c.bnez              a5, 0, -6           a5:00000001 
169435928: 12205: [[34m/chip/soc/fc/insn                                    [0m] uart_write:134                   M 1c008480 c.lw                a5, 0(a0)           a5=00000001  a0:1a1020a0  PA:1a1020a0 
169560866: 12214: [[34m/chip/soc/fc/insn                                    [0m] uart_write:134                   M 1c008482 p.bclri             a5, a5, 0x1e, 0x1   a5=00000001  a5:00000001 
169588630: 12216: [[34m/chip/soc/fc/insn                                    [0m] uart_write:31                    M 1c008486 c.bnez              a5, 0, -6           a5:00000001 
169630276: 12219: [[34m/chip/soc/fc/insn                                    [0m] uart_write:134                   M 1c008480 c.lw                a5, 0(a0)           a5=00000001  a0:1a1020a0  PA:1a1020a0 
169755214: 12228: [[34m/chip/soc/fc/insn                                    [0m] uart_write:134                   M 1c008482 p.bclri             a5, a5, 0x1e, 0x1   a5=00000001  a5:00000001 
169782978: 12230: [[34m/chip/soc/fc/insn                                    [0m] uart_write:31                    M 1c008486 c.bnez              a5, 0, -6           a5:00000001 
169824624: 12233: [[34m/chip/soc/fc/insn                                    [0m] uart_write:134                   M 1c008480 c.lw                a5, 0(a0)           a5=00000001  a0:1a1020a0  PA:1a1020a0 
169949562: 12242: [[34m/chip/soc/fc/insn                                    [0m] uart_write:134                   M 1c008482 p.bclri             a5, a5, 0x1e, 0x1   a5=00000001  a5:00000001 
169977326: 12244: [[34m/chip/soc/fc/insn                                    [0m] uart_write:31                    M 1c008486 c.bnez              a5, 0, -6           a5:00000001 
170018972: 12247: [[34m/chip/soc/fc/insn                                    [0m] uart_write:134                   M 1c008480 c.lw                a5, 0(a0)           a5=00000001  a0:1a1020a0  PA:1a1020a0 
170143910: 12256: [[34m/chip/soc/fc/insn                                    [0m] uart_write:134                   M 1c008482 p.bclri             a5, a5, 0x1e, 0x1   a5=00000001  a5:00000001 
170171674: 12258: [[34m/chip/soc/fc/insn                                    [0m] uart_write:31                    M 1c008486 c.bnez              a5, 0, -6           a5:00000001 
170213320: 12261: [[34m/chip/soc/fc/insn                                    [0m] uart_write:134                   M 1c008480 c.lw                a5, 0(a0)           a5=00000001  a0:1a1020a0  PA:1a1020a0 
170338258: 12270: [[34m/chip/soc/fc/insn                                    [0m] uart_write:134                   M 1c008482 p.bclri             a5, a5, 0x1e, 0x1   a5=00000001  a5:00000001 
170366022: 12272: [[34m/chip/soc/fc/insn                                    [0m] uart_write:31                    M 1c008486 c.bnez              a5, 0, -6           a5:00000001 
170407668: 12275: [[34m/chip/soc/fc/insn                                    [0m] uart_write:134                   M 1c008480 c.lw                a5, 0(a0)           a5=00000001  a0:1a1020a0  PA:1a1020a0 
170532606: 12284: [[34m/chip/soc/fc/insn                                    [0m] uart_write:134                   M 1c008482 p.bclri             a5, a5, 0x1e, 0x1   a5=00000001  a5:00000001 
170560370: 12286: [[34m/chip/soc/fc/insn                                    [0m] uart_write:31                    M 1c008486 c.bnez              a5, 0, -6           a5:00000001 
170602016: 12289: [[34m/chip/soc/fc/insn                                    [0m] uart_write:134                   M 1c008480 c.lw                a5, 0(a0)           a5=00000001  a0:1a1020a0  PA:1a1020a0 
170726954: 12298: [[34m/chip/soc/fc/insn                                    [0m] uart_write:134                   M 1c008482 p.bclri             a5, a5, 0x1e, 0x1   a5=00000001  a5:00000001 
170754718: 12300: [[34m/chip/soc/fc/insn                                    [0m] uart_write:31                    M 1c008486 c.bnez              a5, 0, -6           a5:00000001 
170796364: 12303: [[34m/chip/soc/fc/insn                                    [0m] uart_write:134                   M 1c008480 c.lw                a5, 0(a0)           a5=00000001  a0:1a1020a0  PA:1a1020a0 
170921302: 12312: [[34m/chip/soc/fc/insn                                    [0m] uart_write:134                   M 1c008482 p.bclri             a5, a5, 0x1e, 0x1   a5=00000001  a5:00000001 
170949066: 12314: [[34m/chip/soc/fc/insn                                    [0m] uart_write:31                    M 1c008486 c.bnez              a5, 0, -6           a5:00000001 
170990712: 12317: [[34m/chip/soc/fc/insn                                    [0m] uart_write:134                   M 1c008480 c.lw                a5, 0(a0)           a5=00000001  a0:1a1020a0  PA:1a1020a0 
171115650: 12326: [[34m/chip/soc/fc/insn                                    [0m] uart_write:134                   M 1c008482 p.bclri             a5, a5, 0x1e, 0x1   a5=00000001  a5:00000001 
171143414: 12328: [[34m/chip/soc/fc/insn                                    [0m] uart_write:31                    M 1c008486 c.bnez              a5, 0, -6           a5:00000001 
171185060: 12331: [[34m/chip/soc/fc/insn                                    [0m] uart_write:134                   M 1c008480 c.lw                a5, 0(a0)           a5=00000001  a0:1a1020a0  PA:1a1020a0 
171309998: 12340: [[34m/chip/soc/fc/insn                                    [0m] uart_write:134                   M 1c008482 p.bclri             a5, a5, 0x1e, 0x1   a5=00000001  a5:00000001 
171337762: 12342: [[34m/chip/soc/fc/insn                                    [0m] uart_write:31                    M 1c008486 c.bnez              a5, 0, -6           a5:00000001 
171379408: 12345: [[34m/chip/soc/fc/insn                                    [0m] uart_write:134                   M 1c008480 c.lw                a5, 0(a0)           a5=00000001  a0:1a1020a0  PA:1a1020a0 
171504346: 12354: [[34m/chip/soc/fc/insn                                    [0m] uart_write:134                   M 1c008482 p.bclri             a5, a5, 0x1e, 0x1   a5=00000001  a5:00000001 
171532110: 12356: [[34m/chip/soc/fc/insn                                    [0m] uart_write:31                    M 1c008486 c.bnez              a5, 0, -6           a5:00000001 
171573756: 12359: [[34m/chip/soc/fc/insn                                    [0m] uart_write:134                   M 1c008480 c.lw                a5, 0(a0)           a5=00000001  a0:1a1020a0  PA:1a1020a0 
171698694: 12368: [[34m/chip/soc/fc/insn                                    [0m] uart_write:134                   M 1c008482 p.bclri             a5, a5, 0x1e, 0x1   a5=00000001  a5:00000001 
171726458: 12370: [[34m/chip/soc/fc/insn                                    [0m] uart_write:31                    M 1c008486 c.bnez              a5, 0, -6           a5:00000001 
171768104: 12373: [[34m/chip/soc/fc/insn                                    [0m] uart_write:134                   M 1c008480 c.lw                a5, 0(a0)           a5=00000001  a0:1a1020a0  PA:1a1020a0 
171893042: 12382: [[34m/chip/soc/fc/insn                                    [0m] uart_write:134                   M 1c008482 p.bclri             a5, a5, 0x1e, 0x1   a5=00000001  a5:00000001 
171920806: 12384: [[34m/chip/soc/fc/insn                                    [0m] uart_write:31                    M 1c008486 c.bnez              a5, 0, -6           a5:00000001 
171962452: 12387: [[34m/chip/soc/fc/insn                                    [0m] uart_write:134                   M 1c008480 c.lw                a5, 0(a0)           a5=00000001  a0:1a1020a0  PA:1a1020a0 
172087390: 12396: [[34m/chip/soc/fc/insn                                    [0m] uart_write:134                   M 1c008482 p.bclri             a5, a5, 0x1e, 0x1   a5=00000001  a5:00000001 
172115154: 12398: [[34m/chip/soc/fc/insn                                    [0m] uart_write:31                    M 1c008486 c.bnez              a5, 0, -6           a5:00000001 
172156800: 12401: [[34m/chip/soc/fc/insn                                    [0m] uart_write:134                   M 1c008480 c.lw                a5, 0(a0)           a5=00000001  a0:1a1020a0  PA:1a1020a0 
172281738: 12410: [[34m/chip/soc/fc/insn                                    [0m] uart_write:134                   M 1c008482 p.bclri             a5, a5, 0x1e, 0x1   a5=00000001  a5:00000001 
172309502: 12412: [[34m/chip/soc/fc/insn                                    [0m] uart_write:31                    M 1c008486 c.bnez              a5, 0, -6           a5:00000001 
172351148: 12415: [[34m/chip/soc/fc/insn                                    [0m] uart_write:134                   M 1c008480 c.lw                a5, 0(a0)           a5=00000001  a0:1a1020a0  PA:1a1020a0 
172476086: 12424: [[34m/chip/soc/fc/insn                                    [0m] uart_write:134                   M 1c008482 p.bclri             a5, a5, 0x1e, 0x1   a5=00000001  a5:00000001 
172503850: 12426: [[34m/chip/soc/fc/insn                                    [0m] uart_write:31                    M 1c008486 c.bnez              a5, 0, -6           a5:00000001 
172545496: 12429: [[34m/chip/soc/fc/insn                                    [0m] uart_write:134                   M 1c008480 c.lw                a5, 0(a0)           a5=00000001  a0:1a1020a0  PA:1a1020a0 
172670434: 12438: [[34m/chip/soc/fc/insn                                    [0m] uart_write:134                   M 1c008482 p.bclri             a5, a5, 0x1e, 0x1   a5=00000001  a5:00000001 
172698198: 12440: [[34m/chip/soc/fc/insn                                    [0m] uart_write:31                    M 1c008486 c.bnez              a5, 0, -6           a5:00000001 
172739844: 12443: [[34m/chip/soc/fc/insn                                    [0m] uart_write:134                   M 1c008480 c.lw                a5, 0(a0)           a5=00000001  a0:1a1020a0  PA:1a1020a0 
172864782: 12452: [[34m/chip/soc/fc/insn                                    [0m] uart_write:134                   M 1c008482 p.bclri             a5, a5, 0x1e, 0x1   a5=00000001  a5:00000001 
172892546: 12454: [[34m/chip/soc/fc/insn                                    [0m] uart_write:31                    M 1c008486 c.bnez              a5, 0, -6           a5:00000001 
172934192: 12457: [[34m/chip/soc/fc/insn                                    [0m] uart_write:134                   M 1c008480 c.lw                a5, 0(a0)           a5=00000001  a0:1a1020a0  PA:1a1020a0 
173059130: 12466: [[34m/chip/soc/fc/insn                                    [0m] uart_write:134                   M 1c008482 p.bclri             a5, a5, 0x1e, 0x1   a5=00000001  a5:00000001 
173086894: 12468: [[34m/chip/soc/fc/insn                                    [0m] uart_write:31                    M 1c008486 c.bnez              a5, 0, -6           a5:00000001 
173128540: 12471: [[34m/chip/soc/fc/insn                                    [0m] uart_write:134                   M 1c008480 c.lw                a5, 0(a0)           a5=00000001  a0:1a1020a0  PA:1a1020a0 
173253478: 12480: [[34m/chip/soc/fc/insn                                    [0m] uart_write:134                   M 1c008482 p.bclri             a5, a5, 0x1e, 0x1   a5=00000001  a5:00000001 
173281242: 12482: [[34m/chip/soc/fc/insn                                    [0m] uart_write:31                    M 1c008486 c.bnez              a5, 0, -6           a5:00000001 
173322888: 12485: [[34m/chip/soc/fc/insn                                    [0m] uart_write:134                   M 1c008480 c.lw                a5, 0(a0)           a5=00000001  a0:1a1020a0  PA:1a1020a0 
173447826: 12494: [[34m/chip/soc/fc/insn                                    [0m] uart_write:134                   M 1c008482 p.bclri             a5, a5, 0x1e, 0x1   a5=00000001  a5:00000001 
173475590: 12496: [[34m/chip/soc/fc/insn                                    [0m] uart_write:31                    M 1c008486 c.bnez              a5, 0, -6           a5:00000001 
173517236: 12499: [[34m/chip/soc/fc/insn                                    [0m] uart_write:134                   M 1c008480 c.lw                a5, 0(a0)           a5=00000001  a0:1a1020a0  PA:1a1020a0 
173642174: 12508: [[34m/chip/soc/fc/insn                                    [0m] uart_write:134                   M 1c008482 p.bclri             a5, a5, 0x1e, 0x1   a5=00000001  a5:00000001 
173669938: 12510: [[34m/chip/soc/fc/insn                                    [0m] uart_write:31                    M 1c008486 c.bnez              a5, 0, -6           a5:00000001 
173711584: 12513: [[34m/chip/soc/fc/insn                                    [0m] uart_write:134                   M 1c008480 c.lw                a5, 0(a0)           a5=00000001  a0:1a1020a0  PA:1a1020a0 
173836522: 12522: [[34m/chip/soc/fc/insn                                    [0m] uart_write:134                   M 1c008482 p.bclri             a5, a5, 0x1e, 0x1   a5=00000001  a5:00000001 
173864286: 12524: [[34m/chip/soc/fc/insn                                    [0m] uart_write:31                    M 1c008486 c.bnez              a5, 0, -6           a5:00000001 
173905932: 12527: [[34m/chip/soc/fc/insn                                    [0m] uart_write:134                   M 1c008480 c.lw                a5, 0(a0)           a5=00000001  a0:1a1020a0  PA:1a1020a0 
174030870: 12536: [[34m/chip/soc/fc/insn                                    [0m] uart_write:134                   M 1c008482 p.bclri             a5, a5, 0x1e, 0x1   a5=00000001  a5:00000001 
174058634: 12538: [[34m/chip/soc/fc/insn                                    [0m] uart_write:31                    M 1c008486 c.bnez              a5, 0, -6           a5:00000001 
174100280: 12541: [[34m/chip/soc/fc/insn                                    [0m] uart_write:134                   M 1c008480 c.lw                a5, 0(a0)           a5=00000001  a0:1a1020a0  PA:1a1020a0 
174225218: 12550: [[34m/chip/soc/fc/insn                                    [0m] uart_write:134                   M 1c008482 p.bclri             a5, a5, 0x1e, 0x1   a5=00000001  a5:00000001 
174252982: 12552: [[34m/chip/soc/fc/insn                                    [0m] uart_write:31                    M 1c008486 c.bnez              a5, 0, -6           a5:00000001 
174294628: 12555: [[34m/chip/soc/fc/insn                                    [0m] uart_write:134                   M 1c008480 c.lw                a5, 0(a0)           a5=00000001  a0:1a1020a0  PA:1a1020a0 
174419566: 12564: [[34m/chip/soc/fc/insn                                    [0m] uart_write:134                   M 1c008482 p.bclri             a5, a5, 0x1e, 0x1   a5=00000001  a5:00000001 
174447330: 12566: [[34m/chip/soc/fc/insn                                    [0m] uart_write:31                    M 1c008486 c.bnez              a5, 0, -6           a5:00000001 
174488976: 12569: [[34m/chip/soc/fc/insn                                    [0m] uart_write:134                   M 1c008480 c.lw                a5, 0(a0)           a5=00000001  a0:1a1020a0  PA:1a1020a0 
174613914: 12578: [[34m/chip/soc/fc/insn                                    [0m] uart_write:134                   M 1c008482 p.bclri             a5, a5, 0x1e, 0x1   a5=00000001  a5:00000001 
174641678: 12580: [[34m/chip/soc/fc/insn                                    [0m] uart_write:31                    M 1c008486 c.bnez              a5, 0, -6           a5:00000001 
174683324: 12583: [[34m/chip/soc/fc/insn                                    [0m] uart_write:134                   M 1c008480 c.lw                a5, 0(a0)           a5=00000001  a0:1a1020a0  PA:1a1020a0 
174808262: 12592: [[34m/chip/soc/fc/insn                                    [0m] uart_write:134                   M 1c008482 p.bclri             a5, a5, 0x1e, 0x1   a5=00000001  a5:00000001 
174836026: 12594: [[34m/chip/soc/fc/insn                                    [0m] uart_write:31                    M 1c008486 c.bnez              a5, 0, -6           a5:00000001 
174877672: 12597: [[34m/chip/soc/fc/insn                                    [0m] uart_write:134                   M 1c008480 c.lw                a5, 0(a0)           a5=00000001  a0:1a1020a0  PA:1a1020a0 
175002610: 12606: [[34m/chip/soc/fc/insn                                    [0m] uart_write:134                   M 1c008482 p.bclri             a5, a5, 0x1e, 0x1   a5=00000001  a5:00000001 
175030374: 12608: [[34m/chip/soc/fc/insn                                    [0m] uart_write:31                    M 1c008486 c.bnez              a5, 0, -6           a5:00000001 
175072020: 12611: [[34m/chip/soc/fc/insn                                    [0m] uart_write:134                   M 1c008480 c.lw                a5, 0(a0)           a5=00000001  a0:1a1020a0  PA:1a1020a0 
175196958: 12620: [[34m/chip/soc/fc/insn                                    [0m] uart_write:134                   M 1c008482 p.bclri             a5, a5, 0x1e, 0x1   a5=00000001  a5:00000001 
175224722: 12622: [[34m/chip/soc/fc/insn                                    [0m] uart_write:31                    M 1c008486 c.bnez              a5, 0, -6           a5:00000001 
175266368: 12625: [[34m/chip/soc/fc/insn                                    [0m] uart_write:134                   M 1c008480 c.lw                a5, 0(a0)           a5=00000001  a0:1a1020a0  PA:1a1020a0 
175391306: 12634: [[34m/chip/soc/fc/insn                                    [0m] uart_write:134                   M 1c008482 p.bclri             a5, a5, 0x1e, 0x1   a5=00000001  a5:00000001 
175419070: 12636: [[34m/chip/soc/fc/insn                                    [0m] uart_write:31                    M 1c008486 c.bnez              a5, 0, -6           a5:00000001 
175460716: 12639: [[34m/chip/soc/fc/insn                                    [0m] uart_write:134                   M 1c008480 c.lw                a5, 0(a0)           a5=00000001  a0:1a1020a0  PA:1a1020a0 
175585654: 12648: [[34m/chip/soc/fc/insn                                    [0m] uart_write:134                   M 1c008482 p.bclri             a5, a5, 0x1e, 0x1   a5=00000001  a5:00000001 
175613418: 12650: [[34m/chip/soc/fc/insn                                    [0m] uart_write:31                    M 1c008486 c.bnez              a5, 0, -6           a5:00000001 
175655064: 12653: [[34m/chip/soc/fc/insn                                    [0m] uart_write:134                   M 1c008480 c.lw                a5, 0(a0)           a5=00000001  a0:1a1020a0  PA:1a1020a0 
175780002: 12662: [[34m/chip/soc/fc/insn                                    [0m] uart_write:134                   M 1c008482 p.bclri             a5, a5, 0x1e, 0x1   a5=00000001  a5:00000001 
175807766: 12664: [[34m/chip/soc/fc/insn                                    [0m] uart_write:31                    M 1c008486 c.bnez              a5, 0, -6           a5:00000001 
175849412: 12667: [[34m/chip/soc/fc/insn                                    [0m] uart_write:134                   M 1c008480 c.lw                a5, 0(a0)           a5=00000001  a0:1a1020a0  PA:1a1020a0 
175974350: 12676: [[34m/chip/soc/fc/insn                                    [0m] uart_write:134                   M 1c008482 p.bclri             a5, a5, 0x1e, 0x1   a5=00000001  a5:00000001 
176002114: 12678: [[34m/chip/soc/fc/insn                                    [0m] uart_write:31                    M 1c008486 c.bnez              a5, 0, -6           a5:00000001 
176043760: 12681: [[34m/chip/soc/fc/insn                                    [0m] uart_write:134                   M 1c008480 c.lw                a5, 0(a0)           a5=00000001  a0:1a1020a0  PA:1a1020a0 
176168698: 12690: [[34m/chip/soc/fc/insn                                    [0m] uart_write:134                   M 1c008482 p.bclri             a5, a5, 0x1e, 0x1   a5=00000001  a5:00000001 
176196462: 12692: [[34m/chip/soc/fc/insn                                    [0m] uart_write:31                    M 1c008486 c.bnez              a5, 0, -6           a5:00000001 
176238108: 12695: [[34m/chip/soc/fc/insn                                    [0m] uart_write:134                   M 1c008480 c.lw                a5, 0(a0)           a5=00000001  a0:1a1020a0  PA:1a1020a0 
176363046: 12704: [[34m/chip/soc/fc/insn                                    [0m] uart_write:134                   M 1c008482 p.bclri             a5, a5, 0x1e, 0x1   a5=00000001  a5:00000001 
176390810: 12706: [[34m/chip/soc/fc/insn                                    [0m] uart_write:31                    M 1c008486 c.bnez              a5, 0, -6           a5:00000001 
176432456: 12709: [[34m/chip/soc/fc/insn                                    [0m] uart_write:134                   M 1c008480 c.lw                a5, 0(a0)           a5=00000001  a0:1a1020a0  PA:1a1020a0 
176557394: 12718: [[34m/chip/soc/fc/insn                                    [0m] uart_write:134                   M 1c008482 p.bclri             a5, a5, 0x1e, 0x1   a5=00000001  a5:00000001 
176585158: 12720: [[34m/chip/soc/fc/insn                                    [0m] uart_write:31                    M 1c008486 c.bnez              a5, 0, -6           a5:00000001 
176626804: 12723: [[34m/chip/soc/fc/insn                                    [0m] uart_write:134                   M 1c008480 c.lw                a5, 0(a0)           a5=00000001  a0:1a1020a0  PA:1a1020a0 
176751742: 12732: [[34m/chip/soc/fc/insn                                    [0m] uart_write:134                   M 1c008482 p.bclri             a5, a5, 0x1e, 0x1   a5=00000001  a5:00000001 
176779506: 12734: [[34m/chip/soc/fc/insn                                    [0m] uart_write:31                    M 1c008486 c.bnez              a5, 0, -6           a5:00000001 
176821152: 12737: [[34m/chip/soc/fc/insn                                    [0m] uart_write:134                   M 1c008480 c.lw                a5, 0(a0)           a5=00000001  a0:1a1020a0  PA:1a1020a0 
176946090: 12746: [[34m/chip/soc/fc/insn                                    [0m] uart_write:134                   M 1c008482 p.bclri             a5, a5, 0x1e, 0x1   a5=00000001  a5:00000001 
176973854: 12748: [[34m/chip/soc/fc/insn                                    [0m] uart_write:31                    M 1c008486 c.bnez              a5, 0, -6           a5:00000001 
177015500: 12751: [[34m/chip/soc/fc/insn                                    [0m] uart_write:134                   M 1c008480 c.lw                a5, 0(a0)           a5=00000001  a0:1a1020a0  PA:1a1020a0 
177140438: 12760: [[34m/chip/soc/fc/insn                                    [0m] uart_write:134                   M 1c008482 p.bclri             a5, a5, 0x1e, 0x1   a5=00000001  a5:00000001 
177168202: 12762: [[34m/chip/soc/fc/insn                                    [0m] uart_write:31                    M 1c008486 c.bnez              a5, 0, -6           a5:00000001 
177209848: 12765: [[34m/chip/soc/fc/insn                                    [0m] uart_write:134                   M 1c008480 c.lw                a5, 0(a0)           a5=00000001  a0:1a1020a0  PA:1a1020a0 
177334786: 12774: [[34m/chip/soc/fc/insn                                    [0m] uart_write:134                   M 1c008482 p.bclri             a5, a5, 0x1e, 0x1   a5=00000001  a5:00000001 
177362550: 12776: [[34m/chip/soc/fc/insn                                    [0m] uart_write:31                    M 1c008486 c.bnez              a5, 0, -6           a5:00000001 
177404196: 12779: [[34m/chip/soc/fc/insn                                    [0m] uart_write:134                   M 1c008480 c.lw                a5, 0(a0)           a5=00000001  a0:1a1020a0  PA:1a1020a0 
177529134: 12788: [[34m/chip/soc/fc/insn                                    [0m] uart_write:134                   M 1c008482 p.bclri             a5, a5, 0x1e, 0x1   a5=00000001  a5:00000001 
177556898: 12790: [[34m/chip/soc/fc/insn                                    [0m] uart_write:31                    M 1c008486 c.bnez              a5, 0, -6           a5:00000001 
177598544: 12793: [[34m/chip/soc/fc/insn                                    [0m] uart_write:134                   M 1c008480 c.lw                a5, 0(a0)           a5=00000001  a0:1a1020a0  PA:1a1020a0 
177723482: 12802: [[34m/chip/soc/fc/insn                                    [0m] uart_write:134                   M 1c008482 p.bclri             a5, a5, 0x1e, 0x1   a5=00000001  a5:00000001 
177751246: 12804: [[34m/chip/soc/fc/insn                                    [0m] uart_write:31                    M 1c008486 c.bnez              a5, 0, -6           a5:00000001 
177792892: 12807: [[34m/chip/soc/fc/insn                                    [0m] uart_write:134                   M 1c008480 c.lw                a5, 0(a0)           a5=00000001  a0:1a1020a0  PA:1a1020a0 
177917830: 12816: [[34m/chip/soc/fc/insn                                    [0m] uart_write:134                   M 1c008482 p.bclri             a5, a5, 0x1e, 0x1   a5=00000001  a5:00000001 
177945594: 12818: [[34m/chip/soc/fc/insn                                    [0m] uart_write:31                    M 1c008486 c.bnez              a5, 0, -6           a5:00000001 
177987240: 12821: [[34m/chip/soc/fc/insn                                    [0m] uart_write:134                   M 1c008480 c.lw                a5, 0(a0)           a5=00000001  a0:1a1020a0  PA:1a1020a0 
178112178: 12830: [[34m/chip/soc/fc/insn                                    [0m] uart_write:134                   M 1c008482 p.bclri             a5, a5, 0x1e, 0x1   a5=00000001  a5:00000001 
178139942: 12832: [[34m/chip/soc/fc/insn                                    [0m] uart_write:31                    M 1c008486 c.bnez              a5, 0, -6           a5:00000001 
178181588: 12835: [[34m/chip/soc/fc/insn                                    [0m] uart_write:134                   M 1c008480 c.lw                a5, 0(a0)           a5=00000001  a0:1a1020a0  PA:1a1020a0 
178306526: 12844: [[34m/chip/soc/fc/insn                                    [0m] uart_write:134                   M 1c008482 p.bclri             a5, a5, 0x1e, 0x1   a5=00000001  a5:00000001 
178334290: 12846: [[34m/chip/soc/fc/insn                                    [0m] uart_write:31                    M 1c008486 c.bnez              a5, 0, -6           a5:00000001 
178375936: 12849: [[34m/chip/soc/fc/insn                                    [0m] uart_write:134                   M 1c008480 c.lw                a5, 0(a0)           a5=00000001  a0:1a1020a0  PA:1a1020a0 
178500874: 12858: [[34m/chip/soc/fc/insn                                    [0m] uart_write:134                   M 1c008482 p.bclri             a5, a5, 0x1e, 0x1   a5=00000001  a5:00000001 
178528638: 12860: [[34m/chip/soc/fc/insn                                    [0m] uart_write:31                    M 1c008486 c.bnez              a5, 0, -6           a5:00000001 
178570284: 12863: [[34m/chip/soc/fc/insn                                    [0m] uart_write:134                   M 1c008480 c.lw                a5, 0(a0)           a5=00000001  a0:1a1020a0  PA:1a1020a0 
178695222: 12872: [[34m/chip/soc/fc/insn                                    [0m] uart_write:134                   M 1c008482 p.bclri             a5, a5, 0x1e, 0x1   a5=00000001  a5:00000001 
178722986: 12874: [[34m/chip/soc/fc/insn                                    [0m] uart_write:31                    M 1c008486 c.bnez              a5, 0, -6           a5:00000001 
178764632: 12877: [[34m/chip/soc/fc/insn                                    [0m] uart_write:134                   M 1c008480 c.lw                a5, 0(a0)           a5=00000001  a0:1a1020a0  PA:1a1020a0 
178889570: 12886: [[34m/chip/soc/fc/insn                                    [0m] uart_write:134                   M 1c008482 p.bclri             a5, a5, 0x1e, 0x1   a5=00000001  a5:00000001 
178917334: 12888: [[34m/chip/soc/fc/insn                                    [0m] uart_write:31                    M 1c008486 c.bnez              a5, 0, -6           a5:00000001 
178958980: 12891: [[34m/chip/soc/fc/insn                                    [0m] uart_write:134                   M 1c008480 c.lw                a5, 0(a0)           a5=00000001  a0:1a1020a0  PA:1a1020a0 
179083918: 12900: [[34m/chip/soc/fc/insn                                    [0m] uart_write:134                   M 1c008482 p.bclri             a5, a5, 0x1e, 0x1   a5=00000001  a5:00000001 
179111682: 12902: [[34m/chip/soc/fc/insn                                    [0m] uart_write:31                    M 1c008486 c.bnez              a5, 0, -6           a5:00000001 
179153328: 12905: [[34m/chip/soc/fc/insn                                    [0m] uart_write:134                   M 1c008480 c.lw                a5, 0(a0)           a5=00000001  a0:1a1020a0  PA:1a1020a0 
179278266: 12914: [[34m/chip/soc/fc/insn                                    [0m] uart_write:134                   M 1c008482 p.bclri             a5, a5, 0x1e, 0x1   a5=00000001  a5:00000001 
179306030: 12916: [[34m/chip/soc/fc/insn                                    [0m] uart_write:31                    M 1c008486 c.bnez              a5, 0, -6           a5:00000001 
179347676: 12919: [[34m/chip/soc/fc/insn                                    [0m] uart_write:134                   M 1c008480 c.lw                a5, 0(a0)           a5=00000001  a0:1a1020a0  PA:1a1020a0 
179472614: 12928: [[34m/chip/soc/fc/insn                                    [0m] uart_write:134                   M 1c008482 p.bclri             a5, a5, 0x1e, 0x1   a5=00000001  a5:00000001 
179500378: 12930: [[34m/chip/soc/fc/insn                                    [0m] uart_write:31                    M 1c008486 c.bnez              a5, 0, -6           a5:00000001 
179542024: 12933: [[34m/chip/soc/fc/insn                                    [0m] uart_write:134                   M 1c008480 c.lw                a5, 0(a0)           a5=00000001  a0:1a1020a0  PA:1a1020a0 
179666962: 12942: [[34m/chip/soc/fc/insn                                    [0m] uart_write:134                   M 1c008482 p.bclri             a5, a5, 0x1e, 0x1   a5=00000001  a5:00000001 
179694726: 12944: [[34m/chip/soc/fc/insn                                    [0m] uart_write:31                    M 1c008486 c.bnez              a5, 0, -6           a5:00000001 
179736372: 12947: [[34m/chip/soc/fc/insn                                    [0m] uart_write:134                   M 1c008480 c.lw                a5, 0(a0)           a5=00000001  a0:1a1020a0  PA:1a1020a0 
179861310: 12956: [[34m/chip/soc/fc/insn                                    [0m] uart_write:134                   M 1c008482 p.bclri             a5, a5, 0x1e, 0x1   a5=00000001  a5:00000001 
179889074: 12958: [[34m/chip/soc/fc/insn                                    [0m] uart_write:31                    M 1c008486 c.bnez              a5, 0, -6           a5:00000001 
179930720: 12961: [[34m/chip/soc/fc/insn                                    [0m] uart_write:134                   M 1c008480 c.lw                a5, 0(a0)           a5=00000001  a0:1a1020a0  PA:1a1020a0 
180055658: 12970: [[34m/chip/soc/fc/insn                                    [0m] uart_write:134                   M 1c008482 p.bclri             a5, a5, 0x1e, 0x1   a5=00000001  a5:00000001 
180083422: 12972: [[34m/chip/soc/fc/insn                                    [0m] uart_write:31                    M 1c008486 c.bnez              a5, 0, -6           a5:00000001 
180125068: 12975: [[34m/chip/soc/fc/insn                                    [0m] uart_write:134                   M 1c008480 c.lw                a5, 0(a0)           a5=00000001  a0:1a1020a0  PA:1a1020a0 
180250006: 12984: [[34m/chip/soc/fc/insn                                    [0m] uart_write:134                   M 1c008482 p.bclri             a5, a5, 0x1e, 0x1   a5=00000001  a5:00000001 
180277770: 12986: [[34m/chip/soc/fc/insn                                    [0m] uart_write:31                    M 1c008486 c.bnez              a5, 0, -6           a5:00000001 
180319416: 12989: [[34m/chip/soc/fc/insn                                    [0m] uart_write:134                   M 1c008480 c.lw                a5, 0(a0)           a5=00000001  a0:1a1020a0  PA:1a1020a0 
180444354: 12998: [[34m/chip/soc/fc/insn                                    [0m] uart_write:134                   M 1c008482 p.bclri             a5, a5, 0x1e, 0x1   a5=00000001  a5:00000001 
180472118: 13000: [[34m/chip/soc/fc/insn                                    [0m] uart_write:31                    M 1c008486 c.bnez              a5, 0, -6           a5:00000001 
180513764: 13003: [[34m/chip/soc/fc/insn                                    [0m] uart_write:134                   M 1c008480 c.lw                a5, 0(a0)           a5=00000001  a0:1a1020a0  PA:1a1020a0 
180638702: 13012: [[34m/chip/soc/fc/insn                                    [0m] uart_write:134                   M 1c008482 p.bclri             a5, a5, 0x1e, 0x1   a5=00000001  a5:00000001 
180666466: 13014: [[34m/chip/soc/fc/insn                                    [0m] uart_write:31                    M 1c008486 c.bnez              a5, 0, -6           a5:00000001 
180708112: 13017: [[34m/chip/soc/fc/insn                                    [0m] uart_write:134                   M 1c008480 c.lw                a5, 0(a0)           a5=00000001  a0:1a1020a0  PA:1a1020a0 
180833050: 13026: [[34m/chip/soc/fc/insn                                    [0m] uart_write:134                   M 1c008482 p.bclri             a5, a5, 0x1e, 0x1   a5=00000001  a5:00000001 
180860814: 13028: [[34m/chip/soc/fc/insn                                    [0m] uart_write:31                    M 1c008486 c.bnez              a5, 0, -6           a5:00000001 
180902460: 13031: [[34m/chip/soc/fc/insn                                    [0m] uart_write:134                   M 1c008480 c.lw                a5, 0(a0)           a5=00000001  a0:1a1020a0  PA:1a1020a0 
181027398: 13040: [[34m/chip/soc/fc/insn                                    [0m] uart_write:134                   M 1c008482 p.bclri             a5, a5, 0x1e, 0x1   a5=00000001  a5:00000001 
181055162: 13042: [[34m/chip/soc/fc/insn                                    [0m] uart_write:31                    M 1c008486 c.bnez              a5, 0, -6           a5:00000001 
181096808: 13045: [[34m/chip/soc/fc/insn                                    [0m] uart_write:134                   M 1c008480 c.lw                a5, 0(a0)           a5=00000001  a0:1a1020a0  PA:1a1020a0 
181221746: 13054: [[34m/chip/soc/fc/insn                                    [0m] uart_write:134                   M 1c008482 p.bclri             a5, a5, 0x1e, 0x1   a5=00000001  a5:00000001 
181249510: 13056: [[34m/chip/soc/fc/insn                                    [0m] uart_write:31                    M 1c008486 c.bnez              a5, 0, -6           a5:00000001 
181291156: 13059: [[34m/chip/soc/fc/insn                                    [0m] uart_write:134                   M 1c008480 c.lw                a5, 0(a0)           a5=00000001  a0:1a1020a0  PA:1a1020a0 
181416094: 13068: [[34m/chip/soc/fc/insn                                    [0m] uart_write:134                   M 1c008482 p.bclri             a5, a5, 0x1e, 0x1   a5=00000001  a5:00000001 
181443858: 13070: [[34m/chip/soc/fc/insn                                    [0m] uart_write:31                    M 1c008486 c.bnez              a5, 0, -6           a5:00000001 
181485504: 13073: [[34m/chip/soc/fc/insn                                    [0m] uart_write:134                   M 1c008480 c.lw                a5, 0(a0)           a5=00000001  a0:1a1020a0  PA:1a1020a0 
181610442: 13082: [[34m/chip/soc/fc/insn                                    [0m] uart_write:134                   M 1c008482 p.bclri             a5, a5, 0x1e, 0x1   a5=00000001  a5:00000001 
181638206: 13084: [[34m/chip/soc/fc/insn                                    [0m] uart_write:31                    M 1c008486 c.bnez              a5, 0, -6           a5:00000001 
181679852: 13087: [[34m/chip/soc/fc/insn                                    [0m] uart_write:134                   M 1c008480 c.lw                a5, 0(a0)           a5=00000001  a0:1a1020a0  PA:1a1020a0 
181804790: 13096: [[34m/chip/soc/fc/insn                                    [0m] uart_write:134                   M 1c008482 p.bclri             a5, a5, 0x1e, 0x1   a5=00000001  a5:00000001 
181832554: 13098: [[34m/chip/soc/fc/insn                                    [0m] uart_write:31                    M 1c008486 c.bnez              a5, 0, -6           a5:00000001 
181874200: 13101: [[34m/chip/soc/fc/insn                                    [0m] uart_write:134                   M 1c008480 c.lw                a5, 0(a0)           a5=00000001  a0:1a1020a0  PA:1a1020a0 
181999138: 13110: [[34m/chip/soc/fc/insn                                    [0m] uart_write:134                   M 1c008482 p.bclri             a5, a5, 0x1e, 0x1   a5=00000001  a5:00000001 
182026902: 13112: [[34m/chip/soc/fc/insn                                    [0m] uart_write:31                    M 1c008486 c.bnez              a5, 0, -6           a5:00000001 
182068548: 13115: [[34m/chip/soc/fc/insn                                    [0m] uart_write:134                   M 1c008480 c.lw                a5, 0(a0)           a5=00000001  a0:1a1020a0  PA:1a1020a0 
182193486: 13124: [[34m/chip/soc/fc/insn                                    [0m] uart_write:134                   M 1c008482 p.bclri             a5, a5, 0x1e, 0x1   a5=00000001  a5:00000001 
182221250: 13126: [[34m/chip/soc/fc/insn                                    [0m] uart_write:31                    M 1c008486 c.bnez              a5, 0, -6           a5:00000001 
182262896: 13129: [[34m/chip/soc/fc/insn                                    [0m] uart_write:134                   M 1c008480 c.lw                a5, 0(a0)           a5=00000001  a0:1a1020a0  PA:1a1020a0 
182387834: 13138: [[34m/chip/soc/fc/insn                                    [0m] uart_write:134                   M 1c008482 p.bclri             a5, a5, 0x1e, 0x1   a5=00000001  a5:00000001 
182415598: 13140: [[34m/chip/soc/fc/insn                                    [0m] uart_write:31                    M 1c008486 c.bnez              a5, 0, -6           a5:00000001 
182457244: 13143: [[34m/chip/soc/fc/insn                                    [0m] uart_write:134                   M 1c008480 c.lw                a5, 0(a0)           a5=00000001  a0:1a1020a0  PA:1a1020a0 
182582182: 13152: [[34m/chip/soc/fc/insn                                    [0m] uart_write:134                   M 1c008482 p.bclri             a5, a5, 0x1e, 0x1   a5=00000001  a5:00000001 
182609946: 13154: [[34m/chip/soc/fc/insn                                    [0m] uart_write:31                    M 1c008486 c.bnez              a5, 0, -6           a5:00000001 
182651592: 13157: [[34m/chip/soc/fc/insn                                    [0m] uart_write:134                   M 1c008480 c.lw                a5, 0(a0)           a5=00000001  a0:1a1020a0  PA:1a1020a0 
182776530: 13166: [[34m/chip/soc/fc/insn                                    [0m] uart_write:134                   M 1c008482 p.bclri             a5, a5, 0x1e, 0x1   a5=00000001  a5:00000001 
182804294: 13168: [[34m/chip/soc/fc/insn                                    [0m] uart_write:31                    M 1c008486 c.bnez              a5, 0, -6           a5:00000001 
182845940: 13171: [[34m/chip/soc/fc/insn                                    [0m] uart_write:134                   M 1c008480 c.lw                a5, 0(a0)           a5=00000001  a0:1a1020a0  PA:1a1020a0 
182970878: 13180: [[34m/chip/soc/fc/insn                                    [0m] uart_write:134                   M 1c008482 p.bclri             a5, a5, 0x1e, 0x1   a5=00000001  a5:00000001 
182998642: 13182: [[34m/chip/soc/fc/insn                                    [0m] uart_write:31                    M 1c008486 c.bnez              a5, 0, -6           a5:00000001 
183040288: 13185: [[34m/chip/soc/fc/insn                                    [0m] uart_write:134                   M 1c008480 c.lw                a5, 0(a0)           a5=00000001  a0:1a1020a0  PA:1a1020a0 
183165226: 13194: [[34m/chip/soc/fc/insn                                    [0m] uart_write:134                   M 1c008482 p.bclri             a5, a5, 0x1e, 0x1   a5=00000001  a5:00000001 
183192990: 13196: [[34m/chip/soc/fc/insn                                    [0m] uart_write:31                    M 1c008486 c.bnez              a5, 0, -6           a5:00000001 
183234636: 13199: [[34m/chip/soc/fc/insn                                    [0m] uart_write:134                   M 1c008480 c.lw                a5, 0(a0)           a5=00000001  a0:1a1020a0  PA:1a1020a0 
183359574: 13208: [[34m/chip/soc/fc/insn                                    [0m] uart_write:134                   M 1c008482 p.bclri             a5, a5, 0x1e, 0x1   a5=00000001  a5:00000001 
183387338: 13210: [[34m/chip/soc/fc/insn                                    [0m] uart_write:31                    M 1c008486 c.bnez              a5, 0, -6           a5:00000001 
183428984: 13213: [[34m/chip/soc/fc/insn                                    [0m] uart_write:134                   M 1c008480 c.lw                a5, 0(a0)           a5=00000001  a0:1a1020a0  PA:1a1020a0 
183553922: 13222: [[34m/chip/soc/fc/insn                                    [0m] uart_write:134                   M 1c008482 p.bclri             a5, a5, 0x1e, 0x1   a5=00000001  a5:00000001 
183581686: 13224: [[34m/chip/soc/fc/insn                                    [0m] uart_write:31                    M 1c008486 c.bnez              a5, 0, -6           a5:00000001 
183623332: 13227: [[34m/chip/soc/fc/insn                                    [0m] uart_write:134                   M 1c008480 c.lw                a5, 0(a0)           a5=00000001  a0:1a1020a0  PA:1a1020a0 
183748270: 13236: [[34m/chip/soc/fc/insn                                    [0m] uart_write:134                   M 1c008482 p.bclri             a5, a5, 0x1e, 0x1   a5=00000001  a5:00000001 
183776034: 13238: [[34m/chip/soc/fc/insn                                    [0m] uart_write:31                    M 1c008486 c.bnez              a5, 0, -6           a5:00000001 
183817680: 13241: [[34m/chip/soc/fc/insn                                    [0m] uart_write:134                   M 1c008480 c.lw                a5, 0(a0)           a5=00000001  a0:1a1020a0  PA:1a1020a0 
183942618: 13250: [[34m/chip/soc/fc/insn                                    [0m] uart_write:134                   M 1c008482 p.bclri             a5, a5, 0x1e, 0x1   a5=00000001  a5:00000001 
183970382: 13252: [[34m/chip/soc/fc/insn                                    [0m] uart_write:31                    M 1c008486 c.bnez              a5, 0, -6           a5:00000001 
184012028: 13255: [[34m/chip/soc/fc/insn                                    [0m] uart_write:134                   M 1c008480 c.lw                a5, 0(a0)           a5=00000001  a0:1a1020a0  PA:1a1020a0 
184136966: 13264: [[34m/chip/soc/fc/insn                                    [0m] uart_write:134                   M 1c008482 p.bclri             a5, a5, 0x1e, 0x1   a5=00000001  a5:00000001 
184164730: 13266: [[34m/chip/soc/fc/insn                                    [0m] uart_write:31                    M 1c008486 c.bnez              a5, 0, -6           a5:00000001 
184206376: 13269: [[34m/chip/soc/fc/insn                                    [0m] uart_write:134                   M 1c008480 c.lw                a5, 0(a0)           a5=00000001  a0:1a1020a0  PA:1a1020a0 
184331314: 13278: [[34m/chip/soc/fc/insn                                    [0m] uart_write:134                   M 1c008482 p.bclri             a5, a5, 0x1e, 0x1   a5=00000001  a5:00000001 
184359078: 13280: [[34m/chip/soc/fc/insn                                    [0m] uart_write:31                    M 1c008486 c.bnez              a5, 0, -6           a5:00000001 
184400724: 13283: [[34m/chip/soc/fc/insn                                    [0m] uart_write:134                   M 1c008480 c.lw                a5, 0(a0)           a5=00000001  a0:1a1020a0  PA:1a1020a0 
184525662: 13292: [[34m/chip/soc/fc/insn                                    [0m] uart_write:134                   M 1c008482 p.bclri             a5, a5, 0x1e, 0x1   a5=00000001  a5:00000001 
184553426: 13294: [[34m/chip/soc/fc/insn                                    [0m] uart_write:31                    M 1c008486 c.bnez              a5, 0, -6           a5:00000001 
184595072: 13297: [[34m/chip/soc/fc/insn                                    [0m] uart_write:134                   M 1c008480 c.lw                a5, 0(a0)           a5=00000001  a0:1a1020a0  PA:1a1020a0 
184720010: 13306: [[34m/chip/soc/fc/insn                                    [0m] uart_write:134                   M 1c008482 p.bclri             a5, a5, 0x1e, 0x1   a5=00000001  a5:00000001 
184747774: 13308: [[34m/chip/soc/fc/insn                                    [0m] uart_write:31                    M 1c008486 c.bnez              a5, 0, -6           a5:00000001 
184789420: 13311: [[34m/chip/soc/fc/insn                                    [0m] uart_write:134                   M 1c008480 c.lw                a5, 0(a0)           a5=00000001  a0:1a1020a0  PA:1a1020a0 
184914358: 13320: [[34m/chip/soc/fc/insn                                    [0m] uart_write:134                   M 1c008482 p.bclri             a5, a5, 0x1e, 0x1   a5=00000001  a5:00000001 
184942122: 13322: [[34m/chip/soc/fc/insn                                    [0m] uart_write:31                    M 1c008486 c.bnez              a5, 0, -6           a5:00000001 
184983768: 13325: [[34m/chip/soc/fc/insn                                    [0m] uart_write:134                   M 1c008480 c.lw                a5, 0(a0)           a5=00000001  a0:1a1020a0  PA:1a1020a0 
185108706: 13334: [[34m/chip/soc/fc/insn                                    [0m] uart_write:134                   M 1c008482 p.bclri             a5, a5, 0x1e, 0x1   a5=00000001  a5:00000001 
185136470: 13336: [[34m/chip/soc/fc/insn                                    [0m] uart_write:31                    M 1c008486 c.bnez              a5, 0, -6           a5:00000001 
185178116: 13339: [[34m/chip/soc/fc/insn                                    [0m] uart_write:134                   M 1c008480 c.lw                a5, 0(a0)           a5=00000001  a0:1a1020a0  PA:1a1020a0 
185303054: 13348: [[34m/chip/soc/fc/insn                                    [0m] uart_write:134                   M 1c008482 p.bclri             a5, a5, 0x1e, 0x1   a5=00000001  a5:00000001 
185330818: 13350: [[34m/chip/soc/fc/insn                                    [0m] uart_write:31                    M 1c008486 c.bnez              a5, 0, -6           a5:00000001 
185372464: 13353: [[34m/chip/soc/fc/insn                                    [0m] uart_write:134                   M 1c008480 c.lw                a5, 0(a0)           a5=00000001  a0:1a1020a0  PA:1a1020a0 
185497402: 13362: [[34m/chip/soc/fc/insn                                    [0m] uart_write:134                   M 1c008482 p.bclri             a5, a5, 0x1e, 0x1   a5=00000001  a5:00000001 
185525166: 13364: [[34m/chip/soc/fc/insn                                    [0m] uart_write:31                    M 1c008486 c.bnez              a5, 0, -6           a5:00000001 
185566812: 13367: [[34m/chip/soc/fc/insn                                    [0m] uart_write:134                   M 1c008480 c.lw                a5, 0(a0)           a5=00000001  a0:1a1020a0  PA:1a1020a0 
185691750: 13376: [[34m/chip/soc/fc/insn                                    [0m] uart_write:134                   M 1c008482 p.bclri             a5, a5, 0x1e, 0x1   a5=00000001  a5:00000001 
185719514: 13378: [[34m/chip/soc/fc/insn                                    [0m] uart_write:31                    M 1c008486 c.bnez              a5, 0, -6           a5:00000001 
185761160: 13381: [[34m/chip/soc/fc/insn                                    [0m] uart_write:134                   M 1c008480 c.lw                a5, 0(a0)           a5=00000001  a0:1a1020a0  PA:1a1020a0 
185886098: 13390: [[34m/chip/soc/fc/insn                                    [0m] uart_write:134                   M 1c008482 p.bclri             a5, a5, 0x1e, 0x1   a5=00000001  a5:00000001 
185913862: 13392: [[34m/chip/soc/fc/insn                                    [0m] uart_write:31                    M 1c008486 c.bnez              a5, 0, -6           a5:00000001 
185955508: 13395: [[34m/chip/soc/fc/insn                                    [0m] uart_write:134                   M 1c008480 c.lw                a5, 0(a0)           a5=00000001  a0:1a1020a0  PA:1a1020a0 
186080446: 13404: [[34m/chip/soc/fc/insn                                    [0m] uart_write:134                   M 1c008482 p.bclri             a5, a5, 0x1e, 0x1   a5=00000001  a5:00000001 
186108210: 13406: [[34m/chip/soc/fc/insn                                    [0m] uart_write:31                    M 1c008486 c.bnez              a5, 0, -6           a5:00000001 
186149856: 13409: [[34m/chip/soc/fc/insn                                    [0m] uart_write:134                   M 1c008480 c.lw                a5, 0(a0)           a5=00000001  a0:1a1020a0  PA:1a1020a0 
186274794: 13418: [[34m/chip/soc/fc/insn                                    [0m] uart_write:134                   M 1c008482 p.bclri             a5, a5, 0x1e, 0x1   a5=00000001  a5:00000001 
186302558: 13420: [[34m/chip/soc/fc/insn                                    [0m] uart_write:31                    M 1c008486 c.bnez              a5, 0, -6           a5:00000001 
186344204: 13423: [[34m/chip/soc/fc/insn                                    [0m] uart_write:134                   M 1c008480 c.lw                a5, 0(a0)           a5=00000001  a0:1a1020a0  PA:1a1020a0 
186469142: 13432: [[34m/chip/soc/fc/insn                                    [0m] uart_write:134                   M 1c008482 p.bclri             a5, a5, 0x1e, 0x1   a5=00000001  a5:00000001 
186496906: 13434: [[34m/chip/soc/fc/insn                                    [0m] uart_write:31                    M 1c008486 c.bnez              a5, 0, -6           a5:00000001 
186538552: 13437: [[34m/chip/soc/fc/insn                                    [0m] uart_write:134                   M 1c008480 c.lw                a5, 0(a0)           a5=00000001  a0:1a1020a0  PA:1a1020a0 
186663490: 13446: [[34m/chip/soc/fc/insn                                    [0m] uart_write:134                   M 1c008482 p.bclri             a5, a5, 0x1e, 0x1   a5=00000001  a5:00000001 
186691254: 13448: [[34m/chip/soc/fc/insn                                    [0m] uart_write:31                    M 1c008486 c.bnez              a5, 0, -6           a5:00000001 
186732900: 13451: [[34m/chip/soc/fc/insn                                    [0m] uart_write:134                   M 1c008480 c.lw                a5, 0(a0)           a5=00000001  a0:1a1020a0  PA:1a1020a0 
186857838: 13460: [[34m/chip/soc/fc/insn                                    [0m] uart_write:134                   M 1c008482 p.bclri             a5, a5, 0x1e, 0x1   a5=00000001  a5:00000001 
186885602: 13462: [[34m/chip/soc/fc/insn                                    [0m] uart_write:31                    M 1c008486 c.bnez              a5, 0, -6           a5:00000001 
186927248: 13465: [[34m/chip/soc/fc/insn                                    [0m] uart_write:134                   M 1c008480 c.lw                a5, 0(a0)           a5=00000001  a0:1a1020a0  PA:1a1020a0 
187052186: 13474: [[34m/chip/soc/fc/insn                                    [0m] uart_write:134                   M 1c008482 p.bclri             a5, a5, 0x1e, 0x1   a5=00000001  a5:00000001 
187079950: 13476: [[34m/chip/soc/fc/insn                                    [0m] uart_write:31                    M 1c008486 c.bnez              a5, 0, -6           a5:00000001 
187121596: 13479: [[34m/chip/soc/fc/insn                                    [0m] uart_write:134                   M 1c008480 c.lw                a5, 0(a0)           a5=00000001  a0:1a1020a0  PA:1a1020a0 
187246534: 13488: [[34m/chip/soc/fc/insn                                    [0m] uart_write:134                   M 1c008482 p.bclri             a5, a5, 0x1e, 0x1   a5=00000001  a5:00000001 
187274298: 13490: [[34m/chip/soc/fc/insn                                    [0m] uart_write:31                    M 1c008486 c.bnez              a5, 0, -6           a5:00000001 
187315944: 13493: [[34m/chip/soc/fc/insn                                    [0m] uart_write:134                   M 1c008480 c.lw                a5, 0(a0)           a5=00000001  a0:1a1020a0  PA:1a1020a0 
187440882: 13502: [[34m/chip/soc/fc/insn                                    [0m] uart_write:134                   M 1c008482 p.bclri             a5, a5, 0x1e, 0x1   a5=00000001  a5:00000001 
187468646: 13504: [[34m/chip/soc/fc/insn                                    [0m] uart_write:31                    M 1c008486 c.bnez              a5, 0, -6           a5:00000001 
187510292: 13507: [[34m/chip/soc/fc/insn                                    [0m] uart_write:134                   M 1c008480 c.lw                a5, 0(a0)           a5=00000001  a0:1a1020a0  PA:1a1020a0 
187635230: 13516: [[34m/chip/soc/fc/insn                                    [0m] uart_write:134                   M 1c008482 p.bclri             a5, a5, 0x1e, 0x1   a5=00000001  a5:00000001 
187662994: 13518: [[34m/chip/soc/fc/insn                                    [0m] uart_write:31                    M 1c008486 c.bnez              a5, 0, -6           a5:00000001 
187704640: 13521: [[34m/chip/soc/fc/insn                                    [0m] uart_write:134                   M 1c008480 c.lw                a5, 0(a0)           a5=00000001  a0:1a1020a0  PA:1a1020a0 
187829578: 13530: [[34m/chip/soc/fc/insn                                    [0m] uart_write:134                   M 1c008482 p.bclri             a5, a5, 0x1e, 0x1   a5=00000001  a5:00000001 
187857342: 13532: [[34m/chip/soc/fc/insn                                    [0m] uart_write:31                    M 1c008486 c.bnez              a5, 0, -6           a5:00000001 
187898988: 13535: [[34m/chip/soc/fc/insn                                    [0m] uart_write:134                   M 1c008480 c.lw                a5, 0(a0)           a5=00000001  a0:1a1020a0  PA:1a1020a0 
188023926: 13544: [[34m/chip/soc/fc/insn                                    [0m] uart_write:134                   M 1c008482 p.bclri             a5, a5, 0x1e, 0x1   a5=00000001  a5:00000001 
188051690: 13546: [[34m/chip/soc/fc/insn                                    [0m] uart_write:31                    M 1c008486 c.bnez              a5, 0, -6           a5:00000001 
188093336: 13549: [[34m/chip/soc/fc/insn                                    [0m] uart_write:134                   M 1c008480 c.lw                a5, 0(a0)           a5=00000001  a0:1a1020a0  PA:1a1020a0 
188218274: 13558: [[34m/chip/soc/fc/insn                                    [0m] uart_write:134                   M 1c008482 p.bclri             a5, a5, 0x1e, 0x1   a5=00000001  a5:00000001 
188246038: 13560: [[34m/chip/soc/fc/insn                                    [0m] uart_write:31                    M 1c008486 c.bnez              a5, 0, -6           a5:00000001 
188287684: 13563: [[34m/chip/soc/fc/insn                                    [0m] uart_write:134                   M 1c008480 c.lw                a5, 0(a0)           a5=00000001  a0:1a1020a0  PA:1a1020a0 
188412622: 13572: [[34m/chip/soc/fc/insn                                    [0m] uart_write:134                   M 1c008482 p.bclri             a5, a5, 0x1e, 0x1   a5=00000001  a5:00000001 
188440386: 13574: [[34m/chip/soc/fc/insn                                    [0m] uart_write:31                    M 1c008486 c.bnez              a5, 0, -6           a5:00000001 
188482032: 13577: [[34m/chip/soc/fc/insn                                    [0m] uart_write:134                   M 1c008480 c.lw                a5, 0(a0)           a5=00000001  a0:1a1020a0  PA:1a1020a0 
188606970: 13586: [[34m/chip/soc/fc/insn                                    [0m] uart_write:134                   M 1c008482 p.bclri             a5, a5, 0x1e, 0x1   a5=00000001  a5:00000001 
188634734: 13588: [[34m/chip/soc/fc/insn                                    [0m] uart_write:31                    M 1c008486 c.bnez              a5, 0, -6           a5:00000001 
188676380: 13591: [[34m/chip/soc/fc/insn                                    [0m] uart_write:134                   M 1c008480 c.lw                a5, 0(a0)           a5=00000001  a0:1a1020a0  PA:1a1020a0 
188801318: 13600: [[34m/chip/soc/fc/insn                                    [0m] uart_write:134                   M 1c008482 p.bclri             a5, a5, 0x1e, 0x1   a5=00000001  a5:00000001 
188829082: 13602: [[34m/chip/soc/fc/insn                                    [0m] uart_write:31                    M 1c008486 c.bnez              a5, 0, -6           a5:00000001 
188870728: 13605: [[34m/chip/soc/fc/insn                                    [0m] uart_write:134                   M 1c008480 c.lw                a5, 0(a0)           a5=00000001  a0:1a1020a0  PA:1a1020a0 
188995666: 13614: [[34m/chip/soc/fc/insn                                    [0m] uart_write:134                   M 1c008482 p.bclri             a5, a5, 0x1e, 0x1   a5=00000001  a5:00000001 
189023430: 13616: [[34m/chip/soc/fc/insn                                    [0m] uart_write:31                    M 1c008486 c.bnez              a5, 0, -6           a5:00000001 
189065076: 13619: [[34m/chip/soc/fc/insn                                    [0m] uart_write:134                   M 1c008480 c.lw                a5, 0(a0)           a5=00000001  a0:1a1020a0  PA:1a1020a0 
189190014: 13628: [[34m/chip/soc/fc/insn                                    [0m] uart_write:134                   M 1c008482 p.bclri             a5, a5, 0x1e, 0x1   a5=00000001  a5:00000001 
189217778: 13630: [[34m/chip/soc/fc/insn                                    [0m] uart_write:31                    M 1c008486 c.bnez              a5, 0, -6           a5:00000001 
189259424: 13633: [[34m/chip/soc/fc/insn                                    [0m] uart_write:134                   M 1c008480 c.lw                a5, 0(a0)           a5=00000001  a0:1a1020a0  PA:1a1020a0 
189384362: 13642: [[34m/chip/soc/fc/insn                                    [0m] uart_write:134                   M 1c008482 p.bclri             a5, a5, 0x1e, 0x1   a5=00000001  a5:00000001 
189412126: 13644: [[34m/chip/soc/fc/insn                                    [0m] uart_write:31                    M 1c008486 c.bnez              a5, 0, -6           a5:00000001 
189453772: 13647: [[34m/chip/soc/fc/insn                                    [0m] uart_write:134                   M 1c008480 c.lw                a5, 0(a0)           a5=00000001  a0:1a1020a0  PA:1a1020a0 
189578710: 13656: [[34m/chip/soc/fc/insn                                    [0m] uart_write:134                   M 1c008482 p.bclri             a5, a5, 0x1e, 0x1   a5=00000001  a5:00000001 
189606474: 13658: [[34m/chip/soc/fc/insn                                    [0m] uart_write:31                    M 1c008486 c.bnez              a5, 0, -6           a5:00000001 
189648120: 13661: [[34m/chip/soc/fc/insn                                    [0m] uart_write:134                   M 1c008480 c.lw                a5, 0(a0)           a5=00000001  a0:1a1020a0  PA:1a1020a0 
189773058: 13670: [[34m/chip/soc/fc/insn                                    [0m] uart_write:134                   M 1c008482 p.bclri             a5, a5, 0x1e, 0x1   a5=00000001  a5:00000001 
189800822: 13672: [[34m/chip/soc/fc/insn                                    [0m] uart_write:31                    M 1c008486 c.bnez              a5, 0, -6           a5:00000001 
189842468: 13675: [[34m/chip/soc/fc/insn                                    [0m] uart_write:134                   M 1c008480 c.lw                a5, 0(a0)           a5=00000001  a0:1a1020a0  PA:1a1020a0 
189967406: 13684: [[34m/chip/soc/fc/insn                                    [0m] uart_write:134                   M 1c008482 p.bclri             a5, a5, 0x1e, 0x1   a5=00000001  a5:00000001 
189995170: 13686: [[34m/chip/soc/fc/insn                                    [0m] uart_write:31                    M 1c008486 c.bnez              a5, 0, -6           a5:00000001 
190036816: 13689: [[34m/chip/soc/fc/insn                                    [0m] uart_write:134                   M 1c008480 c.lw                a5, 0(a0)           a5=00000001  a0:1a1020a0  PA:1a1020a0 
190161754: 13698: [[34m/chip/soc/fc/insn                                    [0m] uart_write:134                   M 1c008482 p.bclri             a5, a5, 0x1e, 0x1   a5=00000001  a5:00000001 
190189518: 13700: [[34m/chip/soc/fc/insn                                    [0m] uart_write:31                    M 1c008486 c.bnez              a5, 0, -6           a5:00000001 
190231164: 13703: [[34m/chip/soc/fc/insn                                    [0m] uart_write:134                   M 1c008480 c.lw                a5, 0(a0)           a5=00000001  a0:1a1020a0  PA:1a1020a0 
190356102: 13712: [[34m/chip/soc/fc/insn                                    [0m] uart_write:134                   M 1c008482 p.bclri             a5, a5, 0x1e, 0x1   a5=00000001  a5:00000001 
190383866: 13714: [[34m/chip/soc/fc/insn                                    [0m] uart_write:31                    M 1c008486 c.bnez              a5, 0, -6           a5:00000001 
190425512: 13717: [[34m/chip/soc/fc/insn                                    [0m] uart_write:134                   M 1c008480 c.lw                a5, 0(a0)           a5=00000001  a0:1a1020a0  PA:1a1020a0 
190550450: 13726: [[34m/chip/soc/fc/insn                                    [0m] uart_write:134                   M 1c008482 p.bclri             a5, a5, 0x1e, 0x1   a5=00000001  a5:00000001 
190578214: 13728: [[34m/chip/soc/fc/insn                                    [0m] uart_write:31                    M 1c008486 c.bnez              a5, 0, -6           a5:00000001 
190619860: 13731: [[34m/chip/soc/fc/insn                                    [0m] uart_write:134                   M 1c008480 c.lw                a5, 0(a0)           a5=00000001  a0:1a1020a0  PA:1a1020a0 
190744798: 13740: [[34m/chip/soc/fc/insn                                    [0m] uart_write:134                   M 1c008482 p.bclri             a5, a5, 0x1e, 0x1   a5=00000001  a5:00000001 
190772562: 13742: [[34m/chip/soc/fc/insn                                    [0m] uart_write:31                    M 1c008486 c.bnez              a5, 0, -6           a5:00000001 
190814208: 13745: [[34m/chip/soc/fc/insn                                    [0m] uart_write:134                   M 1c008480 c.lw                a5, 0(a0)           a5=00000001  a0:1a1020a0  PA:1a1020a0 
190939146: 13754: [[34m/chip/soc/fc/insn                                    [0m] uart_write:134                   M 1c008482 p.bclri             a5, a5, 0x1e, 0x1   a5=00000001  a5:00000001 
190966910: 13756: [[34m/chip/soc/fc/insn                                    [0m] uart_write:31                    M 1c008486 c.bnez              a5, 0, -6           a5:00000001 
191008556: 13759: [[34m/chip/soc/fc/insn                                    [0m] uart_write:134                   M 1c008480 c.lw                a5, 0(a0)           a5=00000001  a0:1a1020a0  PA:1a1020a0 
191133494: 13768: [[34m/chip/soc/fc/insn                                    [0m] uart_write:134                   M 1c008482 p.bclri             a5, a5, 0x1e, 0x1   a5=00000001  a5:00000001 
191161258: 13770: [[34m/chip/soc/fc/insn                                    [0m] uart_write:31                    M 1c008486 c.bnez              a5, 0, -6           a5:00000001 
191202904: 13773: [[34m/chip/soc/fc/insn                                    [0m] uart_write:134                   M 1c008480 c.lw                a5, 0(a0)           a5=00000001  a0:1a1020a0  PA:1a1020a0 
191327842: 13782: [[34m/chip/soc/fc/insn                                    [0m] uart_write:134                   M 1c008482 p.bclri             a5, a5, 0x1e, 0x1   a5=00000001  a5:00000001 
191355606: 13784: [[34m/chip/soc/fc/insn                                    [0m] uart_write:31                    M 1c008486 c.bnez              a5, 0, -6           a5:00000001 
191397252: 13787: [[34m/chip/soc/fc/insn                                    [0m] uart_write:134                   M 1c008480 c.lw                a5, 0(a0)           a5=00000001  a0:1a1020a0  PA:1a1020a0 
191522190: 13796: [[34m/chip/soc/fc/insn                                    [0m] uart_write:134                   M 1c008482 p.bclri             a5, a5, 0x1e, 0x1   a5=00000001  a5:00000001 
191549954: 13798: [[34m/chip/soc/fc/insn                                    [0m] uart_write:31                    M 1c008486 c.bnez              a5, 0, -6           a5:00000001 
191591600: 13801: [[34m/chip/soc/fc/insn                                    [0m] uart_write:134                   M 1c008480 c.lw                a5, 0(a0)           a5=00000001  a0:1a1020a0  PA:1a1020a0 
191716538: 13810: [[34m/chip/soc/fc/insn                                    [0m] uart_write:134                   M 1c008482 p.bclri             a5, a5, 0x1e, 0x1   a5=00000001  a5:00000001 
191744302: 13812: [[34m/chip/soc/fc/insn                                    [0m] uart_write:31                    M 1c008486 c.bnez              a5, 0, -6           a5:00000001 
191785948: 13815: [[34m/chip/soc/fc/insn                                    [0m] uart_write:134                   M 1c008480 c.lw                a5, 0(a0)           a5=00000001  a0:1a1020a0  PA:1a1020a0 
191910886: 13824: [[34m/chip/soc/fc/insn                                    [0m] uart_write:134                   M 1c008482 p.bclri             a5, a5, 0x1e, 0x1   a5=00000001  a5:00000001 
191938650: 13826: [[34m/chip/soc/fc/insn                                    [0m] uart_write:31                    M 1c008486 c.bnez              a5, 0, -6           a5:00000001 
191980296: 13829: [[34m/chip/soc/fc/insn                                    [0m] uart_write:134                   M 1c008480 c.lw                a5, 0(a0)           a5=00000001  a0:1a1020a0  PA:1a1020a0 
192105234: 13838: [[34m/chip/soc/fc/insn                                    [0m] uart_write:134                   M 1c008482 p.bclri             a5, a5, 0x1e, 0x1   a5=00000001  a5:00000001 
192132998: 13840: [[34m/chip/soc/fc/insn                                    [0m] uart_write:31                    M 1c008486 c.bnez              a5, 0, -6           a5:00000001 
192174644: 13843: [[34m/chip/soc/fc/insn                                    [0m] uart_write:134                   M 1c008480 c.lw                a5, 0(a0)           a5=00000001  a0:1a1020a0  PA:1a1020a0 
192299582: 13852: [[34m/chip/soc/fc/insn                                    [0m] uart_write:134                   M 1c008482 p.bclri             a5, a5, 0x1e, 0x1   a5=00000001  a5:00000001 
192327346: 13854: [[34m/chip/soc/fc/insn                                    [0m] uart_write:31                    M 1c008486 c.bnez              a5, 0, -6           a5:00000001 
192368992: 13857: [[34m/chip/soc/fc/insn                                    [0m] uart_write:134                   M 1c008480 c.lw                a5, 0(a0)           a5=00000001  a0:1a1020a0  PA:1a1020a0 
192493930: 13866: [[34m/chip/soc/fc/insn                                    [0m] uart_write:134                   M 1c008482 p.bclri             a5, a5, 0x1e, 0x1   a5=00000001  a5:00000001 
192521694: 13868: [[34m/chip/soc/fc/insn                                    [0m] uart_write:31                    M 1c008486 c.bnez              a5, 0, -6           a5:00000001 
192563340: 13871: [[34m/chip/soc/fc/insn                                    [0m] uart_write:134                   M 1c008480 c.lw                a5, 0(a0)           a5=00000001  a0:1a1020a0  PA:1a1020a0 
192688278: 13880: [[34m/chip/soc/fc/insn                                    [0m] uart_write:134                   M 1c008482 p.bclri             a5, a5, 0x1e, 0x1   a5=00000001  a5:00000001 
192716042: 13882: [[34m/chip/soc/fc/insn                                    [0m] uart_write:31                    M 1c008486 c.bnez              a5, 0, -6           a5:00000001 
192757688: 13885: [[34m/chip/soc/fc/insn                                    [0m] uart_write:134                   M 1c008480 c.lw                a5, 0(a0)           a5=00000001  a0:1a1020a0  PA:1a1020a0 
192882626: 13894: [[34m/chip/soc/fc/insn                                    [0m] uart_write:134                   M 1c008482 p.bclri             a5, a5, 0x1e, 0x1   a5=00000001  a5:00000001 
192910390: 13896: [[34m/chip/soc/fc/insn                                    [0m] uart_write:31                    M 1c008486 c.bnez              a5, 0, -6           a5:00000001 
192952036: 13899: [[34m/chip/soc/fc/insn                                    [0m] uart_write:134                   M 1c008480 c.lw                a5, 0(a0)           a5=00000001  a0:1a1020a0  PA:1a1020a0 
193076974: 13908: [[34m/chip/soc/fc/insn                                    [0m] uart_write:134                   M 1c008482 p.bclri             a5, a5, 0x1e, 0x1   a5=00000001  a5:00000001 
193104738: 13910: [[34m/chip/soc/fc/insn                                    [0m] uart_write:31                    M 1c008486 c.bnez              a5, 0, -6           a5:00000001 
193146384: 13913: [[34m/chip/soc/fc/insn                                    [0m] uart_write:134                   M 1c008480 c.lw                a5, 0(a0)           a5=00000001  a0:1a1020a0  PA:1a1020a0 
193271322: 13922: [[34m/chip/soc/fc/insn                                    [0m] uart_write:134                   M 1c008482 p.bclri             a5, a5, 0x1e, 0x1   a5=00000001  a5:00000001 
193299086: 13924: [[34m/chip/soc/fc/insn                                    [0m] uart_write:31                    M 1c008486 c.bnez              a5, 0, -6           a5:00000001 
193340732: 13927: [[34m/chip/soc/fc/insn                                    [0m] uart_write:134                   M 1c008480 c.lw                a5, 0(a0)           a5=00000001  a0:1a1020a0  PA:1a1020a0 
193465670: 13936: [[34m/chip/soc/fc/insn                                    [0m] uart_write:134                   M 1c008482 p.bclri             a5, a5, 0x1e, 0x1   a5=00000001  a5:00000001 
193493434: 13938: [[34m/chip/soc/fc/insn                                    [0m] uart_write:31                    M 1c008486 c.bnez              a5, 0, -6           a5:00000001 
193535080: 13941: [[34m/chip/soc/fc/insn                                    [0m] uart_write:134                   M 1c008480 c.lw                a5, 0(a0)           a5=00000001  a0:1a1020a0  PA:1a1020a0 
193660018: 13950: [[34m/chip/soc/fc/insn                                    [0m] uart_write:134                   M 1c008482 p.bclri             a5, a5, 0x1e, 0x1   a5=00000001  a5:00000001 
193687782: 13952: [[34m/chip/soc/fc/insn                                    [0m] uart_write:31                    M 1c008486 c.bnez              a5, 0, -6           a5:00000001 
193729428: 13955: [[34m/chip/soc/fc/insn                                    [0m] uart_write:134                   M 1c008480 c.lw                a5, 0(a0)           a5=00000001  a0:1a1020a0  PA:1a1020a0 
193854366: 13964: [[34m/chip/soc/fc/insn                                    [0m] uart_write:134                   M 1c008482 p.bclri             a5, a5, 0x1e, 0x1   a5=00000001  a5:00000001 
193882130: 13966: [[34m/chip/soc/fc/insn                                    [0m] uart_write:31                    M 1c008486 c.bnez              a5, 0, -6           a5:00000001 
193923776: 13969: [[34m/chip/soc/fc/insn                                    [0m] uart_write:134                   M 1c008480 c.lw                a5, 0(a0)           a5=00000001  a0:1a1020a0  PA:1a1020a0 
194048714: 13978: [[34m/chip/soc/fc/insn                                    [0m] uart_write:134                   M 1c008482 p.bclri             a5, a5, 0x1e, 0x1   a5=00000001  a5:00000001 
194076478: 13980: [[34m/chip/soc/fc/insn                                    [0m] uart_write:31                    M 1c008486 c.bnez              a5, 0, -6           a5:00000001 
194118124: 13983: [[34m/chip/soc/fc/insn                                    [0m] uart_write:134                   M 1c008480 c.lw                a5, 0(a0)           a5=00000001  a0:1a1020a0  PA:1a1020a0 
194243062: 13992: [[34m/chip/soc/fc/insn                                    [0m] uart_write:134                   M 1c008482 p.bclri             a5, a5, 0x1e, 0x1   a5=00000001  a5:00000001 
194270826: 13994: [[34m/chip/soc/fc/insn                                    [0m] uart_write:31                    M 1c008486 c.bnez              a5, 0, -6           a5:00000001 
194312472: 13997: [[34m/chip/soc/fc/insn                                    [0m] uart_write:134                   M 1c008480 c.lw                a5, 0(a0)           a5=00000001  a0:1a1020a0  PA:1a1020a0 
194437410: 14006: [[34m/chip/soc/fc/insn                                    [0m] uart_write:134                   M 1c008482 p.bclri             a5, a5, 0x1e, 0x1   a5=00000001  a5:00000001 
194465174: 14008: [[34m/chip/soc/fc/insn                                    [0m] uart_write:31                    M 1c008486 c.bnez              a5, 0, -6           a5:00000001 
194506820: 14011: [[34m/chip/soc/fc/insn                                    [0m] uart_write:134                   M 1c008480 c.lw                a5, 0(a0)           a5=00000001  a0:1a1020a0  PA:1a1020a0 
194631758: 14020: [[34m/chip/soc/fc/insn                                    [0m] uart_write:134                   M 1c008482 p.bclri             a5, a5, 0x1e, 0x1   a5=00000001  a5:00000001 
194659522: 14022: [[34m/chip/soc/fc/insn                                    [0m] uart_write:31                    M 1c008486 c.bnez              a5, 0, -6           a5:00000001 
194701168: 14025: [[34m/chip/soc/fc/insn                                    [0m] uart_write:134                   M 1c008480 c.lw                a5, 0(a0)           a5=00000001  a0:1a1020a0  PA:1a1020a0 
194826106: 14034: [[34m/chip/soc/fc/insn                                    [0m] uart_write:134                   M 1c008482 p.bclri             a5, a5, 0x1e, 0x1   a5=00000001  a5:00000001 
194853870: 14036: [[34m/chip/soc/fc/insn                                    [0m] uart_write:31                    M 1c008486 c.bnez              a5, 0, -6           a5:00000001 
194895516: 14039: [[34m/chip/soc/fc/insn                                    [0m] uart_write:134                   M 1c008480 c.lw                a5, 0(a0)           a5=00000001  a0:1a1020a0  PA:1a1020a0 
195020454: 14048: [[34m/chip/soc/fc/insn                                    [0m] uart_write:134                   M 1c008482 p.bclri             a5, a5, 0x1e, 0x1   a5=00000001  a5:00000001 
195048218: 14050: [[34m/chip/soc/fc/insn                                    [0m] uart_write:31                    M 1c008486 c.bnez              a5, 0, -6           a5:00000001 
195089864: 14053: [[34m/chip/soc/fc/insn                                    [0m] uart_write:134                   M 1c008480 c.lw                a5, 0(a0)           a5=00000001  a0:1a1020a0  PA:1a1020a0 
195214802: 14062: [[34m/chip/soc/fc/insn                                    [0m] uart_write:134                   M 1c008482 p.bclri             a5, a5, 0x1e, 0x1   a5=00000001  a5:00000001 
195242566: 14064: [[34m/chip/soc/fc/insn                                    [0m] uart_write:31                    M 1c008486 c.bnez              a5, 0, -6           a5:00000001 
195284212: 14067: [[34m/chip/soc/fc/insn                                    [0m] uart_write:134                   M 1c008480 c.lw                a5, 0(a0)           a5=00000001  a0:1a1020a0  PA:1a1020a0 
195409150: 14076: [[34m/chip/soc/fc/insn                                    [0m] uart_write:134                   M 1c008482 p.bclri             a5, a5, 0x1e, 0x1   a5=00000001  a5:00000001 
195436914: 14078: [[34m/chip/soc/fc/insn                                    [0m] uart_write:31                    M 1c008486 c.bnez              a5, 0, -6           a5:00000001 
195478560: 14081: [[34m/chip/soc/fc/insn                                    [0m] uart_write:134                   M 1c008480 c.lw                a5, 0(a0)           a5=00000001  a0:1a1020a0  PA:1a1020a0 
195603498: 14090: [[34m/chip/soc/fc/insn                                    [0m] uart_write:134                   M 1c008482 p.bclri             a5, a5, 0x1e, 0x1   a5=00000001  a5:00000001 
195631262: 14092: [[34m/chip/soc/fc/insn                                    [0m] uart_write:31                    M 1c008486 c.bnez              a5, 0, -6           a5:00000001 
195672908: 14095: [[34m/chip/soc/fc/insn                                    [0m] uart_write:134                   M 1c008480 c.lw                a5, 0(a0)           a5=00000001  a0:1a1020a0  PA:1a1020a0 
195797846: 14104: [[34m/chip/soc/fc/insn                                    [0m] uart_write:134                   M 1c008482 p.bclri             a5, a5, 0x1e, 0x1   a5=00000001  a5:00000001 
195825610: 14106: [[34m/chip/soc/fc/insn                                    [0m] uart_write:31                    M 1c008486 c.bnez              a5, 0, -6           a5:00000001 
195867256: 14109: [[34m/chip/soc/fc/insn                                    [0m] uart_write:134                   M 1c008480 c.lw                a5, 0(a0)           a5=00000001  a0:1a1020a0  PA:1a1020a0 
195992194: 14118: [[34m/chip/soc/fc/insn                                    [0m] uart_write:134                   M 1c008482 p.bclri             a5, a5, 0x1e, 0x1   a5=00000001  a5:00000001 
196019958: 14120: [[34m/chip/soc/fc/insn                                    [0m] uart_write:31                    M 1c008486 c.bnez              a5, 0, -6           a5:00000001 
196061604: 14123: [[34m/chip/soc/fc/insn                                    [0m] uart_write:134                   M 1c008480 c.lw                a5, 0(a0)           a5=00000001  a0:1a1020a0  PA:1a1020a0 
196186542: 14132: [[34m/chip/soc/fc/insn                                    [0m] uart_write:134                   M 1c008482 p.bclri             a5, a5, 0x1e, 0x1   a5=00000001  a5:00000001 
196214306: 14134: [[34m/chip/soc/fc/insn                                    [0m] uart_write:31                    M 1c008486 c.bnez              a5, 0, -6           a5:00000001 
196255952: 14137: [[34m/chip/soc/fc/insn                                    [0m] uart_write:134                   M 1c008480 c.lw                a5, 0(a0)           a5=00000001  a0:1a1020a0  PA:1a1020a0 
196380890: 14146: [[34m/chip/soc/fc/insn                                    [0m] uart_write:134                   M 1c008482 p.bclri             a5, a5, 0x1e, 0x1   a5=00000001  a5:00000001 
196408654: 14148: [[34m/chip/soc/fc/insn                                    [0m] uart_write:31                    M 1c008486 c.bnez              a5, 0, -6           a5:00000001 
196450300: 14151: [[34m/chip/soc/fc/insn                                    [0m] uart_write:134                   M 1c008480 c.lw                a5, 0(a0)           a5=00000001  a0:1a1020a0  PA:1a1020a0 
196575238: 14160: [[34m/chip/soc/fc/insn                                    [0m] uart_write:134                   M 1c008482 p.bclri             a5, a5, 0x1e, 0x1   a5=00000001  a5:00000001 
196603002: 14162: [[34m/chip/soc/fc/insn                                    [0m] uart_write:31                    M 1c008486 c.bnez              a5, 0, -6           a5:00000001 
196644648: 14165: [[34m/chip/soc/fc/insn                                    [0m] uart_write:134                   M 1c008480 c.lw                a5, 0(a0)           a5=00000001  a0:1a1020a0  PA:1a1020a0 
196769586: 14174: [[34m/chip/soc/fc/insn                                    [0m] uart_write:134                   M 1c008482 p.bclri             a5, a5, 0x1e, 0x1   a5=00000001  a5:00000001 
196797350: 14176: [[34m/chip/soc/fc/insn                                    [0m] uart_write:31                    M 1c008486 c.bnez              a5, 0, -6           a5:00000001 
196838996: 14179: [[34m/chip/soc/fc/insn                                    [0m] uart_write:134                   M 1c008480 c.lw                a5, 0(a0)           a5=00000001  a0:1a1020a0  PA:1a1020a0 
196963934: 14188: [[34m/chip/soc/fc/insn                                    [0m] uart_write:134                   M 1c008482 p.bclri             a5, a5, 0x1e, 0x1   a5=00000001  a5:00000001 
196991698: 14190: [[34m/chip/soc/fc/insn                                    [0m] uart_write:31                    M 1c008486 c.bnez              a5, 0, -6           a5:00000001 
197033344: 14193: [[34m/chip/soc/fc/insn                                    [0m] uart_write:134                   M 1c008480 c.lw                a5, 0(a0)           a5=00000001  a0:1a1020a0  PA:1a1020a0 
197158282: 14202: [[34m/chip/soc/fc/insn                                    [0m] uart_write:134                   M 1c008482 p.bclri             a5, a5, 0x1e, 0x1   a5=00000001  a5:00000001 
197186046: 14204: [[34m/chip/soc/fc/insn                                    [0m] uart_write:31                    M 1c008486 c.bnez              a5, 0, -6           a5:00000001 
197227692: 14207: [[34m/chip/soc/fc/insn                                    [0m] uart_write:134                   M 1c008480 c.lw                a5, 0(a0)           a5=00000001  a0:1a1020a0  PA:1a1020a0 
197352630: 14216: [[34m/chip/soc/fc/insn                                    [0m] uart_write:134                   M 1c008482 p.bclri             a5, a5, 0x1e, 0x1   a5=00000001  a5:00000001 
197380394: 14218: [[34m/chip/soc/fc/insn                                    [0m] uart_write:31                    M 1c008486 c.bnez              a5, 0, -6           a5:00000001 
197422040: 14221: [[34m/chip/soc/fc/insn                                    [0m] uart_write:134                   M 1c008480 c.lw                a5, 0(a0)           a5=00000001  a0:1a1020a0  PA:1a1020a0 
197546978: 14230: [[34m/chip/soc/fc/insn                                    [0m] uart_write:134                   M 1c008482 p.bclri             a5, a5, 0x1e, 0x1   a5=00000001  a5:00000001 
197574742: 14232: [[34m/chip/soc/fc/insn                                    [0m] uart_write:31                    M 1c008486 c.bnez              a5, 0, -6           a5:00000001 
197616388: 14235: [[34m/chip/soc/fc/insn                                    [0m] uart_write:134                   M 1c008480 c.lw                a5, 0(a0)           a5=00000001  a0:1a1020a0  PA:1a1020a0 
197741326: 14244: [[34m/chip/soc/fc/insn                                    [0m] uart_write:134                   M 1c008482 p.bclri             a5, a5, 0x1e, 0x1   a5=00000001  a5:00000001 
197769090: 14246: [[34m/chip/soc/fc/insn                                    [0m] uart_write:31                    M 1c008486 c.bnez              a5, 0, -6           a5:00000001 
197810736: 14249: [[34m/chip/soc/fc/insn                                    [0m] uart_write:134                   M 1c008480 c.lw                a5, 0(a0)           a5=00000001  a0:1a1020a0  PA:1a1020a0 
197935674: 14258: [[34m/chip/soc/fc/insn                                    [0m] uart_write:134                   M 1c008482 p.bclri             a5, a5, 0x1e, 0x1   a5=00000001  a5:00000001 
197963438: 14260: [[34m/chip/soc/fc/insn                                    [0m] uart_write:31                    M 1c008486 c.bnez              a5, 0, -6           a5:00000001 
198005084: 14263: [[34m/chip/soc/fc/insn                                    [0m] uart_write:134                   M 1c008480 c.lw                a5, 0(a0)           a5=00000001  a0:1a1020a0  PA:1a1020a0 
198130022: 14272: [[34m/chip/soc/fc/insn                                    [0m] uart_write:134                   M 1c008482 p.bclri             a5, a5, 0x1e, 0x1   a5=00000001  a5:00000001 
198157786: 14274: [[34m/chip/soc/fc/insn                                    [0m] uart_write:31                    M 1c008486 c.bnez              a5, 0, -6           a5:00000001 
198199432: 14277: [[34m/chip/soc/fc/insn                                    [0m] uart_write:134                   M 1c008480 c.lw                a5, 0(a0)           a5=00000001  a0:1a1020a0  PA:1a1020a0 
198324370: 14286: [[34m/chip/soc/fc/insn                                    [0m] uart_write:134                   M 1c008482 p.bclri             a5, a5, 0x1e, 0x1   a5=00000001  a5:00000001 
198352134: 14288: [[34m/chip/soc/fc/insn                                    [0m] uart_write:31                    M 1c008486 c.bnez              a5, 0, -6           a5:00000001 
198393780: 14291: [[34m/chip/soc/fc/insn                                    [0m] uart_write:134                   M 1c008480 c.lw                a5, 0(a0)           a5=00000001  a0:1a1020a0  PA:1a1020a0 
198518718: 14300: [[34m/chip/soc/fc/insn                                    [0m] uart_write:134                   M 1c008482 p.bclri             a5, a5, 0x1e, 0x1   a5=00000001  a5:00000001 
198546482: 14302: [[34m/chip/soc/fc/insn                                    [0m] uart_write:31                    M 1c008486 c.bnez              a5, 0, -6           a5:00000001 
198588128: 14305: [[34m/chip/soc/fc/insn                                    [0m] uart_write:134                   M 1c008480 c.lw                a5, 0(a0)           a5=00000001  a0:1a1020a0  PA:1a1020a0 
198713066: 14314: [[34m/chip/soc/fc/insn                                    [0m] uart_write:134                   M 1c008482 p.bclri             a5, a5, 0x1e, 0x1   a5=00000001  a5:00000001 
198740830: 14316: [[34m/chip/soc/fc/insn                                    [0m] uart_write:31                    M 1c008486 c.bnez              a5, 0, -6           a5:00000001 
198782476: 14319: [[34m/chip/soc/fc/insn                                    [0m] uart_write:134                   M 1c008480 c.lw                a5, 0(a0)           a5=00000001  a0:1a1020a0  PA:1a1020a0 
198907414: 14328: [[34m/chip/soc/fc/insn                                    [0m] uart_write:134                   M 1c008482 p.bclri             a5, a5, 0x1e, 0x1   a5=00000001  a5:00000001 
198935178: 14330: [[34m/chip/soc/fc/insn                                    [0m] uart_write:31                    M 1c008486 c.bnez              a5, 0, -6           a5:00000001 
198976824: 14333: [[34m/chip/soc/fc/insn                                    [0m] uart_write:134                   M 1c008480 c.lw                a5, 0(a0)           a5=00000001  a0:1a1020a0  PA:1a1020a0 
199101762: 14342: [[34m/chip/soc/fc/insn                                    [0m] uart_write:134                   M 1c008482 p.bclri             a5, a5, 0x1e, 0x1   a5=00000001  a5:00000001 
199129526: 14344: [[34m/chip/soc/fc/insn                                    [0m] uart_write:31                    M 1c008486 c.bnez              a5, 0, -6           a5:00000001 
199171172: 14347: [[34m/chip/soc/fc/insn                                    [0m] uart_write:134                   M 1c008480 c.lw                a5, 0(a0)           a5=00000001  a0:1a1020a0  PA:1a1020a0 
199296110: 14356: [[34m/chip/soc/fc/insn                                    [0m] uart_write:134                   M 1c008482 p.bclri             a5, a5, 0x1e, 0x1   a5=00000001  a5:00000001 
199323874: 14358: [[34m/chip/soc/fc/insn                                    [0m] uart_write:31                    M 1c008486 c.bnez              a5, 0, -6           a5:00000001 
199365520: 14361: [[34m/chip/soc/fc/insn                                    [0m] uart_write:134                   M 1c008480 c.lw                a5, 0(a0)           a5=00000001  a0:1a1020a0  PA:1a1020a0 
199490458: 14370: [[34m/chip/soc/fc/insn                                    [0m] uart_write:134                   M 1c008482 p.bclri             a5, a5, 0x1e, 0x1   a5=00000001  a5:00000001 
199518222: 14372: [[34m/chip/soc/fc/insn                                    [0m] uart_write:31                    M 1c008486 c.bnez              a5, 0, -6           a5:00000001 
199559868: 14375: [[34m/chip/soc/fc/insn                                    [0m] uart_write:134                   M 1c008480 c.lw                a5, 0(a0)           a5=00000001  a0:1a1020a0  PA:1a1020a0 
199684806: 14384: [[34m/chip/soc/fc/insn                                    [0m] uart_write:134                   M 1c008482 p.bclri             a5, a5, 0x1e, 0x1   a5=00000001  a5:00000001 
199712570: 14386: [[34m/chip/soc/fc/insn                                    [0m] uart_write:31                    M 1c008486 c.bnez              a5, 0, -6           a5:00000001 
199754216: 14389: [[34m/chip/soc/fc/insn                                    [0m] uart_write:134                   M 1c008480 c.lw                a5, 0(a0)           a5=00000001  a0:1a1020a0  PA:1a1020a0 
199879154: 14398: [[34m/chip/soc/fc/insn                                    [0m] uart_write:134                   M 1c008482 p.bclri             a5, a5, 0x1e, 0x1   a5=00000001  a5:00000001 
199906918: 14400: [[34m/chip/soc/fc/insn                                    [0m] uart_write:31                    M 1c008486 c.bnez              a5, 0, -6           a5:00000001 
199948564: 14403: [[34m/chip/soc/fc/insn                                    [0m] uart_write:134                   M 1c008480 c.lw                a5, 0(a0)           a5=00000001  a0:1a1020a0  PA:1a1020a0 
200073502: 14412: [[34m/chip/soc/fc/insn                                    [0m] uart_write:134                   M 1c008482 p.bclri             a5, a5, 0x1e, 0x1   a5=00000001  a5:00000001 
200101266: 14414: [[34m/chip/soc/fc/insn                                    [0m] uart_write:31                    M 1c008486 c.bnez              a5, 0, -6           a5:00000001 
200142912: 14417: [[34m/chip/soc/fc/insn                                    [0m] uart_write:134                   M 1c008480 c.lw                a5, 0(a0)           a5=00000001  a0:1a1020a0  PA:1a1020a0 
200267850: 14426: [[34m/chip/soc/fc/insn                                    [0m] uart_write:134                   M 1c008482 p.bclri             a5, a5, 0x1e, 0x1   a5=00000001  a5:00000001 
200295614: 14428: [[34m/chip/soc/fc/insn                                    [0m] uart_write:31                    M 1c008486 c.bnez              a5, 0, -6           a5:00000001 
200337260: 14431: [[34m/chip/soc/fc/insn                                    [0m] uart_write:134                   M 1c008480 c.lw                a5, 0(a0)           a5=00000001  a0:1a1020a0  PA:1a1020a0 
200462198: 14440: [[34m/chip/soc/fc/insn                                    [0m] uart_write:134                   M 1c008482 p.bclri             a5, a5, 0x1e, 0x1   a5=00000001  a5:00000001 
200489962: 14442: [[34m/chip/soc/fc/insn                                    [0m] uart_write:31                    M 1c008486 c.bnez              a5, 0, -6           a5:00000001 
200531608: 14445: [[34m/chip/soc/fc/insn                                    [0m] uart_write:134                   M 1c008480 c.lw                a5, 0(a0)           a5=00000001  a0:1a1020a0  PA:1a1020a0 
200656546: 14454: [[34m/chip/soc/fc/insn                                    [0m] uart_write:134                   M 1c008482 p.bclri             a5, a5, 0x1e, 0x1   a5=00000001  a5:00000001 
200684310: 14456: [[34m/chip/soc/fc/insn                                    [0m] uart_write:31                    M 1c008486 c.bnez              a5, 0, -6           a5:00000001 
200725956: 14459: [[34m/chip/soc/fc/insn                                    [0m] uart_write:134                   M 1c008480 c.lw                a5, 0(a0)           a5=00000001  a0:1a1020a0  PA:1a1020a0 
200850894: 14468: [[34m/chip/soc/fc/insn                                    [0m] uart_write:134                   M 1c008482 p.bclri             a5, a5, 0x1e, 0x1   a5=00000001  a5:00000001 
200878658: 14470: [[34m/chip/soc/fc/insn                                    [0m] uart_write:31                    M 1c008486 c.bnez              a5, 0, -6           a5:00000001 
200920304: 14473: [[34m/chip/soc/fc/insn                                    [0m] uart_write:134                   M 1c008480 c.lw                a5, 0(a0)           a5=00000001  a0:1a1020a0  PA:1a1020a0 
201045242: 14482: [[34m/chip/soc/fc/insn                                    [0m] uart_write:134                   M 1c008482 p.bclri             a5, a5, 0x1e, 0x1   a5=00000001  a5:00000001 
201073006: 14484: [[34m/chip/soc/fc/insn                                    [0m] uart_write:31                    M 1c008486 c.bnez              a5, 0, -6           a5:00000001 
201114652: 14487: [[34m/chip/soc/fc/insn                                    [0m] uart_write:134                   M 1c008480 c.lw                a5, 0(a0)           a5=00000001  a0:1a1020a0  PA:1a1020a0 
201239590: 14496: [[34m/chip/soc/fc/insn                                    [0m] uart_write:134                   M 1c008482 p.bclri             a5, a5, 0x1e, 0x1   a5=00000001  a5:00000001 
201267354: 14498: [[34m/chip/soc/fc/insn                                    [0m] uart_write:31                    M 1c008486 c.bnez              a5, 0, -6           a5:00000001 
201309000: 14501: [[34m/chip/soc/fc/insn                                    [0m] uart_write:134                   M 1c008480 c.lw                a5, 0(a0)           a5=00000001  a0:1a1020a0  PA:1a1020a0 
201433938: 14510: [[34m/chip/soc/fc/insn                                    [0m] uart_write:134                   M 1c008482 p.bclri             a5, a5, 0x1e, 0x1   a5=00000001  a5:00000001 
201461702: 14512: [[34m/chip/soc/fc/insn                                    [0m] uart_write:31                    M 1c008486 c.bnez              a5, 0, -6           a5:00000001 
201503348: 14515: [[34m/chip/soc/fc/insn                                    [0m] uart_write:134                   M 1c008480 c.lw                a5, 0(a0)           a5=00000001  a0:1a1020a0  PA:1a1020a0 
201628286: 14524: [[34m/chip/soc/fc/insn                                    [0m] uart_write:134                   M 1c008482 p.bclri             a5, a5, 0x1e, 0x1   a5=00000001  a5:00000001 
201656050: 14526: [[34m/chip/soc/fc/insn                                    [0m] uart_write:31                    M 1c008486 c.bnez              a5, 0, -6           a5:00000001 
201697696: 14529: [[34m/chip/soc/fc/insn                                    [0m] uart_write:134                   M 1c008480 c.lw                a5, 0(a0)           a5=00000001  a0:1a1020a0  PA:1a1020a0 
201822634: 14538: [[34m/chip/soc/fc/insn                                    [0m] uart_write:134                   M 1c008482 p.bclri             a5, a5, 0x1e, 0x1   a5=00000001  a5:00000001 
201850398: 14540: [[34m/chip/soc/fc/insn                                    [0m] uart_write:31                    M 1c008486 c.bnez              a5, 0, -6           a5:00000001 
201892044: 14543: [[34m/chip/soc/fc/insn                                    [0m] uart_write:134                   M 1c008480 c.lw                a5, 0(a0)           a5=00000001  a0:1a1020a0  PA:1a1020a0 
202016982: 14552: [[34m/chip/soc/fc/insn                                    [0m] uart_write:134                   M 1c008482 p.bclri             a5, a5, 0x1e, 0x1   a5=00000001  a5:00000001 
202044746: 14554: [[34m/chip/soc/fc/insn                                    [0m] uart_write:31                    M 1c008486 c.bnez              a5, 0, -6           a5:00000001 
202086392: 14557: [[34m/chip/soc/fc/insn                                    [0m] uart_write:134                   M 1c008480 c.lw                a5, 0(a0)           a5=00000001  a0:1a1020a0  PA:1a1020a0 
202211330: 14566: [[34m/chip/soc/fc/insn                                    [0m] uart_write:134                   M 1c008482 p.bclri             a5, a5, 0x1e, 0x1   a5=00000001  a5:00000001 
202239094: 14568: [[34m/chip/soc/fc/insn                                    [0m] uart_write:31                    M 1c008486 c.bnez              a5, 0, -6           a5:00000001 
202280740: 14571: [[34m/chip/soc/fc/insn                                    [0m] uart_write:134                   M 1c008480 c.lw                a5, 0(a0)           a5=00000001  a0:1a1020a0  PA:1a1020a0 
202405678: 14580: [[34m/chip/soc/fc/insn                                    [0m] uart_write:134                   M 1c008482 p.bclri             a5, a5, 0x1e, 0x1   a5=00000001  a5:00000001 
202433442: 14582: [[34m/chip/soc/fc/insn                                    [0m] uart_write:31                    M 1c008486 c.bnez              a5, 0, -6           a5:00000001 
202475088: 14585: [[34m/chip/soc/fc/insn                                    [0m] uart_write:134                   M 1c008480 c.lw                a5, 0(a0)           a5=00000001  a0:1a1020a0  PA:1a1020a0 
202600026: 14594: [[34m/chip/soc/fc/insn                                    [0m] uart_write:134                   M 1c008482 p.bclri             a5, a5, 0x1e, 0x1   a5=00000001  a5:00000001 
202627790: 14596: [[34m/chip/soc/fc/insn                                    [0m] uart_write:31                    M 1c008486 c.bnez              a5, 0, -6           a5:00000001 
202669436: 14599: [[34m/chip/soc/fc/insn                                    [0m] uart_write:134                   M 1c008480 c.lw                a5, 0(a0)           a5=00000001  a0:1a1020a0  PA:1a1020a0 
202794374: 14608: [[34m/chip/soc/fc/insn                                    [0m] uart_write:134                   M 1c008482 p.bclri             a5, a5, 0x1e, 0x1   a5=00000001  a5:00000001 
202822138: 14610: [[34m/chip/soc/fc/insn                                    [0m] uart_write:31                    M 1c008486 c.bnez              a5, 0, -6           a5:00000001 
202863784: 14613: [[34m/chip/soc/fc/insn                                    [0m] uart_write:134                   M 1c008480 c.lw                a5, 0(a0)           a5=00000001  a0:1a1020a0  PA:1a1020a0 
202988722: 14622: [[34m/chip/soc/fc/insn                                    [0m] uart_write:134                   M 1c008482 p.bclri             a5, a5, 0x1e, 0x1   a5=00000001  a5:00000001 
203016486: 14624: [[34m/chip/soc/fc/insn                                    [0m] uart_write:31                    M 1c008486 c.bnez              a5, 0, -6           a5:00000001 
203058132: 14627: [[34m/chip/soc/fc/insn                                    [0m] uart_write:134                   M 1c008480 c.lw                a5, 0(a0)           a5=00000001  a0:1a1020a0  PA:1a1020a0 
203183070: 14636: [[34m/chip/soc/fc/insn                                    [0m] uart_write:134                   M 1c008482 p.bclri             a5, a5, 0x1e, 0x1   a5=00000001  a5:00000001 
203210834: 14638: [[34m/chip/soc/fc/insn                                    [0m] uart_write:31                    M 1c008486 c.bnez              a5, 0, -6           a5:00000001 
203252480: 14641: [[34m/chip/soc/fc/insn                                    [0m] uart_write:134                   M 1c008480 c.lw                a5, 0(a0)           a5=00000001  a0:1a1020a0  PA:1a1020a0 
203377418: 14650: [[34m/chip/soc/fc/insn                                    [0m] uart_write:134                   M 1c008482 p.bclri             a5, a5, 0x1e, 0x1   a5=00000001  a5:00000001 
203405182: 14652: [[34m/chip/soc/fc/insn                                    [0m] uart_write:31                    M 1c008486 c.bnez              a5, 0, -6           a5:00000001 
203446828: 14655: [[34m/chip/soc/fc/insn                                    [0m] uart_write:134                   M 1c008480 c.lw                a5, 0(a0)           a5=00000001  a0:1a1020a0  PA:1a1020a0 
203571766: 14664: [[34m/chip/soc/fc/insn                                    [0m] uart_write:134                   M 1c008482 p.bclri             a5, a5, 0x1e, 0x1   a5=00000001  a5:00000001 
203599530: 14666: [[34m/chip/soc/fc/insn                                    [0m] uart_write:31                    M 1c008486 c.bnez              a5, 0, -6           a5:00000001 
203641176: 14669: [[34m/chip/soc/fc/insn                                    [0m] uart_write:134                   M 1c008480 c.lw                a5, 0(a0)           a5=00000001  a0:1a1020a0  PA:1a1020a0 
203766114: 14678: [[34m/chip/soc/fc/insn                                    [0m] uart_write:134                   M 1c008482 p.bclri             a5, a5, 0x1e, 0x1   a5=00000001  a5:00000001 
203793878: 14680: [[34m/chip/soc/fc/insn                                    [0m] uart_write:31                    M 1c008486 c.bnez              a5, 0, -6           a5:00000001 
203835524: 14683: [[34m/chip/soc/fc/insn                                    [0m] uart_write:134                   M 1c008480 c.lw                a5, 0(a0)           a5=00000001  a0:1a1020a0  PA:1a1020a0 
203960462: 14692: [[34m/chip/soc/fc/insn                                    [0m] uart_write:134                   M 1c008482 p.bclri             a5, a5, 0x1e, 0x1   a5=00000001  a5:00000001 
203988226: 14694: [[34m/chip/soc/fc/insn                                    [0m] uart_write:31                    M 1c008486 c.bnez              a5, 0, -6           a5:00000001 
204029872: 14697: [[34m/chip/soc/fc/insn                                    [0m] uart_write:134                   M 1c008480 c.lw                a5, 0(a0)           a5=00000001  a0:1a1020a0  PA:1a1020a0 
204154810: 14706: [[34m/chip/soc/fc/insn                                    [0m] uart_write:134                   M 1c008482 p.bclri             a5, a5, 0x1e, 0x1   a5=00000001  a5:00000001 
204182574: 14708: [[34m/chip/soc/fc/insn                                    [0m] uart_write:31                    M 1c008486 c.bnez              a5, 0, -6           a5:00000001 
204224220: 14711: [[34m/chip/soc/fc/insn                                    [0m] uart_write:134                   M 1c008480 c.lw                a5, 0(a0)           a5=00000001  a0:1a1020a0  PA:1a1020a0 
204349158: 14720: [[34m/chip/soc/fc/insn                                    [0m] uart_write:134                   M 1c008482 p.bclri             a5, a5, 0x1e, 0x1   a5=00000001  a5:00000001 
204376922: 14722: [[34m/chip/soc/fc/insn                                    [0m] uart_write:31                    M 1c008486 c.bnez              a5, 0, -6           a5:00000001 
204418568: 14725: [[34m/chip/soc/fc/insn                                    [0m] uart_write:134                   M 1c008480 c.lw                a5, 0(a0)           a5=00000001  a0:1a1020a0  PA:1a1020a0 
204543506: 14734: [[34m/chip/soc/fc/insn                                    [0m] uart_write:134                   M 1c008482 p.bclri             a5, a5, 0x1e, 0x1   a5=00000001  a5:00000001 
204571270: 14736: [[34m/chip/soc/fc/insn                                    [0m] uart_write:31                    M 1c008486 c.bnez              a5, 0, -6           a5:00000001 
204612916: 14739: [[34m/chip/soc/fc/insn                                    [0m] uart_write:134                   M 1c008480 c.lw                a5, 0(a0)           a5=00000001  a0:1a1020a0  PA:1a1020a0 
204737854: 14748: [[34m/chip/soc/fc/insn                                    [0m] uart_write:134                   M 1c008482 p.bclri             a5, a5, 0x1e, 0x1   a5=00000001  a5:00000001 
204765618: 14750: [[34m/chip/soc/fc/insn                                    [0m] uart_write:31                    M 1c008486 c.bnez              a5, 0, -6           a5:00000001 
204807264: 14753: [[34m/chip/soc/fc/insn                                    [0m] uart_write:134                   M 1c008480 c.lw                a5, 0(a0)           a5=00000001  a0:1a1020a0  PA:1a1020a0 
204932202: 14762: [[34m/chip/soc/fc/insn                                    [0m] uart_write:134                   M 1c008482 p.bclri             a5, a5, 0x1e, 0x1   a5=00000001  a5:00000001 
204959966: 14764: [[34m/chip/soc/fc/insn                                    [0m] uart_write:31                    M 1c008486 c.bnez              a5, 0, -6           a5:00000001 
205001612: 14767: [[34m/chip/soc/fc/insn                                    [0m] uart_write:134                   M 1c008480 c.lw                a5, 0(a0)           a5=00000001  a0:1a1020a0  PA:1a1020a0 
205126550: 14776: [[34m/chip/soc/fc/insn                                    [0m] uart_write:134                   M 1c008482 p.bclri             a5, a5, 0x1e, 0x1   a5=00000001  a5:00000001 
205154314: 14778: [[34m/chip/soc/fc/insn                                    [0m] uart_write:31                    M 1c008486 c.bnez              a5, 0, -6           a5:00000001 
205195960: 14781: [[34m/chip/soc/fc/insn                                    [0m] uart_write:134                   M 1c008480 c.lw                a5, 0(a0)           a5=00000001  a0:1a1020a0  PA:1a1020a0 
205320898: 14790: [[34m/chip/soc/fc/insn                                    [0m] uart_write:134                   M 1c008482 p.bclri             a5, a5, 0x1e, 0x1   a5=00000001  a5:00000001 
205348662: 14792: [[34m/chip/soc/fc/insn                                    [0m] uart_write:31                    M 1c008486 c.bnez              a5, 0, -6           a5:00000001 
205390308: 14795: [[34m/chip/soc/fc/insn                                    [0m] uart_write:134                   M 1c008480 c.lw                a5, 0(a0)           a5=00000001  a0:1a1020a0  PA:1a1020a0 
205515246: 14804: [[34m/chip/soc/fc/insn                                    [0m] uart_write:134                   M 1c008482 p.bclri             a5, a5, 0x1e, 0x1   a5=00000001  a5:00000001 
205543010: 14806: [[34m/chip/soc/fc/insn                                    [0m] uart_write:31                    M 1c008486 c.bnez              a5, 0, -6           a5:00000001 
205584656: 14809: [[34m/chip/soc/fc/insn                                    [0m] uart_write:134                   M 1c008480 c.lw                a5, 0(a0)           a5=00000001  a0:1a1020a0  PA:1a1020a0 
205709594: 14818: [[34m/chip/soc/fc/insn                                    [0m] uart_write:134                   M 1c008482 p.bclri             a5, a5, 0x1e, 0x1   a5=00000001  a5:00000001 
205737358: 14820: [[34m/chip/soc/fc/insn                                    [0m] uart_write:31                    M 1c008486 c.bnez              a5, 0, -6           a5:00000001 
205779004: 14823: [[34m/chip/soc/fc/insn                                    [0m] uart_write:134                   M 1c008480 c.lw                a5, 0(a0)           a5=00000001  a0:1a1020a0  PA:1a1020a0 
205903942: 14832: [[34m/chip/soc/fc/insn                                    [0m] uart_write:134                   M 1c008482 p.bclri             a5, a5, 0x1e, 0x1   a5=00000001  a5:00000001 
205931706: 14834: [[34m/chip/soc/fc/insn                                    [0m] uart_write:31                    M 1c008486 c.bnez              a5, 0, -6           a5:00000001 
205973352: 14837: [[34m/chip/soc/fc/insn                                    [0m] uart_write:134                   M 1c008480 c.lw                a5, 0(a0)           a5=00000001  a0:1a1020a0  PA:1a1020a0 
206098290: 14846: [[34m/chip/soc/fc/insn                                    [0m] uart_write:134                   M 1c008482 p.bclri             a5, a5, 0x1e, 0x1   a5=00000001  a5:00000001 
206126054: 14848: [[34m/chip/soc/fc/insn                                    [0m] uart_write:31                    M 1c008486 c.bnez              a5, 0, -6           a5:00000001 
206167700: 14851: [[34m/chip/soc/fc/insn                                    [0m] uart_write:134                   M 1c008480 c.lw                a5, 0(a0)           a5=00000001  a0:1a1020a0  PA:1a1020a0 
206292638: 14860: [[34m/chip/soc/fc/insn                                    [0m] uart_write:134                   M 1c008482 p.bclri             a5, a5, 0x1e, 0x1   a5=00000001  a5:00000001 
206320402: 14862: [[34m/chip/soc/fc/insn                                    [0m] uart_write:31                    M 1c008486 c.bnez              a5, 0, -6           a5:00000001 
206362048: 14865: [[34m/chip/soc/fc/insn                                    [0m] uart_write:134                   M 1c008480 c.lw                a5, 0(a0)           a5=00000001  a0:1a1020a0  PA:1a1020a0 
206486986: 14874: [[34m/chip/soc/fc/insn                                    [0m] uart_write:134                   M 1c008482 p.bclri             a5, a5, 0x1e, 0x1   a5=00000001  a5:00000001 
206514750: 14876: [[34m/chip/soc/fc/insn                                    [0m] uart_write:31                    M 1c008486 c.bnez              a5, 0, -6           a5:00000001 
206556396: 14879: [[34m/chip/soc/fc/insn                                    [0m] uart_write:134                   M 1c008480 c.lw                a5, 0(a0)           a5=00000001  a0:1a1020a0  PA:1a1020a0 
206681334: 14888: [[34m/chip/soc/fc/insn                                    [0m] uart_write:134                   M 1c008482 p.bclri             a5, a5, 0x1e, 0x1   a5=00000001  a5:00000001 
206709098: 14890: [[34m/chip/soc/fc/insn                                    [0m] uart_write:31                    M 1c008486 c.bnez              a5, 0, -6           a5:00000001 
206750744: 14893: [[34m/chip/soc/fc/insn                                    [0m] uart_write:134                   M 1c008480 c.lw                a5, 0(a0)           a5=00000001  a0:1a1020a0  PA:1a1020a0 
206875682: 14902: [[34m/chip/soc/fc/insn                                    [0m] uart_write:134                   M 1c008482 p.bclri             a5, a5, 0x1e, 0x1   a5=00000001  a5:00000001 
206903446: 14904: [[34m/chip/soc/fc/insn                                    [0m] uart_write:31                    M 1c008486 c.bnez              a5, 0, -6           a5:00000001 
206945092: 14907: [[34m/chip/soc/fc/insn                                    [0m] uart_write:134                   M 1c008480 c.lw                a5, 0(a0)           a5=00000001  a0:1a1020a0  PA:1a1020a0 
207070030: 14916: [[34m/chip/soc/fc/insn                                    [0m] uart_write:134                   M 1c008482 p.bclri             a5, a5, 0x1e, 0x1   a5=00000001  a5:00000001 
207097794: 14918: [[34m/chip/soc/fc/insn                                    [0m] uart_write:31                    M 1c008486 c.bnez              a5, 0, -6           a5:00000001 
207139440: 14921: [[34m/chip/soc/fc/insn                                    [0m] uart_write:134                   M 1c008480 c.lw                a5, 0(a0)           a5=00000001  a0:1a1020a0  PA:1a1020a0 
207264378: 14930: [[34m/chip/soc/fc/insn                                    [0m] uart_write:134                   M 1c008482 p.bclri             a5, a5, 0x1e, 0x1   a5=00000001  a5:00000001 
207292142: 14932: [[34m/chip/soc/fc/insn                                    [0m] uart_write:31                    M 1c008486 c.bnez              a5, 0, -6           a5:00000001 
207333788: 14935: [[34m/chip/soc/fc/insn                                    [0m] uart_write:134                   M 1c008480 c.lw                a5, 0(a0)           a5=00000001  a0:1a1020a0  PA:1a1020a0 
207458726: 14944: [[34m/chip/soc/fc/insn                                    [0m] uart_write:134                   M 1c008482 p.bclri             a5, a5, 0x1e, 0x1   a5=00000001  a5:00000001 
207486490: 14946: [[34m/chip/soc/fc/insn                                    [0m] uart_write:31                    M 1c008486 c.bnez              a5, 0, -6           a5:00000001 
207528136: 14949: [[34m/chip/soc/fc/insn                                    [0m] uart_write:134                   M 1c008480 c.lw                a5, 0(a0)           a5=00000001  a0:1a1020a0  PA:1a1020a0 
207653074: 14958: [[34m/chip/soc/fc/insn                                    [0m] uart_write:134                   M 1c008482 p.bclri             a5, a5, 0x1e, 0x1   a5=00000001  a5:00000001 
207680838: 14960: [[34m/chip/soc/fc/insn                                    [0m] uart_write:31                    M 1c008486 c.bnez              a5, 0, -6           a5:00000001 
207722484: 14963: [[34m/chip/soc/fc/insn                                    [0m] uart_write:134                   M 1c008480 c.lw                a5, 0(a0)           a5=00000001  a0:1a1020a0  PA:1a1020a0 
207847422: 14972: [[34m/chip/soc/fc/insn                                    [0m] uart_write:134                   M 1c008482 p.bclri             a5, a5, 0x1e, 0x1   a5=00000001  a5:00000001 
207875186: 14974: [[34m/chip/soc/fc/insn                                    [0m] uart_write:31                    M 1c008486 c.bnez              a5, 0, -6           a5:00000001 
207916832: 14977: [[34m/chip/soc/fc/insn                                    [0m] uart_write:134                   M 1c008480 c.lw                a5, 0(a0)           a5=00000001  a0:1a1020a0  PA:1a1020a0 
208041770: 14986: [[34m/chip/soc/fc/insn                                    [0m] uart_write:134                   M 1c008482 p.bclri             a5, a5, 0x1e, 0x1   a5=00000001  a5:00000001 
208069534: 14988: [[34m/chip/soc/fc/insn                                    [0m] uart_write:31                    M 1c008486 c.bnez              a5, 0, -6           a5:00000001 
208111180: 14991: [[34m/chip/soc/fc/insn                                    [0m] uart_write:134                   M 1c008480 c.lw                a5, 0(a0)           a5=00000001  a0:1a1020a0  PA:1a1020a0 
208236118: 15000: [[34m/chip/soc/fc/insn                                    [0m] uart_write:134                   M 1c008482 p.bclri             a5, a5, 0x1e, 0x1   a5=00000001  a5:00000001 
208263882: 15002: [[34m/chip/soc/fc/insn                                    [0m] uart_write:31                    M 1c008486 c.bnez              a5, 0, -6           a5:00000001 
208305528: 15005: [[34m/chip/soc/fc/insn                                    [0m] uart_write:134                   M 1c008480 c.lw                a5, 0(a0)           a5=00000001  a0:1a1020a0  PA:1a1020a0 
208430466: 15014: [[34m/chip/soc/fc/insn                                    [0m] uart_write:134                   M 1c008482 p.bclri             a5, a5, 0x1e, 0x1   a5=00000001  a5:00000001 
208458230: 15016: [[34m/chip/soc/fc/insn                                    [0m] uart_write:31                    M 1c008486 c.bnez              a5, 0, -6           a5:00000001 
208499876: 15019: [[34m/chip/soc/fc/insn                                    [0m] uart_write:134                   M 1c008480 c.lw                a5, 0(a0)           a5=00000001  a0:1a1020a0  PA:1a1020a0 
208624814: 15028: [[34m/chip/soc/fc/insn                                    [0m] uart_write:134                   M 1c008482 p.bclri             a5, a5, 0x1e, 0x1   a5=00000001  a5:00000001 
208652578: 15030: [[34m/chip/soc/fc/insn                                    [0m] uart_write:31                    M 1c008486 c.bnez              a5, 0, -6           a5:00000001 
208694224: 15033: [[34m/chip/soc/fc/insn                                    [0m] uart_write:134                   M 1c008480 c.lw                a5, 0(a0)           a5=00000001  a0:1a1020a0  PA:1a1020a0 
208819162: 15042: [[34m/chip/soc/fc/insn                                    [0m] uart_write:134                   M 1c008482 p.bclri             a5, a5, 0x1e, 0x1   a5=00000001  a5:00000001 
208846926: 15044: [[34m/chip/soc/fc/insn                                    [0m] uart_write:31                    M 1c008486 c.bnez              a5, 0, -6           a5:00000001 
208888572: 15047: [[34m/chip/soc/fc/insn                                    [0m] uart_write:134                   M 1c008480 c.lw                a5, 0(a0)           a5=00000001  a0:1a1020a0  PA:1a1020a0 
209013510: 15056: [[34m/chip/soc/fc/insn                                    [0m] uart_write:134                   M 1c008482 p.bclri             a5, a5, 0x1e, 0x1   a5=00000001  a5:00000001 
209041274: 15058: [[34m/chip/soc/fc/insn                                    [0m] uart_write:31                    M 1c008486 c.bnez              a5, 0, -6           a5:00000001 
209082920: 15061: [[34m/chip/soc/fc/insn                                    [0m] uart_write:134                   M 1c008480 c.lw                a5, 0(a0)           a5=00000001  a0:1a1020a0  PA:1a1020a0 
209207858: 15070: [[34m/chip/soc/fc/insn                                    [0m] uart_write:134                   M 1c008482 p.bclri             a5, a5, 0x1e, 0x1   a5=00000001  a5:00000001 
209235622: 15072: [[34m/chip/soc/fc/insn                                    [0m] uart_write:31                    M 1c008486 c.bnez              a5, 0, -6           a5:00000001 
209277268: 15075: [[34m/chip/soc/fc/insn                                    [0m] uart_write:134                   M 1c008480 c.lw                a5, 0(a0)           a5=00000001  a0:1a1020a0  PA:1a1020a0 
209402206: 15084: [[34m/chip/soc/fc/insn                                    [0m] uart_write:134                   M 1c008482 p.bclri             a5, a5, 0x1e, 0x1   a5=00000001  a5:00000001 
209429970: 15086: [[34m/chip/soc/fc/insn                                    [0m] uart_write:31                    M 1c008486 c.bnez              a5, 0, -6           a5:00000001 
209471616: 15089: [[34m/chip/soc/fc/insn                                    [0m] uart_write:134                   M 1c008480 c.lw                a5, 0(a0)           a5=00000001  a0:1a1020a0  PA:1a1020a0 
209596554: 15098: [[34m/chip/soc/fc/insn                                    [0m] uart_write:134                   M 1c008482 p.bclri             a5, a5, 0x1e, 0x1   a5=00000001  a5:00000001 
209624318: 15100: [[34m/chip/soc/fc/insn                                    [0m] uart_write:31                    M 1c008486 c.bnez              a5, 0, -6           a5:00000001 
209665964: 15103: [[34m/chip/soc/fc/insn                                    [0m] uart_write:134                   M 1c008480 c.lw                a5, 0(a0)           a5=00000001  a0:1a1020a0  PA:1a1020a0 
209790902: 15112: [[34m/chip/soc/fc/insn                                    [0m] uart_write:134                   M 1c008482 p.bclri             a5, a5, 0x1e, 0x1   a5=00000001  a5:00000001 
209818666: 15114: [[34m/chip/soc/fc/insn                                    [0m] uart_write:31                    M 1c008486 c.bnez              a5, 0, -6           a5:00000001 
209860312: 15117: [[34m/chip/soc/fc/insn                                    [0m] uart_write:134                   M 1c008480 c.lw                a5, 0(a0)           a5=00000001  a0:1a1020a0  PA:1a1020a0 
209985250: 15126: [[34m/chip/soc/fc/insn                                    [0m] uart_write:134                   M 1c008482 p.bclri             a5, a5, 0x1e, 0x1   a5=00000001  a5:00000001 
210013014: 15128: [[34m/chip/soc/fc/insn                                    [0m] uart_write:31                    M 1c008486 c.bnez              a5, 0, -6           a5:00000001 
210054660: 15131: [[34m/chip/soc/fc/insn                                    [0m] uart_write:134                   M 1c008480 c.lw                a5, 0(a0)           a5=00000001  a0:1a1020a0  PA:1a1020a0 
210179598: 15140: [[34m/chip/soc/fc/insn                                    [0m] uart_write:134                   M 1c008482 p.bclri             a5, a5, 0x1e, 0x1   a5=00000001  a5:00000001 
210207362: 15142: [[34m/chip/soc/fc/insn                                    [0m] uart_write:31                    M 1c008486 c.bnez              a5, 0, -6           a5:00000001 
210249008: 15145: [[34m/chip/soc/fc/insn                                    [0m] uart_write:134                   M 1c008480 c.lw                a5, 0(a0)           a5=00000001  a0:1a1020a0  PA:1a1020a0 
210373946: 15154: [[34m/chip/soc/fc/insn                                    [0m] uart_write:134                   M 1c008482 p.bclri             a5, a5, 0x1e, 0x1   a5=00000001  a5:00000001 
210401710: 15156: [[34m/chip/soc/fc/insn                                    [0m] uart_write:31                    M 1c008486 c.bnez              a5, 0, -6           a5:00000001 
210443356: 15159: [[34m/chip/soc/fc/insn                                    [0m] uart_write:134                   M 1c008480 c.lw                a5, 0(a0)           a5=00000001  a0:1a1020a0  PA:1a1020a0 
210568294: 15168: [[34m/chip/soc/fc/insn                                    [0m] uart_write:134                   M 1c008482 p.bclri             a5, a5, 0x1e, 0x1   a5=00000001  a5:00000001 
210596058: 15170: [[34m/chip/soc/fc/insn                                    [0m] uart_write:31                    M 1c008486 c.bnez              a5, 0, -6           a5:00000001 
210637704: 15173: [[34m/chip/soc/fc/insn                                    [0m] uart_write:134                   M 1c008480 c.lw                a5, 0(a0)           a5=00000001  a0:1a1020a0  PA:1a1020a0 
210762642: 15182: [[34m/chip/soc/fc/insn                                    [0m] uart_write:134                   M 1c008482 p.bclri             a5, a5, 0x1e, 0x1   a5=00000001  a5:00000001 
210790406: 15184: [[34m/chip/soc/fc/insn                                    [0m] uart_write:31                    M 1c008486 c.bnez              a5, 0, -6           a5:00000001 
210832052: 15187: [[34m/chip/soc/fc/insn                                    [0m] uart_write:134                   M 1c008480 c.lw                a5, 0(a0)           a5=00000001  a0:1a1020a0  PA:1a1020a0 
210956990: 15196: [[34m/chip/soc/fc/insn                                    [0m] uart_write:134                   M 1c008482 p.bclri             a5, a5, 0x1e, 0x1   a5=00000001  a5:00000001 
210984754: 15198: [[34m/chip/soc/fc/insn                                    [0m] uart_write:31                    M 1c008486 c.bnez              a5, 0, -6           a5:00000001 
211026400: 15201: [[34m/chip/soc/fc/insn                                    [0m] uart_write:134                   M 1c008480 c.lw                a5, 0(a0)           a5=00000001  a0:1a1020a0  PA:1a1020a0 
211151338: 15210: [[34m/chip/soc/fc/insn                                    [0m] uart_write:134                   M 1c008482 p.bclri             a5, a5, 0x1e, 0x1   a5=00000001  a5:00000001 
211179102: 15212: [[34m/chip/soc/fc/insn                                    [0m] uart_write:31                    M 1c008486 c.bnez              a5, 0, -6           a5:00000001 
211220748: 15215: [[34m/chip/soc/fc/insn                                    [0m] uart_write:134                   M 1c008480 c.lw                a5, 0(a0)           a5=00000001  a0:1a1020a0  PA:1a1020a0 
211345686: 15224: [[34m/chip/soc/fc/insn                                    [0m] uart_write:134                   M 1c008482 p.bclri             a5, a5, 0x1e, 0x1   a5=00000001  a5:00000001 
211373450: 15226: [[34m/chip/soc/fc/insn                                    [0m] uart_write:31                    M 1c008486 c.bnez              a5, 0, -6           a5:00000001 
211415096: 15229: [[34m/chip/soc/fc/insn                                    [0m] uart_write:134                   M 1c008480 c.lw                a5, 0(a0)           a5=00000001  a0:1a1020a0  PA:1a1020a0 
211540034: 15238: [[34m/chip/soc/fc/insn                                    [0m] uart_write:134                   M 1c008482 p.bclri             a5, a5, 0x1e, 0x1   a5=00000001  a5:00000001 
211567798: 15240: [[34m/chip/soc/fc/insn                                    [0m] uart_write:31                    M 1c008486 c.bnez              a5, 0, -6           a5:00000001 
211609444: 15243: [[34m/chip/soc/fc/insn                                    [0m] uart_write:134                   M 1c008480 c.lw                a5, 0(a0)           a5=00000001  a0:1a1020a0  PA:1a1020a0 
211734382: 15252: [[34m/chip/soc/fc/insn                                    [0m] uart_write:134                   M 1c008482 p.bclri             a5, a5, 0x1e, 0x1   a5=00000001  a5:00000001 
211762146: 15254: [[34m/chip/soc/fc/insn                                    [0m] uart_write:31                    M 1c008486 c.bnez              a5, 0, -6           a5:00000001 
211803792: 15257: [[34m/chip/soc/fc/insn                                    [0m] uart_write:134                   M 1c008480 c.lw                a5, 0(a0)           a5=00000001  a0:1a1020a0  PA:1a1020a0 
211928730: 15266: [[34m/chip/soc/fc/insn                                    [0m] uart_write:134                   M 1c008482 p.bclri             a5, a5, 0x1e, 0x1   a5=00000001  a5:00000001 
211956494: 15268: [[34m/chip/soc/fc/insn                                    [0m] uart_write:31                    M 1c008486 c.bnez              a5, 0, -6           a5:00000001 
211998140: 15271: [[34m/chip/soc/fc/insn                                    [0m] uart_write:134                   M 1c008480 c.lw                a5, 0(a0)           a5=00000001  a0:1a1020a0  PA:1a1020a0 
212123078: 15280: [[34m/chip/soc/fc/insn                                    [0m] uart_write:134                   M 1c008482 p.bclri             a5, a5, 0x1e, 0x1   a5=00000001  a5:00000001 
212150842: 15282: [[34m/chip/soc/fc/insn                                    [0m] uart_write:31                    M 1c008486 c.bnez              a5, 0, -6           a5:00000001 
212192488: 15285: [[34m/chip/soc/fc/insn                                    [0m] uart_write:134                   M 1c008480 c.lw                a5, 0(a0)           a5=00000001  a0:1a1020a0  PA:1a1020a0 
212317426: 15294: [[34m/chip/soc/fc/insn                                    [0m] uart_write:134                   M 1c008482 p.bclri             a5, a5, 0x1e, 0x1   a5=00000001  a5:00000001 
212345190: 15296: [[34m/chip/soc/fc/insn                                    [0m] uart_write:31                    M 1c008486 c.bnez              a5, 0, -6           a5:00000001 
212386836: 15299: [[34m/chip/soc/fc/insn                                    [0m] uart_write:134                   M 1c008480 c.lw                a5, 0(a0)           a5=00000001  a0:1a1020a0  PA:1a1020a0 
212511774: 15308: [[34m/chip/soc/fc/insn                                    [0m] uart_write:134                   M 1c008482 p.bclri             a5, a5, 0x1e, 0x1   a5=00000001  a5:00000001 
212539538: 15310: [[34m/chip/soc/fc/insn                                    [0m] uart_write:31                    M 1c008486 c.bnez              a5, 0, -6           a5:00000001 
212581184: 15313: [[34m/chip/soc/fc/insn                                    [0m] uart_write:134                   M 1c008480 c.lw                a5, 0(a0)           a5=00000001  a0:1a1020a0  PA:1a1020a0 
212706122: 15322: [[34m/chip/soc/fc/insn                                    [0m] uart_write:134                   M 1c008482 p.bclri             a5, a5, 0x1e, 0x1   a5=00000001  a5:00000001 
212733886: 15324: [[34m/chip/soc/fc/insn                                    [0m] uart_write:31                    M 1c008486 c.bnez              a5, 0, -6           a5:00000001 
212775532: 15327: [[34m/chip/soc/fc/insn                                    [0m] uart_write:134                   M 1c008480 c.lw                a5, 0(a0)           a5=00000001  a0:1a1020a0  PA:1a1020a0 
212900470: 15336: [[34m/chip/soc/fc/insn                                    [0m] uart_write:134                   M 1c008482 p.bclri             a5, a5, 0x1e, 0x1   a5=00000001  a5:00000001 
212928234: 15338: [[34m/chip/soc/fc/insn                                    [0m] uart_write:31                    M 1c008486 c.bnez              a5, 0, -6           a5:00000001 
212969880: 15341: [[34m/chip/soc/fc/insn                                    [0m] uart_write:134                   M 1c008480 c.lw                a5, 0(a0)           a5=00000001  a0:1a1020a0  PA:1a1020a0 
213094818: 15350: [[34m/chip/soc/fc/insn                                    [0m] uart_write:134                   M 1c008482 p.bclri             a5, a5, 0x1e, 0x1   a5=00000001  a5:00000001 
213122582: 15352: [[34m/chip/soc/fc/insn                                    [0m] uart_write:31                    M 1c008486 c.bnez              a5, 0, -6           a5:00000001 
213164228: 15355: [[34m/chip/soc/fc/insn                                    [0m] uart_write:134                   M 1c008480 c.lw                a5, 0(a0)           a5=00000001  a0:1a1020a0  PA:1a1020a0 
213289166: 15364: [[34m/chip/soc/fc/insn                                    [0m] uart_write:134                   M 1c008482 p.bclri             a5, a5, 0x1e, 0x1   a5=00000001  a5:00000001 
213316930: 15366: [[34m/chip/soc/fc/insn                                    [0m] uart_write:31                    M 1c008486 c.bnez              a5, 0, -6           a5:00000001 
213358576: 15369: [[34m/chip/soc/fc/insn                                    [0m] uart_write:134                   M 1c008480 c.lw                a5, 0(a0)           a5=00000001  a0:1a1020a0  PA:1a1020a0 
213483514: 15378: [[34m/chip/soc/fc/insn                                    [0m] uart_write:134                   M 1c008482 p.bclri             a5, a5, 0x1e, 0x1   a5=00000001  a5:00000001 
213511278: 15380: [[34m/chip/soc/fc/insn                                    [0m] uart_write:31                    M 1c008486 c.bnez              a5, 0, -6           a5:00000001 
213552924: 15383: [[34m/chip/soc/fc/insn                                    [0m] uart_write:134                   M 1c008480 c.lw                a5, 0(a0)           a5=00000001  a0:1a1020a0  PA:1a1020a0 
213677862: 15392: [[34m/chip/soc/fc/insn                                    [0m] uart_write:134                   M 1c008482 p.bclri             a5, a5, 0x1e, 0x1   a5=00000001  a5:00000001 
213705626: 15394: [[34m/chip/soc/fc/insn                                    [0m] uart_write:31                    M 1c008486 c.bnez              a5, 0, -6           a5:00000001 
213747272: 15397: [[34m/chip/soc/fc/insn                                    [0m] uart_write:134                   M 1c008480 c.lw                a5, 0(a0)           a5=00000001  a0:1a1020a0  PA:1a1020a0 
213872210: 15406: [[34m/chip/soc/fc/insn                                    [0m] uart_write:134                   M 1c008482 p.bclri             a5, a5, 0x1e, 0x1   a5=00000001  a5:00000001 
213899974: 15408: [[34m/chip/soc/fc/insn                                    [0m] uart_write:31                    M 1c008486 c.bnez              a5, 0, -6           a5:00000001 
213941620: 15411: [[34m/chip/soc/fc/insn                                    [0m] uart_write:134                   M 1c008480 c.lw                a5, 0(a0)           a5=00000001  a0:1a1020a0  PA:1a1020a0 
214066558: 15420: [[34m/chip/soc/fc/insn                                    [0m] uart_write:134                   M 1c008482 p.bclri             a5, a5, 0x1e, 0x1   a5=00000001  a5:00000001 
214094322: 15422: [[34m/chip/soc/fc/insn                                    [0m] uart_write:31                    M 1c008486 c.bnez              a5, 0, -6           a5:00000001 
214135968: 15425: [[34m/chip/soc/fc/insn                                    [0m] uart_write:134                   M 1c008480 c.lw                a5, 0(a0)           a5=00000001  a0:1a1020a0  PA:1a1020a0 
214260906: 15434: [[34m/chip/soc/fc/insn                                    [0m] uart_write:134                   M 1c008482 p.bclri             a5, a5, 0x1e, 0x1   a5=00000001  a5:00000001 
214288670: 15436: [[34m/chip/soc/fc/insn                                    [0m] uart_write:31                    M 1c008486 c.bnez              a5, 0, -6           a5:00000001 
214330316: 15439: [[34m/chip/soc/fc/insn                                    [0m] uart_write:134                   M 1c008480 c.lw                a5, 0(a0)           a5=00000001  a0:1a1020a0  PA:1a1020a0 
214455254: 15448: [[34m/chip/soc/fc/insn                                    [0m] uart_write:134                   M 1c008482 p.bclri             a5, a5, 0x1e, 0x1   a5=00000001  a5:00000001 
214483018: 15450: [[34m/chip/soc/fc/insn                                    [0m] uart_write:31                    M 1c008486 c.bnez              a5, 0, -6           a5:00000001 
214524664: 15453: [[34m/chip/soc/fc/insn                                    [0m] uart_write:134                   M 1c008480 c.lw                a5, 0(a0)           a5=00000001  a0:1a1020a0  PA:1a1020a0 
214649602: 15462: [[34m/chip/soc/fc/insn                                    [0m] uart_write:134                   M 1c008482 p.bclri             a5, a5, 0x1e, 0x1   a5=00000001  a5:00000001 
214677366: 15464: [[34m/chip/soc/fc/insn                                    [0m] uart_write:31                    M 1c008486 c.bnez              a5, 0, -6           a5:00000001 
214719012: 15467: [[34m/chip/soc/fc/insn                                    [0m] uart_write:134                   M 1c008480 c.lw                a5, 0(a0)           a5=00000001  a0:1a1020a0  PA:1a1020a0 
214843950: 15476: [[34m/chip/soc/fc/insn                                    [0m] uart_write:134                   M 1c008482 p.bclri             a5, a5, 0x1e, 0x1   a5=00000001  a5:00000001 
214871714: 15478: [[34m/chip/soc/fc/insn                                    [0m] uart_write:31                    M 1c008486 c.bnez              a5, 0, -6           a5:00000001 
214913360: 15481: [[34m/chip/soc/fc/insn                                    [0m] uart_write:134                   M 1c008480 c.lw                a5, 0(a0)           a5=00000001  a0:1a1020a0  PA:1a1020a0 
215038298: 15490: [[34m/chip/soc/fc/insn                                    [0m] uart_write:134                   M 1c008482 p.bclri             a5, a5, 0x1e, 0x1   a5=00000001  a5:00000001 
215066062: 15492: [[34m/chip/soc/fc/insn                                    [0m] uart_write:31                    M 1c008486 c.bnez              a5, 0, -6           a5:00000001 
215107708: 15495: [[34m/chip/soc/fc/insn                                    [0m] uart_write:134                   M 1c008480 c.lw                a5, 0(a0)           a5=00000001  a0:1a1020a0  PA:1a1020a0 
215232646: 15504: [[34m/chip/soc/fc/insn                                    [0m] uart_write:134                   M 1c008482 p.bclri             a5, a5, 0x1e, 0x1   a5=00000001  a5:00000001 
215260410: 15506: [[34m/chip/soc/fc/insn                                    [0m] uart_write:31                    M 1c008486 c.bnez              a5, 0, -6           a5:00000001 
215302056: 15509: [[34m/chip/soc/fc/insn                                    [0m] uart_write:134                   M 1c008480 c.lw                a5, 0(a0)           a5=00000001  a0:1a1020a0  PA:1a1020a0 
215426994: 15518: [[34m/chip/soc/fc/insn                                    [0m] uart_write:134                   M 1c008482 p.bclri             a5, a5, 0x1e, 0x1   a5=00000001  a5:00000001 
215454758: 15520: [[34m/chip/soc/fc/insn                                    [0m] uart_write:31                    M 1c008486 c.bnez              a5, 0, -6           a5:00000001 
215496404: 15523: [[34m/chip/soc/fc/insn                                    [0m] uart_write:134                   M 1c008480 c.lw                a5, 0(a0)           a5=00000001  a0:1a1020a0  PA:1a1020a0 
215621342: 15532: [[34m/chip/soc/fc/insn                                    [0m] uart_write:134                   M 1c008482 p.bclri             a5, a5, 0x1e, 0x1   a5=00000001  a5:00000001 
215649106: 15534: [[34m/chip/soc/fc/insn                                    [0m] uart_write:31                    M 1c008486 c.bnez              a5, 0, -6           a5:00000001 
215690752: 15537: [[34m/chip/soc/fc/insn                                    [0m] uart_write:134                   M 1c008480 c.lw                a5, 0(a0)           a5=00000001  a0:1a1020a0  PA:1a1020a0 
215815690: 15546: [[34m/chip/soc/fc/insn                                    [0m] uart_write:134                   M 1c008482 p.bclri             a5, a5, 0x1e, 0x1   a5=00000001  a5:00000001 
215843454: 15548: [[34m/chip/soc/fc/insn                                    [0m] uart_write:31                    M 1c008486 c.bnez              a5, 0, -6           a5:00000001 
215885100: 15551: [[34m/chip/soc/fc/insn                                    [0m] uart_write:134                   M 1c008480 c.lw                a5, 0(a0)           a5=00000001  a0:1a1020a0  PA:1a1020a0 
216010038: 15560: [[34m/chip/soc/fc/insn                                    [0m] uart_write:134                   M 1c008482 p.bclri             a5, a5, 0x1e, 0x1   a5=00000001  a5:00000001 
216037802: 15562: [[34m/chip/soc/fc/insn                                    [0m] uart_write:31                    M 1c008486 c.bnez              a5, 0, -6           a5:00000001 
216079448: 15565: [[34m/chip/soc/fc/insn                                    [0m] uart_write:134                   M 1c008480 c.lw                a5, 0(a0)           a5=00000001  a0:1a1020a0  PA:1a1020a0 
216204386: 15574: [[34m/chip/soc/fc/insn                                    [0m] uart_write:134                   M 1c008482 p.bclri             a5, a5, 0x1e, 0x1   a5=00000001  a5:00000001 
216232150: 15576: [[34m/chip/soc/fc/insn                                    [0m] uart_write:31                    M 1c008486 c.bnez              a5, 0, -6           a5:00000001 
216273796: 15579: [[34m/chip/soc/fc/insn                                    [0m] uart_write:134                   M 1c008480 c.lw                a5, 0(a0)           a5=00000001  a0:1a1020a0  PA:1a1020a0 
216398734: 15588: [[34m/chip/soc/fc/insn                                    [0m] uart_write:134                   M 1c008482 p.bclri             a5, a5, 0x1e, 0x1   a5=00000001  a5:00000001 
216426498: 15590: [[34m/chip/soc/fc/insn                                    [0m] uart_write:31                    M 1c008486 c.bnez              a5, 0, -6           a5:00000001 
216468144: 15593: [[34m/chip/soc/fc/insn                                    [0m] uart_write:134                   M 1c008480 c.lw                a5, 0(a0)           a5=00000001  a0:1a1020a0  PA:1a1020a0 
216593082: 15602: [[34m/chip/soc/fc/insn                                    [0m] uart_write:134                   M 1c008482 p.bclri             a5, a5, 0x1e, 0x1   a5=00000001  a5:00000001 
216620846: 15604: [[34m/chip/soc/fc/insn                                    [0m] uart_write:31                    M 1c008486 c.bnez              a5, 0, -6           a5:00000001 
216662492: 15607: [[34m/chip/soc/fc/insn                                    [0m] uart_write:134                   M 1c008480 c.lw                a5, 0(a0)           a5=00000001  a0:1a1020a0  PA:1a1020a0 
216787430: 15616: [[34m/chip/soc/fc/insn                                    [0m] uart_write:134                   M 1c008482 p.bclri             a5, a5, 0x1e, 0x1   a5=00000001  a5:00000001 
216815194: 15618: [[34m/chip/soc/fc/insn                                    [0m] uart_write:31                    M 1c008486 c.bnez              a5, 0, -6           a5:00000001 
216856840: 15621: [[34m/chip/soc/fc/insn                                    [0m] uart_write:134                   M 1c008480 c.lw                a5, 0(a0)           a5=00000001  a0:1a1020a0  PA:1a1020a0 
216981778: 15630: [[34m/chip/soc/fc/insn                                    [0m] uart_write:134                   M 1c008482 p.bclri             a5, a5, 0x1e, 0x1   a5=00000001  a5:00000001 
217009542: 15632: [[34m/chip/soc/fc/insn                                    [0m] uart_write:31                    M 1c008486 c.bnez              a5, 0, -6           a5:00000001 
217051188: 15635: [[34m/chip/soc/fc/insn                                    [0m] uart_write:134                   M 1c008480 c.lw                a5, 0(a0)           a5=00000001  a0:1a1020a0  PA:1a1020a0 
217176126: 15644: [[34m/chip/soc/fc/insn                                    [0m] uart_write:134                   M 1c008482 p.bclri             a5, a5, 0x1e, 0x1   a5=00000001  a5:00000001 
217203890: 15646: [[34m/chip/soc/fc/insn                                    [0m] uart_write:31                    M 1c008486 c.bnez              a5, 0, -6           a5:00000001 
217245536: 15649: [[34m/chip/soc/fc/insn                                    [0m] uart_write:134                   M 1c008480 c.lw                a5, 0(a0)           a5=00000001  a0:1a1020a0  PA:1a1020a0 
217370474: 15658: [[34m/chip/soc/fc/insn                                    [0m] uart_write:134                   M 1c008482 p.bclri             a5, a5, 0x1e, 0x1   a5=00000001  a5:00000001 
217398238: 15660: [[34m/chip/soc/fc/insn                                    [0m] uart_write:31                    M 1c008486 c.bnez              a5, 0, -6           a5:00000001 
217439884: 15663: [[34m/chip/soc/fc/insn                                    [0m] uart_write:134                   M 1c008480 c.lw                a5, 0(a0)           a5=00000001  a0:1a1020a0  PA:1a1020a0 
217564822: 15672: [[34m/chip/soc/fc/insn                                    [0m] uart_write:134                   M 1c008482 p.bclri             a5, a5, 0x1e, 0x1   a5=00000001  a5:00000001 
217592586: 15674: [[34m/chip/soc/fc/insn                                    [0m] uart_write:31                    M 1c008486 c.bnez              a5, 0, -6           a5:00000001 
217634232: 15677: [[34m/chip/soc/fc/insn                                    [0m] uart_write:134                   M 1c008480 c.lw                a5, 0(a0)           a5=00000001  a0:1a1020a0  PA:1a1020a0 
217759170: 15686: [[34m/chip/soc/fc/insn                                    [0m] uart_write:134                   M 1c008482 p.bclri             a5, a5, 0x1e, 0x1   a5=00000001  a5:00000001 
217786934: 15688: [[34m/chip/soc/fc/insn                                    [0m] uart_write:31                    M 1c008486 c.bnez              a5, 0, -6           a5:00000001 
217828580: 15691: [[34m/chip/soc/fc/insn                                    [0m] uart_write:134                   M 1c008480 c.lw                a5, 0(a0)           a5=00000001  a0:1a1020a0  PA:1a1020a0 
217953518: 15700: [[34m/chip/soc/fc/insn                                    [0m] uart_write:134                   M 1c008482 p.bclri             a5, a5, 0x1e, 0x1   a5=00000001  a5:00000001 
217981282: 15702: [[34m/chip/soc/fc/insn                                    [0m] uart_write:31                    M 1c008486 c.bnez              a5, 0, -6           a5:00000001 
218022928: 15705: [[34m/chip/soc/fc/insn                                    [0m] uart_write:134                   M 1c008480 c.lw                a5, 0(a0)           a5=00000001  a0:1a1020a0  PA:1a1020a0 
218147866: 15714: [[34m/chip/soc/fc/insn                                    [0m] uart_write:134                   M 1c008482 p.bclri             a5, a5, 0x1e, 0x1   a5=00000001  a5:00000001 
218175630: 15716: [[34m/chip/soc/fc/insn                                    [0m] uart_write:31                    M 1c008486 c.bnez              a5, 0, -6           a5:00000001 
218217276: 15719: [[34m/chip/soc/fc/insn                                    [0m] uart_write:134                   M 1c008480 c.lw                a5, 0(a0)           a5=00000001  a0:1a1020a0  PA:1a1020a0 
218342214: 15728: [[34m/chip/soc/fc/insn                                    [0m] uart_write:134                   M 1c008482 p.bclri             a5, a5, 0x1e, 0x1   a5=00000001  a5:00000001 
218369978: 15730: [[34m/chip/soc/fc/insn                                    [0m] uart_write:31                    M 1c008486 c.bnez              a5, 0, -6           a5:00000001 
218411624: 15733: [[34m/chip/soc/fc/insn                                    [0m] uart_write:134                   M 1c008480 c.lw                a5, 0(a0)           a5=00000001  a0:1a1020a0  PA:1a1020a0 
218536562: 15742: [[34m/chip/soc/fc/insn                                    [0m] uart_write:134                   M 1c008482 p.bclri             a5, a5, 0x1e, 0x1   a5=00000001  a5:00000001 
218564326: 15744: [[34m/chip/soc/fc/insn                                    [0m] uart_write:31                    M 1c008486 c.bnez              a5, 0, -6           a5:00000001 
218605972: 15747: [[34m/chip/soc/fc/insn                                    [0m] uart_write:134                   M 1c008480 c.lw                a5, 0(a0)           a5=00000001  a0:1a1020a0  PA:1a1020a0 
218730910: 15756: [[34m/chip/soc/fc/insn                                    [0m] uart_write:134                   M 1c008482 p.bclri             a5, a5, 0x1e, 0x1   a5=00000001  a5:00000001 
218758674: 15758: [[34m/chip/soc/fc/insn                                    [0m] uart_write:31                    M 1c008486 c.bnez              a5, 0, -6           a5:00000001 
218800320: 15761: [[34m/chip/soc/fc/insn                                    [0m] uart_write:134                   M 1c008480 c.lw                a5, 0(a0)           a5=00000001  a0:1a1020a0  PA:1a1020a0 
218925258: 15770: [[34m/chip/soc/fc/insn                                    [0m] uart_write:134                   M 1c008482 p.bclri             a5, a5, 0x1e, 0x1   a5=00000001  a5:00000001 
218953022: 15772: [[34m/chip/soc/fc/insn                                    [0m] uart_write:31                    M 1c008486 c.bnez              a5, 0, -6           a5:00000001 
218994668: 15775: [[34m/chip/soc/fc/insn                                    [0m] uart_write:134                   M 1c008480 c.lw                a5, 0(a0)           a5=00000001  a0:1a1020a0  PA:1a1020a0 
219119606: 15784: [[34m/chip/soc/fc/insn                                    [0m] uart_write:134                   M 1c008482 p.bclri             a5, a5, 0x1e, 0x1   a5=00000001  a5:00000001 
219147370: 15786: [[34m/chip/soc/fc/insn                                    [0m] uart_write:31                    M 1c008486 c.bnez              a5, 0, -6           a5:00000001 
219189016: 15789: [[34m/chip/soc/fc/insn                                    [0m] uart_write:134                   M 1c008480 c.lw                a5, 0(a0)           a5=00000001  a0:1a1020a0  PA:1a1020a0 
219313954: 15798: [[34m/chip/soc/fc/insn                                    [0m] uart_write:134                   M 1c008482 p.bclri             a5, a5, 0x1e, 0x1   a5=00000001  a5:00000001 
219341718: 15800: [[34m/chip/soc/fc/insn                                    [0m] uart_write:31                    M 1c008486 c.bnez              a5, 0, -6           a5:00000001 
219383364: 15803: [[34m/chip/soc/fc/insn                                    [0m] uart_write:134                   M 1c008480 c.lw                a5, 0(a0)           a5=00000001  a0:1a1020a0  PA:1a1020a0 
219508302: 15812: [[34m/chip/soc/fc/insn                                    [0m] uart_write:134                   M 1c008482 p.bclri             a5, a5, 0x1e, 0x1   a5=00000001  a5:00000001 
219536066: 15814: [[34m/chip/soc/fc/insn                                    [0m] uart_write:31                    M 1c008486 c.bnez              a5, 0, -6           a5:00000001 
219577712: 15817: [[34m/chip/soc/fc/insn                                    [0m] uart_write:134                   M 1c008480 c.lw                a5, 0(a0)           a5=00000001  a0:1a1020a0  PA:1a1020a0 
219702650: 15826: [[34m/chip/soc/fc/insn                                    [0m] uart_write:134                   M 1c008482 p.bclri             a5, a5, 0x1e, 0x1   a5=00000001  a5:00000001 
219730414: 15828: [[34m/chip/soc/fc/insn                                    [0m] uart_write:31                    M 1c008486 c.bnez              a5, 0, -6           a5:00000001 
219772060: 15831: [[34m/chip/soc/fc/insn                                    [0m] uart_write:134                   M 1c008480 c.lw                a5, 0(a0)           a5=00000001  a0:1a1020a0  PA:1a1020a0 
219896998: 15840: [[34m/chip/soc/fc/insn                                    [0m] uart_write:134                   M 1c008482 p.bclri             a5, a5, 0x1e, 0x1   a5=00000001  a5:00000001 
219924762: 15842: [[34m/chip/soc/fc/insn                                    [0m] uart_write:31                    M 1c008486 c.bnez              a5, 0, -6           a5:00000001 
219966408: 15845: [[34m/chip/soc/fc/insn                                    [0m] uart_write:134                   M 1c008480 c.lw                a5, 0(a0)           a5=00000001  a0:1a1020a0  PA:1a1020a0 
220091346: 15854: [[34m/chip/soc/fc/insn                                    [0m] uart_write:134                   M 1c008482 p.bclri             a5, a5, 0x1e, 0x1   a5=00000001  a5:00000001 
220119110: 15856: [[34m/chip/soc/fc/insn                                    [0m] uart_write:31                    M 1c008486 c.bnez              a5, 0, -6           a5:00000001 
220160756: 15859: [[34m/chip/soc/fc/insn                                    [0m] uart_write:134                   M 1c008480 c.lw                a5, 0(a0)           a5=00000001  a0:1a1020a0  PA:1a1020a0 
220285694: 15868: [[34m/chip/soc/fc/insn                                    [0m] uart_write:134                   M 1c008482 p.bclri             a5, a5, 0x1e, 0x1   a5=00000001  a5:00000001 
220313458: 15870: [[34m/chip/soc/fc/insn                                    [0m] uart_write:31                    M 1c008486 c.bnez              a5, 0, -6           a5:00000001 
220355104: 15873: [[34m/chip/soc/fc/insn                                    [0m] uart_write:134                   M 1c008480 c.lw                a5, 0(a0)           a5=00000001  a0:1a1020a0  PA:1a1020a0 
220480042: 15882: [[34m/chip/soc/fc/insn                                    [0m] uart_write:134                   M 1c008482 p.bclri             a5, a5, 0x1e, 0x1   a5=00000001  a5:00000001 
220507806: 15884: [[34m/chip/soc/fc/insn                                    [0m] uart_write:31                    M 1c008486 c.bnez              a5, 0, -6           a5:00000001 
220549452: 15887: [[34m/chip/soc/fc/insn                                    [0m] uart_write:134                   M 1c008480 c.lw                a5, 0(a0)           a5=00000001  a0:1a1020a0  PA:1a1020a0 
220674390: 15896: [[34m/chip/soc/fc/insn                                    [0m] uart_write:134                   M 1c008482 p.bclri             a5, a5, 0x1e, 0x1   a5=00000001  a5:00000001 
220702154: 15898: [[34m/chip/soc/fc/insn                                    [0m] uart_write:31                    M 1c008486 c.bnez              a5, 0, -6           a5:00000001 
220743800: 15901: [[34m/chip/soc/fc/insn                                    [0m] uart_write:134                   M 1c008480 c.lw                a5, 0(a0)           a5=00000001  a0:1a1020a0  PA:1a1020a0 
220868738: 15910: [[34m/chip/soc/fc/insn                                    [0m] uart_write:134                   M 1c008482 p.bclri             a5, a5, 0x1e, 0x1   a5=00000001  a5:00000001 
220896502: 15912: [[34m/chip/soc/fc/insn                                    [0m] uart_write:31                    M 1c008486 c.bnez              a5, 0, -6           a5:00000001 
220938148: 15915: [[34m/chip/soc/fc/insn                                    [0m] uart_write:134                   M 1c008480 c.lw                a5, 0(a0)           a5=00000001  a0:1a1020a0  PA:1a1020a0 
221063086: 15924: [[34m/chip/soc/fc/insn                                    [0m] uart_write:134                   M 1c008482 p.bclri             a5, a5, 0x1e, 0x1   a5=00000001  a5:00000001 
221090850: 15926: [[34m/chip/soc/fc/insn                                    [0m] uart_write:31                    M 1c008486 c.bnez              a5, 0, -6           a5:00000001 
221132496: 15929: [[34m/chip/soc/fc/insn                                    [0m] uart_write:134                   M 1c008480 c.lw                a5, 0(a0)           a5=00000001  a0:1a1020a0  PA:1a1020a0 
221257434: 15938: [[34m/chip/soc/fc/insn                                    [0m] uart_write:134                   M 1c008482 p.bclri             a5, a5, 0x1e, 0x1   a5=00000001  a5:00000001 
221285198: 15940: [[34m/chip/soc/fc/insn                                    [0m] uart_write:31                    M 1c008486 c.bnez              a5, 0, -6           a5:00000001 
221326844: 15943: [[34m/chip/soc/fc/insn                                    [0m] uart_write:134                   M 1c008480 c.lw                a5, 0(a0)           a5=00000001  a0:1a1020a0  PA:1a1020a0 
221451782: 15952: [[34m/chip/soc/fc/insn                                    [0m] uart_write:134                   M 1c008482 p.bclri             a5, a5, 0x1e, 0x1   a5=00000001  a5:00000001 
221479546: 15954: [[34m/chip/soc/fc/insn                                    [0m] uart_write:31                    M 1c008486 c.bnez              a5, 0, -6           a5:00000001 
221521192: 15957: [[34m/chip/soc/fc/insn                                    [0m] uart_write:134                   M 1c008480 c.lw                a5, 0(a0)           a5=00000001  a0:1a1020a0  PA:1a1020a0 
221646130: 15966: [[34m/chip/soc/fc/insn                                    [0m] uart_write:134                   M 1c008482 p.bclri             a5, a5, 0x1e, 0x1   a5=00000001  a5:00000001 
221673894: 15968: [[34m/chip/soc/fc/insn                                    [0m] uart_write:31                    M 1c008486 c.bnez              a5, 0, -6           a5:00000001 
221715540: 15971: [[34m/chip/soc/fc/insn                                    [0m] uart_write:134                   M 1c008480 c.lw                a5, 0(a0)           a5=00000001  a0:1a1020a0  PA:1a1020a0 
221840478: 15980: [[34m/chip/soc/fc/insn                                    [0m] uart_write:134                   M 1c008482 p.bclri             a5, a5, 0x1e, 0x1   a5=00000001  a5:00000001 
221868242: 15982: [[34m/chip/soc/fc/insn                                    [0m] uart_write:31                    M 1c008486 c.bnez              a5, 0, -6           a5:00000001 
221909888: 15985: [[34m/chip/soc/fc/insn                                    [0m] uart_write:134                   M 1c008480 c.lw                a5, 0(a0)           a5=00000001  a0:1a1020a0  PA:1a1020a0 
222034826: 15994: [[34m/chip/soc/fc/insn                                    [0m] uart_write:134                   M 1c008482 p.bclri             a5, a5, 0x1e, 0x1   a5=00000001  a5:00000001 
222062590: 15996: [[34m/chip/soc/fc/insn                                    [0m] uart_write:31                    M 1c008486 c.bnez              a5, 0, -6           a5:00000001 
222104236: 15999: [[34m/chip/soc/fc/insn                                    [0m] uart_write:134                   M 1c008480 c.lw                a5, 0(a0)           a5=00000001  a0:1a1020a0  PA:1a1020a0 
222229174: 16008: [[34m/chip/soc/fc/insn                                    [0m] uart_write:134                   M 1c008482 p.bclri             a5, a5, 0x1e, 0x1   a5=00000001  a5:00000001 
222256938: 16010: [[34m/chip/soc/fc/insn                                    [0m] uart_write:31                    M 1c008486 c.bnez              a5, 0, -6           a5:00000001 
222298584: 16013: [[34m/chip/soc/fc/insn                                    [0m] uart_write:134                   M 1c008480 c.lw                a5, 0(a0)           a5=00000001  a0:1a1020a0  PA:1a1020a0 
222423522: 16022: [[34m/chip/soc/fc/insn                                    [0m] uart_write:134                   M 1c008482 p.bclri             a5, a5, 0x1e, 0x1   a5=00000001  a5:00000001 
222451286: 16024: [[34m/chip/soc/fc/insn                                    [0m] uart_write:31                    M 1c008486 c.bnez              a5, 0, -6           a5:00000001 
222492932: 16027: [[34m/chip/soc/fc/insn                                    [0m] uart_write:134                   M 1c008480 c.lw                a5, 0(a0)           a5=00000001  a0:1a1020a0  PA:1a1020a0 
222617870: 16036: [[34m/chip/soc/fc/insn                                    [0m] uart_write:134                   M 1c008482 p.bclri             a5, a5, 0x1e, 0x1   a5=00000001  a5:00000001 
222645634: 16038: [[34m/chip/soc/fc/insn                                    [0m] uart_write:31                    M 1c008486 c.bnez              a5, 0, -6           a5:00000001 
222687280: 16041: [[34m/chip/soc/fc/insn                                    [0m] uart_write:134                   M 1c008480 c.lw                a5, 0(a0)           a5=00000001  a0:1a1020a0  PA:1a1020a0 
222812218: 16050: [[34m/chip/soc/fc/insn                                    [0m] uart_write:134                   M 1c008482 p.bclri             a5, a5, 0x1e, 0x1   a5=00000001  a5:00000001 
222839982: 16052: [[34m/chip/soc/fc/insn                                    [0m] uart_write:31                    M 1c008486 c.bnez              a5, 0, -6           a5:00000001 
222881628: 16055: [[34m/chip/soc/fc/insn                                    [0m] uart_write:134                   M 1c008480 c.lw                a5, 0(a0)           a5=00000001  a0:1a1020a0  PA:1a1020a0 
223006566: 16064: [[34m/chip/soc/fc/insn                                    [0m] uart_write:134                   M 1c008482 p.bclri             a5, a5, 0x1e, 0x1   a5=00000001  a5:00000001 
223034330: 16066: [[34m/chip/soc/fc/insn                                    [0m] uart_write:31                    M 1c008486 c.bnez              a5, 0, -6           a5:00000001 
223075976: 16069: [[34m/chip/soc/fc/insn                                    [0m] uart_write:134                   M 1c008480 c.lw                a5, 0(a0)           a5=00000001  a0:1a1020a0  PA:1a1020a0 
223200914: 16078: [[34m/chip/soc/fc/insn                                    [0m] uart_write:134                   M 1c008482 p.bclri             a5, a5, 0x1e, 0x1   a5=00000001  a5:00000001 
223228678: 16080: [[34m/chip/soc/fc/insn                                    [0m] uart_write:31                    M 1c008486 c.bnez              a5, 0, -6           a5:00000001 
223270324: 16083: [[34m/chip/soc/fc/insn                                    [0m] uart_write:134                   M 1c008480 c.lw                a5, 0(a0)           a5=00000001  a0:1a1020a0  PA:1a1020a0 
223395262: 16092: [[34m/chip/soc/fc/insn                                    [0m] uart_write:134                   M 1c008482 p.bclri             a5, a5, 0x1e, 0x1   a5=00000001  a5:00000001 
223423026: 16094: [[34m/chip/soc/fc/insn                                    [0m] uart_write:31                    M 1c008486 c.bnez              a5, 0, -6           a5:00000001 
223464672: 16097: [[34m/chip/soc/fc/insn                                    [0m] uart_write:134                   M 1c008480 c.lw                a5, 0(a0)           a5=00000001  a0:1a1020a0  PA:1a1020a0 
223589610: 16106: [[34m/chip/soc/fc/insn                                    [0m] uart_write:134                   M 1c008482 p.bclri             a5, a5, 0x1e, 0x1   a5=00000001  a5:00000001 
223617374: 16108: [[34m/chip/soc/fc/insn                                    [0m] uart_write:31                    M 1c008486 c.bnez              a5, 0, -6           a5:00000001 
223659020: 16111: [[34m/chip/soc/fc/insn                                    [0m] uart_write:134                   M 1c008480 c.lw                a5, 0(a0)           a5=00000001  a0:1a1020a0  PA:1a1020a0 
223783958: 16120: [[34m/chip/soc/fc/insn                                    [0m] uart_write:134                   M 1c008482 p.bclri             a5, a5, 0x1e, 0x1   a5=00000001  a5:00000001 
223811722: 16122: [[34m/chip/soc/fc/insn                                    [0m] uart_write:31                    M 1c008486 c.bnez              a5, 0, -6           a5:00000001 
223853368: 16125: [[34m/chip/soc/fc/insn                                    [0m] uart_write:134                   M 1c008480 c.lw                a5, 0(a0)           a5=00000001  a0:1a1020a0  PA:1a1020a0 
223978306: 16134: [[34m/chip/soc/fc/insn                                    [0m] uart_write:134                   M 1c008482 p.bclri             a5, a5, 0x1e, 0x1   a5=00000001  a5:00000001 
224006070: 16136: [[34m/chip/soc/fc/insn                                    [0m] uart_write:31                    M 1c008486 c.bnez              a5, 0, -6           a5:00000001 
224047716: 16139: [[34m/chip/soc/fc/insn                                    [0m] uart_write:134                   M 1c008480 c.lw                a5, 0(a0)           a5=00000001  a0:1a1020a0  PA:1a1020a0 
224172654: 16148: [[34m/chip/soc/fc/insn                                    [0m] uart_write:134                   M 1c008482 p.bclri             a5, a5, 0x1e, 0x1   a5=00000001  a5:00000001 
224200418: 16150: [[34m/chip/soc/fc/insn                                    [0m] uart_write:31                    M 1c008486 c.bnez              a5, 0, -6           a5:00000001 
224242064: 16153: [[34m/chip/soc/fc/insn                                    [0m] uart_write:134                   M 1c008480 c.lw                a5, 0(a0)           a5=00000001  a0:1a1020a0  PA:1a1020a0 
224367002: 16162: [[34m/chip/soc/fc/insn                                    [0m] uart_write:134                   M 1c008482 p.bclri             a5, a5, 0x1e, 0x1   a5=00000001  a5:00000001 
224394766: 16164: [[34m/chip/soc/fc/insn                                    [0m] uart_write:31                    M 1c008486 c.bnez              a5, 0, -6           a5:00000001 
224436412: 16167: [[34m/chip/soc/fc/insn                                    [0m] uart_write:134                   M 1c008480 c.lw                a5, 0(a0)           a5=00000001  a0:1a1020a0  PA:1a1020a0 
224561350: 16176: [[34m/chip/soc/fc/insn                                    [0m] uart_write:134                   M 1c008482 p.bclri             a5, a5, 0x1e, 0x1   a5=00000001  a5:00000001 
224589114: 16178: [[34m/chip/soc/fc/insn                                    [0m] uart_write:31                    M 1c008486 c.bnez              a5, 0, -6           a5:00000001 
224630760: 16181: [[34m/chip/soc/fc/insn                                    [0m] uart_write:134                   M 1c008480 c.lw                a5, 0(a0)           a5=00000001  a0:1a1020a0  PA:1a1020a0 
224755698: 16190: [[34m/chip/soc/fc/insn                                    [0m] uart_write:134                   M 1c008482 p.bclri             a5, a5, 0x1e, 0x1   a5=00000001  a5:00000001 
224783462: 16192: [[34m/chip/soc/fc/insn                                    [0m] uart_write:31                    M 1c008486 c.bnez              a5, 0, -6           a5:00000001 
224825108: 16195: [[34m/chip/soc/fc/insn                                    [0m] uart_write:134                   M 1c008480 c.lw                a5, 0(a0)           a5=00000001  a0:1a1020a0  PA:1a1020a0 
224950046: 16204: [[34m/chip/soc/fc/insn                                    [0m] uart_write:134                   M 1c008482 p.bclri             a5, a5, 0x1e, 0x1   a5=00000001  a5:00000001 
224977810: 16206: [[34m/chip/soc/fc/insn                                    [0m] uart_write:31                    M 1c008486 c.bnez              a5, 0, -6           a5:00000001 
225019456: 16209: [[34m/chip/soc/fc/insn                                    [0m] uart_write:134                   M 1c008480 c.lw                a5, 0(a0)           a5=00000001  a0:1a1020a0  PA:1a1020a0 
225144394: 16218: [[34m/chip/soc/fc/insn                                    [0m] uart_write:134                   M 1c008482 p.bclri             a5, a5, 0x1e, 0x1   a5=00000001  a5:00000001 
225172158: 16220: [[34m/chip/soc/fc/insn                                    [0m] uart_write:31                    M 1c008486 c.bnez              a5, 0, -6           a5:00000001 
225213804: 16223: [[34m/chip/soc/fc/insn                                    [0m] uart_write:134                   M 1c008480 c.lw                a5, 0(a0)           a5=00000001  a0:1a1020a0  PA:1a1020a0 
225338742: 16232: [[34m/chip/soc/fc/insn                                    [0m] uart_write:134                   M 1c008482 p.bclri             a5, a5, 0x1e, 0x1   a5=00000001  a5:00000001 
225366506: 16234: [[34m/chip/soc/fc/insn                                    [0m] uart_write:31                    M 1c008486 c.bnez              a5, 0, -6           a5:00000001 
225408152: 16237: [[34m/chip/soc/fc/insn                                    [0m] uart_write:134                   M 1c008480 c.lw                a5, 0(a0)           a5=00000001  a0:1a1020a0  PA:1a1020a0 
225533090: 16246: [[34m/chip/soc/fc/insn                                    [0m] uart_write:134                   M 1c008482 p.bclri             a5, a5, 0x1e, 0x1   a5=00000001  a5:00000001 
225560854: 16248: [[34m/chip/soc/fc/insn                                    [0m] uart_write:31                    M 1c008486 c.bnez              a5, 0, -6           a5:00000001 
225602500: 16251: [[34m/chip/soc/fc/insn                                    [0m] uart_write:134                   M 1c008480 c.lw                a5, 0(a0)           a5=00000001  a0:1a1020a0  PA:1a1020a0 
225727438: 16260: [[34m/chip/soc/fc/insn                                    [0m] uart_write:134                   M 1c008482 p.bclri             a5, a5, 0x1e, 0x1   a5=00000001  a5:00000001 
225755202: 16262: [[34m/chip/soc/fc/insn                                    [0m] uart_write:31                    M 1c008486 c.bnez              a5, 0, -6           a5:00000001 
225796848: 16265: [[34m/chip/soc/fc/insn                                    [0m] uart_write:134                   M 1c008480 c.lw                a5, 0(a0)           a5=00000001  a0:1a1020a0  PA:1a1020a0 
225921786: 16274: [[34m/chip/soc/fc/insn                                    [0m] uart_write:134                   M 1c008482 p.bclri             a5, a5, 0x1e, 0x1   a5=00000001  a5:00000001 
225949550: 16276: [[34m/chip/soc/fc/insn                                    [0m] uart_write:31                    M 1c008486 c.bnez              a5, 0, -6           a5:00000001 
225991196: 16279: [[34m/chip/soc/fc/insn                                    [0m] uart_write:134                   M 1c008480 c.lw                a5, 0(a0)           a5=00000001  a0:1a1020a0  PA:1a1020a0 
226116134: 16288: [[34m/chip/soc/fc/insn                                    [0m] uart_write:134                   M 1c008482 p.bclri             a5, a5, 0x1e, 0x1   a5=00000001  a5:00000001 
226143898: 16290: [[34m/chip/soc/fc/insn                                    [0m] uart_write:31                    M 1c008486 c.bnez              a5, 0, -6           a5:00000001 
226185544: 16293: [[34m/chip/soc/fc/insn                                    [0m] uart_write:134                   M 1c008480 c.lw                a5, 0(a0)           a5=00000001  a0:1a1020a0  PA:1a1020a0 
226310482: 16302: [[34m/chip/soc/fc/insn                                    [0m] uart_write:134                   M 1c008482 p.bclri             a5, a5, 0x1e, 0x1   a5=00000001  a5:00000001 
226338246: 16304: [[34m/chip/soc/fc/insn                                    [0m] uart_write:31                    M 1c008486 c.bnez              a5, 0, -6           a5:00000001 
226379892: 16307: [[34m/chip/soc/fc/insn                                    [0m] uart_write:134                   M 1c008480 c.lw                a5, 0(a0)           a5=00000001  a0:1a1020a0  PA:1a1020a0 
226504830: 16316: [[34m/chip/soc/fc/insn                                    [0m] uart_write:134                   M 1c008482 p.bclri             a5, a5, 0x1e, 0x1   a5=00000001  a5:00000001 
226532594: 16318: [[34m/chip/soc/fc/insn                                    [0m] uart_write:31                    M 1c008486 c.bnez              a5, 0, -6           a5:00000001 
226574240: 16321: [[34m/chip/soc/fc/insn                                    [0m] uart_write:134                   M 1c008480 c.lw                a5, 0(a0)           a5=00000001  a0:1a1020a0  PA:1a1020a0 
226699178: 16330: [[34m/chip/soc/fc/insn                                    [0m] uart_write:134                   M 1c008482 p.bclri             a5, a5, 0x1e, 0x1   a5=00000001  a5:00000001 
226726942: 16332: [[34m/chip/soc/fc/insn                                    [0m] uart_write:31                    M 1c008486 c.bnez              a5, 0, -6           a5:00000001 
226768588: 16335: [[34m/chip/soc/fc/insn                                    [0m] uart_write:134                   M 1c008480 c.lw                a5, 0(a0)           a5=00000001  a0:1a1020a0  PA:1a1020a0 
226893526: 16344: [[34m/chip/soc/fc/insn                                    [0m] uart_write:134                   M 1c008482 p.bclri             a5, a5, 0x1e, 0x1   a5=00000001  a5:00000001 
226921290: 16346: [[34m/chip/soc/fc/insn                                    [0m] uart_write:31                    M 1c008486 c.bnez              a5, 0, -6           a5:00000001 
226962936: 16349: [[34m/chip/soc/fc/insn                                    [0m] uart_write:134                   M 1c008480 c.lw                a5, 0(a0)           a5=00000001  a0:1a1020a0  PA:1a1020a0 
227087874: 16358: [[34m/chip/soc/fc/insn                                    [0m] uart_write:134                   M 1c008482 p.bclri             a5, a5, 0x1e, 0x1   a5=00000001  a5:00000001 
227115638: 16360: [[34m/chip/soc/fc/insn                                    [0m] uart_write:31                    M 1c008486 c.bnez              a5, 0, -6           a5:00000001 
227157284: 16363: [[34m/chip/soc/fc/insn                                    [0m] uart_write:134                   M 1c008480 c.lw                a5, 0(a0)           a5=00000001  a0:1a1020a0  PA:1a1020a0 
227282222: 16372: [[34m/chip/soc/fc/insn                                    [0m] uart_write:134                   M 1c008482 p.bclri             a5, a5, 0x1e, 0x1   a5=00000001  a5:00000001 
227309986: 16374: [[34m/chip/soc/fc/insn                                    [0m] uart_write:31                    M 1c008486 c.bnez              a5, 0, -6           a5:00000001 
227351632: 16377: [[34m/chip/soc/fc/insn                                    [0m] uart_write:134                   M 1c008480 c.lw                a5, 0(a0)           a5=00000001  a0:1a1020a0  PA:1a1020a0 
227476570: 16386: [[34m/chip/soc/fc/insn                                    [0m] uart_write:134                   M 1c008482 p.bclri             a5, a5, 0x1e, 0x1   a5=00000001  a5:00000001 
227504334: 16388: [[34m/chip/soc/fc/insn                                    [0m] uart_write:31                    M 1c008486 c.bnez              a5, 0, -6           a5:00000001 
227545980: 16391: [[34m/chip/soc/fc/insn                                    [0m] uart_write:134                   M 1c008480 c.lw                a5, 0(a0)           a5=00000001  a0:1a1020a0  PA:1a1020a0 
227670918: 16400: [[34m/chip/soc/fc/insn                                    [0m] uart_write:134                   M 1c008482 p.bclri             a5, a5, 0x1e, 0x1   a5=00000001  a5:00000001 
227698682: 16402: [[34m/chip/soc/fc/insn                                    [0m] uart_write:31                    M 1c008486 c.bnez              a5, 0, -6           a5:00000001 
227740328: 16405: [[34m/chip/soc/fc/insn                                    [0m] uart_write:134                   M 1c008480 c.lw                a5, 0(a0)           a5=00000001  a0:1a1020a0  PA:1a1020a0 
227865266: 16414: [[34m/chip/soc/fc/insn                                    [0m] uart_write:134                   M 1c008482 p.bclri             a5, a5, 0x1e, 0x1   a5=00000001  a5:00000001 
227893030: 16416: [[34m/chip/soc/fc/insn                                    [0m] uart_write:31                    M 1c008486 c.bnez              a5, 0, -6           a5:00000001 
227934676: 16419: [[34m/chip/soc/fc/insn                                    [0m] uart_write:134                   M 1c008480 c.lw                a5, 0(a0)           a5=00000001  a0:1a1020a0  PA:1a1020a0 
228059614: 16428: [[34m/chip/soc/fc/insn                                    [0m] uart_write:134                   M 1c008482 p.bclri             a5, a5, 0x1e, 0x1   a5=00000001  a5:00000001 
228087378: 16430: [[34m/chip/soc/fc/insn                                    [0m] uart_write:31                    M 1c008486 c.bnez              a5, 0, -6           a5:00000001 
228129024: 16433: [[34m/chip/soc/fc/insn                                    [0m] uart_write:134                   M 1c008480 c.lw                a5, 0(a0)           a5=00000001  a0:1a1020a0  PA:1a1020a0 
228253962: 16442: [[34m/chip/soc/fc/insn                                    [0m] uart_write:134                   M 1c008482 p.bclri             a5, a5, 0x1e, 0x1   a5=00000001  a5:00000001 
228281726: 16444: [[34m/chip/soc/fc/insn                                    [0m] uart_write:31                    M 1c008486 c.bnez              a5, 0, -6           a5:00000001 
228323372: 16447: [[34m/chip/soc/fc/insn                                    [0m] uart_write:134                   M 1c008480 c.lw                a5, 0(a0)           a5=00000001  a0:1a1020a0  PA:1a1020a0 
228448310: 16456: [[34m/chip/soc/fc/insn                                    [0m] uart_write:134                   M 1c008482 p.bclri             a5, a5, 0x1e, 0x1   a5=00000001  a5:00000001 
228476074: 16458: [[34m/chip/soc/fc/insn                                    [0m] uart_write:31                    M 1c008486 c.bnez              a5, 0, -6           a5:00000001 
228517720: 16461: [[34m/chip/soc/fc/insn                                    [0m] uart_write:134                   M 1c008480 c.lw                a5, 0(a0)           a5=00000001  a0:1a1020a0  PA:1a1020a0 
228642658: 16470: [[34m/chip/soc/fc/insn                                    [0m] uart_write:134                   M 1c008482 p.bclri             a5, a5, 0x1e, 0x1   a5=00000001  a5:00000001 
228670422: 16472: [[34m/chip/soc/fc/insn                                    [0m] uart_write:31                    M 1c008486 c.bnez              a5, 0, -6           a5:00000001 
228712068: 16475: [[34m/chip/soc/fc/insn                                    [0m] uart_write:134                   M 1c008480 c.lw                a5, 0(a0)           a5=00000001  a0:1a1020a0  PA:1a1020a0 
228837006: 16484: [[34m/chip/soc/fc/insn                                    [0m] uart_write:134                   M 1c008482 p.bclri             a5, a5, 0x1e, 0x1   a5=00000001  a5:00000001 
228864770: 16486: [[34m/chip/soc/fc/insn                                    [0m] uart_write:31                    M 1c008486 c.bnez              a5, 0, -6           a5:00000001 
228906416: 16489: [[34m/chip/soc/fc/insn                                    [0m] uart_write:134                   M 1c008480 c.lw                a5, 0(a0)           a5=00000001  a0:1a1020a0  PA:1a1020a0 
229031354: 16498: [[34m/chip/soc/fc/insn                                    [0m] uart_write:134                   M 1c008482 p.bclri             a5, a5, 0x1e, 0x1   a5=00000001  a5:00000001 
229059118: 16500: [[34m/chip/soc/fc/insn                                    [0m] uart_write:31                    M 1c008486 c.bnez              a5, 0, -6           a5:00000001 
229100764: 16503: [[34m/chip/soc/fc/insn                                    [0m] uart_write:134                   M 1c008480 c.lw                a5, 0(a0)           a5=00000001  a0:1a1020a0  PA:1a1020a0 
229225702: 16512: [[34m/chip/soc/fc/insn                                    [0m] uart_write:134                   M 1c008482 p.bclri             a5, a5, 0x1e, 0x1   a5=00000001  a5:00000001 
229253466: 16514: [[34m/chip/soc/fc/insn                                    [0m] uart_write:31                    M 1c008486 c.bnez              a5, 0, -6           a5:00000001 
229295112: 16517: [[34m/chip/soc/fc/insn                                    [0m] uart_write:134                   M 1c008480 c.lw                a5, 0(a0)           a5=00000001  a0:1a1020a0  PA:1a1020a0 
229420050: 16526: [[34m/chip/soc/fc/insn                                    [0m] uart_write:134                   M 1c008482 p.bclri             a5, a5, 0x1e, 0x1   a5=00000001  a5:00000001 
229447814: 16528: [[34m/chip/soc/fc/insn                                    [0m] uart_write:31                    M 1c008486 c.bnez              a5, 0, -6           a5:00000001 
229489460: 16531: [[34m/chip/soc/fc/insn                                    [0m] uart_write:134                   M 1c008480 c.lw                a5, 0(a0)           a5=00000001  a0:1a1020a0  PA:1a1020a0 
229614398: 16540: [[34m/chip/soc/fc/insn                                    [0m] uart_write:134                   M 1c008482 p.bclri             a5, a5, 0x1e, 0x1   a5=00000001  a5:00000001 
229642162: 16542: [[34m/chip/soc/fc/insn                                    [0m] uart_write:31                    M 1c008486 c.bnez              a5, 0, -6           a5:00000001 
229683808: 16545: [[34m/chip/soc/fc/insn                                    [0m] uart_write:134                   M 1c008480 c.lw                a5, 0(a0)           a5=00000001  a0:1a1020a0  PA:1a1020a0 
229808746: 16554: [[34m/chip/soc/fc/insn                                    [0m] uart_write:134                   M 1c008482 p.bclri             a5, a5, 0x1e, 0x1   a5=00000001  a5:00000001 
229836510: 16556: [[34m/chip/soc/fc/insn                                    [0m] uart_write:31                    M 1c008486 c.bnez              a5, 0, -6           a5:00000001 
229878156: 16559: [[34m/chip/soc/fc/insn                                    [0m] uart_write:134                   M 1c008480 c.lw                a5, 0(a0)           a5=00000001  a0:1a1020a0  PA:1a1020a0 
230003094: 16568: [[34m/chip/soc/fc/insn                                    [0m] uart_write:134                   M 1c008482 p.bclri             a5, a5, 0x1e, 0x1   a5=00000001  a5:00000001 
230030858: 16570: [[34m/chip/soc/fc/insn                                    [0m] uart_write:31                    M 1c008486 c.bnez              a5, 0, -6           a5:00000001 
230072504: 16573: [[34m/chip/soc/fc/insn                                    [0m] uart_write:134                   M 1c008480 c.lw                a5, 0(a0)           a5=00000001  a0:1a1020a0  PA:1a1020a0 
230197442: 16582: [[34m/chip/soc/fc/insn                                    [0m] uart_write:134                   M 1c008482 p.bclri             a5, a5, 0x1e, 0x1   a5=00000001  a5:00000001 
230225206: 16584: [[34m/chip/soc/fc/insn                                    [0m] uart_write:31                    M 1c008486 c.bnez              a5, 0, -6           a5:00000001 
230266852: 16587: [[34m/chip/soc/fc/insn                                    [0m] uart_write:134                   M 1c008480 c.lw                a5, 0(a0)           a5=00000001  a0:1a1020a0  PA:1a1020a0 
230391790: 16596: [[34m/chip/soc/fc/insn                                    [0m] uart_write:134                   M 1c008482 p.bclri             a5, a5, 0x1e, 0x1   a5=00000001  a5:00000001 
230419554: 16598: [[34m/chip/soc/fc/insn                                    [0m] uart_write:31                    M 1c008486 c.bnez              a5, 0, -6           a5:00000001 
230461200: 16601: [[34m/chip/soc/fc/insn                                    [0m] uart_write:134                   M 1c008480 c.lw                a5, 0(a0)           a5=00000001  a0:1a1020a0  PA:1a1020a0 
230586138: 16610: [[34m/chip/soc/fc/insn                                    [0m] uart_write:134                   M 1c008482 p.bclri             a5, a5, 0x1e, 0x1   a5=00000001  a5:00000001 
230613902: 16612: [[34m/chip/soc/fc/insn                                    [0m] uart_write:31                    M 1c008486 c.bnez              a5, 0, -6           a5:00000001 
230655548: 16615: [[34m/chip/soc/fc/insn                                    [0m] uart_write:134                   M 1c008480 c.lw                a5, 0(a0)           a5=00000001  a0:1a1020a0  PA:1a1020a0 
230780486: 16624: [[34m/chip/soc/fc/insn                                    [0m] uart_write:134                   M 1c008482 p.bclri             a5, a5, 0x1e, 0x1   a5=00000001  a5:00000001 
230808250: 16626: [[34m/chip/soc/fc/insn                                    [0m] uart_write:31                    M 1c008486 c.bnez              a5, 0, -6           a5:00000001 
230849896: 16629: [[34m/chip/soc/fc/insn                                    [0m] uart_write:134                   M 1c008480 c.lw                a5, 0(a0)           a5=00000001  a0:1a1020a0  PA:1a1020a0 
230974834: 16638: [[34m/chip/soc/fc/insn                                    [0m] uart_write:134                   M 1c008482 p.bclri             a5, a5, 0x1e, 0x1   a5=00000001  a5:00000001 
231002598: 16640: [[34m/chip/soc/fc/insn                                    [0m] uart_write:31                    M 1c008486 c.bnez              a5, 0, -6           a5:00000001 
231044244: 16643: [[34m/chip/soc/fc/insn                                    [0m] uart_write:134                   M 1c008480 c.lw                a5, 0(a0)           a5=00000001  a0:1a1020a0  PA:1a1020a0 
231169182: 16652: [[34m/chip/soc/fc/insn                                    [0m] uart_write:134                   M 1c008482 p.bclri             a5, a5, 0x1e, 0x1   a5=00000001  a5:00000001 
231196946: 16654: [[34m/chip/soc/fc/insn                                    [0m] uart_write:31                    M 1c008486 c.bnez              a5, 0, -6           a5:00000001 
231238592: 16657: [[34m/chip/soc/fc/insn                                    [0m] uart_write:134                   M 1c008480 c.lw                a5, 0(a0)           a5=00000001  a0:1a1020a0  PA:1a1020a0 
231363530: 16666: [[34m/chip/soc/fc/insn                                    [0m] uart_write:134                   M 1c008482 p.bclri             a5, a5, 0x1e, 0x1   a5=00000001  a5:00000001 
231391294: 16668: [[34m/chip/soc/fc/insn                                    [0m] uart_write:31                    M 1c008486 c.bnez              a5, 0, -6           a5:00000001 
231432940: 16671: [[34m/chip/soc/fc/insn                                    [0m] uart_write:134                   M 1c008480 c.lw                a5, 0(a0)           a5=00000001  a0:1a1020a0  PA:1a1020a0 
231557878: 16680: [[34m/chip/soc/fc/insn                                    [0m] uart_write:134                   M 1c008482 p.bclri             a5, a5, 0x1e, 0x1   a5=00000001  a5:00000001 
231585642: 16682: [[34m/chip/soc/fc/insn                                    [0m] uart_write:31                    M 1c008486 c.bnez              a5, 0, -6           a5:00000001 
231627288: 16685: [[34m/chip/soc/fc/insn                                    [0m] uart_write:134                   M 1c008480 c.lw                a5, 0(a0)           a5=00000001  a0:1a1020a0  PA:1a1020a0 
231752226: 16694: [[34m/chip/soc/fc/insn                                    [0m] uart_write:134                   M 1c008482 p.bclri             a5, a5, 0x1e, 0x1   a5=00000001  a5:00000001 
231779990: 16696: [[34m/chip/soc/fc/insn                                    [0m] uart_write:31                    M 1c008486 c.bnez              a5, 0, -6           a5:00000001 
231821636: 16699: [[34m/chip/soc/fc/insn                                    [0m] uart_write:134                   M 1c008480 c.lw                a5, 0(a0)           a5=00000001  a0:1a1020a0  PA:1a1020a0 
231946574: 16708: [[34m/chip/soc/fc/insn                                    [0m] uart_write:134                   M 1c008482 p.bclri             a5, a5, 0x1e, 0x1   a5=00000001  a5:00000001 
231974338: 16710: [[34m/chip/soc/fc/insn                                    [0m] uart_write:31                    M 1c008486 c.bnez              a5, 0, -6           a5:00000001 
232015984: 16713: [[34m/chip/soc/fc/insn                                    [0m] uart_write:134                   M 1c008480 c.lw                a5, 0(a0)           a5=00000001  a0:1a1020a0  PA:1a1020a0 
232140922: 16722: [[34m/chip/soc/fc/insn                                    [0m] uart_write:134                   M 1c008482 p.bclri             a5, a5, 0x1e, 0x1   a5=00000001  a5:00000001 
232168686: 16724: [[34m/chip/soc/fc/insn                                    [0m] uart_write:31                    M 1c008486 c.bnez              a5, 0, -6           a5:00000001 
232210332: 16727: [[34m/chip/soc/fc/insn                                    [0m] uart_write:134                   M 1c008480 c.lw                a5, 0(a0)           a5=00000001  a0:1a1020a0  PA:1a1020a0 
232335270: 16736: [[34m/chip/soc/fc/insn                                    [0m] uart_write:134                   M 1c008482 p.bclri             a5, a5, 0x1e, 0x1   a5=00000001  a5:00000001 
232363034: 16738: [[34m/chip/soc/fc/insn                                    [0m] uart_write:31                    M 1c008486 c.bnez              a5, 0, -6           a5:00000001 
232404680: 16741: [[34m/chip/soc/fc/insn                                    [0m] uart_write:134                   M 1c008480 c.lw                a5, 0(a0)           a5=00000001  a0:1a1020a0  PA:1a1020a0 
232529618: 16750: [[34m/chip/soc/fc/insn                                    [0m] uart_write:134                   M 1c008482 p.bclri             a5, a5, 0x1e, 0x1   a5=00000001  a5:00000001 
232557382: 16752: [[34m/chip/soc/fc/insn                                    [0m] uart_write:31                    M 1c008486 c.bnez              a5, 0, -6           a5:00000001 
232599028: 16755: [[34m/chip/soc/fc/insn                                    [0m] uart_write:134                   M 1c008480 c.lw                a5, 0(a0)           a5=00000001  a0:1a1020a0  PA:1a1020a0 
232723966: 16764: [[34m/chip/soc/fc/insn                                    [0m] uart_write:134                   M 1c008482 p.bclri             a5, a5, 0x1e, 0x1   a5=00000001  a5:00000001 
232751730: 16766: [[34m/chip/soc/fc/insn                                    [0m] uart_write:31                    M 1c008486 c.bnez              a5, 0, -6           a5:00000001 
232793376: 16769: [[34m/chip/soc/fc/insn                                    [0m] uart_write:134                   M 1c008480 c.lw                a5, 0(a0)           a5=00000001  a0:1a1020a0  PA:1a1020a0 
232918314: 16778: [[34m/chip/soc/fc/insn                                    [0m] uart_write:134                   M 1c008482 p.bclri             a5, a5, 0x1e, 0x1   a5=00000001  a5:00000001 
232946078: 16780: [[34m/chip/soc/fc/insn                                    [0m] uart_write:31                    M 1c008486 c.bnez              a5, 0, -6           a5:00000001 
232987724: 16783: [[34m/chip/soc/fc/insn                                    [0m] uart_write:134                   M 1c008480 c.lw                a5, 0(a0)           a5=00000001  a0:1a1020a0  PA:1a1020a0 
233112662: 16792: [[34m/chip/soc/fc/insn                                    [0m] uart_write:134                   M 1c008482 p.bclri             a5, a5, 0x1e, 0x1   a5=00000001  a5:00000001 
233140426: 16794: [[34m/chip/soc/fc/insn                                    [0m] uart_write:31                    M 1c008486 c.bnez              a5, 0, -6           a5:00000001 
233182072: 16797: [[34m/chip/soc/fc/insn                                    [0m] uart_write:134                   M 1c008480 c.lw                a5, 0(a0)           a5=00000001  a0:1a1020a0  PA:1a1020a0 
233307010: 16806: [[34m/chip/soc/fc/insn                                    [0m] uart_write:134                   M 1c008482 p.bclri             a5, a5, 0x1e, 0x1   a5=00000001  a5:00000001 
233334774: 16808: [[34m/chip/soc/fc/insn                                    [0m] uart_write:31                    M 1c008486 c.bnez              a5, 0, -6           a5:00000001 
233376420: 16811: [[34m/chip/soc/fc/insn                                    [0m] uart_write:134                   M 1c008480 c.lw                a5, 0(a0)           a5=00000001  a0:1a1020a0  PA:1a1020a0 
233501358: 16820: [[34m/chip/soc/fc/insn                                    [0m] uart_write:134                   M 1c008482 p.bclri             a5, a5, 0x1e, 0x1   a5=00000001  a5:00000001 
233529122: 16822: [[34m/chip/soc/fc/insn                                    [0m] uart_write:31                    M 1c008486 c.bnez              a5, 0, -6           a5:00000001 
233570768: 16825: [[34m/chip/soc/fc/insn                                    [0m] uart_write:134                   M 1c008480 c.lw                a5, 0(a0)           a5=00000001  a0:1a1020a0  PA:1a1020a0 
233695706: 16834: [[34m/chip/soc/fc/insn                                    [0m] uart_write:134                   M 1c008482 p.bclri             a5, a5, 0x1e, 0x1   a5=00000001  a5:00000001 
233723470: 16836: [[34m/chip/soc/fc/insn                                    [0m] uart_write:31                    M 1c008486 c.bnez              a5, 0, -6           a5:00000001 
233765116: 16839: [[34m/chip/soc/fc/insn                                    [0m] uart_write:134                   M 1c008480 c.lw                a5, 0(a0)           a5=00000001  a0:1a1020a0  PA:1a1020a0 
233890054: 16848: [[34m/chip/soc/fc/insn                                    [0m] uart_write:134                   M 1c008482 p.bclri             a5, a5, 0x1e, 0x1   a5=00000001  a5:00000001 
233917818: 16850: [[34m/chip/soc/fc/insn                                    [0m] uart_write:31                    M 1c008486 c.bnez              a5, 0, -6           a5:00000001 
233959464: 16853: [[34m/chip/soc/fc/insn                                    [0m] uart_write:134                   M 1c008480 c.lw                a5, 0(a0)           a5=00000001  a0:1a1020a0  PA:1a1020a0 
234084402: 16862: [[34m/chip/soc/fc/insn                                    [0m] uart_write:134                   M 1c008482 p.bclri             a5, a5, 0x1e, 0x1   a5=00000001  a5:00000001 
234112166: 16864: [[34m/chip/soc/fc/insn                                    [0m] uart_write:31                    M 1c008486 c.bnez              a5, 0, -6           a5:00000001 
234153812: 16867: [[34m/chip/soc/fc/insn                                    [0m] uart_write:134                   M 1c008480 c.lw                a5, 0(a0)           a5=00000001  a0:1a1020a0  PA:1a1020a0 
234278750: 16876: [[34m/chip/soc/fc/insn                                    [0m] uart_write:134                   M 1c008482 p.bclri             a5, a5, 0x1e, 0x1   a5=00000001  a5:00000001 
234306514: 16878: [[34m/chip/soc/fc/insn                                    [0m] uart_write:31                    M 1c008486 c.bnez              a5, 0, -6           a5:00000001 
234348160: 16881: [[34m/chip/soc/fc/insn                                    [0m] uart_write:134                   M 1c008480 c.lw                a5, 0(a0)           a5=00000001  a0:1a1020a0  PA:1a1020a0 
234473098: 16890: [[34m/chip/soc/fc/insn                                    [0m] uart_write:134                   M 1c008482 p.bclri             a5, a5, 0x1e, 0x1   a5=00000001  a5:00000001 
234500862: 16892: [[34m/chip/soc/fc/insn                                    [0m] uart_write:31                    M 1c008486 c.bnez              a5, 0, -6           a5:00000001 
234542508: 16895: [[34m/chip/soc/fc/insn                                    [0m] uart_write:134                   M 1c008480 c.lw                a5, 0(a0)           a5=00000001  a0:1a1020a0  PA:1a1020a0 
234667446: 16904: [[34m/chip/soc/fc/insn                                    [0m] uart_write:134                   M 1c008482 p.bclri             a5, a5, 0x1e, 0x1   a5=00000001  a5:00000001 
234695210: 16906: [[34m/chip/soc/fc/insn                                    [0m] uart_write:31                    M 1c008486 c.bnez              a5, 0, -6           a5:00000001 
234736856: 16909: [[34m/chip/soc/fc/insn                                    [0m] uart_write:134                   M 1c008480 c.lw                a5, 0(a0)           a5=00000001  a0:1a1020a0  PA:1a1020a0 
234861794: 16918: [[34m/chip/soc/fc/insn                                    [0m] uart_write:134                   M 1c008482 p.bclri             a5, a5, 0x1e, 0x1   a5=00000001  a5:00000001 
234889558: 16920: [[34m/chip/soc/fc/insn                                    [0m] uart_write:31                    M 1c008486 c.bnez              a5, 0, -6           a5:00000001 
234931204: 16923: [[34m/chip/soc/fc/insn                                    [0m] uart_write:134                   M 1c008480 c.lw                a5, 0(a0)           a5=00000001  a0:1a1020a0  PA:1a1020a0 
235056142: 16932: [[34m/chip/soc/fc/insn                                    [0m] uart_write:134                   M 1c008482 p.bclri             a5, a5, 0x1e, 0x1   a5=00000001  a5:00000001 
235083906: 16934: [[34m/chip/soc/fc/insn                                    [0m] uart_write:31                    M 1c008486 c.bnez              a5, 0, -6           a5:00000001 
235125552: 16937: [[34m/chip/soc/fc/insn                                    [0m] uart_write:134                   M 1c008480 c.lw                a5, 0(a0)           a5=00000001  a0:1a1020a0  PA:1a1020a0 
235250490: 16946: [[34m/chip/soc/fc/insn                                    [0m] uart_write:134                   M 1c008482 p.bclri             a5, a5, 0x1e, 0x1   a5=00000001  a5:00000001 
235278254: 16948: [[34m/chip/soc/fc/insn                                    [0m] uart_write:31                    M 1c008486 c.bnez              a5, 0, -6           a5:00000001 
235319900: 16951: [[34m/chip/soc/fc/insn                                    [0m] uart_write:134                   M 1c008480 c.lw                a5, 0(a0)           a5=00000001  a0:1a1020a0  PA:1a1020a0 
235444838: 16960: [[34m/chip/soc/fc/insn                                    [0m] uart_write:134                   M 1c008482 p.bclri             a5, a5, 0x1e, 0x1   a5=00000001  a5:00000001 
235472602: 16962: [[34m/chip/soc/fc/insn                                    [0m] uart_write:31                    M 1c008486 c.bnez              a5, 0, -6           a5:00000001 
235514248: 16965: [[34m/chip/soc/fc/insn                                    [0m] uart_write:134                   M 1c008480 c.lw                a5, 0(a0)           a5=00000001  a0:1a1020a0  PA:1a1020a0 
235639186: 16974: [[34m/chip/soc/fc/insn                                    [0m] uart_write:134                   M 1c008482 p.bclri             a5, a5, 0x1e, 0x1   a5=00000001  a5:00000001 
235666950: 16976: [[34m/chip/soc/fc/insn                                    [0m] uart_write:31                    M 1c008486 c.bnez              a5, 0, -6           a5:00000001 
235708596: 16979: [[34m/chip/soc/fc/insn                                    [0m] uart_write:134                   M 1c008480 c.lw                a5, 0(a0)           a5=00000001  a0:1a1020a0  PA:1a1020a0 
235833534: 16988: [[34m/chip/soc/fc/insn                                    [0m] uart_write:134                   M 1c008482 p.bclri             a5, a5, 0x1e, 0x1   a5=00000001  a5:00000001 
235861298: 16990: [[34m/chip/soc/fc/insn                                    [0m] uart_write:31                    M 1c008486 c.bnez              a5, 0, -6           a5:00000001 
235902944: 16993: [[34m/chip/soc/fc/insn                                    [0m] uart_write:134                   M 1c008480 c.lw                a5, 0(a0)           a5=00000001  a0:1a1020a0  PA:1a1020a0 
236027882: 17002: [[34m/chip/soc/fc/insn                                    [0m] uart_write:134                   M 1c008482 p.bclri             a5, a5, 0x1e, 0x1   a5=00000001  a5:00000001 
236055646: 17004: [[34m/chip/soc/fc/insn                                    [0m] uart_write:31                    M 1c008486 c.bnez              a5, 0, -6           a5:00000001 
236097292: 17007: [[34m/chip/soc/fc/insn                                    [0m] uart_write:134                   M 1c008480 c.lw                a5, 0(a0)           a5=00000001  a0:1a1020a0  PA:1a1020a0 
236222230: 17016: [[34m/chip/soc/fc/insn                                    [0m] uart_write:134                   M 1c008482 p.bclri             a5, a5, 0x1e, 0x1   a5=00000001  a5:00000001 
236249994: 17018: [[34m/chip/soc/fc/insn                                    [0m] uart_write:31                    M 1c008486 c.bnez              a5, 0, -6           a5:00000001 
236291640: 17021: [[34m/chip/soc/fc/insn                                    [0m] uart_write:134                   M 1c008480 c.lw                a5, 0(a0)           a5=00000001  a0:1a1020a0  PA:1a1020a0 
236416578: 17030: [[34m/chip/soc/fc/insn                                    [0m] uart_write:134                   M 1c008482 p.bclri             a5, a5, 0x1e, 0x1   a5=00000001  a5:00000001 
236444342: 17032: [[34m/chip/soc/fc/insn                                    [0m] uart_write:31                    M 1c008486 c.bnez              a5, 0, -6           a5:00000001 
236485988: 17035: [[34m/chip/soc/fc/insn                                    [0m] uart_write:134                   M 1c008480 c.lw                a5, 0(a0)           a5=00000001  a0:1a1020a0  PA:1a1020a0 
236610926: 17044: [[34m/chip/soc/fc/insn                                    [0m] uart_write:134                   M 1c008482 p.bclri             a5, a5, 0x1e, 0x1   a5=00000001  a5:00000001 
236638690: 17046: [[34m/chip/soc/fc/insn                                    [0m] uart_write:31                    M 1c008486 c.bnez              a5, 0, -6           a5:00000001 
236680336: 17049: [[34m/chip/soc/fc/insn                                    [0m] uart_write:134                   M 1c008480 c.lw                a5, 0(a0)           a5=00000001  a0:1a1020a0  PA:1a1020a0 
236805274: 17058: [[34m/chip/soc/fc/insn                                    [0m] uart_write:134                   M 1c008482 p.bclri             a5, a5, 0x1e, 0x1   a5=00000001  a5:00000001 
236833038: 17060: [[34m/chip/soc/fc/insn                                    [0m] uart_write:31                    M 1c008486 c.bnez              a5, 0, -6           a5:00000001 
236874684: 17063: [[34m/chip/soc/fc/insn                                    [0m] uart_write:134                   M 1c008480 c.lw                a5, 0(a0)           a5=00000001  a0:1a1020a0  PA:1a1020a0 
236999622: 17072: [[34m/chip/soc/fc/insn                                    [0m] uart_write:134                   M 1c008482 p.bclri             a5, a5, 0x1e, 0x1   a5=00000001  a5:00000001 
237027386: 17074: [[34m/chip/soc/fc/insn                                    [0m] uart_write:31                    M 1c008486 c.bnez              a5, 0, -6           a5:00000001 
237069032: 17077: [[34m/chip/soc/fc/insn                                    [0m] uart_write:134                   M 1c008480 c.lw                a5, 0(a0)           a5=00000001  a0:1a1020a0  PA:1a1020a0 
237193970: 17086: [[34m/chip/soc/fc/insn                                    [0m] uart_write:134                   M 1c008482 p.bclri             a5, a5, 0x1e, 0x1   a5=00000001  a5:00000001 
237221734: 17088: [[34m/chip/soc/fc/insn                                    [0m] uart_write:31                    M 1c008486 c.bnez              a5, 0, -6           a5:00000001 
237263380: 17091: [[34m/chip/soc/fc/insn                                    [0m] uart_write:134                   M 1c008480 c.lw                a5, 0(a0)           a5=00000001  a0:1a1020a0  PA:1a1020a0 
237388318: 17100: [[34m/chip/soc/fc/insn                                    [0m] uart_write:134                   M 1c008482 p.bclri             a5, a5, 0x1e, 0x1   a5=00000001  a5:00000001 
237416082: 17102: [[34m/chip/soc/fc/insn                                    [0m] uart_write:31                    M 1c008486 c.bnez              a5, 0, -6           a5:00000001 
237457728: 17105: [[34m/chip/soc/fc/insn                                    [0m] uart_write:134                   M 1c008480 c.lw                a5, 0(a0)           a5=00000001  a0:1a1020a0  PA:1a1020a0 
237582666: 17114: [[34m/chip/soc/fc/insn                                    [0m] uart_write:134                   M 1c008482 p.bclri             a5, a5, 0x1e, 0x1   a5=00000001  a5:00000001 
237610430: 17116: [[34m/chip/soc/fc/insn                                    [0m] uart_write:31                    M 1c008486 c.bnez              a5, 0, -6           a5:00000001 
237652076: 17119: [[34m/chip/soc/fc/insn                                    [0m] uart_write:134                   M 1c008480 c.lw                a5, 0(a0)           a5=00000001  a0:1a1020a0  PA:1a1020a0 
237777014: 17128: [[34m/chip/soc/fc/insn                                    [0m] uart_write:134                   M 1c008482 p.bclri             a5, a5, 0x1e, 0x1   a5=00000001  a5:00000001 
237804778: 17130: [[34m/chip/soc/fc/insn                                    [0m] uart_write:31                    M 1c008486 c.bnez              a5, 0, -6           a5:00000001 
237846424: 17133: [[34m/chip/soc/fc/insn                                    [0m] uart_write:134                   M 1c008480 c.lw                a5, 0(a0)           a5=00000001  a0:1a1020a0  PA:1a1020a0 
237971362: 17142: [[34m/chip/soc/fc/insn                                    [0m] uart_write:134                   M 1c008482 p.bclri             a5, a5, 0x1e, 0x1   a5=00000001  a5:00000001 
237999126: 17144: [[34m/chip/soc/fc/insn                                    [0m] uart_write:31                    M 1c008486 c.bnez              a5, 0, -6           a5:00000001 
238040772: 17147: [[34m/chip/soc/fc/insn                                    [0m] uart_write:134                   M 1c008480 c.lw                a5, 0(a0)           a5=00000001  a0:1a1020a0  PA:1a1020a0 
238165710: 17156: [[34m/chip/soc/fc/insn                                    [0m] uart_write:134                   M 1c008482 p.bclri             a5, a5, 0x1e, 0x1   a5=00000001  a5:00000001 
238193474: 17158: [[34m/chip/soc/fc/insn                                    [0m] uart_write:31                    M 1c008486 c.bnez              a5, 0, -6           a5:00000001 
238235120: 17161: [[34m/chip/soc/fc/insn                                    [0m] uart_write:134                   M 1c008480 c.lw                a5, 0(a0)           a5=00000001  a0:1a1020a0  PA:1a1020a0 
238360058: 17170: [[34m/chip/soc/fc/insn                                    [0m] uart_write:134                   M 1c008482 p.bclri             a5, a5, 0x1e, 0x1   a5=00000001  a5:00000001 
238387822: 17172: [[34m/chip/soc/fc/insn                                    [0m] uart_write:31                    M 1c008486 c.bnez              a5, 0, -6           a5:00000001 
238429468: 17175: [[34m/chip/soc/fc/insn                                    [0m] uart_write:134                   M 1c008480 c.lw                a5, 0(a0)           a5=00000001  a0:1a1020a0  PA:1a1020a0 
238554406: 17184: [[34m/chip/soc/fc/insn                                    [0m] uart_write:134                   M 1c008482 p.bclri             a5, a5, 0x1e, 0x1   a5=00000001  a5:00000001 
238582170: 17186: [[34m/chip/soc/fc/insn                                    [0m] uart_write:31                    M 1c008486 c.bnez              a5, 0, -6           a5:00000001 
238623816: 17189: [[34m/chip/soc/fc/insn                                    [0m] uart_write:134                   M 1c008480 c.lw                a5, 0(a0)           a5=00000001  a0:1a1020a0  PA:1a1020a0 
238748754: 17198: [[34m/chip/soc/fc/insn                                    [0m] uart_write:134                   M 1c008482 p.bclri             a5, a5, 0x1e, 0x1   a5=00000001  a5:00000001 
238776518: 17200: [[34m/chip/soc/fc/insn                                    [0m] uart_write:31                    M 1c008486 c.bnez              a5, 0, -6           a5:00000001 
238818164: 17203: [[34m/chip/soc/fc/insn                                    [0m] uart_write:134                   M 1c008480 c.lw                a5, 0(a0)           a5=00000001  a0:1a1020a0  PA:1a1020a0 
238943102: 17212: [[34m/chip/soc/fc/insn                                    [0m] uart_write:134                   M 1c008482 p.bclri             a5, a5, 0x1e, 0x1   a5=00000001  a5:00000001 
238970866: 17214: [[34m/chip/soc/fc/insn                                    [0m] uart_write:31                    M 1c008486 c.bnez              a5, 0, -6           a5:00000001 
239012512: 17217: [[34m/chip/soc/fc/insn                                    [0m] uart_write:134                   M 1c008480 c.lw                a5, 0(a0)           a5=00000001  a0:1a1020a0  PA:1a1020a0 
239137450: 17226: [[34m/chip/soc/fc/insn                                    [0m] uart_write:134                   M 1c008482 p.bclri             a5, a5, 0x1e, 0x1   a5=00000001  a5:00000001 
239165214: 17228: [[34m/chip/soc/fc/insn                                    [0m] uart_write:31                    M 1c008486 c.bnez              a5, 0, -6           a5:00000001 
239206860: 17231: [[34m/chip/soc/fc/insn                                    [0m] uart_write:134                   M 1c008480 c.lw                a5, 0(a0)           a5=00000001  a0:1a1020a0  PA:1a1020a0 
239331798: 17240: [[34m/chip/soc/fc/insn                                    [0m] uart_write:134                   M 1c008482 p.bclri             a5, a5, 0x1e, 0x1   a5=00000001  a5:00000001 
239359562: 17242: [[34m/chip/soc/fc/insn                                    [0m] uart_write:31                    M 1c008486 c.bnez              a5, 0, -6           a5:00000001 
239401208: 17245: [[34m/chip/soc/fc/insn                                    [0m] uart_write:134                   M 1c008480 c.lw                a5, 0(a0)           a5=00000001  a0:1a1020a0  PA:1a1020a0 
239526146: 17254: [[34m/chip/soc/fc/insn                                    [0m] uart_write:134                   M 1c008482 p.bclri             a5, a5, 0x1e, 0x1   a5=00000001  a5:00000001 
239553910: 17256: [[34m/chip/soc/fc/insn                                    [0m] uart_write:31                    M 1c008486 c.bnez              a5, 0, -6           a5:00000001 
239595556: 17259: [[34m/chip/soc/fc/insn                                    [0m] uart_write:134                   M 1c008480 c.lw                a5, 0(a0)           a5=00000001  a0:1a1020a0  PA:1a1020a0 
239720494: 17268: [[34m/chip/soc/fc/insn                                    [0m] uart_write:134                   M 1c008482 p.bclri             a5, a5, 0x1e, 0x1   a5=00000001  a5:00000001 
239748258: 17270: [[34m/chip/soc/fc/insn                                    [0m] uart_write:31                    M 1c008486 c.bnez              a5, 0, -6           a5:00000001 
239789904: 17273: [[34m/chip/soc/fc/insn                                    [0m] uart_write:134                   M 1c008480 c.lw                a5, 0(a0)           a5=00000001  a0:1a1020a0  PA:1a1020a0 
239914842: 17282: [[34m/chip/soc/fc/insn                                    [0m] uart_write:134                   M 1c008482 p.bclri             a5, a5, 0x1e, 0x1   a5=00000001  a5:00000001 
239942606: 17284: [[34m/chip/soc/fc/insn                                    [0m] uart_write:31                    M 1c008486 c.bnez              a5, 0, -6           a5:00000001 
239984252: 17287: [[34m/chip/soc/fc/insn                                    [0m] uart_write:134                   M 1c008480 c.lw                a5, 0(a0)           a5=00000001  a0:1a1020a0  PA:1a1020a0 
240109190: 17296: [[34m/chip/soc/fc/insn                                    [0m] uart_write:134                   M 1c008482 p.bclri             a5, a5, 0x1e, 0x1   a5=00000001  a5:00000001 
240136954: 17298: [[34m/chip/soc/fc/insn                                    [0m] uart_write:31                    M 1c008486 c.bnez              a5, 0, -6           a5:00000001 
240178600: 17301: [[34m/chip/soc/fc/insn                                    [0m] uart_write:134                   M 1c008480 c.lw                a5, 0(a0)           a5=00000001  a0:1a1020a0  PA:1a1020a0 
240303538: 17310: [[34m/chip/soc/fc/insn                                    [0m] uart_write:134                   M 1c008482 p.bclri             a5, a5, 0x1e, 0x1   a5=00000001  a5:00000001 
240331302: 17312: [[34m/chip/soc/fc/insn                                    [0m] uart_write:31                    M 1c008486 c.bnez              a5, 0, -6           a5:00000001 
240372948: 17315: [[34m/chip/soc/fc/insn                                    [0m] uart_write:134                   M 1c008480 c.lw                a5, 0(a0)           a5=00000001  a0:1a1020a0  PA:1a1020a0 
240497886: 17324: [[34m/chip/soc/fc/insn                                    [0m] uart_write:134                   M 1c008482 p.bclri             a5, a5, 0x1e, 0x1   a5=00000001  a5:00000001 
240525650: 17326: [[34m/chip/soc/fc/insn                                    [0m] uart_write:31                    M 1c008486 c.bnez              a5, 0, -6           a5:00000001 
240567296: 17329: [[34m/chip/soc/fc/insn                                    [0m] uart_write:134                   M 1c008480 c.lw                a5, 0(a0)           a5=00000001  a0:1a1020a0  PA:1a1020a0 
240692234: 17338: [[34m/chip/soc/fc/insn                                    [0m] uart_write:134                   M 1c008482 p.bclri             a5, a5, 0x1e, 0x1   a5=00000001  a5:00000001 
240719998: 17340: [[34m/chip/soc/fc/insn                                    [0m] uart_write:31                    M 1c008486 c.bnez              a5, 0, -6           a5:00000001 
240761644: 17343: [[34m/chip/soc/fc/insn                                    [0m] uart_write:134                   M 1c008480 c.lw                a5, 0(a0)           a5=00000001  a0:1a1020a0  PA:1a1020a0 
240886582: 17352: [[34m/chip/soc/fc/insn                                    [0m] uart_write:134                   M 1c008482 p.bclri             a5, a5, 0x1e, 0x1   a5=00000001  a5:00000001 
240914346: 17354: [[34m/chip/soc/fc/insn                                    [0m] uart_write:31                    M 1c008486 c.bnez              a5, 0, -6           a5:00000001 
240955992: 17357: [[34m/chip/soc/fc/insn                                    [0m] uart_write:134                   M 1c008480 c.lw                a5, 0(a0)           a5=00000001  a0:1a1020a0  PA:1a1020a0 
241080930: 17366: [[34m/chip/soc/fc/insn                                    [0m] uart_write:134                   M 1c008482 p.bclri             a5, a5, 0x1e, 0x1   a5=00000001  a5:00000001 
241108694: 17368: [[34m/chip/soc/fc/insn                                    [0m] uart_write:31                    M 1c008486 c.bnez              a5, 0, -6           a5:00000001 
241150340: 17371: [[34m/chip/soc/fc/insn                                    [0m] uart_write:134                   M 1c008480 c.lw                a5, 0(a0)           a5=00000001  a0:1a1020a0  PA:1a1020a0 
241275278: 17380: [[34m/chip/soc/fc/insn                                    [0m] uart_write:134                   M 1c008482 p.bclri             a5, a5, 0x1e, 0x1   a5=00000001  a5:00000001 
241303042: 17382: [[34m/chip/soc/fc/insn                                    [0m] uart_write:31                    M 1c008486 c.bnez              a5, 0, -6           a5:00000001 
241344688: 17385: [[34m/chip/soc/fc/insn                                    [0m] uart_write:134                   M 1c008480 c.lw                a5, 0(a0)           a5=00000001  a0:1a1020a0  PA:1a1020a0 
241469626: 17394: [[34m/chip/soc/fc/insn                                    [0m] uart_write:134                   M 1c008482 p.bclri             a5, a5, 0x1e, 0x1   a5=00000001  a5:00000001 
241497390: 17396: [[34m/chip/soc/fc/insn                                    [0m] uart_write:31                    M 1c008486 c.bnez              a5, 0, -6           a5:00000001 
241539036: 17399: [[34m/chip/soc/fc/insn                                    [0m] uart_write:134                   M 1c008480 c.lw                a5, 0(a0)           a5=00000001  a0:1a1020a0  PA:1a1020a0 
241663974: 17408: [[34m/chip/soc/fc/insn                                    [0m] uart_write:134                   M 1c008482 p.bclri             a5, a5, 0x1e, 0x1   a5=00000001  a5:00000001 
241691738: 17410: [[34m/chip/soc/fc/insn                                    [0m] uart_write:31                    M 1c008486 c.bnez              a5, 0, -6           a5:00000001 
241733384: 17413: [[34m/chip/soc/fc/insn                                    [0m] uart_write:134                   M 1c008480 c.lw                a5, 0(a0)           a5=00000001  a0:1a1020a0  PA:1a1020a0 
241858322: 17422: [[34m/chip/soc/fc/insn                                    [0m] uart_write:134                   M 1c008482 p.bclri             a5, a5, 0x1e, 0x1   a5=00000001  a5:00000001 
241886086: 17424: [[34m/chip/soc/fc/insn                                    [0m] uart_write:31                    M 1c008486 c.bnez              a5, 0, -6           a5:00000001 
241927732: 17427: [[34m/chip/soc/fc/insn                                    [0m] uart_write:134                   M 1c008480 c.lw                a5, 0(a0)           a5=00000001  a0:1a1020a0  PA:1a1020a0 
242052670: 17436: [[34m/chip/soc/fc/insn                                    [0m] uart_write:134                   M 1c008482 p.bclri             a5, a5, 0x1e, 0x1   a5=00000001  a5:00000001 
242080434: 17438: [[34m/chip/soc/fc/insn                                    [0m] uart_write:31                    M 1c008486 c.bnez              a5, 0, -6           a5:00000001 
242122080: 17441: [[34m/chip/soc/fc/insn                                    [0m] uart_write:134                   M 1c008480 c.lw                a5, 0(a0)           a5=00000001  a0:1a1020a0  PA:1a1020a0 
242247018: 17450: [[34m/chip/soc/fc/insn                                    [0m] uart_write:134                   M 1c008482 p.bclri             a5, a5, 0x1e, 0x1   a5=00000001  a5:00000001 
242274782: 17452: [[34m/chip/soc/fc/insn                                    [0m] uart_write:31                    M 1c008486 c.bnez              a5, 0, -6           a5:00000001 
242316428: 17455: [[34m/chip/soc/fc/insn                                    [0m] uart_write:134                   M 1c008480 c.lw                a5, 0(a0)           a5=00000001  a0:1a1020a0  PA:1a1020a0 
242441366: 17464: [[34m/chip/soc/fc/insn                                    [0m] uart_write:134                   M 1c008482 p.bclri             a5, a5, 0x1e, 0x1   a5=00000001  a5:00000001 
242469130: 17466: [[34m/chip/soc/fc/insn                                    [0m] uart_write:31                    M 1c008486 c.bnez              a5, 0, -6           a5:00000001 
242510776: 17469: [[34m/chip/soc/fc/insn                                    [0m] uart_write:134                   M 1c008480 c.lw                a5, 0(a0)           a5=00000001  a0:1a1020a0  PA:1a1020a0 
242635714: 17478: [[34m/chip/soc/fc/insn                                    [0m] uart_write:134                   M 1c008482 p.bclri             a5, a5, 0x1e, 0x1   a5=00000001  a5:00000001 
242663478: 17480: [[34m/chip/soc/fc/insn                                    [0m] uart_write:31                    M 1c008486 c.bnez              a5, 0, -6           a5:00000001 
242705124: 17483: [[34m/chip/soc/fc/insn                                    [0m] uart_write:134                   M 1c008480 c.lw                a5, 0(a0)           a5=00000001  a0:1a1020a0  PA:1a1020a0 
242830062: 17492: [[34m/chip/soc/fc/insn                                    [0m] uart_write:134                   M 1c008482 p.bclri             a5, a5, 0x1e, 0x1   a5=00000001  a5:00000001 
242857826: 17494: [[34m/chip/soc/fc/insn                                    [0m] uart_write:31                    M 1c008486 c.bnez              a5, 0, -6           a5:00000001 
242899472: 17497: [[34m/chip/soc/fc/insn                                    [0m] uart_write:134                   M 1c008480 c.lw                a5, 0(a0)           a5=00000001  a0:1a1020a0  PA:1a1020a0 
243024410: 17506: [[34m/chip/soc/fc/insn                                    [0m] uart_write:134                   M 1c008482 p.bclri             a5, a5, 0x1e, 0x1   a5=00000001  a5:00000001 
243052174: 17508: [[34m/chip/soc/fc/insn                                    [0m] uart_write:31                    M 1c008486 c.bnez              a5, 0, -6           a5:00000001 
243093820: 17511: [[34m/chip/soc/fc/insn                                    [0m] uart_write:134                   M 1c008480 c.lw                a5, 0(a0)           a5=00000001  a0:1a1020a0  PA:1a1020a0 
243218758: 17520: [[34m/chip/soc/fc/insn                                    [0m] uart_write:134                   M 1c008482 p.bclri             a5, a5, 0x1e, 0x1   a5=00000001  a5:00000001 
243246522: 17522: [[34m/chip/soc/fc/insn                                    [0m] uart_write:31                    M 1c008486 c.bnez              a5, 0, -6           a5:00000001 
243288168: 17525: [[34m/chip/soc/fc/insn                                    [0m] uart_write:134                   M 1c008480 c.lw                a5, 0(a0)           a5=00000001  a0:1a1020a0  PA:1a1020a0 
243413106: 17534: [[34m/chip/soc/fc/insn                                    [0m] uart_write:134                   M 1c008482 p.bclri             a5, a5, 0x1e, 0x1   a5=00000001  a5:00000001 
243440870: 17536: [[34m/chip/soc/fc/insn                                    [0m] uart_write:31                    M 1c008486 c.bnez              a5, 0, -6           a5:00000001 
243482516: 17539: [[34m/chip/soc/fc/insn                                    [0m] uart_write:134                   M 1c008480 c.lw                a5, 0(a0)           a5=00000001  a0:1a1020a0  PA:1a1020a0 
243607454: 17548: [[34m/chip/soc/fc/insn                                    [0m] uart_write:134                   M 1c008482 p.bclri             a5, a5, 0x1e, 0x1   a5=00000001  a5:00000001 
243635218: 17550: [[34m/chip/soc/fc/insn                                    [0m] uart_write:31                    M 1c008486 c.bnez              a5, 0, -6           a5:00000001 
243676864: 17553: [[34m/chip/soc/fc/insn                                    [0m] uart_write:134                   M 1c008480 c.lw                a5, 0(a0)           a5=00000001  a0:1a1020a0  PA:1a1020a0 
243801802: 17562: [[34m/chip/soc/fc/insn                                    [0m] uart_write:134                   M 1c008482 p.bclri             a5, a5, 0x1e, 0x1   a5=00000001  a5:00000001 
243829566: 17564: [[34m/chip/soc/fc/insn                                    [0m] uart_write:31                    M 1c008486 c.bnez              a5, 0, -6           a5:00000001 
243871212: 17567: [[34m/chip/soc/fc/insn                                    [0m] uart_write:134                   M 1c008480 c.lw                a5, 0(a0)           a5=00000001  a0:1a1020a0  PA:1a1020a0 
243996150: 17576: [[34m/chip/soc/fc/insn                                    [0m] uart_write:134                   M 1c008482 p.bclri             a5, a5, 0x1e, 0x1   a5=00000001  a5:00000001 
244023914: 17578: [[34m/chip/soc/fc/insn                                    [0m] uart_write:31                    M 1c008486 c.bnez              a5, 0, -6           a5:00000001 
244065560: 17581: [[34m/chip/soc/fc/insn                                    [0m] uart_write:134                   M 1c008480 c.lw                a5, 0(a0)           a5=00000001  a0:1a1020a0  PA:1a1020a0 
244190498: 17590: [[34m/chip/soc/fc/insn                                    [0m] uart_write:134                   M 1c008482 p.bclri             a5, a5, 0x1e, 0x1   a5=00000001  a5:00000001 
244218262: 17592: [[34m/chip/soc/fc/insn                                    [0m] uart_write:31                    M 1c008486 c.bnez              a5, 0, -6           a5:00000001 
244259908: 17595: [[34m/chip/soc/fc/insn                                    [0m] uart_write:134                   M 1c008480 c.lw                a5, 0(a0)           a5=00000001  a0:1a1020a0  PA:1a1020a0 
244384846: 17604: [[34m/chip/soc/fc/insn                                    [0m] uart_write:134                   M 1c008482 p.bclri             a5, a5, 0x1e, 0x1   a5=00000001  a5:00000001 
244412610: 17606: [[34m/chip/soc/fc/insn                                    [0m] uart_write:31                    M 1c008486 c.bnez              a5, 0, -6           a5:00000001 
244454256: 17609: [[34m/chip/soc/fc/insn                                    [0m] uart_write:134                   M 1c008480 c.lw                a5, 0(a0)           a5=00000001  a0:1a1020a0  PA:1a1020a0 
244579194: 17618: [[34m/chip/soc/fc/insn                                    [0m] uart_write:134                   M 1c008482 p.bclri             a5, a5, 0x1e, 0x1   a5=00000001  a5:00000001 
244606958: 17620: [[34m/chip/soc/fc/insn                                    [0m] uart_write:31                    M 1c008486 c.bnez              a5, 0, -6           a5:00000001 
244648604: 17623: [[34m/chip/soc/fc/insn                                    [0m] uart_write:134                   M 1c008480 c.lw                a5, 0(a0)           a5=00000001  a0:1a1020a0  PA:1a1020a0 
244773542: 17632: [[34m/chip/soc/fc/insn                                    [0m] uart_write:134                   M 1c008482 p.bclri             a5, a5, 0x1e, 0x1   a5=00000001  a5:00000001 
244801306: 17634: [[34m/chip/soc/fc/insn                                    [0m] uart_write:31                    M 1c008486 c.bnez              a5, 0, -6           a5:00000001 
244842952: 17637: [[34m/chip/soc/fc/insn                                    [0m] uart_write:134                   M 1c008480 c.lw                a5, 0(a0)           a5=00000001  a0:1a1020a0  PA:1a1020a0 
244967890: 17646: [[34m/chip/soc/fc/insn                                    [0m] uart_write:134                   M 1c008482 p.bclri             a5, a5, 0x1e, 0x1   a5=00000001  a5:00000001 
244995654: 17648: [[34m/chip/soc/fc/insn                                    [0m] uart_write:31                    M 1c008486 c.bnez              a5, 0, -6           a5:00000001 
245037300: 17651: [[34m/chip/soc/fc/insn                                    [0m] uart_write:134                   M 1c008480 c.lw                a5, 0(a0)           a5=00000001  a0:1a1020a0  PA:1a1020a0 
245162238: 17660: [[34m/chip/soc/fc/insn                                    [0m] uart_write:134                   M 1c008482 p.bclri             a5, a5, 0x1e, 0x1   a5=00000001  a5:00000001 
245190002: 17662: [[34m/chip/soc/fc/insn                                    [0m] uart_write:31                    M 1c008486 c.bnez              a5, 0, -6           a5:00000001 
245231648: 17665: [[34m/chip/soc/fc/insn                                    [0m] uart_write:134                   M 1c008480 c.lw                a5, 0(a0)           a5=00000001  a0:1a1020a0  PA:1a1020a0 
245356586: 17674: [[34m/chip/soc/fc/insn                                    [0m] uart_write:134                   M 1c008482 p.bclri             a5, a5, 0x1e, 0x1   a5=00000001  a5:00000001 
245384350: 17676: [[34m/chip/soc/fc/insn                                    [0m] uart_write:31                    M 1c008486 c.bnez              a5, 0, -6           a5:00000001 
245425996: 17679: [[34m/chip/soc/fc/insn                                    [0m] uart_write:134                   M 1c008480 c.lw                a5, 0(a0)           a5=00000001  a0:1a1020a0  PA:1a1020a0 
245550934: 17688: [[34m/chip/soc/fc/insn                                    [0m] uart_write:134                   M 1c008482 p.bclri             a5, a5, 0x1e, 0x1   a5=00000001  a5:00000001 
245578698: 17690: [[34m/chip/soc/fc/insn                                    [0m] uart_write:31                    M 1c008486 c.bnez              a5, 0, -6           a5:00000001 
245620344: 17693: [[34m/chip/soc/fc/insn                                    [0m] uart_write:134                   M 1c008480 c.lw                a5, 0(a0)           a5=00000001  a0:1a1020a0  PA:1a1020a0 
245745282: 17702: [[34m/chip/soc/fc/insn                                    [0m] uart_write:134                   M 1c008482 p.bclri             a5, a5, 0x1e, 0x1   a5=00000001  a5:00000001 
245773046: 17704: [[34m/chip/soc/fc/insn                                    [0m] uart_write:31                    M 1c008486 c.bnez              a5, 0, -6           a5:00000001 
245814692: 17707: [[34m/chip/soc/fc/insn                                    [0m] uart_write:134                   M 1c008480 c.lw                a5, 0(a0)           a5=00000001  a0:1a1020a0  PA:1a1020a0 
245939630: 17716: [[34m/chip/soc/fc/insn                                    [0m] uart_write:134                   M 1c008482 p.bclri             a5, a5, 0x1e, 0x1   a5=00000001  a5:00000001 
245967394: 17718: [[34m/chip/soc/fc/insn                                    [0m] uart_write:31                    M 1c008486 c.bnez              a5, 0, -6           a5:00000001 
246009040: 17721: [[34m/chip/soc/fc/insn                                    [0m] uart_write:134                   M 1c008480 c.lw                a5, 0(a0)           a5=00000001  a0:1a1020a0  PA:1a1020a0 
246133978: 17730: [[34m/chip/soc/fc/insn                                    [0m] uart_write:134                   M 1c008482 p.bclri             a5, a5, 0x1e, 0x1   a5=00000001  a5:00000001 
246161742: 17732: [[34m/chip/soc/fc/insn                                    [0m] uart_write:31                    M 1c008486 c.bnez              a5, 0, -6           a5:00000001 
246203388: 17735: [[34m/chip/soc/fc/insn                                    [0m] uart_write:134                   M 1c008480 c.lw                a5, 0(a0)           a5=00000001  a0:1a1020a0  PA:1a1020a0 
246328326: 17744: [[34m/chip/soc/fc/insn                                    [0m] uart_write:134                   M 1c008482 p.bclri             a5, a5, 0x1e, 0x1   a5=00000001  a5:00000001 
246356090: 17746: [[34m/chip/soc/fc/insn                                    [0m] uart_write:31                    M 1c008486 c.bnez              a5, 0, -6           a5:00000001 
246397736: 17749: [[34m/chip/soc/fc/insn                                    [0m] uart_write:134                   M 1c008480 c.lw                a5, 0(a0)           a5=00000001  a0:1a1020a0  PA:1a1020a0 
246522674: 17758: [[34m/chip/soc/fc/insn                                    [0m] uart_write:134                   M 1c008482 p.bclri             a5, a5, 0x1e, 0x1   a5=00000001  a5:00000001 
246550438: 17760: [[34m/chip/soc/fc/insn                                    [0m] uart_write:31                    M 1c008486 c.bnez              a5, 0, -6           a5:00000001 
246592084: 17763: [[34m/chip/soc/fc/insn                                    [0m] uart_write:134                   M 1c008480 c.lw                a5, 0(a0)           a5=00000001  a0:1a1020a0  PA:1a1020a0 
246717022: 17772: [[34m/chip/soc/fc/insn                                    [0m] uart_write:134                   M 1c008482 p.bclri             a5, a5, 0x1e, 0x1   a5=00000001  a5:00000001 
246744786: 17774: [[34m/chip/soc/fc/insn                                    [0m] uart_write:31                    M 1c008486 c.bnez              a5, 0, -6           a5:00000001 
246786432: 17777: [[34m/chip/soc/fc/insn                                    [0m] uart_write:134                   M 1c008480 c.lw                a5, 0(a0)           a5=00000001  a0:1a1020a0  PA:1a1020a0 
246911370: 17786: [[34m/chip/soc/fc/insn                                    [0m] uart_write:134                   M 1c008482 p.bclri             a5, a5, 0x1e, 0x1   a5=00000001  a5:00000001 
246939134: 17788: [[34m/chip/soc/fc/insn                                    [0m] uart_write:31                    M 1c008486 c.bnez              a5, 0, -6           a5:00000001 
246980780: 17791: [[34m/chip/soc/fc/insn                                    [0m] uart_write:134                   M 1c008480 c.lw                a5, 0(a0)           a5=00000001  a0:1a1020a0  PA:1a1020a0 
247105718: 17800: [[34m/chip/soc/fc/insn                                    [0m] uart_write:134                   M 1c008482 p.bclri             a5, a5, 0x1e, 0x1   a5=00000001  a5:00000001 
247133482: 17802: [[34m/chip/soc/fc/insn                                    [0m] uart_write:31                    M 1c008486 c.bnez              a5, 0, -6           a5:00000001 
247175128: 17805: [[34m/chip/soc/fc/insn                                    [0m] uart_write:134                   M 1c008480 c.lw                a5, 0(a0)           a5=00000001  a0:1a1020a0  PA:1a1020a0 
247300066: 17814: [[34m/chip/soc/fc/insn                                    [0m] uart_write:134                   M 1c008482 p.bclri             a5, a5, 0x1e, 0x1   a5=00000001  a5:00000001 
247327830: 17816: [[34m/chip/soc/fc/insn                                    [0m] uart_write:31                    M 1c008486 c.bnez              a5, 0, -6           a5:00000001 
247369476: 17819: [[34m/chip/soc/fc/insn                                    [0m] uart_write:134                   M 1c008480 c.lw                a5, 0(a0)           a5=00000001  a0:1a1020a0  PA:1a1020a0 
247494414: 17828: [[34m/chip/soc/fc/insn                                    [0m] uart_write:134                   M 1c008482 p.bclri             a5, a5, 0x1e, 0x1   a5=00000001  a5:00000001 
247522178: 17830: [[34m/chip/soc/fc/insn                                    [0m] uart_write:31                    M 1c008486 c.bnez              a5, 0, -6           a5:00000001 
247563824: 17833: [[34m/chip/soc/fc/insn                                    [0m] uart_write:134                   M 1c008480 c.lw                a5, 0(a0)           a5=00000001  a0:1a1020a0  PA:1a1020a0 
247688762: 17842: [[34m/chip/soc/fc/insn                                    [0m] uart_write:134                   M 1c008482 p.bclri             a5, a5, 0x1e, 0x1   a5=00000001  a5:00000001 
247716526: 17844: [[34m/chip/soc/fc/insn                                    [0m] uart_write:31                    M 1c008486 c.bnez              a5, 0, -6           a5:00000001 
247758172: 17847: [[34m/chip/soc/fc/insn                                    [0m] uart_write:134                   M 1c008480 c.lw                a5, 0(a0)           a5=00000001  a0:1a1020a0  PA:1a1020a0 
247883110: 17856: [[34m/chip/soc/fc/insn                                    [0m] uart_write:134                   M 1c008482 p.bclri             a5, a5, 0x1e, 0x1   a5=00000001  a5:00000001 
247910874: 17858: [[34m/chip/soc/fc/insn                                    [0m] uart_write:31                    M 1c008486 c.bnez              a5, 0, -6           a5:00000001 
247952520: 17861: [[34m/chip/soc/fc/insn                                    [0m] uart_write:134                   M 1c008480 c.lw                a5, 0(a0)           a5=00000001  a0:1a1020a0  PA:1a1020a0 
248077458: 17870: [[34m/chip/soc/fc/insn                                    [0m] uart_write:134                   M 1c008482 p.bclri             a5, a5, 0x1e, 0x1   a5=00000001  a5:00000001 
248105222: 17872: [[34m/chip/soc/fc/insn                                    [0m] uart_write:31                    M 1c008486 c.bnez              a5, 0, -6           a5:00000001 
248146868: 17875: [[34m/chip/soc/fc/insn                                    [0m] uart_write:134                   M 1c008480 c.lw                a5, 0(a0)           a5=00000001  a0:1a1020a0  PA:1a1020a0 
248271806: 17884: [[34m/chip/soc/fc/insn                                    [0m] uart_write:134                   M 1c008482 p.bclri             a5, a5, 0x1e, 0x1   a5=00000001  a5:00000001 
248299570: 17886: [[34m/chip/soc/fc/insn                                    [0m] uart_write:31                    M 1c008486 c.bnez              a5, 0, -6           a5:00000001 
248341216: 17889: [[34m/chip/soc/fc/insn                                    [0m] uart_write:134                   M 1c008480 c.lw                a5, 0(a0)           a5=00000001  a0:1a1020a0  PA:1a1020a0 
248466154: 17898: [[34m/chip/soc/fc/insn                                    [0m] uart_write:134                   M 1c008482 p.bclri             a5, a5, 0x1e, 0x1   a5=00000001  a5:00000001 
248493918: 17900: [[34m/chip/soc/fc/insn                                    [0m] uart_write:31                    M 1c008486 c.bnez              a5, 0, -6           a5:00000001 
248535564: 17903: [[34m/chip/soc/fc/insn                                    [0m] uart_write:134                   M 1c008480 c.lw                a5, 0(a0)           a5=00000001  a0:1a1020a0  PA:1a1020a0 
248660502: 17912: [[34m/chip/soc/fc/insn                                    [0m] uart_write:134                   M 1c008482 p.bclri             a5, a5, 0x1e, 0x1   a5=00000001  a5:00000001 
248688266: 17914: [[34m/chip/soc/fc/insn                                    [0m] uart_write:31                    M 1c008486 c.bnez              a5, 0, -6           a5:00000001 
248729912: 17917: [[34m/chip/soc/fc/insn                                    [0m] uart_write:134                   M 1c008480 c.lw                a5, 0(a0)           a5=00000001  a0:1a1020a0  PA:1a1020a0 
248854850: 17926: [[34m/chip/soc/fc/insn                                    [0m] uart_write:134                   M 1c008482 p.bclri             a5, a5, 0x1e, 0x1   a5=00000001  a5:00000001 
248882614: 17928: [[34m/chip/soc/fc/insn                                    [0m] uart_write:31                    M 1c008486 c.bnez              a5, 0, -6           a5:00000001 
248924260: 17931: [[34m/chip/soc/fc/insn                                    [0m] uart_write:134                   M 1c008480 c.lw                a5, 0(a0)           a5=00000001  a0:1a1020a0  PA:1a1020a0 
249049198: 17940: [[34m/chip/soc/fc/insn                                    [0m] uart_write:134                   M 1c008482 p.bclri             a5, a5, 0x1e, 0x1   a5=00000001  a5:00000001 
249076962: 17942: [[34m/chip/soc/fc/insn                                    [0m] uart_write:31                    M 1c008486 c.bnez              a5, 0, -6           a5:00000001 
249118608: 17945: [[34m/chip/soc/fc/insn                                    [0m] uart_write:134                   M 1c008480 c.lw                a5, 0(a0)           a5=00000001  a0:1a1020a0  PA:1a1020a0 
249243546: 17954: [[34m/chip/soc/fc/insn                                    [0m] uart_write:134                   M 1c008482 p.bclri             a5, a5, 0x1e, 0x1   a5=00000001  a5:00000001 
249271310: 17956: [[34m/chip/soc/fc/insn                                    [0m] uart_write:31                    M 1c008486 c.bnez              a5, 0, -6           a5:00000001 
249312956: 17959: [[34m/chip/soc/fc/insn                                    [0m] uart_write:134                   M 1c008480 c.lw                a5, 0(a0)           a5=00000001  a0:1a1020a0  PA:1a1020a0 
249437894: 17968: [[34m/chip/soc/fc/insn                                    [0m] uart_write:134                   M 1c008482 p.bclri             a5, a5, 0x1e, 0x1   a5=00000001  a5:00000001 
249465658: 17970: [[34m/chip/soc/fc/insn                                    [0m] uart_write:31                    M 1c008486 c.bnez              a5, 0, -6           a5:00000001 
249507304: 17973: [[34m/chip/soc/fc/insn                                    [0m] uart_write:134                   M 1c008480 c.lw                a5, 0(a0)           a5=00000001  a0:1a1020a0  PA:1a1020a0 
249632242: 17982: [[34m/chip/soc/fc/insn                                    [0m] uart_write:134                   M 1c008482 p.bclri             a5, a5, 0x1e, 0x1   a5=00000001  a5:00000001 
249660006: 17984: [[34m/chip/soc/fc/insn                                    [0m] uart_write:31                    M 1c008486 c.bnez              a5, 0, -6           a5:00000001 
249701652: 17987: [[34m/chip/soc/fc/insn                                    [0m] uart_write:134                   M 1c008480 c.lw                a5, 0(a0)           a5=00000001  a0:1a1020a0  PA:1a1020a0 
249826590: 17996: [[34m/chip/soc/fc/insn                                    [0m] uart_write:134                   M 1c008482 p.bclri             a5, a5, 0x1e, 0x1   a5=00000001  a5:00000001 
249854354: 17998: [[34m/chip/soc/fc/insn                                    [0m] uart_write:31                    M 1c008486 c.bnez              a5, 0, -6           a5:00000001 
249896000: 18001: [[34m/chip/soc/fc/insn                                    [0m] uart_write:134                   M 1c008480 c.lw                a5, 0(a0)           a5=00000001  a0:1a1020a0  PA:1a1020a0 
250020938: 18010: [[34m/chip/soc/fc/insn                                    [0m] uart_write:134                   M 1c008482 p.bclri             a5, a5, 0x1e, 0x1   a5=00000001  a5:00000001 
250048702: 18012: [[34m/chip/soc/fc/insn                                    [0m] uart_write:31                    M 1c008486 c.bnez              a5, 0, -6           a5:00000001 
250090348: 18015: [[34m/chip/soc/fc/insn                                    [0m] uart_write:134                   M 1c008480 c.lw                a5, 0(a0)           a5=00000001  a0:1a1020a0  PA:1a1020a0 
250215286: 18024: [[34m/chip/soc/fc/insn                                    [0m] uart_write:134                   M 1c008482 p.bclri             a5, a5, 0x1e, 0x1   a5=00000001  a5:00000001 
250243050: 18026: [[34m/chip/soc/fc/insn                                    [0m] uart_write:31                    M 1c008486 c.bnez              a5, 0, -6           a5:00000001 
250284696: 18029: [[34m/chip/soc/fc/insn                                    [0m] uart_write:134                   M 1c008480 c.lw                a5, 0(a0)           a5=00000001  a0:1a1020a0  PA:1a1020a0 
250409634: 18038: [[34m/chip/soc/fc/insn                                    [0m] uart_write:134                   M 1c008482 p.bclri             a5, a5, 0x1e, 0x1   a5=00000001  a5:00000001 
250437398: 18040: [[34m/chip/soc/fc/insn                                    [0m] uart_write:31                    M 1c008486 c.bnez              a5, 0, -6           a5:00000001 
250479044: 18043: [[34m/chip/soc/fc/insn                                    [0m] uart_write:134                   M 1c008480 c.lw                a5, 0(a0)           a5=00000001  a0:1a1020a0  PA:1a1020a0 
250603982: 18052: [[34m/chip/soc/fc/insn                                    [0m] uart_write:134                   M 1c008482 p.bclri             a5, a5, 0x1e, 0x1   a5=00000001  a5:00000001 
250631746: 18054: [[34m/chip/soc/fc/insn                                    [0m] uart_write:31                    M 1c008486 c.bnez              a5, 0, -6           a5:00000001 
250673392: 18057: [[34m/chip/soc/fc/insn                                    [0m] uart_write:134                   M 1c008480 c.lw                a5, 0(a0)           a5=00000001  a0:1a1020a0  PA:1a1020a0 
250798330: 18066: [[34m/chip/soc/fc/insn                                    [0m] uart_write:134                   M 1c008482 p.bclri             a5, a5, 0x1e, 0x1   a5=00000001  a5:00000001 
250826094: 18068: [[34m/chip/soc/fc/insn                                    [0m] uart_write:31                    M 1c008486 c.bnez              a5, 0, -6           a5:00000001 
250867740: 18071: [[34m/chip/soc/fc/insn                                    [0m] uart_write:134                   M 1c008480 c.lw                a5, 0(a0)           a5=00000001  a0:1a1020a0  PA:1a1020a0 
250992678: 18080: [[34m/chip/soc/fc/insn                                    [0m] uart_write:134                   M 1c008482 p.bclri             a5, a5, 0x1e, 0x1   a5=00000001  a5:00000001 
251020442: 18082: [[34m/chip/soc/fc/insn                                    [0m] uart_write:31                    M 1c008486 c.bnez              a5, 0, -6           a5:00000001 
251062088: 18085: [[34m/chip/soc/fc/insn                                    [0m] uart_write:134                   M 1c008480 c.lw                a5, 0(a0)           a5=00000001  a0:1a1020a0  PA:1a1020a0 
251187026: 18094: [[34m/chip/soc/fc/insn                                    [0m] uart_write:134                   M 1c008482 p.bclri             a5, a5, 0x1e, 0x1   a5=00000001  a5:00000001 
251214790: 18096: [[34m/chip/soc/fc/insn                                    [0m] uart_write:31                    M 1c008486 c.bnez              a5, 0, -6           a5:00000001 
251256436: 18099: [[34m/chip/soc/fc/insn                                    [0m] uart_write:134                   M 1c008480 c.lw                a5, 0(a0)           a5=00000001  a0:1a1020a0  PA:1a1020a0 
251381374: 18108: [[34m/chip/soc/fc/insn                                    [0m] uart_write:134                   M 1c008482 p.bclri             a5, a5, 0x1e, 0x1   a5=00000001  a5:00000001 
251409138: 18110: [[34m/chip/soc/fc/insn                                    [0m] uart_write:31                    M 1c008486 c.bnez              a5, 0, -6           a5:00000001 
251450784: 18113: [[34m/chip/soc/fc/insn                                    [0m] uart_write:134                   M 1c008480 c.lw                a5, 0(a0)           a5=00000001  a0:1a1020a0  PA:1a1020a0 
251575722: 18122: [[34m/chip/soc/fc/insn                                    [0m] uart_write:134                   M 1c008482 p.bclri             a5, a5, 0x1e, 0x1   a5=00000001  a5:00000001 
251603486: 18124: [[34m/chip/soc/fc/insn                                    [0m] uart_write:31                    M 1c008486 c.bnez              a5, 0, -6           a5:00000001 
251645132: 18127: [[34m/chip/soc/fc/insn                                    [0m] uart_write:134                   M 1c008480 c.lw                a5, 0(a0)           a5=00000001  a0:1a1020a0  PA:1a1020a0 
251770070: 18136: [[34m/chip/soc/fc/insn                                    [0m] uart_write:134                   M 1c008482 p.bclri             a5, a5, 0x1e, 0x1   a5=00000001  a5:00000001 
251797834: 18138: [[34m/chip/soc/fc/insn                                    [0m] uart_write:31                    M 1c008486 c.bnez              a5, 0, -6           a5:00000001 
251839480: 18141: [[34m/chip/soc/fc/insn                                    [0m] uart_write:134                   M 1c008480 c.lw                a5, 0(a0)           a5=00000001  a0:1a1020a0  PA:1a1020a0 
251964418: 18150: [[34m/chip/soc/fc/insn                                    [0m] uart_write:134                   M 1c008482 p.bclri             a5, a5, 0x1e, 0x1   a5=00000001  a5:00000001 
251992182: 18152: [[34m/chip/soc/fc/insn                                    [0m] uart_write:31                    M 1c008486 c.bnez              a5, 0, -6           a5:00000001 
252033828: 18155: [[34m/chip/soc/fc/insn                                    [0m] uart_write:134                   M 1c008480 c.lw                a5, 0(a0)           a5=00000001  a0:1a1020a0  PA:1a1020a0 
252158766: 18164: [[34m/chip/soc/fc/insn                                    [0m] uart_write:134                   M 1c008482 p.bclri             a5, a5, 0x1e, 0x1   a5=00000001  a5:00000001 
252186530: 18166: [[34m/chip/soc/fc/insn                                    [0m] uart_write:31                    M 1c008486 c.bnez              a5, 0, -6           a5:00000001 
252228176: 18169: [[34m/chip/soc/fc/insn                                    [0m] uart_write:134                   M 1c008480 c.lw                a5, 0(a0)           a5=00000001  a0:1a1020a0  PA:1a1020a0 
252353114: 18178: [[34m/chip/soc/fc/insn                                    [0m] uart_write:134                   M 1c008482 p.bclri             a5, a5, 0x1e, 0x1   a5=00000001  a5:00000001 
252380878: 18180: [[34m/chip/soc/fc/insn                                    [0m] uart_write:31                    M 1c008486 c.bnez              a5, 0, -6           a5:00000001 
252422524: 18183: [[34m/chip/soc/fc/insn                                    [0m] uart_write:134                   M 1c008480 c.lw                a5, 0(a0)           a5=00000001  a0:1a1020a0  PA:1a1020a0 
252547462: 18192: [[34m/chip/soc/fc/insn                                    [0m] uart_write:134                   M 1c008482 p.bclri             a5, a5, 0x1e, 0x1   a5=00000001  a5:00000001 
252575226: 18194: [[34m/chip/soc/fc/insn                                    [0m] uart_write:31                    M 1c008486 c.bnez              a5, 0, -6           a5:00000001 
252616872: 18197: [[34m/chip/soc/fc/insn                                    [0m] uart_write:134                   M 1c008480 c.lw                a5, 0(a0)           a5=00000001  a0:1a1020a0  PA:1a1020a0 
252741810: 18206: [[34m/chip/soc/fc/insn                                    [0m] uart_write:134                   M 1c008482 p.bclri             a5, a5, 0x1e, 0x1   a5=00000001  a5:00000001 
252769574: 18208: [[34m/chip/soc/fc/insn                                    [0m] uart_write:31                    M 1c008486 c.bnez              a5, 0, -6           a5:00000001 
252811220: 18211: [[34m/chip/soc/fc/insn                                    [0m] uart_write:134                   M 1c008480 c.lw                a5, 0(a0)           a5=00000001  a0:1a1020a0  PA:1a1020a0 
252936158: 18220: [[34m/chip/soc/fc/insn                                    [0m] uart_write:134                   M 1c008482 p.bclri             a5, a5, 0x1e, 0x1   a5=00000001  a5:00000001 
252963922: 18222: [[34m/chip/soc/fc/insn                                    [0m] uart_write:31                    M 1c008486 c.bnez              a5, 0, -6           a5:00000001 
253005568: 18225: [[34m/chip/soc/fc/insn                                    [0m] uart_write:134                   M 1c008480 c.lw                a5, 0(a0)           a5=00000001  a0:1a1020a0  PA:1a1020a0 
253130506: 18234: [[34m/chip/soc/fc/insn                                    [0m] uart_write:134                   M 1c008482 p.bclri             a5, a5, 0x1e, 0x1   a5=00000001  a5:00000001 
253158270: 18236: [[34m/chip/soc/fc/insn                                    [0m] uart_write:31                    M 1c008486 c.bnez              a5, 0, -6           a5:00000001 
253199916: 18239: [[34m/chip/soc/fc/insn                                    [0m] uart_write:134                   M 1c008480 c.lw                a5, 0(a0)           a5=00000001  a0:1a1020a0  PA:1a1020a0 
253324854: 18248: [[34m/chip/soc/fc/insn                                    [0m] uart_write:134                   M 1c008482 p.bclri             a5, a5, 0x1e, 0x1   a5=00000001  a5:00000001 
253352618: 18250: [[34m/chip/soc/fc/insn                                    [0m] uart_write:31                    M 1c008486 c.bnez              a5, 0, -6           a5:00000001 
253394264: 18253: [[34m/chip/soc/fc/insn                                    [0m] uart_write:134                   M 1c008480 c.lw                a5, 0(a0)           a5=00000001  a0:1a1020a0  PA:1a1020a0 
253519202: 18262: [[34m/chip/soc/fc/insn                                    [0m] uart_write:134                   M 1c008482 p.bclri             a5, a5, 0x1e, 0x1   a5=00000001  a5:00000001 
253546966: 18264: [[34m/chip/soc/fc/insn                                    [0m] uart_write:31                    M 1c008486 c.bnez              a5, 0, -6           a5:00000001 
253588612: 18267: [[34m/chip/soc/fc/insn                                    [0m] uart_write:134                   M 1c008480 c.lw                a5, 0(a0)           a5=00000001  a0:1a1020a0  PA:1a1020a0 
253713550: 18276: [[34m/chip/soc/fc/insn                                    [0m] uart_write:134                   M 1c008482 p.bclri             a5, a5, 0x1e, 0x1   a5=00000001  a5:00000001 
253741314: 18278: [[34m/chip/soc/fc/insn                                    [0m] uart_write:31                    M 1c008486 c.bnez              a5, 0, -6           a5:00000001 
253782960: 18281: [[34m/chip/soc/fc/insn                                    [0m] uart_write:134                   M 1c008480 c.lw                a5, 0(a0)           a5=00000001  a0:1a1020a0  PA:1a1020a0 
253907898: 18290: [[34m/chip/soc/fc/insn                                    [0m] uart_write:134                   M 1c008482 p.bclri             a5, a5, 0x1e, 0x1   a5=00000001  a5:00000001 
253935662: 18292: [[34m/chip/soc/fc/insn                                    [0m] uart_write:31                    M 1c008486 c.bnez              a5, 0, -6           a5:00000001 
253977308: 18295: [[34m/chip/soc/fc/insn                                    [0m] uart_write:134                   M 1c008480 c.lw                a5, 0(a0)           a5=00000001  a0:1a1020a0  PA:1a1020a0 
254102246: 18304: [[34m/chip/soc/fc/insn                                    [0m] uart_write:134                   M 1c008482 p.bclri             a5, a5, 0x1e, 0x1   a5=00000001  a5:00000001 
254130010: 18306: [[34m/chip/soc/fc/insn                                    [0m] uart_write:31                    M 1c008486 c.bnez              a5, 0, -6           a5:00000001 
254171656: 18309: [[34m/chip/soc/fc/insn                                    [0m] uart_write:134                   M 1c008480 c.lw                a5, 0(a0)           a5=00000001  a0:1a1020a0  PA:1a1020a0 
254296594: 18318: [[34m/chip/soc/fc/insn                                    [0m] uart_write:134                   M 1c008482 p.bclri             a5, a5, 0x1e, 0x1   a5=00000001  a5:00000001 
254324358: 18320: [[34m/chip/soc/fc/insn                                    [0m] uart_write:31                    M 1c008486 c.bnez              a5, 0, -6           a5:00000001 
254366004: 18323: [[34m/chip/soc/fc/insn                                    [0m] uart_write:134                   M 1c008480 c.lw                a5, 0(a0)           a5=00000001  a0:1a1020a0  PA:1a1020a0 
254490942: 18332: [[34m/chip/soc/fc/insn                                    [0m] uart_write:134                   M 1c008482 p.bclri             a5, a5, 0x1e, 0x1   a5=00000001  a5:00000001 
254518706: 18334: [[34m/chip/soc/fc/insn                                    [0m] uart_write:31                    M 1c008486 c.bnez              a5, 0, -6           a5:00000001 
254560352: 18337: [[34m/chip/soc/fc/insn                                    [0m] uart_write:134                   M 1c008480 c.lw                a5, 0(a0)           a5=00000001  a0:1a1020a0  PA:1a1020a0 
254685290: 18346: [[34m/chip/soc/fc/insn                                    [0m] uart_write:134                   M 1c008482 p.bclri             a5, a5, 0x1e, 0x1   a5=00000001  a5:00000001 
254713054: 18348: [[34m/chip/soc/fc/insn                                    [0m] uart_write:31                    M 1c008486 c.bnez              a5, 0, -6           a5:00000001 
254754700: 18351: [[34m/chip/soc/fc/insn                                    [0m] uart_write:134                   M 1c008480 c.lw                a5, 0(a0)           a5=00000001  a0:1a1020a0  PA:1a1020a0 
254879638: 18360: [[34m/chip/soc/fc/insn                                    [0m] uart_write:134                   M 1c008482 p.bclri             a5, a5, 0x1e, 0x1   a5=00000001  a5:00000001 
254907402: 18362: [[34m/chip/soc/fc/insn                                    [0m] uart_write:31                    M 1c008486 c.bnez              a5, 0, -6           a5:00000001 
254949048: 18365: [[34m/chip/soc/fc/insn                                    [0m] uart_write:134                   M 1c008480 c.lw                a5, 0(a0)           a5=00000001  a0:1a1020a0  PA:1a1020a0 
255073986: 18374: [[34m/chip/soc/fc/insn                                    [0m] uart_write:134                   M 1c008482 p.bclri             a5, a5, 0x1e, 0x1   a5=00000001  a5:00000001 
255101750: 18376: [[34m/chip/soc/fc/insn                                    [0m] uart_write:31                    M 1c008486 c.bnez              a5, 0, -6           a5:00000001 
255143396: 18379: [[34m/chip/soc/fc/insn                                    [0m] uart_write:134                   M 1c008480 c.lw                a5, 0(a0)           a5=00000001  a0:1a1020a0  PA:1a1020a0 
255268334: 18388: [[34m/chip/soc/fc/insn                                    [0m] uart_write:134                   M 1c008482 p.bclri             a5, a5, 0x1e, 0x1   a5=00000001  a5:00000001 
255296098: 18390: [[34m/chip/soc/fc/insn                                    [0m] uart_write:31                    M 1c008486 c.bnez              a5, 0, -6           a5:00000001 
255337744: 18393: [[34m/chip/soc/fc/insn                                    [0m] uart_write:134                   M 1c008480 c.lw                a5, 0(a0)           a5=00000001  a0:1a1020a0  PA:1a1020a0 
255462682: 18402: [[34m/chip/soc/fc/insn                                    [0m] uart_write:134                   M 1c008482 p.bclri             a5, a5, 0x1e, 0x1   a5=00000001  a5:00000001 
255490446: 18404: [[34m/chip/soc/fc/insn                                    [0m] uart_write:31                    M 1c008486 c.bnez              a5, 0, -6           a5:00000001 
255532092: 18407: [[34m/chip/soc/fc/insn                                    [0m] uart_write:134                   M 1c008480 c.lw                a5, 0(a0)           a5=00000001  a0:1a1020a0  PA:1a1020a0 
255657030: 18416: [[34m/chip/soc/fc/insn                                    [0m] uart_write:134                   M 1c008482 p.bclri             a5, a5, 0x1e, 0x1   a5=00000001  a5:00000001 
255684794: 18418: [[34m/chip/soc/fc/insn                                    [0m] uart_write:31                    M 1c008486 c.bnez              a5, 0, -6           a5:00000001 
255726440: 18421: [[34m/chip/soc/fc/insn                                    [0m] uart_write:134                   M 1c008480 c.lw                a5, 0(a0)           a5=00000001  a0:1a1020a0  PA:1a1020a0 
255851378: 18430: [[34m/chip/soc/fc/insn                                    [0m] uart_write:134                   M 1c008482 p.bclri             a5, a5, 0x1e, 0x1   a5=00000001  a5:00000001 
255879142: 18432: [[34m/chip/soc/fc/insn                                    [0m] uart_write:31                    M 1c008486 c.bnez              a5, 0, -6           a5:00000001 
255920788: 18435: [[34m/chip/soc/fc/insn                                    [0m] uart_write:134                   M 1c008480 c.lw                a5, 0(a0)           a5=00000001  a0:1a1020a0  PA:1a1020a0 
256045726: 18444: [[34m/chip/soc/fc/insn                                    [0m] uart_write:134                   M 1c008482 p.bclri             a5, a5, 0x1e, 0x1   a5=00000001  a5:00000001 
256073490: 18446: [[34m/chip/soc/fc/insn                                    [0m] uart_write:31                    M 1c008486 c.bnez              a5, 0, -6           a5:00000001 
256115136: 18449: [[34m/chip/soc/fc/insn                                    [0m] uart_write:134                   M 1c008480 c.lw                a5, 0(a0)           a5=00000001  a0:1a1020a0  PA:1a1020a0 
256240074: 18458: [[34m/chip/soc/fc/insn                                    [0m] uart_write:134                   M 1c008482 p.bclri             a5, a5, 0x1e, 0x1   a5=00000001  a5:00000001 
256267838: 18460: [[34m/chip/soc/fc/insn                                    [0m] uart_write:31                    M 1c008486 c.bnez              a5, 0, -6           a5:00000001 
256309484: 18463: [[34m/chip/soc/fc/insn                                    [0m] uart_write:134                   M 1c008480 c.lw                a5, 0(a0)           a5=00000001  a0:1a1020a0  PA:1a1020a0 
256434422: 18472: [[34m/chip/soc/fc/insn                                    [0m] uart_write:134                   M 1c008482 p.bclri             a5, a5, 0x1e, 0x1   a5=00000001  a5:00000001 
256462186: 18474: [[34m/chip/soc/fc/insn                                    [0m] uart_write:31                    M 1c008486 c.bnez              a5, 0, -6           a5:00000001 
256503832: 18477: [[34m/chip/soc/fc/insn                                    [0m] uart_write:134                   M 1c008480 c.lw                a5, 0(a0)           a5=00000001  a0:1a1020a0  PA:1a1020a0 
256628770: 18486: [[34m/chip/soc/fc/insn                                    [0m] uart_write:134                   M 1c008482 p.bclri             a5, a5, 0x1e, 0x1   a5=00000001  a5:00000001 
256656534: 18488: [[34m/chip/soc/fc/insn                                    [0m] uart_write:31                    M 1c008486 c.bnez              a5, 0, -6           a5:00000001 
256698180: 18491: [[34m/chip/soc/fc/insn                                    [0m] uart_write:134                   M 1c008480 c.lw                a5, 0(a0)           a5=00000001  a0:1a1020a0  PA:1a1020a0 
256823118: 18500: [[34m/chip/soc/fc/insn                                    [0m] uart_write:134                   M 1c008482 p.bclri             a5, a5, 0x1e, 0x1   a5=00000001  a5:00000001 
256850882: 18502: [[34m/chip/soc/fc/insn                                    [0m] uart_write:31                    M 1c008486 c.bnez              a5, 0, -6           a5:00000001 
256892528: 18505: [[34m/chip/soc/fc/insn                                    [0m] uart_write:134                   M 1c008480 c.lw                a5, 0(a0)           a5=00000001  a0:1a1020a0  PA:1a1020a0 
257017466: 18514: [[34m/chip/soc/fc/insn                                    [0m] uart_write:134                   M 1c008482 p.bclri             a5, a5, 0x1e, 0x1   a5=00000001  a5:00000001 
257045230: 18516: [[34m/chip/soc/fc/insn                                    [0m] uart_write:31                    M 1c008486 c.bnez              a5, 0, -6           a5:00000001 
257086876: 18519: [[34m/chip/soc/fc/insn                                    [0m] uart_write:134                   M 1c008480 c.lw                a5, 0(a0)           a5=00000001  a0:1a1020a0  PA:1a1020a0 
257211814: 18528: [[34m/chip/soc/fc/insn                                    [0m] uart_write:134                   M 1c008482 p.bclri             a5, a5, 0x1e, 0x1   a5=00000001  a5:00000001 
257239578: 18530: [[34m/chip/soc/fc/insn                                    [0m] uart_write:31                    M 1c008486 c.bnez              a5, 0, -6           a5:00000001 
257281224: 18533: [[34m/chip/soc/fc/insn                                    [0m] uart_write:134                   M 1c008480 c.lw                a5, 0(a0)           a5=00000001  a0:1a1020a0  PA:1a1020a0 
257406162: 18542: [[34m/chip/soc/fc/insn                                    [0m] uart_write:134                   M 1c008482 p.bclri             a5, a5, 0x1e, 0x1   a5=00000001  a5:00000001 
257433926: 18544: [[34m/chip/soc/fc/insn                                    [0m] uart_write:31                    M 1c008486 c.bnez              a5, 0, -6           a5:00000001 
257475572: 18547: [[34m/chip/soc/fc/insn                                    [0m] uart_write:134                   M 1c008480 c.lw                a5, 0(a0)           a5=00000001  a0:1a1020a0  PA:1a1020a0 
257600510: 18556: [[34m/chip/soc/fc/insn                                    [0m] uart_write:134                   M 1c008482 p.bclri             a5, a5, 0x1e, 0x1   a5=00000001  a5:00000001 
257628274: 18558: [[34m/chip/soc/fc/insn                                    [0m] uart_write:31                    M 1c008486 c.bnez              a5, 0, -6           a5:00000001 
257669920: 18561: [[34m/chip/soc/fc/insn                                    [0m] uart_write:134                   M 1c008480 c.lw                a5, 0(a0)           a5=00000001  a0:1a1020a0  PA:1a1020a0 
257794858: 18570: [[34m/chip/soc/fc/insn                                    [0m] uart_write:134                   M 1c008482 p.bclri             a5, a5, 0x1e, 0x1   a5=00000001  a5:00000001 
257822622: 18572: [[34m/chip/soc/fc/insn                                    [0m] uart_write:31                    M 1c008486 c.bnez              a5, 0, -6           a5:00000001 
257864268: 18575: [[34m/chip/soc/fc/insn                                    [0m] uart_write:134                   M 1c008480 c.lw                a5, 0(a0)           a5=00000001  a0:1a1020a0  PA:1a1020a0 
257989206: 18584: [[34m/chip/soc/fc/insn                                    [0m] uart_write:134                   M 1c008482 p.bclri             a5, a5, 0x1e, 0x1   a5=00000001  a5:00000001 
258016970: 18586: [[34m/chip/soc/fc/insn                                    [0m] uart_write:31                    M 1c008486 c.bnez              a5, 0, -6           a5:00000001 
258058616: 18589: [[34m/chip/soc/fc/insn                                    [0m] uart_write:134                   M 1c008480 c.lw                a5, 0(a0)           a5=00000001  a0:1a1020a0  PA:1a1020a0 
258183554: 18598: [[34m/chip/soc/fc/insn                                    [0m] uart_write:134                   M 1c008482 p.bclri             a5, a5, 0x1e, 0x1   a5=00000001  a5:00000001 
258211318: 18600: [[34m/chip/soc/fc/insn                                    [0m] uart_write:31                    M 1c008486 c.bnez              a5, 0, -6           a5:00000001 
258252964: 18603: [[34m/chip/soc/fc/insn                                    [0m] uart_write:134                   M 1c008480 c.lw                a5, 0(a0)           a5=00000001  a0:1a1020a0  PA:1a1020a0 
258377902: 18612: [[34m/chip/soc/fc/insn                                    [0m] uart_write:134                   M 1c008482 p.bclri             a5, a5, 0x1e, 0x1   a5=00000001  a5:00000001 
258405666: 18614: [[34m/chip/soc/fc/insn                                    [0m] uart_write:31                    M 1c008486 c.bnez              a5, 0, -6           a5:00000001 
258447312: 18617: [[34m/chip/soc/fc/insn                                    [0m] uart_write:134                   M 1c008480 c.lw                a5, 0(a0)           a5=00000001  a0:1a1020a0  PA:1a1020a0 
258572250: 18626: [[34m/chip/soc/fc/insn                                    [0m] uart_write:134                   M 1c008482 p.bclri             a5, a5, 0x1e, 0x1   a5=00000001  a5:00000001 
258600014: 18628: [[34m/chip/soc/fc/insn                                    [0m] uart_write:31                    M 1c008486 c.bnez              a5, 0, -6           a5:00000001 
258641660: 18631: [[34m/chip/soc/fc/insn                                    [0m] uart_write:134                   M 1c008480 c.lw                a5, 0(a0)           a5=00000001  a0:1a1020a0  PA:1a1020a0 
258766598: 18640: [[34m/chip/soc/fc/insn                                    [0m] uart_write:134                   M 1c008482 p.bclri             a5, a5, 0x1e, 0x1   a5=00000001  a5:00000001 
258794362: 18642: [[34m/chip/soc/fc/insn                                    [0m] uart_write:31                    M 1c008486 c.bnez              a5, 0, -6           a5:00000001 
258836008: 18645: [[34m/chip/soc/fc/insn                                    [0m] uart_write:134                   M 1c008480 c.lw                a5, 0(a0)           a5=00000001  a0:1a1020a0  PA:1a1020a0 
258960946: 18654: [[34m/chip/soc/fc/insn                                    [0m] uart_write:134                   M 1c008482 p.bclri             a5, a5, 0x1e, 0x1   a5=00000001  a5:00000001 
258988710: 18656: [[34m/chip/soc/fc/insn                                    [0m] uart_write:31                    M 1c008486 c.bnez              a5, 0, -6           a5:00000001 
259030356: 18659: [[34m/chip/soc/fc/insn                                    [0m] uart_write:134                   M 1c008480 c.lw                a5, 0(a0)           a5=00000001  a0:1a1020a0  PA:1a1020a0 
259155294: 18668: [[34m/chip/soc/fc/insn                                    [0m] uart_write:134                   M 1c008482 p.bclri             a5, a5, 0x1e, 0x1   a5=00000001  a5:00000001 
259183058: 18670: [[34m/chip/soc/fc/insn                                    [0m] uart_write:31                    M 1c008486 c.bnez              a5, 0, -6           a5:00000001 
259224704: 18673: [[34m/chip/soc/fc/insn                                    [0m] uart_write:134                   M 1c008480 c.lw                a5, 0(a0)           a5=00000001  a0:1a1020a0  PA:1a1020a0 
259349642: 18682: [[34m/chip/soc/fc/insn                                    [0m] uart_write:134                   M 1c008482 p.bclri             a5, a5, 0x1e, 0x1   a5=00000001  a5:00000001 
259377406: 18684: [[34m/chip/soc/fc/insn                                    [0m] uart_write:31                    M 1c008486 c.bnez              a5, 0, -6           a5:00000001 
259419052: 18687: [[34m/chip/soc/fc/insn                                    [0m] uart_write:134                   M 1c008480 c.lw                a5, 0(a0)           a5=00000001  a0:1a1020a0  PA:1a1020a0 
259543990: 18696: [[34m/chip/soc/fc/insn                                    [0m] uart_write:134                   M 1c008482 p.bclri             a5, a5, 0x1e, 0x1   a5=00000001  a5:00000001 
259571754: 18698: [[34m/chip/soc/fc/insn                                    [0m] uart_write:31                    M 1c008486 c.bnez              a5, 0, -6           a5:00000001 
259613400: 18701: [[34m/chip/soc/fc/insn                                    [0m] uart_write:134                   M 1c008480 c.lw                a5, 0(a0)           a5=00000001  a0:1a1020a0  PA:1a1020a0 
259738338: 18710: [[34m/chip/soc/fc/insn                                    [0m] uart_write:134                   M 1c008482 p.bclri             a5, a5, 0x1e, 0x1   a5=00000001  a5:00000001 
259766102: 18712: [[34m/chip/soc/fc/insn                                    [0m] uart_write:31                    M 1c008486 c.bnez              a5, 0, -6           a5:00000001 
259807748: 18715: [[34m/chip/soc/fc/insn                                    [0m] uart_write:134                   M 1c008480 c.lw                a5, 0(a0)           a5=00000001  a0:1a1020a0  PA:1a1020a0 
259932686: 18724: [[34m/chip/soc/fc/insn                                    [0m] uart_write:134                   M 1c008482 p.bclri             a5, a5, 0x1e, 0x1   a5=00000001  a5:00000001 
259960450: 18726: [[34m/chip/soc/fc/insn                                    [0m] uart_write:31                    M 1c008486 c.bnez              a5, 0, -6           a5:00000001 
260002096: 18729: [[34m/chip/soc/fc/insn                                    [0m] uart_write:134                   M 1c008480 c.lw                a5, 0(a0)           a5=00000001  a0:1a1020a0  PA:1a1020a0 
260127034: 18738: [[34m/chip/soc/fc/insn                                    [0m] uart_write:134                   M 1c008482 p.bclri             a5, a5, 0x1e, 0x1   a5=00000001  a5:00000001 
260154798: 18740: [[34m/chip/soc/fc/insn                                    [0m] uart_write:31                    M 1c008486 c.bnez              a5, 0, -6           a5:00000001 
260196444: 18743: [[34m/chip/soc/fc/insn                                    [0m] uart_write:134                   M 1c008480 c.lw                a5, 0(a0)           a5=00000001  a0:1a1020a0  PA:1a1020a0 
260321382: 18752: [[34m/chip/soc/fc/insn                                    [0m] uart_write:134                   M 1c008482 p.bclri             a5, a5, 0x1e, 0x1   a5=00000001  a5:00000001 
260349146: 18754: [[34m/chip/soc/fc/insn                                    [0m] uart_write:31                    M 1c008486 c.bnez              a5, 0, -6           a5:00000001 
260390792: 18757: [[34m/chip/soc/fc/insn                                    [0m] uart_write:134                   M 1c008480 c.lw                a5, 0(a0)           a5=00000001  a0:1a1020a0  PA:1a1020a0 
260515730: 18766: [[34m/chip/soc/fc/insn                                    [0m] uart_write:134                   M 1c008482 p.bclri             a5, a5, 0x1e, 0x1   a5=00000001  a5:00000001 
260543494: 18768: [[34m/chip/soc/fc/insn                                    [0m] uart_write:31                    M 1c008486 c.bnez              a5, 0, -6           a5:00000001 
260585140: 18771: [[34m/chip/soc/fc/insn                                    [0m] uart_write:134                   M 1c008480 c.lw                a5, 0(a0)           a5=00000001  a0:1a1020a0  PA:1a1020a0 
260710078: 18780: [[34m/chip/soc/fc/insn                                    [0m] uart_write:134                   M 1c008482 p.bclri             a5, a5, 0x1e, 0x1   a5=00000001  a5:00000001 
260737842: 18782: [[34m/chip/soc/fc/insn                                    [0m] uart_write:31                    M 1c008486 c.bnez              a5, 0, -6           a5:00000001 
260779488: 18785: [[34m/chip/soc/fc/insn                                    [0m] uart_write:134                   M 1c008480 c.lw                a5, 0(a0)           a5=00000001  a0:1a1020a0  PA:1a1020a0 
260904426: 18794: [[34m/chip/soc/fc/insn                                    [0m] uart_write:134                   M 1c008482 p.bclri             a5, a5, 0x1e, 0x1   a5=00000001  a5:00000001 
260932190: 18796: [[34m/chip/soc/fc/insn                                    [0m] uart_write:31                    M 1c008486 c.bnez              a5, 0, -6           a5:00000001 
260973836: 18799: [[34m/chip/soc/fc/insn                                    [0m] uart_write:134                   M 1c008480 c.lw                a5, 0(a0)           a5=00000001  a0:1a1020a0  PA:1a1020a0 
261098774: 18808: [[34m/chip/soc/fc/insn                                    [0m] uart_write:134                   M 1c008482 p.bclri             a5, a5, 0x1e, 0x1   a5=00000001  a5:00000001 
261126538: 18810: [[34m/chip/soc/fc/insn                                    [0m] uart_write:31                    M 1c008486 c.bnez              a5, 0, -6           a5:00000001 
261168184: 18813: [[34m/chip/soc/fc/insn                                    [0m] uart_write:134                   M 1c008480 c.lw                a5, 0(a0)           a5=00000001  a0:1a1020a0  PA:1a1020a0 
261293122: 18822: [[34m/chip/soc/fc/insn                                    [0m] uart_write:134                   M 1c008482 p.bclri             a5, a5, 0x1e, 0x1   a5=00000001  a5:00000001 
261320886: 18824: [[34m/chip/soc/fc/insn                                    [0m] uart_write:31                    M 1c008486 c.bnez              a5, 0, -6           a5:00000001 
261362532: 18827: [[34m/chip/soc/fc/insn                                    [0m] uart_write:134                   M 1c008480 c.lw                a5, 0(a0)           a5=00000001  a0:1a1020a0  PA:1a1020a0 
261487470: 18836: [[34m/chip/soc/fc/insn                                    [0m] uart_write:134                   M 1c008482 p.bclri             a5, a5, 0x1e, 0x1   a5=00000001  a5:00000001 
261515234: 18838: [[34m/chip/soc/fc/insn                                    [0m] uart_write:31                    M 1c008486 c.bnez              a5, 0, -6           a5:00000001 
261556880: 18841: [[34m/chip/soc/fc/insn                                    [0m] uart_write:134                   M 1c008480 c.lw                a5, 0(a0)           a5=00000001  a0:1a1020a0  PA:1a1020a0 
261681818: 18850: [[34m/chip/soc/fc/insn                                    [0m] uart_write:134                   M 1c008482 p.bclri             a5, a5, 0x1e, 0x1   a5=00000001  a5:00000001 
261709582: 18852: [[34m/chip/soc/fc/insn                                    [0m] uart_write:31                    M 1c008486 c.bnez              a5, 0, -6           a5:00000001 
261751228: 18855: [[34m/chip/soc/fc/insn                                    [0m] uart_write:134                   M 1c008480 c.lw                a5, 0(a0)           a5=00000001  a0:1a1020a0  PA:1a1020a0 
261876166: 18864: [[34m/chip/soc/fc/insn                                    [0m] uart_write:134                   M 1c008482 p.bclri             a5, a5, 0x1e, 0x1   a5=00000001  a5:00000001 
261903930: 18866: [[34m/chip/soc/fc/insn                                    [0m] uart_write:31                    M 1c008486 c.bnez              a5, 0, -6           a5:00000001 
261945576: 18869: [[34m/chip/soc/fc/insn                                    [0m] uart_write:134                   M 1c008480 c.lw                a5, 0(a0)           a5=00000001  a0:1a1020a0  PA:1a1020a0 
262070514: 18878: [[34m/chip/soc/fc/insn                                    [0m] uart_write:134                   M 1c008482 p.bclri             a5, a5, 0x1e, 0x1   a5=00000001  a5:00000001 
262098278: 18880: [[34m/chip/soc/fc/insn                                    [0m] uart_write:31                    M 1c008486 c.bnez              a5, 0, -6           a5:00000001 
262139924: 18883: [[34m/chip/soc/fc/insn                                    [0m] uart_write:134                   M 1c008480 c.lw                a5, 0(a0)           a5=00000001  a0:1a1020a0  PA:1a1020a0 
262264862: 18892: [[34m/chip/soc/fc/insn                                    [0m] uart_write:134                   M 1c008482 p.bclri             a5, a5, 0x1e, 0x1   a5=00000001  a5:00000001 
262292626: 18894: [[34m/chip/soc/fc/insn                                    [0m] uart_write:31                    M 1c008486 c.bnez              a5, 0, -6           a5:00000001 
262334272: 18897: [[34m/chip/soc/fc/insn                                    [0m] uart_write:134                   M 1c008480 c.lw                a5, 0(a0)           a5=00000001  a0:1a1020a0  PA:1a1020a0 
262459210: 18906: [[34m/chip/soc/fc/insn                                    [0m] uart_write:134                   M 1c008482 p.bclri             a5, a5, 0x1e, 0x1   a5=00000001  a5:00000001 
262486974: 18908: [[34m/chip/soc/fc/insn                                    [0m] uart_write:31                    M 1c008486 c.bnez              a5, 0, -6           a5:00000001 
262528620: 18911: [[34m/chip/soc/fc/insn                                    [0m] uart_write:134                   M 1c008480 c.lw                a5, 0(a0)           a5=00000001  a0:1a1020a0  PA:1a1020a0 
262653558: 18920: [[34m/chip/soc/fc/insn                                    [0m] uart_write:134                   M 1c008482 p.bclri             a5, a5, 0x1e, 0x1   a5=00000001  a5:00000001 
262681322: 18922: [[34m/chip/soc/fc/insn                                    [0m] uart_write:31                    M 1c008486 c.bnez              a5, 0, -6           a5:00000001 
262722968: 18925: [[34m/chip/soc/fc/insn                                    [0m] uart_write:134                   M 1c008480 c.lw                a5, 0(a0)           a5=00000001  a0:1a1020a0  PA:1a1020a0 
262847906: 18934: [[34m/chip/soc/fc/insn                                    [0m] uart_write:134                   M 1c008482 p.bclri             a5, a5, 0x1e, 0x1   a5=00000001  a5:00000001 
262875670: 18936: [[34m/chip/soc/fc/insn                                    [0m] uart_write:31                    M 1c008486 c.bnez              a5, 0, -6           a5:00000001 
262917316: 18939: [[34m/chip/soc/fc/insn                                    [0m] uart_write:134                   M 1c008480 c.lw                a5, 0(a0)           a5=00000001  a0:1a1020a0  PA:1a1020a0 
263042254: 18948: [[34m/chip/soc/fc/insn                                    [0m] uart_write:134                   M 1c008482 p.bclri             a5, a5, 0x1e, 0x1   a5=00000001  a5:00000001 
263070018: 18950: [[34m/chip/soc/fc/insn                                    [0m] uart_write:31                    M 1c008486 c.bnez              a5, 0, -6           a5:00000001 
263111664: 18953: [[34m/chip/soc/fc/insn                                    [0m] uart_write:134                   M 1c008480 c.lw                a5, 0(a0)           a5=00000001  a0:1a1020a0  PA:1a1020a0 
263236602: 18962: [[34m/chip/soc/fc/insn                                    [0m] uart_write:134                   M 1c008482 p.bclri             a5, a5, 0x1e, 0x1   a5=00000001  a5:00000001 
263264366: 18964: [[34m/chip/soc/fc/insn                                    [0m] uart_write:31                    M 1c008486 c.bnez              a5, 0, -6           a5:00000001 
263306012: 18967: [[34m/chip/soc/fc/insn                                    [0m] uart_write:134                   M 1c008480 c.lw                a5, 0(a0)           a5=00000001  a0:1a1020a0  PA:1a1020a0 
263430950: 18976: [[34m/chip/soc/fc/insn                                    [0m] uart_write:134                   M 1c008482 p.bclri             a5, a5, 0x1e, 0x1   a5=00000001  a5:00000001 
263458714: 18978: [[34m/chip/soc/fc/insn                                    [0m] uart_write:31                    M 1c008486 c.bnez              a5, 0, -6           a5:00000001 
263500360: 18981: [[34m/chip/soc/fc/insn                                    [0m] uart_write:134                   M 1c008480 c.lw                a5, 0(a0)           a5=00000001  a0:1a1020a0  PA:1a1020a0 
263625298: 18990: [[34m/chip/soc/fc/insn                                    [0m] uart_write:134                   M 1c008482 p.bclri             a5, a5, 0x1e, 0x1   a5=00000001  a5:00000001 
263653062: 18992: [[34m/chip/soc/fc/insn                                    [0m] uart_write:31                    M 1c008486 c.bnez              a5, 0, -6           a5:00000001 
263694708: 18995: [[34m/chip/soc/fc/insn                                    [0m] uart_write:134                   M 1c008480 c.lw                a5, 0(a0)           a5=00000001  a0:1a1020a0  PA:1a1020a0 
263819646: 19004: [[34m/chip/soc/fc/insn                                    [0m] uart_write:134                   M 1c008482 p.bclri             a5, a5, 0x1e, 0x1   a5=00000001  a5:00000001 
263847410: 19006: [[34m/chip/soc/fc/insn                                    [0m] uart_write:31                    M 1c008486 c.bnez              a5, 0, -6           a5:00000001 
263889056: 19009: [[34m/chip/soc/fc/insn                                    [0m] uart_write:134                   M 1c008480 c.lw                a5, 0(a0)           a5=00000001  a0:1a1020a0  PA:1a1020a0 
264013994: 19018: [[34m/chip/soc/fc/insn                                    [0m] uart_write:134                   M 1c008482 p.bclri             a5, a5, 0x1e, 0x1   a5=00000001  a5:00000001 
264041758: 19020: [[34m/chip/soc/fc/insn                                    [0m] uart_write:31                    M 1c008486 c.bnez              a5, 0, -6           a5:00000001 
264083404: 19023: [[34m/chip/soc/fc/insn                                    [0m] uart_write:134                   M 1c008480 c.lw                a5, 0(a0)           a5=00000001  a0:1a1020a0  PA:1a1020a0 
264208342: 19032: [[34m/chip/soc/fc/insn                                    [0m] uart_write:134                   M 1c008482 p.bclri             a5, a5, 0x1e, 0x1   a5=00000001  a5:00000001 
264236106: 19034: [[34m/chip/soc/fc/insn                                    [0m] uart_write:31                    M 1c008486 c.bnez              a5, 0, -6           a5:00000001 
264277752: 19037: [[34m/chip/soc/fc/insn                                    [0m] uart_write:134                   M 1c008480 c.lw                a5, 0(a0)           a5=00000001  a0:1a1020a0  PA:1a1020a0 
264402690: 19046: [[34m/chip/soc/fc/insn                                    [0m] uart_write:134                   M 1c008482 p.bclri             a5, a5, 0x1e, 0x1   a5=00000001  a5:00000001 
264430454: 19048: [[34m/chip/soc/fc/insn                                    [0m] uart_write:31                    M 1c008486 c.bnez              a5, 0, -6           a5:00000001 
264472100: 19051: [[34m/chip/soc/fc/insn                                    [0m] uart_write:134                   M 1c008480 c.lw                a5, 0(a0)           a5=00000001  a0:1a1020a0  PA:1a1020a0 
264597038: 19060: [[34m/chip/soc/fc/insn                                    [0m] uart_write:134                   M 1c008482 p.bclri             a5, a5, 0x1e, 0x1   a5=00000001  a5:00000001 
264624802: 19062: [[34m/chip/soc/fc/insn                                    [0m] uart_write:31                    M 1c008486 c.bnez              a5, 0, -6           a5:00000001 
264666448: 19065: [[34m/chip/soc/fc/insn                                    [0m] uart_write:134                   M 1c008480 c.lw                a5, 0(a0)           a5=00000001  a0:1a1020a0  PA:1a1020a0 
264791386: 19074: [[34m/chip/soc/fc/insn                                    [0m] uart_write:134                   M 1c008482 p.bclri             a5, a5, 0x1e, 0x1   a5=00000001  a5:00000001 
264819150: 19076: [[34m/chip/soc/fc/insn                                    [0m] uart_write:31                    M 1c008486 c.bnez              a5, 0, -6           a5:00000001 
264860796: 19079: [[34m/chip/soc/fc/insn                                    [0m] uart_write:134                   M 1c008480 c.lw                a5, 0(a0)           a5=00000001  a0:1a1020a0  PA:1a1020a0 
264985734: 19088: [[34m/chip/soc/fc/insn                                    [0m] uart_write:134                   M 1c008482 p.bclri             a5, a5, 0x1e, 0x1   a5=00000001  a5:00000001 
265013498: 19090: [[34m/chip/soc/fc/insn                                    [0m] uart_write:31                    M 1c008486 c.bnez              a5, 0, -6           a5:00000001 
265055144: 19093: [[34m/chip/soc/fc/insn                                    [0m] uart_write:134                   M 1c008480 c.lw                a5, 0(a0)           a5=00000001  a0:1a1020a0  PA:1a1020a0 
265180082: 19102: [[34m/chip/soc/fc/insn                                    [0m] uart_write:134                   M 1c008482 p.bclri             a5, a5, 0x1e, 0x1   a5=00000001  a5:00000001 
265207846: 19104: [[34m/chip/soc/fc/insn                                    [0m] uart_write:31                    M 1c008486 c.bnez              a5, 0, -6           a5:00000001 
265249492: 19107: [[34m/chip/soc/fc/insn                                    [0m] uart_write:134                   M 1c008480 c.lw                a5, 0(a0)           a5=00000001  a0:1a1020a0  PA:1a1020a0 
265374430: 19116: [[34m/chip/soc/fc/insn                                    [0m] uart_write:134                   M 1c008482 p.bclri             a5, a5, 0x1e, 0x1   a5=00000001  a5:00000001 
265402194: 19118: [[34m/chip/soc/fc/insn                                    [0m] uart_write:31                    M 1c008486 c.bnez              a5, 0, -6           a5:00000001 
265443840: 19121: [[34m/chip/soc/fc/insn                                    [0m] uart_write:134                   M 1c008480 c.lw                a5, 0(a0)           a5=00000001  a0:1a1020a0  PA:1a1020a0 
265568778: 19130: [[34m/chip/soc/fc/insn                                    [0m] uart_write:134                   M 1c008482 p.bclri             a5, a5, 0x1e, 0x1   a5=00000001  a5:00000001 
265596542: 19132: [[34m/chip/soc/fc/insn                                    [0m] uart_write:31                    M 1c008486 c.bnez              a5, 0, -6           a5:00000001 
265638188: 19135: [[34m/chip/soc/fc/insn                                    [0m] uart_write:134                   M 1c008480 c.lw                a5, 0(a0)           a5=00000001  a0:1a1020a0  PA:1a1020a0 
265763126: 19144: [[34m/chip/soc/fc/insn                                    [0m] uart_write:134                   M 1c008482 p.bclri             a5, a5, 0x1e, 0x1   a5=00000001  a5:00000001 
265790890: 19146: [[34m/chip/soc/fc/insn                                    [0m] uart_write:31                    M 1c008486 c.bnez              a5, 0, -6           a5:00000001 
265832536: 19149: [[34m/chip/soc/fc/insn                                    [0m] uart_write:134                   M 1c008480 c.lw                a5, 0(a0)           a5=00000001  a0:1a1020a0  PA:1a1020a0 
265957474: 19158: [[34m/chip/soc/fc/insn                                    [0m] uart_write:134                   M 1c008482 p.bclri             a5, a5, 0x1e, 0x1   a5=00000001  a5:00000001 
265985238: 19160: [[34m/chip/soc/fc/insn                                    [0m] uart_write:31                    M 1c008486 c.bnez              a5, 0, -6           a5:00000001 
266026884: 19163: [[34m/chip/soc/fc/insn                                    [0m] uart_write:134                   M 1c008480 c.lw                a5, 0(a0)           a5=00000001  a0:1a1020a0  PA:1a1020a0 
266151822: 19172: [[34m/chip/soc/fc/insn                                    [0m] uart_write:134                   M 1c008482 p.bclri             a5, a5, 0x1e, 0x1   a5=00000001  a5:00000001 
266179586: 19174: [[34m/chip/soc/fc/insn                                    [0m] uart_write:31                    M 1c008486 c.bnez              a5, 0, -6           a5:00000001 
266221232: 19177: [[34m/chip/soc/fc/insn                                    [0m] uart_write:134                   M 1c008480 c.lw                a5, 0(a0)           a5=00000001  a0:1a1020a0  PA:1a1020a0 
266346170: 19186: [[34m/chip/soc/fc/insn                                    [0m] uart_write:134                   M 1c008482 p.bclri             a5, a5, 0x1e, 0x1   a5=00000001  a5:00000001 
266373934: 19188: [[34m/chip/soc/fc/insn                                    [0m] uart_write:31                    M 1c008486 c.bnez              a5, 0, -6           a5:00000001 
266415580: 19191: [[34m/chip/soc/fc/insn                                    [0m] uart_write:134                   M 1c008480 c.lw                a5, 0(a0)           a5=00000001  a0:1a1020a0  PA:1a1020a0 
266540518: 19200: [[34m/chip/soc/fc/insn                                    [0m] uart_write:134                   M 1c008482 p.bclri             a5, a5, 0x1e, 0x1   a5=00000001  a5:00000001 
266568282: 19202: [[34m/chip/soc/fc/insn                                    [0m] uart_write:31                    M 1c008486 c.bnez              a5, 0, -6           a5:00000001 
266609928: 19205: [[34m/chip/soc/fc/insn                                    [0m] uart_write:134                   M 1c008480 c.lw                a5, 0(a0)           a5=00000001  a0:1a1020a0  PA:1a1020a0 
266734866: 19214: [[34m/chip/soc/fc/insn                                    [0m] uart_write:134                   M 1c008482 p.bclri             a5, a5, 0x1e, 0x1   a5=00000001  a5:00000001 
266762630: 19216: [[34m/chip/soc/fc/insn                                    [0m] uart_write:31                    M 1c008486 c.bnez              a5, 0, -6           a5:00000001 
266804276: 19219: [[34m/chip/soc/fc/insn                                    [0m] uart_write:134                   M 1c008480 c.lw                a5, 0(a0)           a5=00000001  a0:1a1020a0  PA:1a1020a0 
266929214: 19228: [[34m/chip/soc/fc/insn                                    [0m] uart_write:134                   M 1c008482 p.bclri             a5, a5, 0x1e, 0x1   a5=00000001  a5:00000001 
266956978: 19230: [[34m/chip/soc/fc/insn                                    [0m] uart_write:31                    M 1c008486 c.bnez              a5, 0, -6           a5:00000001 
266998624: 19233: [[34m/chip/soc/fc/insn                                    [0m] uart_write:134                   M 1c008480 c.lw                a5, 0(a0)           a5=00000001  a0:1a1020a0  PA:1a1020a0 
267123562: 19242: [[34m/chip/soc/fc/insn                                    [0m] uart_write:134                   M 1c008482 p.bclri             a5, a5, 0x1e, 0x1   a5=00000001  a5:00000001 
267151326: 19244: [[34m/chip/soc/fc/insn                                    [0m] uart_write:31                    M 1c008486 c.bnez              a5, 0, -6           a5:00000001 
267192972: 19247: [[34m/chip/soc/fc/insn                                    [0m] uart_write:134                   M 1c008480 c.lw                a5, 0(a0)           a5=00000001  a0:1a1020a0  PA:1a1020a0 
267317910: 19256: [[34m/chip/soc/fc/insn                                    [0m] uart_write:134                   M 1c008482 p.bclri             a5, a5, 0x1e, 0x1   a5=00000001  a5:00000001 
267345674: 19258: [[34m/chip/soc/fc/insn                                    [0m] uart_write:31                    M 1c008486 c.bnez              a5, 0, -6           a5:00000001 
267387320: 19261: [[34m/chip/soc/fc/insn                                    [0m] uart_write:134                   M 1c008480 c.lw                a5, 0(a0)           a5=00000001  a0:1a1020a0  PA:1a1020a0 
267512258: 19270: [[34m/chip/soc/fc/insn                                    [0m] uart_write:134                   M 1c008482 p.bclri             a5, a5, 0x1e, 0x1   a5=00000001  a5:00000001 
267540022: 19272: [[34m/chip/soc/fc/insn                                    [0m] uart_write:31                    M 1c008486 c.bnez              a5, 0, -6           a5:00000001 
267581668: 19275: [[34m/chip/soc/fc/insn                                    [0m] uart_write:134                   M 1c008480 c.lw                a5, 0(a0)           a5=00000001  a0:1a1020a0  PA:1a1020a0 
267706606: 19284: [[34m/chip/soc/fc/insn                                    [0m] uart_write:134                   M 1c008482 p.bclri             a5, a5, 0x1e, 0x1   a5=00000001  a5:00000001 
267734370: 19286: [[34m/chip/soc/fc/insn                                    [0m] uart_write:31                    M 1c008486 c.bnez              a5, 0, -6           a5:00000001 
267776016: 19289: [[34m/chip/soc/fc/insn                                    [0m] uart_write:134                   M 1c008480 c.lw                a5, 0(a0)           a5=00000001  a0:1a1020a0  PA:1a1020a0 
267900954: 19298: [[34m/chip/soc/fc/insn                                    [0m] uart_write:134                   M 1c008482 p.bclri             a5, a5, 0x1e, 0x1   a5=00000001  a5:00000001 
267928718: 19300: [[34m/chip/soc/fc/insn                                    [0m] uart_write:31                    M 1c008486 c.bnez              a5, 0, -6           a5:00000001 
267970364: 19303: [[34m/chip/soc/fc/insn                                    [0m] uart_write:134                   M 1c008480 c.lw                a5, 0(a0)           a5=00000001  a0:1a1020a0  PA:1a1020a0 
268095302: 19312: [[34m/chip/soc/fc/insn                                    [0m] uart_write:134                   M 1c008482 p.bclri             a5, a5, 0x1e, 0x1   a5=00000001  a5:00000001 
268123066: 19314: [[34m/chip/soc/fc/insn                                    [0m] uart_write:31                    M 1c008486 c.bnez              a5, 0, -6           a5:00000001 
268164712: 19317: [[34m/chip/soc/fc/insn                                    [0m] uart_write:134                   M 1c008480 c.lw                a5, 0(a0)           a5=00000001  a0:1a1020a0  PA:1a1020a0 
268289650: 19326: [[34m/chip/soc/fc/insn                                    [0m] uart_write:134                   M 1c008482 p.bclri             a5, a5, 0x1e, 0x1   a5=00000001  a5:00000001 
268317414: 19328: [[34m/chip/soc/fc/insn                                    [0m] uart_write:31                    M 1c008486 c.bnez              a5, 0, -6           a5:00000001 
268359060: 19331: [[34m/chip/soc/fc/insn                                    [0m] uart_write:134                   M 1c008480 c.lw                a5, 0(a0)           a5=00000001  a0:1a1020a0  PA:1a1020a0 
268483998: 19340: [[34m/chip/soc/fc/insn                                    [0m] uart_write:134                   M 1c008482 p.bclri             a5, a5, 0x1e, 0x1   a5=00000001  a5:00000001 
268511762: 19342: [[34m/chip/soc/fc/insn                                    [0m] uart_write:31                    M 1c008486 c.bnez              a5, 0, -6           a5:00000001 
268553408: 19345: [[34m/chip/soc/fc/insn                                    [0m] uart_write:134                   M 1c008480 c.lw                a5, 0(a0)           a5=00000001  a0:1a1020a0  PA:1a1020a0 
268678346: 19354: [[34m/chip/soc/fc/insn                                    [0m] uart_write:134                   M 1c008482 p.bclri             a5, a5, 0x1e, 0x1   a5=00000001  a5:00000001 
268706110: 19356: [[34m/chip/soc/fc/insn                                    [0m] uart_write:31                    M 1c008486 c.bnez              a5, 0, -6           a5:00000001 
268747756: 19359: [[34m/chip/soc/fc/insn                                    [0m] uart_write:134                   M 1c008480 c.lw                a5, 0(a0)           a5=00000001  a0:1a1020a0  PA:1a1020a0 
268872694: 19368: [[34m/chip/soc/fc/insn                                    [0m] uart_write:134                   M 1c008482 p.bclri             a5, a5, 0x1e, 0x1   a5=00000001  a5:00000001 
268900458: 19370: [[34m/chip/soc/fc/insn                                    [0m] uart_write:31                    M 1c008486 c.bnez              a5, 0, -6           a5:00000001 
268942104: 19373: [[34m/chip/soc/fc/insn                                    [0m] uart_write:134                   M 1c008480 c.lw                a5, 0(a0)           a5=00000001  a0:1a1020a0  PA:1a1020a0 
269067042: 19382: [[34m/chip/soc/fc/insn                                    [0m] uart_write:134                   M 1c008482 p.bclri             a5, a5, 0x1e, 0x1   a5=00000001  a5:00000001 
269094806: 19384: [[34m/chip/soc/fc/insn                                    [0m] uart_write:31                    M 1c008486 c.bnez              a5, 0, -6           a5:00000001 
269136452: 19387: [[34m/chip/soc/fc/insn                                    [0m] uart_write:134                   M 1c008480 c.lw                a5, 0(a0)           a5=00000001  a0:1a1020a0  PA:1a1020a0 
269261390: 19396: [[34m/chip/soc/fc/insn                                    [0m] uart_write:134                   M 1c008482 p.bclri             a5, a5, 0x1e, 0x1   a5=00000001  a5:00000001 
269289154: 19398: [[34m/chip/soc/fc/insn                                    [0m] uart_write:31                    M 1c008486 c.bnez              a5, 0, -6           a5:00000001 
269330800: 19401: [[34m/chip/soc/fc/insn                                    [0m] uart_write:134                   M 1c008480 c.lw                a5, 0(a0)           a5=00000001  a0:1a1020a0  PA:1a1020a0 
269455738: 19410: [[34m/chip/soc/fc/insn                                    [0m] uart_write:134                   M 1c008482 p.bclri             a5, a5, 0x1e, 0x1   a5=00000001  a5:00000001 
269483502: 19412: [[34m/chip/soc/fc/insn                                    [0m] uart_write:31                    M 1c008486 c.bnez              a5, 0, -6           a5:00000001 
269525148: 19415: [[34m/chip/soc/fc/insn                                    [0m] uart_write:134                   M 1c008480 c.lw                a5, 0(a0)           a5=00000001  a0:1a1020a0  PA:1a1020a0 
269650086: 19424: [[34m/chip/soc/fc/insn                                    [0m] uart_write:134                   M 1c008482 p.bclri             a5, a5, 0x1e, 0x1   a5=00000001  a5:00000001 
269677850: 19426: [[34m/chip/soc/fc/insn                                    [0m] uart_write:31                    M 1c008486 c.bnez              a5, 0, -6           a5:00000001 
269719496: 19429: [[34m/chip/soc/fc/insn                                    [0m] uart_write:134                   M 1c008480 c.lw                a5, 0(a0)           a5=00000001  a0:1a1020a0  PA:1a1020a0 
269844434: 19438: [[34m/chip/soc/fc/insn                                    [0m] uart_write:134                   M 1c008482 p.bclri             a5, a5, 0x1e, 0x1   a5=00000001  a5:00000001 
269872198: 19440: [[34m/chip/soc/fc/insn                                    [0m] uart_write:31                    M 1c008486 c.bnez              a5, 0, -6           a5:00000001 
269913844: 19443: [[34m/chip/soc/fc/insn                                    [0m] uart_write:134                   M 1c008480 c.lw                a5, 0(a0)           a5=00000001  a0:1a1020a0  PA:1a1020a0 
270038782: 19452: [[34m/chip/soc/fc/insn                                    [0m] uart_write:134                   M 1c008482 p.bclri             a5, a5, 0x1e, 0x1   a5=00000001  a5:00000001 
270066546: 19454: [[34m/chip/soc/fc/insn                                    [0m] uart_write:31                    M 1c008486 c.bnez              a5, 0, -6           a5:00000001 
270108192: 19457: [[34m/chip/soc/fc/insn                                    [0m] uart_write:134                   M 1c008480 c.lw                a5, 0(a0)           a5=00000001  a0:1a1020a0  PA:1a1020a0 
270233130: 19466: [[34m/chip/soc/fc/insn                                    [0m] uart_write:134                   M 1c008482 p.bclri             a5, a5, 0x1e, 0x1   a5=00000001  a5:00000001 
270260894: 19468: [[34m/chip/soc/fc/insn                                    [0m] uart_write:31                    M 1c008486 c.bnez              a5, 0, -6           a5:00000001 
270302540: 19471: [[34m/chip/soc/fc/insn                                    [0m] uart_write:134                   M 1c008480 c.lw                a5, 0(a0)           a5=00000001  a0:1a1020a0  PA:1a1020a0 
270427478: 19480: [[34m/chip/soc/fc/insn                                    [0m] uart_write:134                   M 1c008482 p.bclri             a5, a5, 0x1e, 0x1   a5=00000001  a5:00000001 
270455242: 19482: [[34m/chip/soc/fc/insn                                    [0m] uart_write:31                    M 1c008486 c.bnez              a5, 0, -6           a5:00000001 
270496888: 19485: [[34m/chip/soc/fc/insn                                    [0m] uart_write:134                   M 1c008480 c.lw                a5, 0(a0)           a5=00000001  a0:1a1020a0  PA:1a1020a0 
270621826: 19494: [[34m/chip/soc/fc/insn                                    [0m] uart_write:134                   M 1c008482 p.bclri             a5, a5, 0x1e, 0x1   a5=00000001  a5:00000001 
270649590: 19496: [[34m/chip/soc/fc/insn                                    [0m] uart_write:31                    M 1c008486 c.bnez              a5, 0, -6           a5:00000001 
270691236: 19499: [[34m/chip/soc/fc/insn                                    [0m] uart_write:134                   M 1c008480 c.lw                a5, 0(a0)           a5=00000001  a0:1a1020a0  PA:1a1020a0 
270816174: 19508: [[34m/chip/soc/fc/insn                                    [0m] uart_write:134                   M 1c008482 p.bclri             a5, a5, 0x1e, 0x1   a5=00000001  a5:00000001 
270843938: 19510: [[34m/chip/soc/fc/insn                                    [0m] uart_write:31                    M 1c008486 c.bnez              a5, 0, -6           a5:00000001 
270885584: 19513: [[34m/chip/soc/fc/insn                                    [0m] uart_write:134                   M 1c008480 c.lw                a5, 0(a0)           a5=00000001  a0:1a1020a0  PA:1a1020a0 
271010522: 19522: [[34m/chip/soc/fc/insn                                    [0m] uart_write:134                   M 1c008482 p.bclri             a5, a5, 0x1e, 0x1   a5=00000001  a5:00000001 
271038286: 19524: [[34m/chip/soc/fc/insn                                    [0m] uart_write:31                    M 1c008486 c.bnez              a5, 0, -6           a5:00000001 
271079932: 19527: [[34m/chip/soc/fc/insn                                    [0m] uart_write:134                   M 1c008480 c.lw                a5, 0(a0)           a5=00000001  a0:1a1020a0  PA:1a1020a0 
271204870: 19536: [[34m/chip/soc/fc/insn                                    [0m] uart_write:134                   M 1c008482 p.bclri             a5, a5, 0x1e, 0x1   a5=00000001  a5:00000001 
271232634: 19538: [[34m/chip/soc/fc/insn                                    [0m] uart_write:31                    M 1c008486 c.bnez              a5, 0, -6           a5:00000001 
271274280: 19541: [[34m/chip/soc/fc/insn                                    [0m] uart_write:134                   M 1c008480 c.lw                a5, 0(a0)           a5=00000001  a0:1a1020a0  PA:1a1020a0 
271399218: 19550: [[34m/chip/soc/fc/insn                                    [0m] uart_write:134                   M 1c008482 p.bclri             a5, a5, 0x1e, 0x1   a5=00000001  a5:00000001 
271426982: 19552: [[34m/chip/soc/fc/insn                                    [0m] uart_write:31                    M 1c008486 c.bnez              a5, 0, -6           a5:00000001 
271468628: 19555: [[34m/chip/soc/fc/insn                                    [0m] uart_write:134                   M 1c008480 c.lw                a5, 0(a0)           a5=00000001  a0:1a1020a0  PA:1a1020a0 
271593566: 19564: [[34m/chip/soc/fc/insn                                    [0m] uart_write:134                   M 1c008482 p.bclri             a5, a5, 0x1e, 0x1   a5=00000001  a5:00000001 
271621330: 19566: [[34m/chip/soc/fc/insn                                    [0m] uart_write:31                    M 1c008486 c.bnez              a5, 0, -6           a5:00000001 
271662976: 19569: [[34m/chip/soc/fc/insn                                    [0m] uart_write:134                   M 1c008480 c.lw                a5, 0(a0)           a5=00000001  a0:1a1020a0  PA:1a1020a0 
271787914: 19578: [[34m/chip/soc/fc/insn                                    [0m] uart_write:134                   M 1c008482 p.bclri             a5, a5, 0x1e, 0x1   a5=00000001  a5:00000001 
271815678: 19580: [[34m/chip/soc/fc/insn                                    [0m] uart_write:31                    M 1c008486 c.bnez              a5, 0, -6           a5:00000001 
271857324: 19583: [[34m/chip/soc/fc/insn                                    [0m] uart_write:134                   M 1c008480 c.lw                a5, 0(a0)           a5=00000001  a0:1a1020a0  PA:1a1020a0 
271982262: 19592: [[34m/chip/soc/fc/insn                                    [0m] uart_write:134                   M 1c008482 p.bclri             a5, a5, 0x1e, 0x1   a5=00000001  a5:00000001 
272010026: 19594: [[34m/chip/soc/fc/insn                                    [0m] uart_write:31                    M 1c008486 c.bnez              a5, 0, -6           a5:00000001 
272051672: 19597: [[34m/chip/soc/fc/insn                                    [0m] uart_write:134                   M 1c008480 c.lw                a5, 0(a0)           a5=00000001  a0:1a1020a0  PA:1a1020a0 
272176610: 19606: [[34m/chip/soc/fc/insn                                    [0m] uart_write:134                   M 1c008482 p.bclri             a5, a5, 0x1e, 0x1   a5=00000001  a5:00000001 
272204374: 19608: [[34m/chip/soc/fc/insn                                    [0m] uart_write:31                    M 1c008486 c.bnez              a5, 0, -6           a5:00000001 
272246020: 19611: [[34m/chip/soc/fc/insn                                    [0m] uart_write:134                   M 1c008480 c.lw                a5, 0(a0)           a5=00000001  a0:1a1020a0  PA:1a1020a0 
272370958: 19620: [[34m/chip/soc/fc/insn                                    [0m] uart_write:134                   M 1c008482 p.bclri             a5, a5, 0x1e, 0x1   a5=00000001  a5:00000001 
272398722: 19622: [[34m/chip/soc/fc/insn                                    [0m] uart_write:31                    M 1c008486 c.bnez              a5, 0, -6           a5:00000001 
272440368: 19625: [[34m/chip/soc/fc/insn                                    [0m] uart_write:134                   M 1c008480 c.lw                a5, 0(a0)           a5=00000001  a0:1a1020a0  PA:1a1020a0 
272565306: 19634: [[34m/chip/soc/fc/insn                                    [0m] uart_write:134                   M 1c008482 p.bclri             a5, a5, 0x1e, 0x1   a5=00000001  a5:00000001 
272593070: 19636: [[34m/chip/soc/fc/insn                                    [0m] uart_write:31                    M 1c008486 c.bnez              a5, 0, -6           a5:00000001 
272634716: 19639: [[34m/chip/soc/fc/insn                                    [0m] uart_write:134                   M 1c008480 c.lw                a5, 0(a0)           a5=00000001  a0:1a1020a0  PA:1a1020a0 
272759654: 19648: [[34m/chip/soc/fc/insn                                    [0m] uart_write:134                   M 1c008482 p.bclri             a5, a5, 0x1e, 0x1   a5=00000001  a5:00000001 
272787418: 19650: [[34m/chip/soc/fc/insn                                    [0m] uart_write:31                    M 1c008486 c.bnez              a5, 0, -6           a5:00000001 
272829064: 19653: [[34m/chip/soc/fc/insn                                    [0m] uart_write:134                   M 1c008480 c.lw                a5, 0(a0)           a5=00000001  a0:1a1020a0  PA:1a1020a0 
272954002: 19662: [[34m/chip/soc/fc/insn                                    [0m] uart_write:134                   M 1c008482 p.bclri             a5, a5, 0x1e, 0x1   a5=00000001  a5:00000001 
272981766: 19664: [[34m/chip/soc/fc/insn                                    [0m] uart_write:31                    M 1c008486 c.bnez              a5, 0, -6           a5:00000001 
273023412: 19667: [[34m/chip/soc/fc/insn                                    [0m] uart_write:134                   M 1c008480 c.lw                a5, 0(a0)           a5=00000001  a0:1a1020a0  PA:1a1020a0 
273148350: 19676: [[34m/chip/soc/fc/insn                                    [0m] uart_write:134                   M 1c008482 p.bclri             a5, a5, 0x1e, 0x1   a5=00000001  a5:00000001 
273176114: 19678: [[34m/chip/soc/fc/insn                                    [0m] uart_write:31                    M 1c008486 c.bnez              a5, 0, -6           a5:00000001 
273217760: 19681: [[34m/chip/soc/fc/insn                                    [0m] uart_write:134                   M 1c008480 c.lw                a5, 0(a0)           a5=00000001  a0:1a1020a0  PA:1a1020a0 
273342698: 19690: [[34m/chip/soc/fc/insn                                    [0m] uart_write:134                   M 1c008482 p.bclri             a5, a5, 0x1e, 0x1   a5=00000001  a5:00000001 
273370462: 19692: [[34m/chip/soc/fc/insn                                    [0m] uart_write:31                    M 1c008486 c.bnez              a5, 0, -6           a5:00000001 
273412108: 19695: [[34m/chip/soc/fc/insn                                    [0m] uart_write:134                   M 1c008480 c.lw                a5, 0(a0)           a5=00000001  a0:1a1020a0  PA:1a1020a0 
273537046: 19704: [[34m/chip/soc/fc/insn                                    [0m] uart_write:134                   M 1c008482 p.bclri             a5, a5, 0x1e, 0x1   a5=00000001  a5:00000001 
273564810: 19706: [[34m/chip/soc/fc/insn                                    [0m] uart_write:31                    M 1c008486 c.bnez              a5, 0, -6           a5:00000001 
273606456: 19709: [[34m/chip/soc/fc/insn                                    [0m] uart_write:134                   M 1c008480 c.lw                a5, 0(a0)           a5=00000001  a0:1a1020a0  PA:1a1020a0 
273731394: 19718: [[34m/chip/soc/fc/insn                                    [0m] uart_write:134                   M 1c008482 p.bclri             a5, a5, 0x1e, 0x1   a5=00000001  a5:00000001 
273759158: 19720: [[34m/chip/soc/fc/insn                                    [0m] uart_write:31                    M 1c008486 c.bnez              a5, 0, -6           a5:00000001 
273800804: 19723: [[34m/chip/soc/fc/insn                                    [0m] uart_write:134                   M 1c008480 c.lw                a5, 0(a0)           a5=00000001  a0:1a1020a0  PA:1a1020a0 
273925742: 19732: [[34m/chip/soc/fc/insn                                    [0m] uart_write:134                   M 1c008482 p.bclri             a5, a5, 0x1e, 0x1   a5=00000001  a5:00000001 
273953506: 19734: [[34m/chip/soc/fc/insn                                    [0m] uart_write:31                    M 1c008486 c.bnez              a5, 0, -6           a5:00000001 
273995152: 19737: [[34m/chip/soc/fc/insn                                    [0m] uart_write:134                   M 1c008480 c.lw                a5, 0(a0)           a5=00000001  a0:1a1020a0  PA:1a1020a0 
274120090: 19746: [[34m/chip/soc/fc/insn                                    [0m] uart_write:134                   M 1c008482 p.bclri             a5, a5, 0x1e, 0x1   a5=00000001  a5:00000001 
274147854: 19748: [[34m/chip/soc/fc/insn                                    [0m] uart_write:31                    M 1c008486 c.bnez              a5, 0, -6           a5:00000001 
274189500: 19751: [[34m/chip/soc/fc/insn                                    [0m] uart_write:134                   M 1c008480 c.lw                a5, 0(a0)           a5=00000001  a0:1a1020a0  PA:1a1020a0 
274314438: 19760: [[34m/chip/soc/fc/insn                                    [0m] uart_write:134                   M 1c008482 p.bclri             a5, a5, 0x1e, 0x1   a5=00000001  a5:00000001 
274342202: 19762: [[34m/chip/soc/fc/insn                                    [0m] uart_write:31                    M 1c008486 c.bnez              a5, 0, -6           a5:00000001 
274383848: 19765: [[34m/chip/soc/fc/insn                                    [0m] uart_write:134                   M 1c008480 c.lw                a5, 0(a0)           a5=00000001  a0:1a1020a0  PA:1a1020a0 
274508786: 19774: [[34m/chip/soc/fc/insn                                    [0m] uart_write:134                   M 1c008482 p.bclri             a5, a5, 0x1e, 0x1   a5=00000001  a5:00000001 
274536550: 19776: [[34m/chip/soc/fc/insn                                    [0m] uart_write:31                    M 1c008486 c.bnez              a5, 0, -6           a5:00000001 
274578196: 19779: [[34m/chip/soc/fc/insn                                    [0m] uart_write:134                   M 1c008480 c.lw                a5, 0(a0)           a5=00000001  a0:1a1020a0  PA:1a1020a0 
274703134: 19788: [[34m/chip/soc/fc/insn                                    [0m] uart_write:134                   M 1c008482 p.bclri             a5, a5, 0x1e, 0x1   a5=00000001  a5:00000001 
274730898: 19790: [[34m/chip/soc/fc/insn                                    [0m] uart_write:31                    M 1c008486 c.bnez              a5, 0, -6           a5:00000001 
274772544: 19793: [[34m/chip/soc/fc/insn                                    [0m] uart_write:134                   M 1c008480 c.lw                a5, 0(a0)           a5=00000001  a0:1a1020a0  PA:1a1020a0 
274897482: 19802: [[34m/chip/soc/fc/insn                                    [0m] uart_write:134                   M 1c008482 p.bclri             a5, a5, 0x1e, 0x1   a5=00000001  a5:00000001 
274925246: 19804: [[34m/chip/soc/fc/insn                                    [0m] uart_write:31                    M 1c008486 c.bnez              a5, 0, -6           a5:00000001 
274966892: 19807: [[34m/chip/soc/fc/insn                                    [0m] uart_write:134                   M 1c008480 c.lw                a5, 0(a0)           a5=00000001  a0:1a1020a0  PA:1a1020a0 
275091830: 19816: [[34m/chip/soc/fc/insn                                    [0m] uart_write:134                   M 1c008482 p.bclri             a5, a5, 0x1e, 0x1   a5=00000001  a5:00000001 
275119594: 19818: [[34m/chip/soc/fc/insn                                    [0m] uart_write:31                    M 1c008486 c.bnez              a5, 0, -6           a5:00000001 
275161240: 19821: [[34m/chip/soc/fc/insn                                    [0m] uart_write:134                   M 1c008480 c.lw                a5, 0(a0)           a5=00000001  a0:1a1020a0  PA:1a1020a0 
275286178: 19830: [[34m/chip/soc/fc/insn                                    [0m] uart_write:134                   M 1c008482 p.bclri             a5, a5, 0x1e, 0x1   a5=00000001  a5:00000001 
275313942: 19832: [[34m/chip/soc/fc/insn                                    [0m] uart_write:31                    M 1c008486 c.bnez              a5, 0, -6           a5:00000001 
275355588: 19835: [[34m/chip/soc/fc/insn                                    [0m] uart_write:134                   M 1c008480 c.lw                a5, 0(a0)           a5=00000001  a0:1a1020a0  PA:1a1020a0 
275480526: 19844: [[34m/chip/soc/fc/insn                                    [0m] uart_write:134                   M 1c008482 p.bclri             a5, a5, 0x1e, 0x1   a5=00000001  a5:00000001 
275508290: 19846: [[34m/chip/soc/fc/insn                                    [0m] uart_write:31                    M 1c008486 c.bnez              a5, 0, -6           a5:00000001 
275549936: 19849: [[34m/chip/soc/fc/insn                                    [0m] uart_write:134                   M 1c008480 c.lw                a5, 0(a0)           a5=00000001  a0:1a1020a0  PA:1a1020a0 
275674874: 19858: [[34m/chip/soc/fc/insn                                    [0m] uart_write:134                   M 1c008482 p.bclri             a5, a5, 0x1e, 0x1   a5=00000001  a5:00000001 
275702638: 19860: [[34m/chip/soc/fc/insn                                    [0m] uart_write:31                    M 1c008486 c.bnez              a5, 0, -6           a5:00000001 
275744284: 19863: [[34m/chip/soc/fc/insn                                    [0m] uart_write:134                   M 1c008480 c.lw                a5, 0(a0)           a5=00000001  a0:1a1020a0  PA:1a1020a0 
275869222: 19872: [[34m/chip/soc/fc/insn                                    [0m] uart_write:134                   M 1c008482 p.bclri             a5, a5, 0x1e, 0x1   a5=00000001  a5:00000001 
275896986: 19874: [[34m/chip/soc/fc/insn                                    [0m] uart_write:31                    M 1c008486 c.bnez              a5, 0, -6           a5:00000001 
275938632: 19877: [[34m/chip/soc/fc/insn                                    [0m] uart_write:134                   M 1c008480 c.lw                a5, 0(a0)           a5=00000001  a0:1a1020a0  PA:1a1020a0 
276063570: 19886: [[34m/chip/soc/fc/insn                                    [0m] uart_write:134                   M 1c008482 p.bclri             a5, a5, 0x1e, 0x1   a5=00000001  a5:00000001 
276091334: 19888: [[34m/chip/soc/fc/insn                                    [0m] uart_write:31                    M 1c008486 c.bnez              a5, 0, -6           a5:00000001 
276132980: 19891: [[34m/chip/soc/fc/insn                                    [0m] uart_write:134                   M 1c008480 c.lw                a5, 0(a0)           a5=00000001  a0:1a1020a0  PA:1a1020a0 
276257918: 19900: [[34m/chip/soc/fc/insn                                    [0m] uart_write:134                   M 1c008482 p.bclri             a5, a5, 0x1e, 0x1   a5=00000001  a5:00000001 
276285682: 19902: [[34m/chip/soc/fc/insn                                    [0m] uart_write:31                    M 1c008486 c.bnez              a5, 0, -6           a5:00000001 
276327328: 19905: [[34m/chip/soc/fc/insn                                    [0m] uart_write:134                   M 1c008480 c.lw                a5, 0(a0)           a5=00000001  a0:1a1020a0  PA:1a1020a0 
276452266: 19914: [[34m/chip/soc/fc/insn                                    [0m] uart_write:134                   M 1c008482 p.bclri             a5, a5, 0x1e, 0x1   a5=00000001  a5:00000001 
276480030: 19916: [[34m/chip/soc/fc/insn                                    [0m] uart_write:31                    M 1c008486 c.bnez              a5, 0, -6           a5:00000001 
276521676: 19919: [[34m/chip/soc/fc/insn                                    [0m] uart_write:134                   M 1c008480 c.lw                a5, 0(a0)           a5=00000001  a0:1a1020a0  PA:1a1020a0 
276646614: 19928: [[34m/chip/soc/fc/insn                                    [0m] uart_write:134                   M 1c008482 p.bclri             a5, a5, 0x1e, 0x1   a5=00000001  a5:00000001 
276674378: 19930: [[34m/chip/soc/fc/insn                                    [0m] uart_write:31                    M 1c008486 c.bnez              a5, 0, -6           a5:00000001 
276716024: 19933: [[34m/chip/soc/fc/insn                                    [0m] uart_write:134                   M 1c008480 c.lw                a5, 0(a0)           a5=00000001  a0:1a1020a0  PA:1a1020a0 
276840962: 19942: [[34m/chip/soc/fc/insn                                    [0m] uart_write:134                   M 1c008482 p.bclri             a5, a5, 0x1e, 0x1   a5=00000001  a5:00000001 
276868726: 19944: [[34m/chip/soc/fc/insn                                    [0m] uart_write:31                    M 1c008486 c.bnez              a5, 0, -6           a5:00000001 
276910372: 19947: [[34m/chip/soc/fc/insn                                    [0m] uart_write:134                   M 1c008480 c.lw                a5, 0(a0)           a5=00000001  a0:1a1020a0  PA:1a1020a0 
277035310: 19956: [[34m/chip/soc/fc/insn                                    [0m] uart_write:134                   M 1c008482 p.bclri             a5, a5, 0x1e, 0x1   a5=00000001  a5:00000001 
277063074: 19958: [[34m/chip/soc/fc/insn                                    [0m] uart_write:31                    M 1c008486 c.bnez              a5, 0, -6           a5:00000001 
277104720: 19961: [[34m/chip/soc/fc/insn                                    [0m] uart_write:134                   M 1c008480 c.lw                a5, 0(a0)           a5=00000001  a0:1a1020a0  PA:1a1020a0 
277229658: 19970: [[34m/chip/soc/fc/insn                                    [0m] uart_write:134                   M 1c008482 p.bclri             a5, a5, 0x1e, 0x1   a5=00000001  a5:00000001 
277257422: 19972: [[34m/chip/soc/fc/insn                                    [0m] uart_write:31                    M 1c008486 c.bnez              a5, 0, -6           a5:00000001 
277299068: 19975: [[34m/chip/soc/fc/insn                                    [0m] uart_write:134                   M 1c008480 c.lw                a5, 0(a0)           a5=00000001  a0:1a1020a0  PA:1a1020a0 
277424006: 19984: [[34m/chip/soc/fc/insn                                    [0m] uart_write:134                   M 1c008482 p.bclri             a5, a5, 0x1e, 0x1   a5=00000001  a5:00000001 
277451770: 19986: [[34m/chip/soc/fc/insn                                    [0m] uart_write:31                    M 1c008486 c.bnez              a5, 0, -6           a5:00000001 
277493416: 19989: [[34m/chip/soc/fc/insn                                    [0m] uart_write:134                   M 1c008480 c.lw                a5, 0(a0)           a5=00000001  a0:1a1020a0  PA:1a1020a0 
277618354: 19998: [[34m/chip/soc/fc/insn                                    [0m] uart_write:134                   M 1c008482 p.bclri             a5, a5, 0x1e, 0x1   a5=00000001  a5:00000001 
277646118: 20000: [[34m/chip/soc/fc/insn                                    [0m] uart_write:31                    M 1c008486 c.bnez              a5, 0, -6           a5:00000001 
277687764: 20003: [[34m/chip/soc/fc/insn                                    [0m] uart_write:134                   M 1c008480 c.lw                a5, 0(a0)           a5=00000001  a0:1a1020a0  PA:1a1020a0 
277812702: 20012: [[34m/chip/soc/fc/insn                                    [0m] uart_write:134                   M 1c008482 p.bclri             a5, a5, 0x1e, 0x1   a5=00000001  a5:00000001 
277840466: 20014: [[34m/chip/soc/fc/insn                                    [0m] uart_write:31                    M 1c008486 c.bnez              a5, 0, -6           a5:00000001 
277882112: 20017: [[34m/chip/soc/fc/insn                                    [0m] uart_write:134                   M 1c008480 c.lw                a5, 0(a0)           a5=00000001  a0:1a1020a0  PA:1a1020a0 
278007050: 20026: [[34m/chip/soc/fc/insn                                    [0m] uart_write:134                   M 1c008482 p.bclri             a5, a5, 0x1e, 0x1   a5=00000001  a5:00000001 
278034814: 20028: [[34m/chip/soc/fc/insn                                    [0m] uart_write:31                    M 1c008486 c.bnez              a5, 0, -6           a5:00000001 
278076460: 20031: [[34m/chip/soc/fc/insn                                    [0m] uart_write:134                   M 1c008480 c.lw                a5, 0(a0)           a5=00000001  a0:1a1020a0  PA:1a1020a0 
278201398: 20040: [[34m/chip/soc/fc/insn                                    [0m] uart_write:134                   M 1c008482 p.bclri             a5, a5, 0x1e, 0x1   a5=00000001  a5:00000001 
278229162: 20042: [[34m/chip/soc/fc/insn                                    [0m] uart_write:31                    M 1c008486 c.bnez              a5, 0, -6           a5:00000001 
278270808: 20045: [[34m/chip/soc/fc/insn                                    [0m] uart_write:134                   M 1c008480 c.lw                a5, 0(a0)           a5=00000001  a0:1a1020a0  PA:1a1020a0 
278395746: 20054: [[34m/chip/soc/fc/insn                                    [0m] uart_write:134                   M 1c008482 p.bclri             a5, a5, 0x1e, 0x1   a5=00000001  a5:00000001 
278423510: 20056: [[34m/chip/soc/fc/insn                                    [0m] uart_write:31                    M 1c008486 c.bnez              a5, 0, -6           a5:00000001 
278465156: 20059: [[34m/chip/soc/fc/insn                                    [0m] uart_write:134                   M 1c008480 c.lw                a5, 0(a0)           a5=00000001  a0:1a1020a0  PA:1a1020a0 
278590094: 20068: [[34m/chip/soc/fc/insn                                    [0m] uart_write:134                   M 1c008482 p.bclri             a5, a5, 0x1e, 0x1   a5=00000001  a5:00000001 
278617858: 20070: [[34m/chip/soc/fc/insn                                    [0m] uart_write:31                    M 1c008486 c.bnez              a5, 0, -6           a5:00000001 
278659504: 20073: [[34m/chip/soc/fc/insn                                    [0m] uart_write:134                   M 1c008480 c.lw                a5, 0(a0)           a5=00000001  a0:1a1020a0  PA:1a1020a0 
278784442: 20082: [[34m/chip/soc/fc/insn                                    [0m] uart_write:134                   M 1c008482 p.bclri             a5, a5, 0x1e, 0x1   a5=00000001  a5:00000001 
278812206: 20084: [[34m/chip/soc/fc/insn                                    [0m] uart_write:31                    M 1c008486 c.bnez              a5, 0, -6           a5:00000001 
278853852: 20087: [[34m/chip/soc/fc/insn                                    [0m] uart_write:134                   M 1c008480 c.lw                a5, 0(a0)           a5=00000001  a0:1a1020a0  PA:1a1020a0 
278978790: 20096: [[34m/chip/soc/fc/insn                                    [0m] uart_write:134                   M 1c008482 p.bclri             a5, a5, 0x1e, 0x1   a5=00000001  a5:00000001 
279006554: 20098: [[34m/chip/soc/fc/insn                                    [0m] uart_write:31                    M 1c008486 c.bnez              a5, 0, -6           a5:00000001 
279048200: 20101: [[34m/chip/soc/fc/insn                                    [0m] uart_write:134                   M 1c008480 c.lw                a5, 0(a0)           a5=00000001  a0:1a1020a0  PA:1a1020a0 
279173138: 20110: [[34m/chip/soc/fc/insn                                    [0m] uart_write:134                   M 1c008482 p.bclri             a5, a5, 0x1e, 0x1   a5=00000001  a5:00000001 
279200902: 20112: [[34m/chip/soc/fc/insn                                    [0m] uart_write:31                    M 1c008486 c.bnez              a5, 0, -6           a5:00000001 
279242548: 20115: [[34m/chip/soc/fc/insn                                    [0m] uart_write:134                   M 1c008480 c.lw                a5, 0(a0)           a5=00000001  a0:1a1020a0  PA:1a1020a0 
279367486: 20124: [[34m/chip/soc/fc/insn                                    [0m] uart_write:134                   M 1c008482 p.bclri             a5, a5, 0x1e, 0x1   a5=00000001  a5:00000001 
279395250: 20126: [[34m/chip/soc/fc/insn                                    [0m] uart_write:31                    M 1c008486 c.bnez              a5, 0, -6           a5:00000001 
279436896: 20129: [[34m/chip/soc/fc/insn                                    [0m] uart_write:134                   M 1c008480 c.lw                a5, 0(a0)           a5=00000001  a0:1a1020a0  PA:1a1020a0 
279561834: 20138: [[34m/chip/soc/fc/insn                                    [0m] uart_write:134                   M 1c008482 p.bclri             a5, a5, 0x1e, 0x1   a5=00000001  a5:00000001 
279589598: 20140: [[34m/chip/soc/fc/insn                                    [0m] uart_write:31                    M 1c008486 c.bnez              a5, 0, -6           a5:00000001 
279631244: 20143: [[34m/chip/soc/fc/insn                                    [0m] uart_write:134                   M 1c008480 c.lw                a5, 0(a0)           a5=00000001  a0:1a1020a0  PA:1a1020a0 
279756182: 20152: [[34m/chip/soc/fc/insn                                    [0m] uart_write:134                   M 1c008482 p.bclri             a5, a5, 0x1e, 0x1   a5=00000001  a5:00000001 
279783946: 20154: [[34m/chip/soc/fc/insn                                    [0m] uart_write:31                    M 1c008486 c.bnez              a5, 0, -6           a5:00000001 
279825592: 20157: [[34m/chip/soc/fc/insn                                    [0m] uart_write:134                   M 1c008480 c.lw                a5, 0(a0)           a5=00000001  a0:1a1020a0  PA:1a1020a0 
279950530: 20166: [[34m/chip/soc/fc/insn                                    [0m] uart_write:134                   M 1c008482 p.bclri             a5, a5, 0x1e, 0x1   a5=00000001  a5:00000001 
279978294: 20168: [[34m/chip/soc/fc/insn                                    [0m] uart_write:31                    M 1c008486 c.bnez              a5, 0, -6           a5:00000001 
280019940: 20171: [[34m/chip/soc/fc/insn                                    [0m] uart_write:134                   M 1c008480 c.lw                a5, 0(a0)           a5=00000001  a0:1a1020a0  PA:1a1020a0 
280144878: 20180: [[34m/chip/soc/fc/insn                                    [0m] uart_write:134                   M 1c008482 p.bclri             a5, a5, 0x1e, 0x1   a5=00000001  a5:00000001 
280172642: 20182: [[34m/chip/soc/fc/insn                                    [0m] uart_write:31                    M 1c008486 c.bnez              a5, 0, -6           a5:00000001 
280214288: 20185: [[34m/chip/soc/fc/insn                                    [0m] uart_write:134                   M 1c008480 c.lw                a5, 0(a0)           a5=00000001  a0:1a1020a0  PA:1a1020a0 
280339226: 20194: [[34m/chip/soc/fc/insn                                    [0m] uart_write:134                   M 1c008482 p.bclri             a5, a5, 0x1e, 0x1   a5=00000001  a5:00000001 
280366990: 20196: [[34m/chip/soc/fc/insn                                    [0m] uart_write:31                    M 1c008486 c.bnez              a5, 0, -6           a5:00000001 
280408636: 20199: [[34m/chip/soc/fc/insn                                    [0m] uart_write:134                   M 1c008480 c.lw                a5, 0(a0)           a5=00000001  a0:1a1020a0  PA:1a1020a0 
280533574: 20208: [[34m/chip/soc/fc/insn                                    [0m] uart_write:134                   M 1c008482 p.bclri             a5, a5, 0x1e, 0x1   a5=00000001  a5:00000001 
280561338: 20210: [[34m/chip/soc/fc/insn                                    [0m] uart_write:31                    M 1c008486 c.bnez              a5, 0, -6           a5:00000001 
280602984: 20213: [[34m/chip/soc/fc/insn                                    [0m] uart_write:134                   M 1c008480 c.lw                a5, 0(a0)           a5=00000001  a0:1a1020a0  PA:1a1020a0 
280727922: 20222: [[34m/chip/soc/fc/insn                                    [0m] uart_write:134                   M 1c008482 p.bclri             a5, a5, 0x1e, 0x1   a5=00000001  a5:00000001 
280755686: 20224: [[34m/chip/soc/fc/insn                                    [0m] uart_write:31                    M 1c008486 c.bnez              a5, 0, -6           a5:00000001 
280797332: 20227: [[34m/chip/soc/fc/insn                                    [0m] uart_write:134                   M 1c008480 c.lw                a5, 0(a0)           a5=00000001  a0:1a1020a0  PA:1a1020a0 
280922270: 20236: [[34m/chip/soc/fc/insn                                    [0m] uart_write:134                   M 1c008482 p.bclri             a5, a5, 0x1e, 0x1   a5=00000001  a5:00000001 
280950034: 20238: [[34m/chip/soc/fc/insn                                    [0m] uart_write:31                    M 1c008486 c.bnez              a5, 0, -6           a5:00000001 
280991680: 20241: [[34m/chip/soc/fc/insn                                    [0m] uart_write:134                   M 1c008480 c.lw                a5, 0(a0)           a5=00000001  a0:1a1020a0  PA:1a1020a0 
281116618: 20250: [[34m/chip/soc/fc/insn                                    [0m] uart_write:134                   M 1c008482 p.bclri             a5, a5, 0x1e, 0x1   a5=00000001  a5:00000001 
281144382: 20252: [[34m/chip/soc/fc/insn                                    [0m] uart_write:31                    M 1c008486 c.bnez              a5, 0, -6           a5:00000001 
281186028: 20255: [[34m/chip/soc/fc/insn                                    [0m] uart_write:134                   M 1c008480 c.lw                a5, 0(a0)           a5=00000001  a0:1a1020a0  PA:1a1020a0 
281310966: 20264: [[34m/chip/soc/fc/insn                                    [0m] uart_write:134                   M 1c008482 p.bclri             a5, a5, 0x1e, 0x1   a5=00000001  a5:00000001 
281338730: 20266: [[34m/chip/soc/fc/insn                                    [0m] uart_write:31                    M 1c008486 c.bnez              a5, 0, -6           a5:00000001 
281380376: 20269: [[34m/chip/soc/fc/insn                                    [0m] uart_write:134                   M 1c008480 c.lw                a5, 0(a0)           a5=00000001  a0:1a1020a0  PA:1a1020a0 
281505314: 20278: [[34m/chip/soc/fc/insn                                    [0m] uart_write:134                   M 1c008482 p.bclri             a5, a5, 0x1e, 0x1   a5=00000001  a5:00000001 
281533078: 20280: [[34m/chip/soc/fc/insn                                    [0m] uart_write:31                    M 1c008486 c.bnez              a5, 0, -6           a5:00000001 
281574724: 20283: [[34m/chip/soc/fc/insn                                    [0m] uart_write:134                   M 1c008480 c.lw                a5, 0(a0)           a5=00000001  a0:1a1020a0  PA:1a1020a0 
281699662: 20292: [[34m/chip/soc/fc/insn                                    [0m] uart_write:134                   M 1c008482 p.bclri             a5, a5, 0x1e, 0x1   a5=00000001  a5:00000001 
281727426: 20294: [[34m/chip/soc/fc/insn                                    [0m] uart_write:31                    M 1c008486 c.bnez              a5, 0, -6           a5:00000001 
281769072: 20297: [[34m/chip/soc/fc/insn                                    [0m] uart_write:134                   M 1c008480 c.lw                a5, 0(a0)           a5=00000001  a0:1a1020a0  PA:1a1020a0 
281894010: 20306: [[34m/chip/soc/fc/insn                                    [0m] uart_write:134                   M 1c008482 p.bclri             a5, a5, 0x1e, 0x1   a5=00000001  a5:00000001 
281921774: 20308: [[34m/chip/soc/fc/insn                                    [0m] uart_write:31                    M 1c008486 c.bnez              a5, 0, -6           a5:00000001 
281963420: 20311: [[34m/chip/soc/fc/insn                                    [0m] uart_write:134                   M 1c008480 c.lw                a5, 0(a0)           a5=00000001  a0:1a1020a0  PA:1a1020a0 
282088358: 20320: [[34m/chip/soc/fc/insn                                    [0m] uart_write:134                   M 1c008482 p.bclri             a5, a5, 0x1e, 0x1   a5=00000001  a5:00000001 
282116122: 20322: [[34m/chip/soc/fc/insn                                    [0m] uart_write:31                    M 1c008486 c.bnez              a5, 0, -6           a5:00000001 
282157768: 20325: [[34m/chip/soc/fc/insn                                    [0m] uart_write:134                   M 1c008480 c.lw                a5, 0(a0)           a5=00000001  a0:1a1020a0  PA:1a1020a0 
282282706: 20334: [[34m/chip/soc/fc/insn                                    [0m] uart_write:134                   M 1c008482 p.bclri             a5, a5, 0x1e, 0x1   a5=00000001  a5:00000001 
282310470: 20336: [[34m/chip/soc/fc/insn                                    [0m] uart_write:31                    M 1c008486 c.bnez              a5, 0, -6           a5:00000001 
282352116: 20339: [[34m/chip/soc/fc/insn                                    [0m] uart_write:134                   M 1c008480 c.lw                a5, 0(a0)           a5=00000001  a0:1a1020a0  PA:1a1020a0 
282477054: 20348: [[34m/chip/soc/fc/insn                                    [0m] uart_write:134                   M 1c008482 p.bclri             a5, a5, 0x1e, 0x1   a5=00000001  a5:00000001 
282504818: 20350: [[34m/chip/soc/fc/insn                                    [0m] uart_write:31                    M 1c008486 c.bnez              a5, 0, -6           a5:00000001 
282546464: 20353: [[34m/chip/soc/fc/insn                                    [0m] uart_write:134                   M 1c008480 c.lw                a5, 0(a0)           a5=00000001  a0:1a1020a0  PA:1a1020a0 
282671402: 20362: [[34m/chip/soc/fc/insn                                    [0m] uart_write:134                   M 1c008482 p.bclri             a5, a5, 0x1e, 0x1   a5=00000001  a5:00000001 
282699166: 20364: [[34m/chip/soc/fc/insn                                    [0m] uart_write:31                    M 1c008486 c.bnez              a5, 0, -6           a5:00000001 
282740812: 20367: [[34m/chip/soc/fc/insn                                    [0m] uart_write:134                   M 1c008480 c.lw                a5, 0(a0)           a5=00000001  a0:1a1020a0  PA:1a1020a0 
282865750: 20376: [[34m/chip/soc/fc/insn                                    [0m] uart_write:134                   M 1c008482 p.bclri             a5, a5, 0x1e, 0x1   a5=00000001  a5:00000001 
282893514: 20378: [[34m/chip/soc/fc/insn                                    [0m] uart_write:31                    M 1c008486 c.bnez              a5, 0, -6           a5:00000001 
282935160: 20381: [[34m/chip/soc/fc/insn                                    [0m] uart_write:134                   M 1c008480 c.lw                a5, 0(a0)           a5=00000001  a0:1a1020a0  PA:1a1020a0 
283060098: 20390: [[34m/chip/soc/fc/insn                                    [0m] uart_write:134                   M 1c008482 p.bclri             a5, a5, 0x1e, 0x1   a5=00000001  a5:00000001 
283087862: 20392: [[34m/chip/soc/fc/insn                                    [0m] uart_write:31                    M 1c008486 c.bnez              a5, 0, -6           a5:00000001 
283129508: 20395: [[34m/chip/soc/fc/insn                                    [0m] uart_write:134                   M 1c008480 c.lw                a5, 0(a0)           a5=00000001  a0:1a1020a0  PA:1a1020a0 
283254446: 20404: [[34m/chip/soc/fc/insn                                    [0m] uart_write:134                   M 1c008482 p.bclri             a5, a5, 0x1e, 0x1   a5=00000001  a5:00000001 
283282210: 20406: [[34m/chip/soc/fc/insn                                    [0m] uart_write:31                    M 1c008486 c.bnez              a5, 0, -6           a5:00000001 
283323856: 20409: [[34m/chip/soc/fc/insn                                    [0m] uart_write:134                   M 1c008480 c.lw                a5, 0(a0)           a5=00000001  a0:1a1020a0  PA:1a1020a0 
283448794: 20418: [[34m/chip/soc/fc/insn                                    [0m] uart_write:134                   M 1c008482 p.bclri             a5, a5, 0x1e, 0x1   a5=00000001  a5:00000001 
283476558: 20420: [[34m/chip/soc/fc/insn                                    [0m] uart_write:31                    M 1c008486 c.bnez              a5, 0, -6           a5:00000001 
283518204: 20423: [[34m/chip/soc/fc/insn                                    [0m] uart_write:134                   M 1c008480 c.lw                a5, 0(a0)           a5=00000001  a0:1a1020a0  PA:1a1020a0 
283643142: 20432: [[34m/chip/soc/fc/insn                                    [0m] uart_write:134                   M 1c008482 p.bclri             a5, a5, 0x1e, 0x1   a5=00000001  a5:00000001 
283670906: 20434: [[34m/chip/soc/fc/insn                                    [0m] uart_write:31                    M 1c008486 c.bnez              a5, 0, -6           a5:00000001 
283712552: 20437: [[34m/chip/soc/fc/insn                                    [0m] uart_write:134                   M 1c008480 c.lw                a5, 0(a0)           a5=00000001  a0:1a1020a0  PA:1a1020a0 
283837490: 20446: [[34m/chip/soc/fc/insn                                    [0m] uart_write:134                   M 1c008482 p.bclri             a5, a5, 0x1e, 0x1   a5=00000001  a5:00000001 
283865254: 20448: [[34m/chip/soc/fc/insn                                    [0m] uart_write:31                    M 1c008486 c.bnez              a5, 0, -6           a5:00000001 
283906900: 20451: [[34m/chip/soc/fc/insn                                    [0m] uart_write:134                   M 1c008480 c.lw                a5, 0(a0)           a5=00000001  a0:1a1020a0  PA:1a1020a0 
284031838: 20460: [[34m/chip/soc/fc/insn                                    [0m] uart_write:134                   M 1c008482 p.bclri             a5, a5, 0x1e, 0x1   a5=00000001  a5:00000001 
284059602: 20462: [[34m/chip/soc/fc/insn                                    [0m] uart_write:31                    M 1c008486 c.bnez              a5, 0, -6           a5:00000001 
284101248: 20465: [[34m/chip/soc/fc/insn                                    [0m] uart_write:134                   M 1c008480 c.lw                a5, 0(a0)           a5=00000001  a0:1a1020a0  PA:1a1020a0 
284226186: 20474: [[34m/chip/soc/fc/insn                                    [0m] uart_write:134                   M 1c008482 p.bclri             a5, a5, 0x1e, 0x1   a5=00000001  a5:00000001 
284253950: 20476: [[34m/chip/soc/fc/insn                                    [0m] uart_write:31                    M 1c008486 c.bnez              a5, 0, -6           a5:00000001 
284295596: 20479: [[34m/chip/soc/fc/insn                                    [0m] uart_write:134                   M 1c008480 c.lw                a5, 0(a0)           a5=00000001  a0:1a1020a0  PA:1a1020a0 
284420534: 20488: [[34m/chip/soc/fc/insn                                    [0m] uart_write:134                   M 1c008482 p.bclri             a5, a5, 0x1e, 0x1   a5=00000001  a5:00000001 
284448298: 20490: [[34m/chip/soc/fc/insn                                    [0m] uart_write:31                    M 1c008486 c.bnez              a5, 0, -6           a5:00000001 
284489944: 20493: [[34m/chip/soc/fc/insn                                    [0m] uart_write:134                   M 1c008480 c.lw                a5, 0(a0)           a5=00000001  a0:1a1020a0  PA:1a1020a0 
284614882: 20502: [[34m/chip/soc/fc/insn                                    [0m] uart_write:134                   M 1c008482 p.bclri             a5, a5, 0x1e, 0x1   a5=00000001  a5:00000001 
284642646: 20504: [[34m/chip/soc/fc/insn                                    [0m] uart_write:31                    M 1c008486 c.bnez              a5, 0, -6           a5:00000001 
284684292: 20507: [[34m/chip/soc/fc/insn                                    [0m] uart_write:134                   M 1c008480 c.lw                a5, 0(a0)           a5=00000001  a0:1a1020a0  PA:1a1020a0 
284809230: 20516: [[34m/chip/soc/fc/insn                                    [0m] uart_write:134                   M 1c008482 p.bclri             a5, a5, 0x1e, 0x1   a5=00000001  a5:00000001 
284836994: 20518: [[34m/chip/soc/fc/insn                                    [0m] uart_write:31                    M 1c008486 c.bnez              a5, 0, -6           a5:00000001 
284878640: 20521: [[34m/chip/soc/fc/insn                                    [0m] uart_write:134                   M 1c008480 c.lw                a5, 0(a0)           a5=00000001  a0:1a1020a0  PA:1a1020a0 
285003578: 20530: [[34m/chip/soc/fc/insn                                    [0m] uart_write:134                   M 1c008482 p.bclri             a5, a5, 0x1e, 0x1   a5=00000001  a5:00000001 
285031342: 20532: [[34m/chip/soc/fc/insn                                    [0m] uart_write:31                    M 1c008486 c.bnez              a5, 0, -6           a5:00000001 
285072988: 20535: [[34m/chip/soc/fc/insn                                    [0m] uart_write:134                   M 1c008480 c.lw                a5, 0(a0)           a5=00000001  a0:1a1020a0  PA:1a1020a0 
285197926: 20544: [[34m/chip/soc/fc/insn                                    [0m] uart_write:134                   M 1c008482 p.bclri             a5, a5, 0x1e, 0x1   a5=00000001  a5:00000001 
285225690: 20546: [[34m/chip/soc/fc/insn                                    [0m] uart_write:31                    M 1c008486 c.bnez              a5, 0, -6           a5:00000001 
285267336: 20549: [[34m/chip/soc/fc/insn                                    [0m] uart_write:134                   M 1c008480 c.lw                a5, 0(a0)           a5=00000001  a0:1a1020a0  PA:1a1020a0 
285392274: 20558: [[34m/chip/soc/fc/insn                                    [0m] uart_write:134                   M 1c008482 p.bclri             a5, a5, 0x1e, 0x1   a5=00000001  a5:00000001 
285420038: 20560: [[34m/chip/soc/fc/insn                                    [0m] uart_write:31                    M 1c008486 c.bnez              a5, 0, -6           a5:00000001 
285461684: 20563: [[34m/chip/soc/fc/insn                                    [0m] uart_write:134                   M 1c008480 c.lw                a5, 0(a0)           a5=00000001  a0:1a1020a0  PA:1a1020a0 
285586622: 20572: [[34m/chip/soc/fc/insn                                    [0m] uart_write:134                   M 1c008482 p.bclri             a5, a5, 0x1e, 0x1   a5=00000001  a5:00000001 
285614386: 20574: [[34m/chip/soc/fc/insn                                    [0m] uart_write:31                    M 1c008486 c.bnez              a5, 0, -6           a5:00000001 
285656032: 20577: [[34m/chip/soc/fc/insn                                    [0m] uart_write:134                   M 1c008480 c.lw                a5, 0(a0)           a5=00000001  a0:1a1020a0  PA:1a1020a0 
285780970: 20586: [[34m/chip/soc/fc/insn                                    [0m] uart_write:134                   M 1c008482 p.bclri             a5, a5, 0x1e, 0x1   a5=00000001  a5:00000001 
285808734: 20588: [[34m/chip/soc/fc/insn                                    [0m] uart_write:31                    M 1c008486 c.bnez              a5, 0, -6           a5:00000001 
285850380: 20591: [[34m/chip/soc/fc/insn                                    [0m] uart_write:134                   M 1c008480 c.lw                a5, 0(a0)           a5=00000001  a0:1a1020a0  PA:1a1020a0 
285975318: 20600: [[34m/chip/soc/fc/insn                                    [0m] uart_write:134                   M 1c008482 p.bclri             a5, a5, 0x1e, 0x1   a5=00000001  a5:00000001 
286003082: 20602: [[34m/chip/soc/fc/insn                                    [0m] uart_write:31                    M 1c008486 c.bnez              a5, 0, -6           a5:00000001 
286044728: 20605: [[34m/chip/soc/fc/insn                                    [0m] uart_write:134                   M 1c008480 c.lw                a5, 0(a0)           a5=00000001  a0:1a1020a0  PA:1a1020a0 
286169666: 20614: [[34m/chip/soc/fc/insn                                    [0m] uart_write:134                   M 1c008482 p.bclri             a5, a5, 0x1e, 0x1   a5=00000001  a5:00000001 
286197430: 20616: [[34m/chip/soc/fc/insn                                    [0m] uart_write:31                    M 1c008486 c.bnez              a5, 0, -6           a5:00000001 
286239076: 20619: [[34m/chip/soc/fc/insn                                    [0m] uart_write:134                   M 1c008480 c.lw                a5, 0(a0)           a5=00000001  a0:1a1020a0  PA:1a1020a0 
286364014: 20628: [[34m/chip/soc/fc/insn                                    [0m] uart_write:134                   M 1c008482 p.bclri             a5, a5, 0x1e, 0x1   a5=00000001  a5:00000001 
286391778: 20630: [[34m/chip/soc/fc/insn                                    [0m] uart_write:31                    M 1c008486 c.bnez              a5, 0, -6           a5:00000001 
286433424: 20633: [[34m/chip/soc/fc/insn                                    [0m] uart_write:134                   M 1c008480 c.lw                a5, 0(a0)           a5=00000001  a0:1a1020a0  PA:1a1020a0 
286558362: 20642: [[34m/chip/soc/fc/insn                                    [0m] uart_write:134                   M 1c008482 p.bclri             a5, a5, 0x1e, 0x1   a5=00000001  a5:00000001 
286586126: 20644: [[34m/chip/soc/fc/insn                                    [0m] uart_write:31                    M 1c008486 c.bnez              a5, 0, -6           a5:00000001 
286627772: 20647: [[34m/chip/soc/fc/insn                                    [0m] uart_write:134                   M 1c008480 c.lw                a5, 0(a0)           a5=00000001  a0:1a1020a0  PA:1a1020a0 
286752710: 20656: [[34m/chip/soc/fc/insn                                    [0m] uart_write:134                   M 1c008482 p.bclri             a5, a5, 0x1e, 0x1   a5=00000001  a5:00000001 
286780474: 20658: [[34m/chip/soc/fc/insn                                    [0m] uart_write:31                    M 1c008486 c.bnez              a5, 0, -6           a5:00000001 
286822120: 20661: [[34m/chip/soc/fc/insn                                    [0m] uart_write:134                   M 1c008480 c.lw                a5, 0(a0)           a5=00000001  a0:1a1020a0  PA:1a1020a0 
286947058: 20670: [[34m/chip/soc/fc/insn                                    [0m] uart_write:134                   M 1c008482 p.bclri             a5, a5, 0x1e, 0x1   a5=00000001  a5:00000001 
286974822: 20672: [[34m/chip/soc/fc/insn                                    [0m] uart_write:31                    M 1c008486 c.bnez              a5, 0, -6           a5:00000001 
287016468: 20675: [[34m/chip/soc/fc/insn                                    [0m] uart_write:134                   M 1c008480 c.lw                a5, 0(a0)           a5=00000001  a0:1a1020a0  PA:1a1020a0 
287141406: 20684: [[34m/chip/soc/fc/insn                                    [0m] uart_write:134                   M 1c008482 p.bclri             a5, a5, 0x1e, 0x1   a5=00000001  a5:00000001 
287169170: 20686: [[34m/chip/soc/fc/insn                                    [0m] uart_write:31                    M 1c008486 c.bnez              a5, 0, -6           a5:00000001 
287210816: 20689: [[34m/chip/soc/fc/insn                                    [0m] uart_write:134                   M 1c008480 c.lw                a5, 0(a0)           a5=00000001  a0:1a1020a0  PA:1a1020a0 
287335754: 20698: [[34m/chip/soc/fc/insn                                    [0m] uart_write:134                   M 1c008482 p.bclri             a5, a5, 0x1e, 0x1   a5=00000001  a5:00000001 
287363518: 20700: [[34m/chip/soc/fc/insn                                    [0m] uart_write:31                    M 1c008486 c.bnez              a5, 0, -6           a5:00000001 
287405164: 20703: [[34m/chip/soc/fc/insn                                    [0m] uart_write:134                   M 1c008480 c.lw                a5, 0(a0)           a5=00000001  a0:1a1020a0  PA:1a1020a0 
287530102: 20712: [[34m/chip/soc/fc/insn                                    [0m] uart_write:134                   M 1c008482 p.bclri             a5, a5, 0x1e, 0x1   a5=00000001  a5:00000001 
287557866: 20714: [[34m/chip/soc/fc/insn                                    [0m] uart_write:31                    M 1c008486 c.bnez              a5, 0, -6           a5:00000001 
287599512: 20717: [[34m/chip/soc/fc/insn                                    [0m] uart_write:134                   M 1c008480 c.lw                a5, 0(a0)           a5=00000001  a0:1a1020a0  PA:1a1020a0 
287724450: 20726: [[34m/chip/soc/fc/insn                                    [0m] uart_write:134                   M 1c008482 p.bclri             a5, a5, 0x1e, 0x1   a5=00000001  a5:00000001 
287752214: 20728: [[34m/chip/soc/fc/insn                                    [0m] uart_write:31                    M 1c008486 c.bnez              a5, 0, -6           a5:00000001 
287793860: 20731: [[34m/chip/soc/fc/insn                                    [0m] uart_write:134                   M 1c008480 c.lw                a5, 0(a0)           a5=00000001  a0:1a1020a0  PA:1a1020a0 
287918798: 20740: [[34m/chip/soc/fc/insn                                    [0m] uart_write:134                   M 1c008482 p.bclri             a5, a5, 0x1e, 0x1   a5=00000001  a5:00000001 
287946562: 20742: [[34m/chip/soc/fc/insn                                    [0m] uart_write:31                    M 1c008486 c.bnez              a5, 0, -6           a5:00000001 
287988208: 20745: [[34m/chip/soc/fc/insn                                    [0m] uart_write:134                   M 1c008480 c.lw                a5, 0(a0)           a5=00000001  a0:1a1020a0  PA:1a1020a0 
288113146: 20754: [[34m/chip/soc/fc/insn                                    [0m] uart_write:134                   M 1c008482 p.bclri             a5, a5, 0x1e, 0x1   a5=00000001  a5:00000001 
288140910: 20756: [[34m/chip/soc/fc/insn                                    [0m] uart_write:31                    M 1c008486 c.bnez              a5, 0, -6           a5:00000001 
288182556: 20759: [[34m/chip/soc/fc/insn                                    [0m] uart_write:134                   M 1c008480 c.lw                a5, 0(a0)           a5=00000001  a0:1a1020a0  PA:1a1020a0 
288307494: 20768: [[34m/chip/soc/fc/insn                                    [0m] uart_write:134                   M 1c008482 p.bclri             a5, a5, 0x1e, 0x1   a5=00000001  a5:00000001 
288335258: 20770: [[34m/chip/soc/fc/insn                                    [0m] uart_write:31                    M 1c008486 c.bnez              a5, 0, -6           a5:00000001 
288376904: 20773: [[34m/chip/soc/fc/insn                                    [0m] uart_write:134                   M 1c008480 c.lw                a5, 0(a0)           a5=00000001  a0:1a1020a0  PA:1a1020a0 
288501842: 20782: [[34m/chip/soc/fc/insn                                    [0m] uart_write:134                   M 1c008482 p.bclri             a5, a5, 0x1e, 0x1   a5=00000001  a5:00000001 
288529606: 20784: [[34m/chip/soc/fc/insn                                    [0m] uart_write:31                    M 1c008486 c.bnez              a5, 0, -6           a5:00000001 
288571252: 20787: [[34m/chip/soc/fc/insn                                    [0m] uart_write:134                   M 1c008480 c.lw                a5, 0(a0)           a5=00000001  a0:1a1020a0  PA:1a1020a0 
288696190: 20796: [[34m/chip/soc/fc/insn                                    [0m] uart_write:134                   M 1c008482 p.bclri             a5, a5, 0x1e, 0x1   a5=00000001  a5:00000001 
288723954: 20798: [[34m/chip/soc/fc/insn                                    [0m] uart_write:31                    M 1c008486 c.bnez              a5, 0, -6           a5:00000001 
288765600: 20801: [[34m/chip/soc/fc/insn                                    [0m] uart_write:134                   M 1c008480 c.lw                a5, 0(a0)           a5=00000001  a0:1a1020a0  PA:1a1020a0 
288890538: 20810: [[34m/chip/soc/fc/insn                                    [0m] uart_write:134                   M 1c008482 p.bclri             a5, a5, 0x1e, 0x1   a5=00000001  a5:00000001 
288918302: 20812: [[34m/chip/soc/fc/insn                                    [0m] uart_write:31                    M 1c008486 c.bnez              a5, 0, -6           a5:00000001 
288959948: 20815: [[34m/chip/soc/fc/insn                                    [0m] uart_write:134                   M 1c008480 c.lw                a5, 0(a0)           a5=00000001  a0:1a1020a0  PA:1a1020a0 
289084886: 20824: [[34m/chip/soc/fc/insn                                    [0m] uart_write:134                   M 1c008482 p.bclri             a5, a5, 0x1e, 0x1   a5=00000001  a5:00000001 
289112650: 20826: [[34m/chip/soc/fc/insn                                    [0m] uart_write:31                    M 1c008486 c.bnez              a5, 0, -6           a5:00000001 
289154296: 20829: [[34m/chip/soc/fc/insn                                    [0m] uart_write:134                   M 1c008480 c.lw                a5, 0(a0)           a5=00000001  a0:1a1020a0  PA:1a1020a0 
289279234: 20838: [[34m/chip/soc/fc/insn                                    [0m] uart_write:134                   M 1c008482 p.bclri             a5, a5, 0x1e, 0x1   a5=00000001  a5:00000001 
289306998: 20840: [[34m/chip/soc/fc/insn                                    [0m] uart_write:31                    M 1c008486 c.bnez              a5, 0, -6           a5:00000001 
289348644: 20843: [[34m/chip/soc/fc/insn                                    [0m] uart_write:134                   M 1c008480 c.lw                a5, 0(a0)           a5=00000001  a0:1a1020a0  PA:1a1020a0 
289473582: 20852: [[34m/chip/soc/fc/insn                                    [0m] uart_write:134                   M 1c008482 p.bclri             a5, a5, 0x1e, 0x1   a5=00000001  a5:00000001 
289501346: 20854: [[34m/chip/soc/fc/insn                                    [0m] uart_write:31                    M 1c008486 c.bnez              a5, 0, -6           a5:00000001 
289542992: 20857: [[34m/chip/soc/fc/insn                                    [0m] uart_write:134                   M 1c008480 c.lw                a5, 0(a0)           a5=00000001  a0:1a1020a0  PA:1a1020a0 
289667930: 20866: [[34m/chip/soc/fc/insn                                    [0m] uart_write:134                   M 1c008482 p.bclri             a5, a5, 0x1e, 0x1   a5=00000001  a5:00000001 
289695694: 20868: [[34m/chip/soc/fc/insn                                    [0m] uart_write:31                    M 1c008486 c.bnez              a5, 0, -6           a5:00000001 
289737340: 20871: [[34m/chip/soc/fc/insn                                    [0m] uart_write:134                   M 1c008480 c.lw                a5, 0(a0)           a5=00000001  a0:1a1020a0  PA:1a1020a0 
289862278: 20880: [[34m/chip/soc/fc/insn                                    [0m] uart_write:134                   M 1c008482 p.bclri             a5, a5, 0x1e, 0x1   a5=00000001  a5:00000001 
289890042: 20882: [[34m/chip/soc/fc/insn                                    [0m] uart_write:31                    M 1c008486 c.bnez              a5, 0, -6           a5:00000001 
289931688: 20885: [[34m/chip/soc/fc/insn                                    [0m] uart_write:134                   M 1c008480 c.lw                a5, 0(a0)           a5=00000001  a0:1a1020a0  PA:1a1020a0 
290056626: 20894: [[34m/chip/soc/fc/insn                                    [0m] uart_write:134                   M 1c008482 p.bclri             a5, a5, 0x1e, 0x1   a5=00000001  a5:00000001 
290084390: 20896: [[34m/chip/soc/fc/insn                                    [0m] uart_write:31                    M 1c008486 c.bnez              a5, 0, -6           a5:00000001 
290126036: 20899: [[34m/chip/soc/fc/insn                                    [0m] uart_write:134                   M 1c008480 c.lw                a5, 0(a0)           a5=00000001  a0:1a1020a0  PA:1a1020a0 
290250974: 20908: [[34m/chip/soc/fc/insn                                    [0m] uart_write:134                   M 1c008482 p.bclri             a5, a5, 0x1e, 0x1   a5=00000001  a5:00000001 
290278738: 20910: [[34m/chip/soc/fc/insn                                    [0m] uart_write:31                    M 1c008486 c.bnez              a5, 0, -6           a5:00000001 
290320384: 20913: [[34m/chip/soc/fc/insn                                    [0m] uart_write:134                   M 1c008480 c.lw                a5, 0(a0)           a5=00000001  a0:1a1020a0  PA:1a1020a0 
290445322: 20922: [[34m/chip/soc/fc/insn                                    [0m] uart_write:134                   M 1c008482 p.bclri             a5, a5, 0x1e, 0x1   a5=00000001  a5:00000001 
290473086: 20924: [[34m/chip/soc/fc/insn                                    [0m] uart_write:31                    M 1c008486 c.bnez              a5, 0, -6           a5:00000001 
290514732: 20927: [[34m/chip/soc/fc/insn                                    [0m] uart_write:134                   M 1c008480 c.lw                a5, 0(a0)           a5=00000001  a0:1a1020a0  PA:1a1020a0 
290639670: 20936: [[34m/chip/soc/fc/insn                                    [0m] uart_write:134                   M 1c008482 p.bclri             a5, a5, 0x1e, 0x1   a5=00000001  a5:00000001 
290667434: 20938: [[34m/chip/soc/fc/insn                                    [0m] uart_write:31                    M 1c008486 c.bnez              a5, 0, -6           a5:00000001 
290709080: 20941: [[34m/chip/soc/fc/insn                                    [0m] uart_write:134                   M 1c008480 c.lw                a5, 0(a0)           a5=00000001  a0:1a1020a0  PA:1a1020a0 
290834018: 20950: [[34m/chip/soc/fc/insn                                    [0m] uart_write:134                   M 1c008482 p.bclri             a5, a5, 0x1e, 0x1   a5=00000001  a5:00000001 
290861782: 20952: [[34m/chip/soc/fc/insn                                    [0m] uart_write:31                    M 1c008486 c.bnez              a5, 0, -6           a5:00000001 
290903428: 20955: [[34m/chip/soc/fc/insn                                    [0m] uart_write:134                   M 1c008480 c.lw                a5, 0(a0)           a5=00000001  a0:1a1020a0  PA:1a1020a0 
291028366: 20964: [[34m/chip/soc/fc/insn                                    [0m] uart_write:134                   M 1c008482 p.bclri             a5, a5, 0x1e, 0x1   a5=00000001  a5:00000001 
291056130: 20966: [[34m/chip/soc/fc/insn                                    [0m] uart_write:31                    M 1c008486 c.bnez              a5, 0, -6           a5:00000001 
291097776: 20969: [[34m/chip/soc/fc/insn                                    [0m] uart_write:134                   M 1c008480 c.lw                a5, 0(a0)           a5=00000001  a0:1a1020a0  PA:1a1020a0 
291222714: 20978: [[34m/chip/soc/fc/insn                                    [0m] uart_write:134                   M 1c008482 p.bclri             a5, a5, 0x1e, 0x1   a5=00000001  a5:00000001 
291250478: 20980: [[34m/chip/soc/fc/insn                                    [0m] uart_write:31                    M 1c008486 c.bnez              a5, 0, -6           a5:00000001 
291292124: 20983: [[34m/chip/soc/fc/insn                                    [0m] uart_write:134                   M 1c008480 c.lw                a5, 0(a0)           a5=00000001  a0:1a1020a0  PA:1a1020a0 
291417062: 20992: [[34m/chip/soc/fc/insn                                    [0m] uart_write:134                   M 1c008482 p.bclri             a5, a5, 0x1e, 0x1   a5=00000001  a5:00000001 
291444826: 20994: [[34m/chip/soc/fc/insn                                    [0m] uart_write:31                    M 1c008486 c.bnez              a5, 0, -6           a5:00000001 
291486472: 20997: [[34m/chip/soc/fc/insn                                    [0m] uart_write:134                   M 1c008480 c.lw                a5, 0(a0)           a5=00000001  a0:1a1020a0  PA:1a1020a0 
291611410: 21006: [[34m/chip/soc/fc/insn                                    [0m] uart_write:134                   M 1c008482 p.bclri             a5, a5, 0x1e, 0x1   a5=00000001  a5:00000001 
291639174: 21008: [[34m/chip/soc/fc/insn                                    [0m] uart_write:31                    M 1c008486 c.bnez              a5, 0, -6           a5:00000001 
291680820: 21011: [[34m/chip/soc/fc/insn                                    [0m] uart_write:134                   M 1c008480 c.lw                a5, 0(a0)           a5=00000001  a0:1a1020a0  PA:1a1020a0 
291805758: 21020: [[34m/chip/soc/fc/insn                                    [0m] uart_write:134                   M 1c008482 p.bclri             a5, a5, 0x1e, 0x1   a5=00000001  a5:00000001 
291833522: 21022: [[34m/chip/soc/fc/insn                                    [0m] uart_write:31                    M 1c008486 c.bnez              a5, 0, -6           a5:00000001 
291875168: 21025: [[34m/chip/soc/fc/insn                                    [0m] uart_write:134                   M 1c008480 c.lw                a5, 0(a0)           a5=00000001  a0:1a1020a0  PA:1a1020a0 
292000106: 21034: [[34m/chip/soc/fc/insn                                    [0m] uart_write:134                   M 1c008482 p.bclri             a5, a5, 0x1e, 0x1   a5=00000001  a5:00000001 
292027870: 21036: [[34m/chip/soc/fc/insn                                    [0m] uart_write:31                    M 1c008486 c.bnez              a5, 0, -6           a5:00000001 
292069516: 21039: [[34m/chip/soc/fc/insn                                    [0m] uart_write:134                   M 1c008480 c.lw                a5, 0(a0)           a5=00000001  a0:1a1020a0  PA:1a1020a0 
292194454: 21048: [[34m/chip/soc/fc/insn                                    [0m] uart_write:134                   M 1c008482 p.bclri             a5, a5, 0x1e, 0x1   a5=00000001  a5:00000001 
292222218: 21050: [[34m/chip/soc/fc/insn                                    [0m] uart_write:31                    M 1c008486 c.bnez              a5, 0, -6           a5:00000001 
292263864: 21053: [[34m/chip/soc/fc/insn                                    [0m] uart_write:134                   M 1c008480 c.lw                a5, 0(a0)           a5=00000001  a0:1a1020a0  PA:1a1020a0 
292388802: 21062: [[34m/chip/soc/fc/insn                                    [0m] uart_write:134                   M 1c008482 p.bclri             a5, a5, 0x1e, 0x1   a5=00000001  a5:00000001 
292416566: 21064: [[34m/chip/soc/fc/insn                                    [0m] uart_write:31                    M 1c008486 c.bnez              a5, 0, -6           a5:00000001 
292458212: 21067: [[34m/chip/soc/fc/insn                                    [0m] uart_write:134                   M 1c008480 c.lw                a5, 0(a0)           a5=00000001  a0:1a1020a0  PA:1a1020a0 
292583150: 21076: [[34m/chip/soc/fc/insn                                    [0m] uart_write:134                   M 1c008482 p.bclri             a5, a5, 0x1e, 0x1   a5=00000001  a5:00000001 
292610914: 21078: [[34m/chip/soc/fc/insn                                    [0m] uart_write:31                    M 1c008486 c.bnez              a5, 0, -6           a5:00000001 
292652560: 21081: [[34m/chip/soc/fc/insn                                    [0m] uart_write:134                   M 1c008480 c.lw                a5, 0(a0)           a5=00000001  a0:1a1020a0  PA:1a1020a0 
292777498: 21090: [[34m/chip/soc/fc/insn                                    [0m] uart_write:134                   M 1c008482 p.bclri             a5, a5, 0x1e, 0x1   a5=00000001  a5:00000001 
292805262: 21092: [[34m/chip/soc/fc/insn                                    [0m] uart_write:31                    M 1c008486 c.bnez              a5, 0, -6           a5:00000001 
292846908: 21095: [[34m/chip/soc/fc/insn                                    [0m] uart_write:134                   M 1c008480 c.lw                a5, 0(a0)           a5=00000001  a0:1a1020a0  PA:1a1020a0 
292971846: 21104: [[34m/chip/soc/fc/insn                                    [0m] uart_write:134                   M 1c008482 p.bclri             a5, a5, 0x1e, 0x1   a5=00000001  a5:00000001 
292999610: 21106: [[34m/chip/soc/fc/insn                                    [0m] uart_write:31                    M 1c008486 c.bnez              a5, 0, -6           a5:00000001 
293041256: 21109: [[34m/chip/soc/fc/insn                                    [0m] uart_write:134                   M 1c008480 c.lw                a5, 0(a0)           a5=00000000  a0:1a1020a0  PA:1a1020a0 
293166194: 21118: [[34m/chip/soc/fc/insn                                    [0m] uart_write:134                   M 1c008482 p.bclri             a5, a5, 0x1e, 0x1   a5=00000000  a5:00000000 
293193958: 21120: [[34m/chip/soc/fc/insn                                    [0m] uart_write:31                    M 1c008486 c.bnez              a5, 0, -6           a5:00000000 
293207840: 21121: [[34m/chip/soc/fc/insn                                    [0m] uart_write:100                   M 1c008488 c.li                a0, 0, 0            a0=00000000 
293221722: 21122: [[34m/chip/soc/fc/insn                                    [0m] uart_write:100                   M 1c00848a c.jr                0, ra, 0, 0         ra:1c0081ba 
293249486: 21124: [[34m/chip/soc/fc/insn                                    [0m] _stext:102                       M 1c0081ba c.mv                s0, 0, a0           s0=00000000  a0:00000000 
293332778: 21130: [[34m/chip/soc/fc/insn                                    [0m] _stext:105                       M 1c0081bc jal                 ra, 800             ra=1c0081c0 
293360542: 21132: [[34m/chip/soc/fc/insn                                    [0m] pos_init_stop:93                 M 1c0084dc c.addi              sp, sp, -16         sp=1c000810  sp:1c000820 
293443834: 21138: [[34m/chip/soc/fc/insn                                    [0m] pos_init_stop:93                 M 1c0084de c.swsp              s0, 8(sp)           s0:00000000  sp:1c000810  PA:1c000818 
293527126: 21144: [[34m/chip/soc/fc/insn                                    [0m] pos_init_stop:44                 M 1c0084e0 lui                 s0, 0x1c000000      s0=1c000000 
293541008: 21145: [[34m/chip/soc/fc/insn                                    [0m] pos_init_stop:93                 M 1c0084e4 c.swsp              ra, 12(sp)          ra:1c0081c0  sp:1c000810  PA:1c00081c 
293554890: 21146: [[34m/chip/soc/fc/insn                                    [0m] pos_init_stop:44                 M 1c0084e6 addi                s0, s0, 20          s0=1c000014  s0:1c000000 
293568772: 21147: [[34m/chip/soc/fc/insn                                    [0m] pos_init_stop:95                 M 1c0084ea c.jal               ra, -396            ra=1c0084ec 
293596536: 21149: [[34m/chip/soc/fc/insn                                    [0m] pos_io_stop:400                  M 1c00835e c.addi              sp, sp, -16         sp=1c000800  sp:1c000810 
293749238: 21160: [[34m/chip/soc/fc/insn                                    [0m] pos_io_stop:405                  M 1c008360 c.li                a0, 0, 0            a0=00000000 
293763120: 21161: [[34m/chip/soc/fc/insn                                    [0m] pos_io_stop:403                  M 1c008362 lui                 a5, 0x1c001000      a5=1c001000 
293777002: 21162: [[34m/chip/soc/fc/insn                                    [0m] pos_io_stop:400                  M 1c008366 c.swsp              ra, 12(sp)          ra:1c0084ec  sp:1c000800  PA:1c00080c 
293790884: 21163: [[34m/chip/soc/fc/insn                                    [0m] pos_io_stop:403                  M 1c008368 sw                  0, -1988(a5)        a5:1c001000  PA:1c00083c 
293804766: 21164: [[34m/chip/soc/fc/insn                                    [0m] pos_io_stop:405                  M 1c00836c c.jal               ra, 152             ra=1c00836e 
293832530: 21166: [[34m/chip/soc/fc/insn                                    [0m] uart_close:27                    M 1c008404 slli                a3, a0, 0x7         a3=00000000  a0:00000000 
293915822: 21172: [[34m/chip/soc/fc/insn                                    [0m] uart_close:27                    M 1c008408 lui                 a4, 0x1a102000      a4=1a102000 
293929704: 21173: [[34m/chip/soc/fc/insn                                    [0m] uart_close:27                    M 1c00840c c.add               a4, a4, a3          a4=1a102000  a4:1a102000  a3:00000000 
293943586: 21174: [[34m/chip/soc/fc/insn                                    [0m] uart_close:236                   M 1c00840e addi                a4, a4, 152         a4=1a102098  a4:1a102000 
294026878: 21180: [[34m/chip/soc/fc/insn                                    [0m] uart_close:236                   M 1c008412 c.lw                a5, 0(a4)           a5=00000000  a4:1a102098  PA:1a102098 
294151816: 21189: [[34m/chip/soc/fc/insn                                    [0m] uart_close:236                   M 1c008414 c.andi              a5, a5, 16          a5=00000000  a5:00000000 
294179580: 21191: [[34m/chip/soc/fc/insn                                    [0m] uart_close:27                    M 1c008416 c.bnez              a5, 0, -4           a5:00000000 
294193462: 21192: [[34m/chip/soc/fc/insn                                    [0m] uart_close:27                    M 1c008418 lui                 a4, 0x1a102000      a4=1a102000 
294207344: 21193: [[34m/chip/soc/fc/insn                                    [0m] uart_close:27                    M 1c00841c addi                a4, a4, 160         a4=1a1020a0  a4:1a102000 
294221226: 21194: [[34m/chip/soc/fc/insn                                    [0m] uart_close:27                    M 1c008420 c.add               a4, a4, a3          a4=1a1020a0  a4:1a1020a0  a3:00000000 
294304518: 21200: [[34m/chip/soc/fc/insn                                    [0m] uart_close:134                   M 1c008422 c.lw                a5, 0(a4)           a5=00000000  a4:1a1020a0  PA:1a1020a0 
294429456: 21209: [[34m/chip/soc/fc/insn                                    [0m] uart_close:134                   M 1c008424 p.bclri             a5, a5, 0x1e, 0x1   a5=00000000  a5:00000000 
294457220: 21211: [[34m/chip/soc/fc/insn                                    [0m] uart_close:31                    M 1c008428 c.bnez              a5, 0, -6           a5:00000000 
294471102: 21212: [[34m/chip/soc/fc/insn                                    [0m] uart_close:130                   M 1c00842a lui                 a4, 0x1a102000      a4=1a102000 
294484984: 21213: [[34m/chip/soc/fc/insn                                    [0m] uart_close:130                   M 1c00842e lui                 a2, 0x500000        a2=00500000 
294568276: 21219: [[34m/chip/soc/fc/insn                                    [0m] uart_close:130                   M 1c008432 addi                a5, a4, 164         a5=1a1020a4  a4:1a102000 
294582158: 21220: [[34m/chip/soc/fc/insn                                    [0m] uart_close:130                   M 1c008436 c.addi              a2, a2, 6           a2=00500006  a2:00500000 
294596040: 21221: [[34m/chip/soc/fc/insn                                    [0m] uart_close:130                   M 1c008438 p.sw                a2, a5(a3)          a2:00500006  a5:1a1020a4  a3:00000000  PA:1a1020a4 
294720978: 21230: [[34m/chip/soc/fc/insn                                    [0m] uart_close:81                    M 1c00843c c.li                a5, 0, 1            a5=00000001 
294734860: 21231: [[34m/chip/soc/fc/insn                                    [0m] uart_close:244                   M 1c00843e c.lw                a3, 0(a4)           a3=00000001  a4:1a102000  PA:1a102000 
294929208: 21245: [[34m/chip/soc/fc/insn                                    [0m] uart_close:81                    M 1c008440 sll                 a5, a5, a0          a5=00000001  a5:00000001  a0:00000000 
294943090: 21246: [[34m/chip/soc/fc/insn                                    [0m] uart_close:81                    M 1c008444 xori                a5, a5, -1          a5=fffffffe  a5:00000001 
294956972: 21247: [[34m/chip/soc/fc/insn                                    [0m] uart_close:81                    M 1c008448 c.and               a5, a5, a3          a5=00000000  a5:fffffffe  a3:00000001 
294970854: 21248: [[34m/chip/soc/fc/insn                                    [0m] uart_close:240                   M 1c00844a c.sw                a5, 0(a4)           a5:00000000  a4:1a102000  PA:1a102000 
295095792: 21257: [[34m/chip/soc/fc/insn                                    [0m] uart_close:82                    M 1c00844c c.jr                0, ra, 0, 0         ra:1c00836e 
295123556: 21259: [[34m/chip/soc/fc/insn                                    [0m] pos_io_stop:410                  M 1c00836e c.lwsp              ra, 12(sp)          ra=1c0084ec  sp:1c000800  PA:1c00080c 
295276258: 21270: [[34m/chip/soc/fc/insn                                    [0m] pos_io_stop:410                  M 1c008370 c.li                a0, 0, 0            a0=00000000 
295290140: 21271: [[34m/chip/soc/fc/insn                                    [0m] pos_io_stop:410                  M 1c008372 c.addi              sp, sp, 16          sp=1c000810  sp:1c000800 
295304022: 21272: [[34m/chip/soc/fc/insn                                    [0m] pos_io_stop:410                  M 1c008374 c.jr                0, ra, 0, 0         ra:1c0084ec 
295331786: 21274: [[34m/chip/soc/fc/insn                                    [0m] pos_init_stop:44                 M 1c0084ec c.lw                a5, 4(s0)           a5=00000000  s0:1c000014  PA:1c000018 
295415078: 21280: [[34m/chip/soc/fc/insn                                    [0m] pos_init_stop:44                 M 1c0084ee c.beqz              a5, 0, 12           a5:00000000 
295526134: 21288: [[34m/chip/soc/fc/insn                                    [0m] pos_init_stop:99                 M 1c0084fa c.lwsp              ra, 12(sp)          ra=1c0081c0  sp:1c000810  PA:1c00081c 
295540016: 21289: [[34m/chip/soc/fc/insn                                    [0m] pos_init_stop:99                 M 1c0084fc c.lwsp              s0, 8(sp)           s0=00000000  sp:1c000810  PA:1c000818 
295553898: 21290: [[34m/chip/soc/fc/insn                                    [0m] pos_init_stop:99                 M 1c0084fe c.addi              sp, sp, 16          sp=1c000820  sp:1c000810 
295637190: 21296: [[34m/chip/soc/fc/insn                                    [0m] pos_init_stop:99                 M 1c008500 c.jr                0, ra, 0, 0         ra:1c0081c0 
295664954: 21298: [[34m/chip/soc/fc/insn                                    [0m] _stext:108                       M 1c0081c0 c.mv                a0, 0, s0           a0=00000000  s0:00000000 
295748246: 21304: [[34m/chip/soc/fc/insn                                    [0m] _stext:109                       M 1c0081c2 jal                 ra, 362             ra=1c0081c6 
295776010: 21306: [[34m/chip/soc/fc/insn                                    [0m] exit:368                         M 1c00832c c.addi              sp, sp, -16         sp=1c000810  sp:1c000820 
295859302: 21312: [[34m/chip/soc/fc/insn                                    [0m] exit:368                         M 1c00832e c.swsp              ra, 12(sp)          ra:1c0081c6  sp:1c000810  PA:1c00081c 
295942594: 21318: [[34m/chip/soc/fc/insn                                    [0m] exit:39                          M 1c008330 lui                 a5, 0x1a104000      a5=1a104000 
295956476: 21319: [[34m/chip/soc/fc/insn                                    [0m] exit:39                          M 1c008334 p.bseti             a0, a0, 0x0, 0x1f   a0=80000000  a0:00000000 
295970358: 21320: [[34m/chip/soc/fc/insn                                    [0m] exit:39                          M 1c008338 sw                  a0, 160(a5)         a0:80000000  a5:1a104000  PA:1a1040a0 
