                Time          Cycles PC       Instr    Mnemonic
13191456ns          220962 1c008080 0600006f jal              x0, 96             
13191933ns          220986 1c0080e0 f1402573 csrrs            x10, x0, 0xf14      x10=00000005
13191973ns          220988 1c0080e4 01f57593 andi             x11, x10, 31        x11=00000005 x10:00000005
13191993ns          220989 1c0080e8 00555513 srli             x10, x10, 0x5       x10=00000000 x10:00000005
13192012ns          220990 1c0080ea 01f00613 addi             x12, x0, 31         x12=0000001f
13192032ns          220991 1c0080ec 00c50463 beq              x10, x12, 8         x10:00000000 x12:0000001f
13192450ns          221012 1c0080f0 fa5ff06f jal              x0, -92            
13192907ns          221035 1c008094 f3ff8117 auipc            x2, 0xf3ff8000       x2=10000094
13192947ns          221037 1c008098 2b010113 addi             x2, x2, 688          x2=10000344  x2:10000094
13192967ns          221038 1c00809c 00012103 lw               x2, 0(x2)            x2=10000348  x2:10000344  PA:10000344
13193405ns          221060 1c0080a0 000011b7 lui              x3, 0x1000           x3=00001000
13193444ns          221062 1c0080a4 00158593 addi             x11, x11, 1         x11=00000006 x11:00000005
13193464ns          221063 1c0080a8 02b180b3 mul              x1, x3, x11          x1=00006000  x3:00001000 x11:00000006
13193484ns          221064 1c0080ac 00110133 add              x2, x2, x1           x2=10006348  x2:10000348  x1:00006000
13193922ns          221086 1c0080b0 0270106f jal              x0, 6182           
13194379ns          221109 1c0098d6 ff010113 addi             x2, x2, -16          x2=10006338  x2:10006348
13194419ns          221111 1c0098d8 00112623 sw               x1, 12(x2)           x1:00006000  x2:10006338  PA:10006344
13194439ns          221112 1c0098da 002047b7 lui              x15, 0x204000       x15=00204000
13194876ns          221134 1c0098de 00070737 lui              x14, 0x70000        x14=00070000
13194896ns          221135 1c0098e2 00e7a423 sw               x14, 8(x15)         x14:00070000 x15:00204000  PA:00204008
13194916ns          221136 1c0098e4 0ff00713 addi             x14, x0, 255        x14=000000ff
13194936ns          221137 1c0098e8 20078793 addi             x15, x15, 512       x15=00204200 x15:00204000
13194956ns          221138 1c0098ec 00e7a023 sw               x14, 0(x15)         x14:000000ff x15:00204200  PA:00204200
13195393ns          221160 1c0098f0 00e7a623 sw               x14, 12(x15)        x14:000000ff x15:00204200  PA:0020420c
13195433ns          221162 1c0098f4 1c0017b7 lui              x15, 0x1c001000     x15=1c001000
13195453ns          221163 1c0098f8 b247a783 lw               x15, -1244(x15)     x15=1c00867e x15:1c001000  PA:1c000b24
13196030ns          221192 1c0098fc 000780e7 jalr             x1, x15, 0           x1=1c0098fe x15:1c00867e
13196388ns          221210 1c00867e ff010113 addi             x2, x2, -16          x2=10006328  x2:10006338
13196845ns          221233 1c008680 f1402573 csrrs            x10, x0, 0xf14      x10=00000005
13196885ns          221235 1c008684 00112623 sw               x1, 12(x2)           x1:1c0098fe  x2:10006328  PA:10006334
13196905ns          221236 1c008686 00812423 sw               x8, 8(x2)            x8:xxxxxxxx  x2:10006328  PA:10006330
13196925ns          221237 1c008688 00912223 sw               x9, 4(x2)            x9:xxxxxxxx  x2:10006328  PA:1000632c
13196945ns          221238 1c00868a ca5517b3 p.extractu       x15, x10, 5, 5      x15=00000000 x10:00000005
13196965ns          221239 1c00868e 06079463 bne              x15, x0, 104        x15:00000000
13197362ns          221259 1c008690 f4553433 p.bclr           x8, x10, 26, 5       x8=00000005 x10:00000005
13197402ns          221261 1c008694 04041363 bne              x8, x0, 70           x8:00000005
13198039ns          221293 1c0086da 30c010ef jal              x1, 4876             x1=1c0086de
13199112ns          221347 1c0099e6 f14027f3 csrrs            x15, x0, 0xf14      x15=00000005
13199132ns          221348 1c0099ea 01f00713 addi             x14, x0, 31         x14=0000001f
13199152ns          221349 1c0099ec ca5797b3 p.extractu       x15, x15, 5, 5      x15=00000000 x15:00000005
13199550ns          221369 1c0099f0 00e78863 beq              x15, x14, 16        x15:00000000 x14:0000001f
13199590ns          221371 1c0099f4 002047b7 lui              x15, 0x204000       x15=00204000
13199610ns          221372 1c0099f8 20078793 addi             x15, x15, 512       x15=00204200 x15:00204000
13199630ns          221373 1c0099fc 01c7e703 p.elw            x14, 28(x15)        x14=00010000 x15:00204200  PA:0020421c
13200067ns          221395 1c009a00 00008067 jalr             x0, x1, 0            x1:1c0086de
13200107ns          221397 1c0086de 00800533 add              x10, x0, x8         x10=00000005  x8:00000005
13200127ns          221398 1c0086e0 bedff0ef jal              x1, -1044            x1=1c0086e2
13200564ns          221420 1c0082cc ff010113 addi             x2, x2, -16          x2=10006318  x2:10006328
13200584ns          221421 1c0082ce 00812423 sw               x8, 8(x2)            x8:00000005  x2:10006318  PA:10006320
13201081ns          221446 1c0082d0 00112623 sw               x1, 12(x2)           x1:1c0086e2  x2:10006318  PA:10006324
13201101ns          221447 1c0082d2 00912223 sw               x9, 4(x2)            x9:xxxxxxxx  x2:10006318  PA:1000631c
13201121ns          221448 1c0082d4 00a00433 add              x8, x0, x10          x8=00000005 x10:00000005
13201141ns          221449 1c0082d6 08050063 beq              x10, x0, 128        x10:00000005
13201161ns          221450 1c0082d8 70e010ef jal              x1, 5902             x1=1c0082dc
13201797ns          221482 1c0099e6 f14027f3 csrrs            x15, x0, 0xf14      x15=00000005
13201817ns          221483 1c0099ea 01f00713 addi             x14, x0, 31         x14=0000001f
13201837ns          221484 1c0099ec ca5797b3 p.extractu       x15, x15, 5, 5      x15=00000000 x15:00000005
13201857ns          221485 1c0099f0 00e78863 beq              x15, x14, 16        x15:00000000 x14:0000001f
13201877ns          221486 1c0099f4 002047b7 lui              x15, 0x204000       x15=00204000
13201897ns          221487 1c0099f8 20078793 addi             x15, x15, 512       x15=00204200 x15:00204000
13201917ns          221488 1c0099fc 01c7e703 p.elw            x14, 28(x15)        x14=00010000 x15:00204200  PA:0020421c
13294316ns          226134 1c009a00 00008067 jalr             x0, x1, 0            x1:1c0082dc
13294356ns          226136 1c0082dc c0de07b7 lui              x15, 0xc0de0000     x15=c0de0000
13294376ns          226137 1c0082e0 10000637 lui              x12, 0x10000000     x12=10000000
13294396ns          226138 1c0082e4 0087e7b3 or               x15, x15, x8        x15=c0de0005 x15:c0de0000  x8:00000005
13294416ns          226139 1c0082e6 02060613 addi             x12, x12, 32        x12=10000020 x12:10000000
13294436ns          226140 1c0082ea 00241893 slli             x17, x8, 0x2        x17=00000014  x8:00000005
13294456ns          226141 1c0082ee 008005b3 add              x11, x0, x8         x11=00000005  x8:00000005
13295032ns          226170 1c0082f0 00f668a3 p.sw             x15, x0(x12)        x15:c0de0005 x12:10000020  PA:10000034
13295072ns          226172 1c0082f4 01841813 slli             x16, x8, 0x18       x16=05000000  x8:00000005
13295092ns          226173 1c0082f8 005a06b7 lui              x13, 0x5a0000       x13=005a0000
13295112ns          226174 1c0082fc 0104d0fb lp.setupi        0x1, 0x10, 0x9     
13295549ns          226196 1c008300 00259793 slli             x15, x11, 0x2       x15=00000014 x11:00000005
13295589ns          226198 1c008304 00d86533 or               x10, x16, x13       x10=055a0000 x16:05000000 x13:005a0000
13295609ns          226199 1c008308 00c787b3 add              x15, x15, x12       x15=10000034 x15:00000014 x12:10000020
13295629ns          226200 1c00830a 02a7a023 sw               x10, 32(x15)        x10:055a0000 x15:10000034  PA:10000054
13295649ns          226201 1c00830c 00168693 addi             x13, x13, 1         x13=005a0001 x13:005a0000
13295669ns          226202 1c00830e 00858593 addi             x11, x11, 8         x11=0000000d x11:00000005
13296047ns          226221 1c008300 00259793 slli             x15, x11, 0x2       x15=00000034 x11:0000000d
13296066ns          226222 1c008304 00d86533 or               x10, x16, x13       x10=055a0001 x16:05000000 x13:005a0001
13296086ns          226223 1c008308 00c787b3 add              x15, x15, x12       x15=10000054 x15:00000034 x12:10000020
13296106ns          226224 1c00830a 02a7a023 sw               x10, 32(x15)        x10:055a0001 x15:10000054  PA:10000074
13296126ns          226225 1c00830c 00168693 addi             x13, x13, 1         x13=005a0002 x13:005a0001
13296146ns          226226 1c00830e 00858593 addi             x11, x11, 8         x11=00000015 x11:0000000d
13296166ns          226227 1c008300 00259793 slli             x15, x11, 0x2       x15=00000054 x11:00000015
13296186ns          226228 1c008304 00d86533 or               x10, x16, x13       x10=055a0002 x16:05000000 x13:005a0002
13296206ns          226229 1c008308 00c787b3 add              x15, x15, x12       x15=10000074 x15:00000054 x12:10000020
13296226ns          226230 1c00830a 02a7a023 sw               x10, 32(x15)        x10:055a0002 x15:10000074  PA:10000094
13296245ns          226231 1c00830c 00168693 addi             x13, x13, 1         x13=005a0003 x13:005a0002
13296265ns          226232 1c00830e 00858593 addi             x11, x11, 8         x11=0000001d x11:00000015
13296285ns          226233 1c008300 00259793 slli             x15, x11, 0x2       x15=00000074 x11:0000001d
13296305ns          226234 1c008304 00d86533 or               x10, x16, x13       x10=055a0003 x16:05000000 x13:005a0003
13296325ns          226235 1c008308 00c787b3 add              x15, x15, x12       x15=10000094 x15:00000074 x12:10000020
13296345ns          226236 1c00830a 02a7a023 sw               x10, 32(x15)        x10:055a0003 x15:10000094  PA:100000b4
13296365ns          226237 1c00830c 00168693 addi             x13, x13, 1         x13=005a0004 x13:005a0003
13296385ns          226238 1c00830e 00858593 addi             x11, x11, 8         x11=00000025 x11:0000001d
13296405ns          226239 1c008300 00259793 slli             x15, x11, 0x2       x15=00000094 x11:00000025
13296424ns          226240 1c008304 00d86533 or               x10, x16, x13       x10=055a0004 x16:05000000 x13:005a0004
13296444ns          226241 1c008308 00c787b3 add              x15, x15, x12       x15=100000b4 x15:00000094 x12:10000020
13296464ns          226242 1c00830a 02a7a023 sw               x10, 32(x15)        x10:055a0004 x15:100000b4  PA:100000d4
13296484ns          226243 1c00830c 00168693 addi             x13, x13, 1         x13=005a0005 x13:005a0004
13296504ns          226244 1c00830e 00858593 addi             x11, x11, 8         x11=0000002d x11:00000025
13296524ns          226245 1c008300 00259793 slli             x15, x11, 0x2       x15=000000b4 x11:0000002d
13296544ns          226246 1c008304 00d86533 or               x10, x16, x13       x10=055a0005 x16:05000000 x13:005a0005
13296564ns          226247 1c008308 00c787b3 add              x15, x15, x12       x15=100000d4 x15:000000b4 x12:10000020
13296584ns          226248 1c00830a 02a7a023 sw               x10, 32(x15)        x10:055a0005 x15:100000d4  PA:100000f4
13296603ns          226249 1c00830c 00168693 addi             x13, x13, 1         x13=005a0006 x13:005a0005
13296623ns          226250 1c00830e 00858593 addi             x11, x11, 8         x11=00000035 x11:0000002d
13296643ns          226251 1c008300 00259793 slli             x15, x11, 0x2       x15=000000d4 x11:00000035
13296663ns          226252 1c008304 00d86533 or               x10, x16, x13       x10=055a0006 x16:05000000 x13:005a0006
13296683ns          226253 1c008308 00c787b3 add              x15, x15, x12       x15=100000f4 x15:000000d4 x12:10000020
13296703ns          226254 1c00830a 02a7a023 sw               x10, 32(x15)        x10:055a0006 x15:100000f4  PA:10000114
13296723ns          226255 1c00830c 00168693 addi             x13, x13, 1         x13=005a0007 x13:005a0006
13296743ns          226256 1c00830e 00858593 addi             x11, x11, 8         x11=0000003d x11:00000035
13296763ns          226257 1c008300 00259793 slli             x15, x11, 0x2       x15=000000f4 x11:0000003d
13296782ns          226258 1c008304 00d86533 or               x10, x16, x13       x10=055a0007 x16:05000000 x13:005a0007
13296802ns          226259 1c008308 00c787b3 add              x15, x15, x12       x15=10000114 x15:000000f4 x12:10000020
13296822ns          226260 1c00830a 02a7a023 sw               x10, 32(x15)        x10:055a0007 x15:10000114  PA:10000134
13296842ns          226261 1c00830c 00168693 addi             x13, x13, 1         x13=005a0008 x13:005a0007
13296862ns          226262 1c00830e 00858593 addi             x11, x11, 8         x11=00000045 x11:0000003d
13296882ns          226263 1c008300 00259793 slli             x15, x11, 0x2       x15=00000114 x11:00000045
13296902ns          226264 1c008304 00d86533 or               x10, x16, x13       x10=055a0008 x16:05000000 x13:005a0008
13296922ns          226265 1c008308 00c787b3 add              x15, x15, x12       x15=10000134 x15:00000114 x12:10000020
13296942ns          226266 1c00830a 02a7a023 sw               x10, 32(x15)        x10:055a0008 x15:10000134  PA:10000154
13296961ns          226267 1c00830c 00168693 addi             x13, x13, 1         x13=005a0009 x13:005a0008
13296981ns          226268 1c00830e 00858593 addi             x11, x11, 8         x11=0000004d x11:00000045
13297001ns          226269 1c008300 00259793 slli             x15, x11, 0x2       x15=00000134 x11:0000004d
13297021ns          226270 1c008304 00d86533 or               x10, x16, x13       x10=055a0009 x16:05000000 x13:005a0009
13297041ns          226271 1c008308 00c787b3 add              x15, x15, x12       x15=10000154 x15:00000134 x12:10000020
13297061ns          226272 1c00830a 02a7a023 sw               x10, 32(x15)        x10:055a0009 x15:10000154  PA:10000174
13297081ns          226273 1c00830c 00168693 addi             x13, x13, 1         x13=005a000a x13:005a0009
13297101ns          226274 1c00830e 00858593 addi             x11, x11, 8         x11=00000055 x11:0000004d
13297121ns          226275 1c008300 00259793 slli             x15, x11, 0x2       x15=00000154 x11:00000055
13297140ns          226276 1c008304 00d86533 or               x10, x16, x13       x10=055a000a x16:05000000 x13:005a000a
13297160ns          226277 1c008308 00c787b3 add              x15, x15, x12       x15=10000174 x15:00000154 x12:10000020
13297180ns          226278 1c00830a 02a7a023 sw               x10, 32(x15)        x10:055a000a x15:10000174  PA:10000194
13297200ns          226279 1c00830c 00168693 addi             x13, x13, 1         x13=005a000b x13:005a000a
13297220ns          226280 1c00830e 00858593 addi             x11, x11, 8         x11=0000005d x11:00000055
13297240ns          226281 1c008300 00259793 slli             x15, x11, 0x2       x15=00000174 x11:0000005d
13297260ns          226282 1c008304 00d86533 or               x10, x16, x13       x10=055a000b x16:05000000 x13:005a000b
13297280ns          226283 1c008308 00c787b3 add              x15, x15, x12       x15=10000194 x15:00000174 x12:10000020
13297300ns          226284 1c00830a 02a7a023 sw               x10, 32(x15)        x10:055a000b x15:10000194  PA:100001b4
13297319ns          226285 1c00830c 00168693 addi             x13, x13, 1         x13=005a000c x13:005a000b
13297339ns          226286 1c00830e 00858593 addi             x11, x11, 8         x11=00000065 x11:0000005d
13297359ns          226287 1c008300 00259793 slli             x15, x11, 0x2       x15=00000194 x11:00000065
13297379ns          226288 1c008304 00d86533 or               x10, x16, x13       x10=055a000c x16:05000000 x13:005a000c
13297399ns          226289 1c008308 00c787b3 add              x15, x15, x12       x15=100001b4 x15:00000194 x12:10000020
13297419ns          226290 1c00830a 02a7a023 sw               x10, 32(x15)        x10:055a000c x15:100001b4  PA:100001d4
13297439ns          226291 1c00830c 00168693 addi             x13, x13, 1         x13=005a000d x13:005a000c
13297459ns          226292 1c00830e 00858593 addi             x11, x11, 8         x11=0000006d x11:00000065
13297479ns          226293 1c008300 00259793 slli             x15, x11, 0x2       x15=000001b4 x11:0000006d
13297498ns          226294 1c008304 00d86533 or               x10, x16, x13       x10=055a000d x16:05000000 x13:005a000d
13297518ns          226295 1c008308 00c787b3 add              x15, x15, x12       x15=100001d4 x15:000001b4 x12:10000020
13297538ns          226296 1c00830a 02a7a023 sw               x10, 32(x15)        x10:055a000d x15:100001d4  PA:100001f4
13297558ns          226297 1c00830c 00168693 addi             x13, x13, 1         x13=005a000e x13:005a000d
13297578ns          226298 1c00830e 00858593 addi             x11, x11, 8         x11=00000075 x11:0000006d
13297598ns          226299 1c008300 00259793 slli             x15, x11, 0x2       x15=000001d4 x11:00000075
13297618ns          226300 1c008304 00d86533 or               x10, x16, x13       x10=055a000e x16:05000000 x13:005a000e
13297638ns          226301 1c008308 00c787b3 add              x15, x15, x12       x15=100001f4 x15:000001d4 x12:10000020
13297658ns          226302 1c00830a 02a7a023 sw               x10, 32(x15)        x10:055a000e x15:100001f4  PA:10000214
13297677ns          226303 1c00830c 00168693 addi             x13, x13, 1         x13=005a000f x13:005a000e
13297697ns          226304 1c00830e 00858593 addi             x11, x11, 8         x11=0000007d x11:00000075
13297717ns          226305 1c008300 00259793 slli             x15, x11, 0x2       x15=000001f4 x11:0000007d
13297737ns          226306 1c008304 00d86533 or               x10, x16, x13       x10=055a000f x16:05000000 x13:005a000f
13297757ns          226307 1c008308 00c787b3 add              x15, x15, x12       x15=10000214 x15:000001f4 x12:10000020
13297777ns          226308 1c00830a 02a7a023 sw               x10, 32(x15)        x10:055a000f x15:10000214  PA:10000234
13297797ns          226309 1c00830c 00168693 addi             x13, x13, 1         x13=005a0010 x13:005a000f
13297817ns          226310 1c00830e 00858593 addi             x11, x11, 8         x11=00000085 x11:0000007d
13297837ns          226311 1c008310 002044b7 lui              x9, 0x204000         x9=00204000
13297856ns          226312 1c008314 0c048493 addi             x9, x9, 192          x9=002040c0  x9:00204000
13297876ns          226313 1c008318 0004e783 p.elw            x15, 0(x9)          x15=00000000  x9:002040c0  PA:002040c0
13738574ns          248472 1c00831c 1c000537 lui              x10, 0x1c000000     x10=1c000000
13738594ns          248473 1c008320 21167603 lw               x12, x17(x12)       x12=c0de0005 x17:00000014 x12:10000020  PA:10000034
13738614ns          248474 1c008324 008005b3 add              x11, x0, x8         x11=00000005  x8:00000005
13738634ns          248475 1c008326 15450513 addi             x10, x10, 340       x10=1c000154 x10:1c000000
13738654ns          248476 1c00832a 6ca000ef jal              x1, 1738             x1=1c00832c
13738773ns          248482 1c0089f4 fc010113 addi             x2, x2, -64          x2=100062d8  x2:10006318
13738813ns          248484 1c0089f6 02410313 addi             x6, x2, 36           x6=100062fc  x2:100062d8
13738833ns          248485 1c0089fa 02c12423 sw               x12, 40(x2)         x12:c0de0005  x2:100062d8  PA:10006300
13738853ns          248486 1c0089fc 00a00633 add              x12, x0, x10        x12=1c000154 x10:1c000154
13738893ns          248488 1c0089fe 1c009537 lui              x10, 0x1c009000     x10=1c009000
13738913ns          248489 1c008a02 02b12223 sw               x11, 36(x2)         x11:00000005  x2:100062d8  PA:100062fc
13738932ns          248490 1c008a04 02d12623 sw               x13, 44(x2)         x13:005a0010  x2:100062d8  PA:10006304
13738952ns          248491 1c008a06 00200593 addi             x11, x0, 2          x11=00000002
13738972ns          248492 1c008a08 006006b3 add              x13, x0, x6         x13=100062fc  x6:100062fc
13738992ns          248493 1c008a0a 9d650513 addi             x10, x10, -1578     x10=1c0089d6 x10:1c009000
13739012ns          248494 1c008a0e 00112e23 sw               x1, 28(x2)           x1:1c00832c  x2:100062d8  PA:100062f4
13739032ns          248495 1c008a10 02e12823 sw               x14, 48(x2)         x14:00010000  x2:100062d8  PA:10006308
13739052ns          248496 1c008a12 02f12a23 sw               x15, 52(x2)         x15:00000000  x2:100062d8  PA:1000630c
13739072ns          248497 1c008a14 03012c23 sw               x16, 56(x2)         x16:05000000  x2:100062d8  PA:10006310
13739092ns          248498 1c008a16 03112e23 sw               x17, 60(x2)         x17:00000014  x2:100062d8  PA:10006314
13739111ns          248499 1c008a18 00612623 sw               x6, 12(x2)           x6:100062fc  x2:100062d8  PA:100062e4
13739131ns          248500 1c008a1a fbfff0ef jal              x1, -66              x1=1c008a1c
13739251ns          248506 1c0089d8 0ae0006f jal              x0, 174            
13739330ns          248510 1c008a86 ed010113 addi             x2, x2, -304         x2=100061a8  x2:100062d8
13739370ns          248512 1c008a88 12812423 sw               x8, 296(x2)          x8:00000005  x2:100061a8  PA:100062d0
13739390ns          248513 1c008a8c 12912223 sw               x9, 292(x2)          x9:002040c0  x2:100061a8  PA:100062cc
13739450ns          248516 1c008a90 11712623 sw               x23, 268(x2)        x23:xxxxxxxx  x2:100061a8  PA:100062b4
13739489ns          248518 1c008a94 11812423 sw               x24, 264(x2)        x24:xxxxxxxx  x2:100061a8  PA:100062b0
13739509ns          248519 1c008a98 11912223 sw               x25, 260(x2)        x25:xxxxxxxx  x2:100061a8  PA:100062ac
13739529ns          248520 1c008a9c 11a12023 sw               x26, 256(x2)        x26:xxxxxxxx  x2:100061a8  PA:100062a8
13739589ns          248523 1c008aa0 0fb12e23 sw               x27, 252(x2)        x27:xxxxxxxx  x2:100061a8  PA:100062a4
13739629ns          248525 1c008aa2 12112623 sw               x1, 300(x2)          x1:1c008a1c  x2:100061a8  PA:100062d4
13739648ns          248526 1c008aa6 13212023 sw               x18, 288(x2)        x18:xxxxxxxx  x2:100061a8  PA:100062c8
13739668ns          248527 1c008aaa 11312e23 sw               x19, 284(x2)        x19:xxxxxxxx  x2:100061a8  PA:100062c4
13739728ns          248530 1c008aae 11412c23 sw               x20, 280(x2)        x20:xxxxxxxx  x2:100061a8  PA:100062c0
13739768ns          248532 1c008ab2 11512a23 sw               x21, 276(x2)        x21:xxxxxxxx  x2:100061a8  PA:100062bc
13739788ns          248533 1c008ab6 11612823 sw               x22, 272(x2)        x22:xxxxxxxx  x2:100061a8  PA:100062b8
13739808ns          248534 1c008aba 00a00cb3 add              x25, x0, x10        x25=1c0089d6 x10:1c0089d6
13739827ns          248535 1c008abc 00b00bb3 add              x23, x0, x11        x23=00000002 x11:00000002
13739847ns          248536 1c008abe 00c004b3 add              x9, x0, x12          x9=1c000154 x12:1c000154
13739867ns          248537 1c008ac0 00d00c33 add              x24, x0, x13        x24=100062fc x13:100062fc
13739887ns          248538 1c008ac2 00000413 addi             x8, x0, 0            x8=00000000
13739907ns          248539 1c008ac4 1c000db7 lui              x27, 0x1c000000     x27=1c000000
13739927ns          248540 1c008ac8 02410d13 addi             x26, x2, 36         x26=100061cc  x2:100061a8
13739947ns          248541 1c008acc 0004c503 lbu              x10, 0(x9)          x10=00000046  x9:1c000154  PA:1c000154
13740265ns          248557 1c008ad0 00148493 addi             x9, x9, 1            x9=1c000155  x9:1c000154
13740285ns          248558 1c008ad2 00050e63 beq              x10, x0, 28         x10:00000046
13740305ns          248559 1c008ad4 02500793 addi             x15, x0, 37         x15=00000025
13740325ns          248560 1c008ad8 04f50763 beq              x10, x15, 78        x10:00000046 x15:00000025
13740345ns          248561 1c008adc 017005b3 add              x11, x0, x23        x11=00000002 x23:00000002
13740364ns          248562 1c008ade 000c80e7 jalr             x1, x25, 0           x1=1c008ae0 x25:1c0089d6
13740424ns          248565 1c0089d6 fd9ff06f jal              x0, -40            
13740504ns          248569 1c0089ae 000026b7 lui              x13, 0x2000         x13=00002000
13740583ns          248573 1c0089b0 f14027f3 csrrs            x15, x0, 0xf14      x15=00000005
13740623ns          248575 1c0089b4 f8068693 addi             x13, x13, -128      x13=00001f80 x13:00002000
13740643ns          248576 1c0089b8 00379713 slli             x14, x15, 0x3       x14=00000028 x15:00000005
13740663ns          248577 1c0089bc 00279793 slli             x15, x15, 0x2       x15=00000014 x15:00000005
13740683ns          248578 1c0089be 00d7f7b3 and              x15, x15, x13       x15=00000000 x15:00000014 x13:00001f80
13740722ns          248580 1c0089c0 ee873733 p.bclr           x14, x14, 23, 8     x14=00000028 x14:00000028
13740762ns          248582 1c0089c4 1a10f6b7 lui              x13, 0x1a10f000     x13=1a10f000
13740782ns          248583 1c0089c8 0ff57513 andi             x10, x10, 255       x10=00000046 x10:00000046
13740802ns          248584 1c0089cc 00d70733 add              x14, x14, x13       x14=1a10f028 x14:00000028 x13:1a10f000
13740822ns          248585 1c0089ce 00a7e723 p.sw             x10, x0(x15)        x10:00000046 x15:00000000  PA:1a10f028
13741160ns          248602 1c0089d2 00000513 addi             x10, x0, 0          x10=00000000
13741180ns          248603 1c0089d4 00008067 jalr             x0, x1, 0            x1:1c008ae0
13741259ns          248607 1c008ae0 15f52c63 p.beqimm         x10, 344            x10:00000000
13741299ns          248609 1c008ae4 00140413 addi             x8, x8, 1            x8=00000001  x8:00000000
13741319ns          248610 1c008ae6 0004c503 lbu              x10, 0(x9)          x10=0000004c  x9:1c000155  PA:1c000155
13741637ns          248626 1c008aea 00148493 addi             x9, x9, 1            x9=1c000156  x9:1c000155
13741657ns          248627 1c008aec fe0514e3 bne              x10, x0, -24        x10:0000004c
13741717ns          248630 1c008ad4 02500793 addi             x15, x0, 37         x15=00000025
13741737ns          248631 1c008ad8 04f50763 beq              x10, x15, 78        x10:0000004c x15:00000025
13741757ns          248632 1c008adc 017005b3 add              x11, x0, x23        x11=00000002 x23:00000002
13741776ns          248633 1c008ade 000c80e7 jalr             x1, x25, 0           x1=1c008ae0 x25:1c0089d6
13741816ns          248635 1c0089d6 fd9ff06f jal              x0, -40            
13741856ns          248637 1c0089ae 000026b7 lui              x13, 0x2000         x13=00002000
13741876ns          248638 1c0089b0 f14027f3 csrrs            x15, x0, 0xf14      x15=00000005
13741896ns          248639 1c0089b4 f8068693 addi             x13, x13, -128      x13=00001f80 x13:00002000
13741916ns          248640 1c0089b8 00379713 slli             x14, x15, 0x3       x14=00000028 x15:00000005
13741936ns          248641 1c0089bc 00279793 slli             x15, x15, 0x2       x15=00000014 x15:00000005
13741955ns          248642 1c0089be 00d7f7b3 and              x15, x15, x13       x15=00000000 x15:00000014 x13:00001f80
13741975ns          248643 1c0089c0 ee873733 p.bclr           x14, x14, 23, 8     x14=00000028 x14:00000028
13741995ns          248644 1c0089c4 1a10f6b7 lui              x13, 0x1a10f000     x13=1a10f000
13742015ns          248645 1c0089c8 0ff57513 andi             x10, x10, 255       x10=0000004c x10:0000004c
13742035ns          248646 1c0089cc 00d70733 add              x14, x14, x13       x14=1a10f028 x14:00000028 x13:1a10f000
13742055ns          248647 1c0089ce 00a7e723 p.sw             x10, x0(x15)        x10:0000004c x15:00000000  PA:1a10f028
13742373ns          248663 1c0089d2 00000513 addi             x10, x0, 0          x10=00000000
13742393ns          248664 1c0089d4 00008067 jalr             x0, x1, 0            x1:1c008ae0
13742433ns          248666 1c008ae0 15f52c63 p.beqimm         x10, 344            x10:00000000
13742453ns          248667 1c008ae4 00140413 addi             x8, x8, 1            x8=00000002  x8:00000001
13742473ns          248668 1c008ae6 0004c503 lbu              x10, 0(x9)          x10=0000004f  x9:1c000156  PA:1c000156
13742771ns          248683 1c008aea 00148493 addi             x9, x9, 1            x9=1c000157  x9:1c000156
13742791ns          248684 1c008aec fe0514e3 bne              x10, x0, -24        x10:0000004f
13742850ns          248687 1c008ad4 02500793 addi             x15, x0, 37         x15=00000025
13742870ns          248688 1c008ad8 04f50763 beq              x10, x15, 78        x10:0000004f x15:00000025
13742890ns          248689 1c008adc 017005b3 add              x11, x0, x23        x11=00000002 x23:00000002
13742910ns          248690 1c008ade 000c80e7 jalr             x1, x25, 0           x1=1c008ae0 x25:1c0089d6
13742950ns          248692 1c0089d6 fd9ff06f jal              x0, -40            
13742990ns          248694 1c0089ae 000026b7 lui              x13, 0x2000         x13=00002000
13743010ns          248695 1c0089b0 f14027f3 csrrs            x15, x0, 0xf14      x15=00000005
13743029ns          248696 1c0089b4 f8068693 addi             x13, x13, -128      x13=00001f80 x13:00002000
13743049ns          248697 1c0089b8 00379713 slli             x14, x15, 0x3       x14=00000028 x15:00000005
13743069ns          248698 1c0089bc 00279793 slli             x15, x15, 0x2       x15=00000014 x15:00000005
13743089ns          248699 1c0089be 00d7f7b3 and              x15, x15, x13       x15=00000000 x15:00000014 x13:00001f80
13743109ns          248700 1c0089c0 ee873733 p.bclr           x14, x14, 23, 8     x14=00000028 x14:00000028
13743129ns          248701 1c0089c4 1a10f6b7 lui              x13, 0x1a10f000     x13=1a10f000
13743149ns          248702 1c0089c8 0ff57513 andi             x10, x10, 255       x10=0000004f x10:0000004f
13743169ns          248703 1c0089cc 00d70733 add              x14, x14, x13       x14=1a10f028 x14:00000028 x13:1a10f000
13743188ns          248704 1c0089ce 00a7e723 p.sw             x10, x0(x15)        x10:0000004f x15:00000000  PA:1a10f028
13743507ns          248720 1c0089d2 00000513 addi             x10, x0, 0          x10=00000000
13743527ns          248721 1c0089d4 00008067 jalr             x0, x1, 0            x1:1c008ae0
13743566ns          248723 1c008ae0 15f52c63 p.beqimm         x10, 344            x10:00000000
13743586ns          248724 1c008ae4 00140413 addi             x8, x8, 1            x8=00000003  x8:00000002
13743606ns          248725 1c008ae6 0004c503 lbu              x10, 0(x9)          x10=00000057  x9:1c000157  PA:1c000157
13743904ns          248740 1c008aea 00148493 addi             x9, x9, 1            x9=1c000158  x9:1c000157
13743924ns          248741 1c008aec fe0514e3 bne              x10, x0, -24        x10:00000057
13743984ns          248744 1c008ad4 02500793 addi             x15, x0, 37         x15=00000025
13744004ns          248745 1c008ad8 04f50763 beq              x10, x15, 78        x10:00000057 x15:00000025
13744024ns          248746 1c008adc 017005b3 add              x11, x0, x23        x11=00000002 x23:00000002
13744044ns          248747 1c008ade 000c80e7 jalr             x1, x25, 0           x1=1c008ae0 x25:1c0089d6
13744083ns          248749 1c0089d6 fd9ff06f jal              x0, -40            
13744123ns          248751 1c0089ae 000026b7 lui              x13, 0x2000         x13=00002000
13744143ns          248752 1c0089b0 f14027f3 csrrs            x15, x0, 0xf14      x15=00000005
13744163ns          248753 1c0089b4 f8068693 addi             x13, x13, -128      x13=00001f80 x13:00002000
13744183ns          248754 1c0089b8 00379713 slli             x14, x15, 0x3       x14=00000028 x15:00000005
13744203ns          248755 1c0089bc 00279793 slli             x15, x15, 0x2       x15=00000014 x15:00000005
13744223ns          248756 1c0089be 00d7f7b3 and              x15, x15, x13       x15=00000000 x15:00000014 x13:00001f80
13744243ns          248757 1c0089c0 ee873733 p.bclr           x14, x14, 23, 8     x14=00000028 x14:00000028
13744262ns          248758 1c0089c4 1a10f6b7 lui              x13, 0x1a10f000     x13=1a10f000
13744282ns          248759 1c0089c8 0ff57513 andi             x10, x10, 255       x10=00000057 x10:00000057
13744302ns          248760 1c0089cc 00d70733 add              x14, x14, x13       x14=1a10f028 x14:00000028 x13:1a10f000
13744322ns          248761 1c0089ce 00a7e723 p.sw             x10, x0(x15)        x10:00000057 x15:00000000  PA:1a10f028
13744640ns          248777 1c0089d2 00000513 addi             x10, x0, 0          x10=00000000
13744660ns          248778 1c0089d4 00008067 jalr             x0, x1, 0            x1:1c008ae0
13744700ns          248780 1c008ae0 15f52c63 p.beqimm         x10, 344            x10:00000000
13744720ns          248781 1c008ae4 00140413 addi             x8, x8, 1            x8=00000004  x8:00000003
13744740ns          248782 1c008ae6 0004c503 lbu              x10, 0(x9)          x10=0000007c  x9:1c000158  PA:1c000158
13745058ns          248798 1c008aea 00148493 addi             x9, x9, 1            x9=1c000159  x9:1c000158
13745078ns          248799 1c008aec fe0514e3 bne              x10, x0, -24        x10:0000007c
13745138ns          248802 1c008ad4 02500793 addi             x15, x0, 37         x15=00000025
13745157ns          248803 1c008ad8 04f50763 beq              x10, x15, 78        x10:0000007c x15:00000025
13745177ns          248804 1c008adc 017005b3 add              x11, x0, x23        x11=00000002 x23:00000002
13745197ns          248805 1c008ade 000c80e7 jalr             x1, x25, 0           x1=1c008ae0 x25:1c0089d6
13745237ns          248807 1c0089d6 fd9ff06f jal              x0, -40            
13745277ns          248809 1c0089ae 000026b7 lui              x13, 0x2000         x13=00002000
13745297ns          248810 1c0089b0 f14027f3 csrrs            x15, x0, 0xf14      x15=00000005
13745317ns          248811 1c0089b4 f8068693 addi             x13, x13, -128      x13=00001f80 x13:00002000
13745336ns          248812 1c0089b8 00379713 slli             x14, x15, 0x3       x14=00000028 x15:00000005
13745356ns          248813 1c0089bc 00279793 slli             x15, x15, 0x2       x15=00000014 x15:00000005
13745376ns          248814 1c0089be 00d7f7b3 and              x15, x15, x13       x15=00000000 x15:00000014 x13:00001f80
13745396ns          248815 1c0089c0 ee873733 p.bclr           x14, x14, 23, 8     x14=00000028 x14:00000028
13745416ns          248816 1c0089c4 1a10f6b7 lui              x13, 0x1a10f000     x13=1a10f000
13745436ns          248817 1c0089c8 0ff57513 andi             x10, x10, 255       x10=0000007c x10:0000007c
13745456ns          248818 1c0089cc 00d70733 add              x14, x14, x13       x14=1a10f028 x14:00000028 x13:1a10f000
13745476ns          248819 1c0089ce 00a7e723 p.sw             x10, x0(x15)        x10:0000007c x15:00000000  PA:1a10f028
13745794ns          248835 1c0089d2 00000513 addi             x10, x0, 0          x10=00000000
13745814ns          248836 1c0089d4 00008067 jalr             x0, x1, 0            x1:1c008ae0
13745853ns          248838 1c008ae0 15f52c63 p.beqimm         x10, 344            x10:00000000
13745873ns          248839 1c008ae4 00140413 addi             x8, x8, 1            x8=00000005  x8:00000004
13745893ns          248840 1c008ae6 0004c503 lbu              x10, 0(x9)          x10=00000033  x9:1c000159  PA:1c000159
13746192ns          248855 1c008aea 00148493 addi             x9, x9, 1            x9=1c00015a  x9:1c000159
13746211ns          248856 1c008aec fe0514e3 bne              x10, x0, -24        x10:00000033
13746271ns          248859 1c008ad4 02500793 addi             x15, x0, 37         x15=00000025
13746291ns          248860 1c008ad8 04f50763 beq              x10, x15, 78        x10:00000033 x15:00000025
13746311ns          248861 1c008adc 017005b3 add              x11, x0, x23        x11=00000002 x23:00000002
13746331ns          248862 1c008ade 000c80e7 jalr             x1, x25, 0           x1=1c008ae0 x25:1c0089d6
13746371ns          248864 1c0089d6 fd9ff06f jal              x0, -40            
13746410ns          248866 1c0089ae 000026b7 lui              x13, 0x2000         x13=00002000
13746430ns          248867 1c0089b0 f14027f3 csrrs            x15, x0, 0xf14      x15=00000005
13746450ns          248868 1c0089b4 f8068693 addi             x13, x13, -128      x13=00001f80 x13:00002000
13746470ns          248869 1c0089b8 00379713 slli             x14, x15, 0x3       x14=00000028 x15:00000005
13746490ns          248870 1c0089bc 00279793 slli             x15, x15, 0x2       x15=00000014 x15:00000005
13746510ns          248871 1c0089be 00d7f7b3 and              x15, x15, x13       x15=00000000 x15:00000014 x13:00001f80
13746530ns          248872 1c0089c0 ee873733 p.bclr           x14, x14, 23, 8     x14=00000028 x14:00000028
13746550ns          248873 1c0089c4 1a10f6b7 lui              x13, 0x1a10f000     x13=1a10f000
13746569ns          248874 1c0089c8 0ff57513 andi             x10, x10, 255       x10=00000033 x10:00000033
13746589ns          248875 1c0089cc 00d70733 add              x14, x14, x13       x14=1a10f028 x14:00000028 x13:1a10f000
13746609ns          248876 1c0089ce 00a7e723 p.sw             x10, x0(x15)        x10:00000033 x15:00000000  PA:1a10f028
13746927ns          248892 1c0089d2 00000513 addi             x10, x0, 0          x10=00000000
13746947ns          248893 1c0089d4 00008067 jalr             x0, x1, 0            x1:1c008ae0
13746987ns          248895 1c008ae0 15f52c63 p.beqimm         x10, 344            x10:00000000
13747007ns          248896 1c008ae4 00140413 addi             x8, x8, 1            x8=00000006  x8:00000005
13747027ns          248897 1c008ae6 0004c503 lbu              x10, 0(x9)          x10=0000007c  x9:1c00015a  PA:1c00015a
13747325ns          248912 1c008aea 00148493 addi             x9, x9, 1            x9=1c00015b  x9:1c00015a
13747345ns          248913 1c008aec fe0514e3 bne              x10, x0, -24        x10:0000007c
13747405ns          248916 1c008ad4 02500793 addi             x15, x0, 37         x15=00000025
13747425ns          248917 1c008ad8 04f50763 beq              x10, x15, 78        x10:0000007c x15:00000025
13747445ns          248918 1c008adc 017005b3 add              x11, x0, x23        x11=00000002 x23:00000002
13747464ns          248919 1c008ade 000c80e7 jalr             x1, x25, 0           x1=1c008ae0 x25:1c0089d6
13747504ns          248921 1c0089d6 fd9ff06f jal              x0, -40            
13747544ns          248923 1c0089ae 000026b7 lui              x13, 0x2000         x13=00002000
13747564ns          248924 1c0089b0 f14027f3 csrrs            x15, x0, 0xf14      x15=00000005
13747584ns          248925 1c0089b4 f8068693 addi             x13, x13, -128      x13=00001f80 x13:00002000
13747604ns          248926 1c0089b8 00379713 slli             x14, x15, 0x3       x14=00000028 x15:00000005
13747624ns          248927 1c0089bc 00279793 slli             x15, x15, 0x2       x15=00000014 x15:00000005
13747643ns          248928 1c0089be 00d7f7b3 and              x15, x15, x13       x15=00000000 x15:00000014 x13:00001f80
13747663ns          248929 1c0089c0 ee873733 p.bclr           x14, x14, 23, 8     x14=00000028 x14:00000028
13747683ns          248930 1c0089c4 1a10f6b7 lui              x13, 0x1a10f000     x13=1a10f000
13747703ns          248931 1c0089c8 0ff57513 andi             x10, x10, 255       x10=0000007c x10:0000007c
13747723ns          248932 1c0089cc 00d70733 add              x14, x14, x13       x14=1a10f028 x14:00000028 x13:1a10f000
13747743ns          248933 1c0089ce 00a7e723 p.sw             x10, x0(x15)        x10:0000007c x15:00000000  PA:1a10f028
13748061ns          248949 1c0089d2 00000513 addi             x10, x0, 0          x10=00000000
13748081ns          248950 1c0089d4 00008067 jalr             x0, x1, 0            x1:1c008ae0
13748121ns          248952 1c008ae0 15f52c63 p.beqimm         x10, 344            x10:00000000
13748141ns          248953 1c008ae4 00140413 addi             x8, x8, 1            x8=00000007  x8:00000006
13748160ns          248954 1c008ae6 0004c503 lbu              x10, 0(x9)          x10=00000043  x9:1c00015b  PA:1c00015b
13748459ns          248969 1c008aea 00148493 addi             x9, x9, 1            x9=1c00015c  x9:1c00015b
13748479ns          248970 1c008aec fe0514e3 bne              x10, x0, -24        x10:00000043
13748538ns          248973 1c008ad4 02500793 addi             x15, x0, 37         x15=00000025
13748558ns          248974 1c008ad8 04f50763 beq              x10, x15, 78        x10:00000043 x15:00000025
13748578ns          248975 1c008adc 017005b3 add              x11, x0, x23        x11=00000002 x23:00000002
13748598ns          248976 1c008ade 000c80e7 jalr             x1, x25, 0           x1=1c008ae0 x25:1c0089d6
13748638ns          248978 1c0089d6 fd9ff06f jal              x0, -40            
13748678ns          248980 1c0089ae 000026b7 lui              x13, 0x2000         x13=00002000
13748697ns          248981 1c0089b0 f14027f3 csrrs            x15, x0, 0xf14      x15=00000005
13748717ns          248982 1c0089b4 f8068693 addi             x13, x13, -128      x13=00001f80 x13:00002000
13748737ns          248983 1c0089b8 00379713 slli             x14, x15, 0x3       x14=00000028 x15:00000005
13748757ns          248984 1c0089bc 00279793 slli             x15, x15, 0x2       x15=00000014 x15:00000005
13748777ns          248985 1c0089be 00d7f7b3 and              x15, x15, x13       x15=00000000 x15:00000014 x13:00001f80
13748797ns          248986 1c0089c0 ee873733 p.bclr           x14, x14, 23, 8     x14=00000028 x14:00000028
13748817ns          248987 1c0089c4 1a10f6b7 lui              x13, 0x1a10f000     x13=1a10f000
13748837ns          248988 1c0089c8 0ff57513 andi             x10, x10, 255       x10=00000043 x10:00000043
13748857ns          248989 1c0089cc 00d70733 add              x14, x14, x13       x14=1a10f028 x14:00000028 x13:1a10f000
13748876ns          248990 1c0089ce 00a7e723 p.sw             x10, x0(x15)        x10:00000043 x15:00000000  PA:1a10f028
13749195ns          249006 1c0089d2 00000513 addi             x10, x0, 0          x10=00000000
13749215ns          249007 1c0089d4 00008067 jalr             x0, x1, 0            x1:1c008ae0
13749254ns          249009 1c008ae0 15f52c63 p.beqimm         x10, 344            x10:00000000
13749274ns          249010 1c008ae4 00140413 addi             x8, x8, 1            x8=00000008  x8:00000007
13749294ns          249011 1c008ae6 0004c503 lbu              x10, 0(x9)          x10=0000004f  x9:1c00015c  PA:1c00015c
13749612ns          249027 1c008aea 00148493 addi             x9, x9, 1            x9=1c00015d  x9:1c00015c
13749632ns          249028 1c008aec fe0514e3 bne              x10, x0, -24        x10:0000004f
13749692ns          249031 1c008ad4 02500793 addi             x15, x0, 37         x15=00000025
13749712ns          249032 1c008ad8 04f50763 beq              x10, x15, 78        x10:0000004f x15:00000025
13749732ns          249033 1c008adc 017005b3 add              x11, x0, x23        x11=00000002 x23:00000002
13749752ns          249034 1c008ade 000c80e7 jalr             x1, x25, 0           x1=1c008ae0 x25:1c0089d6
13749791ns          249036 1c0089d6 fd9ff06f jal              x0, -40            
13749831ns          249038 1c0089ae 000026b7 lui              x13, 0x2000         x13=00002000
13749851ns          249039 1c0089b0 f14027f3 csrrs            x15, x0, 0xf14      x15=00000005
13749871ns          249040 1c0089b4 f8068693 addi             x13, x13, -128      x13=00001f80 x13:00002000
13749891ns          249041 1c0089b8 00379713 slli             x14, x15, 0x3       x14=00000028 x15:00000005
13749911ns          249042 1c0089bc 00279793 slli             x15, x15, 0x2       x15=00000014 x15:00000005
13749931ns          249043 1c0089be 00d7f7b3 and              x15, x15, x13       x15=00000000 x15:00000014 x13:00001f80
13749950ns          249044 1c0089c0 ee873733 p.bclr           x14, x14, 23, 8     x14=00000028 x14:00000028
13749970ns          249045 1c0089c4 1a10f6b7 lui              x13, 0x1a10f000     x13=1a10f000
13749990ns          249046 1c0089c8 0ff57513 andi             x10, x10, 255       x10=0000004f x10:0000004f
13750010ns          249047 1c0089cc 00d70733 add              x14, x14, x13       x14=1a10f028 x14:00000028 x13:1a10f000
13750030ns          249048 1c0089ce 00a7e723 p.sw             x10, x0(x15)        x10:0000004f x15:00000000  PA:1a10f028
13750368ns          249065 1c0089d2 00000513 addi             x10, x0, 0          x10=00000000
13750388ns          249066 1c0089d4 00008067 jalr             x0, x1, 0            x1:1c008ae0
13750428ns          249068 1c008ae0 15f52c63 p.beqimm         x10, 344            x10:00000000
13750448ns          249069 1c008ae4 00140413 addi             x8, x8, 1            x8=00000009  x8:00000008
13750468ns          249070 1c008ae6 0004c503 lbu              x10, 0(x9)          x10=00000052  x9:1c00015d  PA:1c00015d
13750766ns          249085 1c008aea 00148493 addi             x9, x9, 1            x9=1c00015e  x9:1c00015d
13750786ns          249086 1c008aec fe0514e3 bne              x10, x0, -24        x10:00000052
13750845ns          249089 1c008ad4 02500793 addi             x15, x0, 37         x15=00000025
13750865ns          249090 1c008ad8 04f50763 beq              x10, x15, 78        x10:00000052 x15:00000025
13750885ns          249091 1c008adc 017005b3 add              x11, x0, x23        x11=00000002 x23:00000002
13750905ns          249092 1c008ade 000c80e7 jalr             x1, x25, 0           x1=1c008ae0 x25:1c0089d6
13750945ns          249094 1c0089d6 fd9ff06f jal              x0, -40            
13750985ns          249096 1c0089ae 000026b7 lui              x13, 0x2000         x13=00002000
13751004ns          249097 1c0089b0 f14027f3 csrrs            x15, x0, 0xf14      x15=00000005
13751024ns          249098 1c0089b4 f8068693 addi             x13, x13, -128      x13=00001f80 x13:00002000
13751044ns          249099 1c0089b8 00379713 slli             x14, x15, 0x3       x14=00000028 x15:00000005
13751064ns          249100 1c0089bc 00279793 slli             x15, x15, 0x2       x15=00000014 x15:00000005
13751084ns          249101 1c0089be 00d7f7b3 and              x15, x15, x13       x15=00000000 x15:00000014 x13:00001f80
13751104ns          249102 1c0089c0 ee873733 p.bclr           x14, x14, 23, 8     x14=00000028 x14:00000028
13751124ns          249103 1c0089c4 1a10f6b7 lui              x13, 0x1a10f000     x13=1a10f000
13751144ns          249104 1c0089c8 0ff57513 andi             x10, x10, 255       x10=00000052 x10:00000052
13751164ns          249105 1c0089cc 00d70733 add              x14, x14, x13       x14=1a10f028 x14:00000028 x13:1a10f000
13751183ns          249106 1c0089ce 00a7e723 p.sw             x10, x0(x15)        x10:00000052 x15:00000000  PA:1a10f028
13751502ns          249122 1c0089d2 00000513 addi             x10, x0, 0          x10=00000000
13751522ns          249123 1c0089d4 00008067 jalr             x0, x1, 0            x1:1c008ae0
13751561ns          249125 1c008ae0 15f52c63 p.beqimm         x10, 344            x10:00000000
13751581ns          249126 1c008ae4 00140413 addi             x8, x8, 1            x8=0000000a  x8:00000009
13751601ns          249127 1c008ae6 0004c503 lbu              x10, 0(x9)          x10=00000045  x9:1c00015e  PA:1c00015e
13751899ns          249142 1c008aea 00148493 addi             x9, x9, 1            x9=1c00015f  x9:1c00015e
13751919ns          249143 1c008aec fe0514e3 bne              x10, x0, -24        x10:00000045
13751979ns          249146 1c008ad4 02500793 addi             x15, x0, 37         x15=00000025
13751999ns          249147 1c008ad8 04f50763 beq              x10, x15, 78        x10:00000045 x15:00000025
13752019ns          249148 1c008adc 017005b3 add              x11, x0, x23        x11=00000002 x23:00000002
13752039ns          249149 1c008ade 000c80e7 jalr             x1, x25, 0           x1=1c008ae0 x25:1c0089d6
13752078ns          249151 1c0089d6 fd9ff06f jal              x0, -40            
13752118ns          249153 1c0089ae 000026b7 lui              x13, 0x2000         x13=00002000
13752138ns          249154 1c0089b0 f14027f3 csrrs            x15, x0, 0xf14      x15=00000005
13752158ns          249155 1c0089b4 f8068693 addi             x13, x13, -128      x13=00001f80 x13:00002000
13752178ns          249156 1c0089b8 00379713 slli             x14, x15, 0x3       x14=00000028 x15:00000005
13752198ns          249157 1c0089bc 00279793 slli             x15, x15, 0x2       x15=00000014 x15:00000005
13752218ns          249158 1c0089be 00d7f7b3 and              x15, x15, x13       x15=00000000 x15:00000014 x13:00001f80
13752238ns          249159 1c0089c0 ee873733 p.bclr           x14, x14, 23, 8     x14=00000028 x14:00000028
13752257ns          249160 1c0089c4 1a10f6b7 lui              x13, 0x1a10f000     x13=1a10f000
13752277ns          249161 1c0089c8 0ff57513 andi             x10, x10, 255       x10=00000045 x10:00000045
13752297ns          249162 1c0089cc 00d70733 add              x14, x14, x13       x14=1a10f028 x14:00000028 x13:1a10f000
13752317ns          249163 1c0089ce 00a7e723 p.sw             x10, x0(x15)        x10:00000045 x15:00000000  PA:1a10f028
13752635ns          249179 1c0089d2 00000513 addi             x10, x0, 0          x10=00000000
13752655ns          249180 1c0089d4 00008067 jalr             x0, x1, 0            x1:1c008ae0
13752695ns          249182 1c008ae0 15f52c63 p.beqimm         x10, 344            x10:00000000
13752715ns          249183 1c008ae4 00140413 addi             x8, x8, 1            x8=0000000b  x8:0000000a
13752735ns          249184 1c008ae6 0004c503 lbu              x10, 0(x9)          x10=0000007c  x9:1c00015f  PA:1c00015f
13753053ns          249200 1c008aea 00148493 addi             x9, x9, 1            x9=1c000160  x9:1c00015f
13753073ns          249201 1c008aec fe0514e3 bne              x10, x0, -24        x10:0000007c
13753132ns          249204 1c008ad4 02500793 addi             x15, x0, 37         x15=00000025
13753152ns          249205 1c008ad8 04f50763 beq              x10, x15, 78        x10:0000007c x15:00000025
13753172ns          249206 1c008adc 017005b3 add              x11, x0, x23        x11=00000002 x23:00000002
13753192ns          249207 1c008ade 000c80e7 jalr             x1, x25, 0           x1=1c008ae0 x25:1c0089d6
13753232ns          249209 1c0089d6 fd9ff06f jal              x0, -40            
13753272ns          249211 1c0089ae 000026b7 lui              x13, 0x2000         x13=00002000
13753292ns          249212 1c0089b0 f14027f3 csrrs            x15, x0, 0xf14      x15=00000005
13753311ns          249213 1c0089b4 f8068693 addi             x13, x13, -128      x13=00001f80 x13:00002000
13753331ns          249214 1c0089b8 00379713 slli             x14, x15, 0x3       x14=00000028 x15:00000005
13753351ns          249215 1c0089bc 00279793 slli             x15, x15, 0x2       x15=00000014 x15:00000005
13753371ns          249216 1c0089be 00d7f7b3 and              x15, x15, x13       x15=00000000 x15:00000014 x13:00001f80
13753391ns          249217 1c0089c0 ee873733 p.bclr           x14, x14, 23, 8     x14=00000028 x14:00000028
13753411ns          249218 1c0089c4 1a10f6b7 lui              x13, 0x1a10f000     x13=1a10f000
13753431ns          249219 1c0089c8 0ff57513 andi             x10, x10, 255       x10=0000007c x10:0000007c
13753451ns          249220 1c0089cc 00d70733 add              x14, x14, x13       x14=1a10f028 x14:00000028 x13:1a10f000
13753471ns          249221 1c0089ce 00a7e723 p.sw             x10, x0(x15)        x10:0000007c x15:00000000  PA:1a10f028
13753789ns          249237 1c0089d2 00000513 addi             x10, x0, 0          x10=00000000
13753809ns          249238 1c0089d4 00008067 jalr             x0, x1, 0            x1:1c008ae0
13753848ns          249240 1c008ae0 15f52c63 p.beqimm         x10, 344            x10:00000000
13753868ns          249241 1c008ae4 00140413 addi             x8, x8, 1            x8=0000000c  x8:0000000b
13753888ns          249242 1c008ae6 0004c503 lbu              x10, 0(x9)          x10=00000063  x9:1c000160  PA:1c000160
13754187ns          249257 1c008aea 00148493 addi             x9, x9, 1            x9=1c000161  x9:1c000160
13754206ns          249258 1c008aec fe0514e3 bne              x10, x0, -24        x10:00000063
13754266ns          249261 1c008ad4 02500793 addi             x15, x0, 37         x15=00000025
13754286ns          249262 1c008ad8 04f50763 beq              x10, x15, 78        x10:00000063 x15:00000025
13754306ns          249263 1c008adc 017005b3 add              x11, x0, x23        x11=00000002 x23:00000002
13754326ns          249264 1c008ade 000c80e7 jalr             x1, x25, 0           x1=1c008ae0 x25:1c0089d6
13754366ns          249266 1c0089d6 fd9ff06f jal              x0, -40            
13754405ns          249268 1c0089ae 000026b7 lui              x13, 0x2000         x13=00002000
13754425ns          249269 1c0089b0 f14027f3 csrrs            x15, x0, 0xf14      x15=00000005
13754445ns          249270 1c0089b4 f8068693 addi             x13, x13, -128      x13=00001f80 x13:00002000
13754465ns          249271 1c0089b8 00379713 slli             x14, x15, 0x3       x14=00000028 x15:00000005
13754485ns          249272 1c0089bc 00279793 slli             x15, x15, 0x2       x15=00000014 x15:00000005
13754505ns          249273 1c0089be 00d7f7b3 and              x15, x15, x13       x15=00000000 x15:00000014 x13:00001f80
13754525ns          249274 1c0089c0 ee873733 p.bclr           x14, x14, 23, 8     x14=00000028 x14:00000028
13754545ns          249275 1c0089c4 1a10f6b7 lui              x13, 0x1a10f000     x13=1a10f000
13754564ns          249276 1c0089c8 0ff57513 andi             x10, x10, 255       x10=00000063 x10:00000063
13754584ns          249277 1c0089cc 00d70733 add              x14, x14, x13       x14=1a10f028 x14:00000028 x13:1a10f000
13754604ns          249278 1c0089ce 00a7e723 p.sw             x10, x0(x15)        x10:00000063 x15:00000000  PA:1a10f028
13754922ns          249294 1c0089d2 00000513 addi             x10, x0, 0          x10=00000000
13754942ns          249295 1c0089d4 00008067 jalr             x0, x1, 0            x1:1c008ae0
13754982ns          249297 1c008ae0 15f52c63 p.beqimm         x10, 344            x10:00000000
13755002ns          249298 1c008ae4 00140413 addi             x8, x8, 1            x8=0000000d  x8:0000000c
13755022ns          249299 1c008ae6 0004c503 lbu              x10, 0(x9)          x10=0000006c  x9:1c000161  PA:1c000161
13755320ns          249314 1c008aea 00148493 addi             x9, x9, 1            x9=1c000162  x9:1c000161
13755340ns          249315 1c008aec fe0514e3 bne              x10, x0, -24        x10:0000006c
13755400ns          249318 1c008ad4 02500793 addi             x15, x0, 37         x15=00000025
13755420ns          249319 1c008ad8 04f50763 beq              x10, x15, 78        x10:0000006c x15:00000025
13755440ns          249320 1c008adc 017005b3 add              x11, x0, x23        x11=00000002 x23:00000002
13755459ns          249321 1c008ade 000c80e7 jalr             x1, x25, 0           x1=1c008ae0 x25:1c0089d6
13755499ns          249323 1c0089d6 fd9ff06f jal              x0, -40            
13755539ns          249325 1c0089ae 000026b7 lui              x13, 0x2000         x13=00002000
13755559ns          249326 1c0089b0 f14027f3 csrrs            x15, x0, 0xf14      x15=00000005
13755579ns          249327 1c0089b4 f8068693 addi             x13, x13, -128      x13=00001f80 x13:00002000
13755599ns          249328 1c0089b8 00379713 slli             x14, x15, 0x3       x14=00000028 x15:00000005
13755618ns          249329 1c0089bc 00279793 slli             x15, x15, 0x2       x15=00000014 x15:00000005
13755638ns          249330 1c0089be 00d7f7b3 and              x15, x15, x13       x15=00000000 x15:00000014 x13:00001f80
13755658ns          249331 1c0089c0 ee873733 p.bclr           x14, x14, 23, 8     x14=00000028 x14:00000028
13755678ns          249332 1c0089c4 1a10f6b7 lui              x13, 0x1a10f000     x13=1a10f000
13755698ns          249333 1c0089c8 0ff57513 andi             x10, x10, 255       x10=0000006c x10:0000006c
13755718ns          249334 1c0089cc 00d70733 add              x14, x14, x13       x14=1a10f028 x14:00000028 x13:1a10f000
13755738ns          249335 1c0089ce 00a7e723 p.sw             x10, x0(x15)        x10:0000006c x15:00000000  PA:1a10f028
13756056ns          249351 1c0089d2 00000513 addi             x10, x0, 0          x10=00000000
13756076ns          249352 1c0089d4 00008067 jalr             x0, x1, 0            x1:1c008ae0
13756116ns          249354 1c008ae0 15f52c63 p.beqimm         x10, 344            x10:00000000
13756136ns          249355 1c008ae4 00140413 addi             x8, x8, 1            x8=0000000e  x8:0000000d
13756155ns          249356 1c008ae6 0004c503 lbu              x10, 0(x9)          x10=00000075  x9:1c000162  PA:1c000162
13756474ns          249372 1c008aea 00148493 addi             x9, x9, 1            x9=1c000163  x9:1c000162
13756494ns          249373 1c008aec fe0514e3 bne              x10, x0, -24        x10:00000075
13756553ns          249376 1c008ad4 02500793 addi             x15, x0, 37         x15=00000025
13756573ns          249377 1c008ad8 04f50763 beq              x10, x15, 78        x10:00000075 x15:00000025
13756593ns          249378 1c008adc 017005b3 add              x11, x0, x23        x11=00000002 x23:00000002
13756613ns          249379 1c008ade 000c80e7 jalr             x1, x25, 0           x1=1c008ae0 x25:1c0089d6
13756653ns          249381 1c0089d6 fd9ff06f jal              x0, -40            
13756692ns          249383 1c0089ae 000026b7 lui              x13, 0x2000         x13=00002000
13756712ns          249384 1c0089b0 f14027f3 csrrs            x15, x0, 0xf14      x15=00000005
13756732ns          249385 1c0089b4 f8068693 addi             x13, x13, -128      x13=00001f80 x13:00002000
13756752ns          249386 1c0089b8 00379713 slli             x14, x15, 0x3       x14=00000028 x15:00000005
13756772ns          249387 1c0089bc 00279793 slli             x15, x15, 0x2       x15=00000014 x15:00000005
13756792ns          249388 1c0089be 00d7f7b3 and              x15, x15, x13       x15=00000000 x15:00000014 x13:00001f80
13756812ns          249389 1c0089c0 ee873733 p.bclr           x14, x14, 23, 8     x14=00000028 x14:00000028
13756832ns          249390 1c0089c4 1a10f6b7 lui              x13, 0x1a10f000     x13=1a10f000
13756852ns          249391 1c0089c8 0ff57513 andi             x10, x10, 255       x10=00000075 x10:00000075
13756871ns          249392 1c0089cc 00d70733 add              x14, x14, x13       x14=1a10f028 x14:00000028 x13:1a10f000
13756891ns          249393 1c0089ce 00a7e723 p.sw             x10, x0(x15)        x10:00000075 x15:00000000  PA:1a10f028
13757210ns          249409 1c0089d2 00000513 addi             x10, x0, 0          x10=00000000
13757229ns          249410 1c0089d4 00008067 jalr             x0, x1, 0            x1:1c008ae0
13757269ns          249412 1c008ae0 15f52c63 p.beqimm         x10, 344            x10:00000000
13757289ns          249413 1c008ae4 00140413 addi             x8, x8, 1            x8=0000000f  x8:0000000e
13757309ns          249414 1c008ae6 0004c503 lbu              x10, 0(x9)          x10=00000073  x9:1c000163  PA:1c000163
13757607ns          249429 1c008aea 00148493 addi             x9, x9, 1            x9=1c000164  x9:1c000163
13757627ns          249430 1c008aec fe0514e3 bne              x10, x0, -24        x10:00000073
13757687ns          249433 1c008ad4 02500793 addi             x15, x0, 37         x15=00000025
13757707ns          249434 1c008ad8 04f50763 beq              x10, x15, 78        x10:00000073 x15:00000025
13757727ns          249435 1c008adc 017005b3 add              x11, x0, x23        x11=00000002 x23:00000002
13757747ns          249436 1c008ade 000c80e7 jalr             x1, x25, 0           x1=1c008ae0 x25:1c0089d6
13757786ns          249438 1c0089d6 fd9ff06f jal              x0, -40            
13757826ns          249440 1c0089ae 000026b7 lui              x13, 0x2000         x13=00002000
13757846ns          249441 1c0089b0 f14027f3 csrrs            x15, x0, 0xf14      x15=00000005
13757866ns          249442 1c0089b4 f8068693 addi             x13, x13, -128      x13=00001f80 x13:00002000
13757886ns          249443 1c0089b8 00379713 slli             x14, x15, 0x3       x14=00000028 x15:00000005
13757906ns          249444 1c0089bc 00279793 slli             x15, x15, 0x2       x15=00000014 x15:00000005
13757926ns          249445 1c0089be 00d7f7b3 and              x15, x15, x13       x15=00000000 x15:00000014 x13:00001f80
13757945ns          249446 1c0089c0 ee873733 p.bclr           x14, x14, 23, 8     x14=00000028 x14:00000028
13757965ns          249447 1c0089c4 1a10f6b7 lui              x13, 0x1a10f000     x13=1a10f000
13757985ns          249448 1c0089c8 0ff57513 andi             x10, x10, 255       x10=00000073 x10:00000073
13758005ns          249449 1c0089cc 00d70733 add              x14, x14, x13       x14=1a10f028 x14:00000028 x13:1a10f000
13758025ns          249450 1c0089ce 00a7e723 p.sw             x10, x0(x15)        x10:00000073 x15:00000000  PA:1a10f028
13758363ns          249467 1c0089d2 00000513 addi             x10, x0, 0          x10=00000000
13758383ns          249468 1c0089d4 00008067 jalr             x0, x1, 0            x1:1c008ae0
13758423ns          249470 1c008ae0 15f52c63 p.beqimm         x10, 344            x10:00000000
13758443ns          249471 1c008ae4 00140413 addi             x8, x8, 1            x8=00000010  x8:0000000f
13758462ns          249472 1c008ae6 0004c503 lbu              x10, 0(x9)          x10=00000074  x9:1c000164  PA:1c000164
13758761ns          249487 1c008aea 00148493 addi             x9, x9, 1            x9=1c000165  x9:1c000164
13758781ns          249488 1c008aec fe0514e3 bne              x10, x0, -24        x10:00000074
13758840ns          249491 1c008ad4 02500793 addi             x15, x0, 37         x15=00000025
13758860ns          249492 1c008ad8 04f50763 beq              x10, x15, 78        x10:00000074 x15:00000025
13758880ns          249493 1c008adc 017005b3 add              x11, x0, x23        x11=00000002 x23:00000002
13758900ns          249494 1c008ade 000c80e7 jalr             x1, x25, 0           x1=1c008ae0 x25:1c0089d6
13758940ns          249496 1c0089d6 fd9ff06f jal              x0, -40            
13758980ns          249498 1c0089ae 000026b7 lui              x13, 0x2000         x13=00002000
13758999ns          249499 1c0089b0 f14027f3 csrrs            x15, x0, 0xf14      x15=00000005
13759019ns          249500 1c0089b4 f8068693 addi             x13, x13, -128      x13=00001f80 x13:00002000
13759039ns          249501 1c0089b8 00379713 slli             x14, x15, 0x3       x14=00000028 x15:00000005
13759059ns          249502 1c0089bc 00279793 slli             x15, x15, 0x2       x15=00000014 x15:00000005
13759079ns          249503 1c0089be 00d7f7b3 and              x15, x15, x13       x15=00000000 x15:00000014 x13:00001f80
13759099ns          249504 1c0089c0 ee873733 p.bclr           x14, x14, 23, 8     x14=00000028 x14:00000028
13759119ns          249505 1c0089c4 1a10f6b7 lui              x13, 0x1a10f000     x13=1a10f000
13759139ns          249506 1c0089c8 0ff57513 andi             x10, x10, 255       x10=00000074 x10:00000074
13759159ns          249507 1c0089cc 00d70733 add              x14, x14, x13       x14=1a10f028 x14:00000028 x13:1a10f000
13759178ns          249508 1c0089ce 00a7e723 p.sw             x10, x0(x15)        x10:00000074 x15:00000000  PA:1a10f028
13759497ns          249524 1c0089d2 00000513 addi             x10, x0, 0          x10=00000000
13759517ns          249525 1c0089d4 00008067 jalr             x0, x1, 0            x1:1c008ae0
13759556ns          249527 1c008ae0 15f52c63 p.beqimm         x10, 344            x10:00000000
13759576ns          249528 1c008ae4 00140413 addi             x8, x8, 1            x8=00000011  x8:00000010
13759596ns          249529 1c008ae6 0004c503 lbu              x10, 0(x9)          x10=00000065  x9:1c000165  PA:1c000165
13759914ns          249545 1c008aea 00148493 addi             x9, x9, 1            x9=1c000166  x9:1c000165
13759934ns          249546 1c008aec fe0514e3 bne              x10, x0, -24        x10:00000065
13759994ns          249549 1c008ad4 02500793 addi             x15, x0, 37         x15=00000025
13760014ns          249550 1c008ad8 04f50763 beq              x10, x15, 78        x10:00000065 x15:00000025
13760034ns          249551 1c008adc 017005b3 add              x11, x0, x23        x11=00000002 x23:00000002
13760054ns          249552 1c008ade 000c80e7 jalr             x1, x25, 0           x1=1c008ae0 x25:1c0089d6
13760093ns          249554 1c0089d6 fd9ff06f jal              x0, -40            
13760133ns          249556 1c0089ae 000026b7 lui              x13, 0x2000         x13=00002000
13760153ns          249557 1c0089b0 f14027f3 csrrs            x15, x0, 0xf14      x15=00000005
13760173ns          249558 1c0089b4 f8068693 addi             x13, x13, -128      x13=00001f80 x13:00002000
13760193ns          249559 1c0089b8 00379713 slli             x14, x15, 0x3       x14=00000028 x15:00000005
13760213ns          249560 1c0089bc 00279793 slli             x15, x15, 0x2       x15=00000014 x15:00000005
13760233ns          249561 1c0089be 00d7f7b3 and              x15, x15, x13       x15=00000000 x15:00000014 x13:00001f80
13760252ns          249562 1c0089c0 ee873733 p.bclr           x14, x14, 23, 8     x14=00000028 x14:00000028
13760272ns          249563 1c0089c4 1a10f6b7 lui              x13, 0x1a10f000     x13=1a10f000
13760292ns          249564 1c0089c8 0ff57513 andi             x10, x10, 255       x10=00000065 x10:00000065
13760312ns          249565 1c0089cc 00d70733 add              x14, x14, x13       x14=1a10f028 x14:00000028 x13:1a10f000
13760332ns          249566 1c0089ce 00a7e723 p.sw             x10, x0(x15)        x10:00000065 x15:00000000  PA:1a10f028
13760650ns          249582 1c0089d2 00000513 addi             x10, x0, 0          x10=00000000
13760670ns          249583 1c0089d4 00008067 jalr             x0, x1, 0            x1:1c008ae0
13760710ns          249585 1c008ae0 15f52c63 p.beqimm         x10, 344            x10:00000000
13760730ns          249586 1c008ae4 00140413 addi             x8, x8, 1            x8=00000012  x8:00000011
13760750ns          249587 1c008ae6 0004c503 lbu              x10, 0(x9)          x10=00000072  x9:1c000166  PA:1c000166
13761068ns          249603 1c008aea 00148493 addi             x9, x9, 1            x9=1c000167  x9:1c000166
13761088ns          249604 1c008aec fe0514e3 bne              x10, x0, -24        x10:00000072
13761147ns          249607 1c008ad4 02500793 addi             x15, x0, 37         x15=00000025
13761167ns          249608 1c008ad8 04f50763 beq              x10, x15, 78        x10:00000072 x15:00000025
13761187ns          249609 1c008adc 017005b3 add              x11, x0, x23        x11=00000002 x23:00000002
13761207ns          249610 1c008ade 000c80e7 jalr             x1, x25, 0           x1=1c008ae0 x25:1c0089d6
13761247ns          249612 1c0089d6 fd9ff06f jal              x0, -40            
13761287ns          249614 1c0089ae 000026b7 lui              x13, 0x2000         x13=00002000
13761306ns          249615 1c0089b0 f14027f3 csrrs            x15, x0, 0xf14      x15=00000005
13761326ns          249616 1c0089b4 f8068693 addi             x13, x13, -128      x13=00001f80 x13:00002000
13761346ns          249617 1c0089b8 00379713 slli             x14, x15, 0x3       x14=00000028 x15:00000005
13761366ns          249618 1c0089bc 00279793 slli             x15, x15, 0x2       x15=00000014 x15:00000005
13761386ns          249619 1c0089be 00d7f7b3 and              x15, x15, x13       x15=00000000 x15:00000014 x13:00001f80
13761406ns          249620 1c0089c0 ee873733 p.bclr           x14, x14, 23, 8     x14=00000028 x14:00000028
13761426ns          249621 1c0089c4 1a10f6b7 lui              x13, 0x1a10f000     x13=1a10f000
13761446ns          249622 1c0089c8 0ff57513 andi             x10, x10, 255       x10=00000072 x10:00000072
13761466ns          249623 1c0089cc 00d70733 add              x14, x14, x13       x14=1a10f028 x14:00000028 x13:1a10f000
13761485ns          249624 1c0089ce 00a7e723 p.sw             x10, x0(x15)        x10:00000072 x15:00000000  PA:1a10f028
13761804ns          249640 1c0089d2 00000513 addi             x10, x0, 0          x10=00000000
13761824ns          249641 1c0089d4 00008067 jalr             x0, x1, 0            x1:1c008ae0
13761863ns          249643 1c008ae0 15f52c63 p.beqimm         x10, 344            x10:00000000
13761883ns          249644 1c008ae4 00140413 addi             x8, x8, 1            x8=00000013  x8:00000012
13761903ns          249645 1c008ae6 0004c503 lbu              x10, 0(x9)          x10=0000005f  x9:1c000167  PA:1c000167
13762221ns          249661 1c008aea 00148493 addi             x9, x9, 1            x9=1c000168  x9:1c000167
13762241ns          249662 1c008aec fe0514e3 bne              x10, x0, -24        x10:0000005f
13762301ns          249665 1c008ad4 02500793 addi             x15, x0, 37         x15=00000025
13762321ns          249666 1c008ad8 04f50763 beq              x10, x15, 78        x10:0000005f x15:00000025
13762341ns          249667 1c008adc 017005b3 add              x11, x0, x23        x11=00000002 x23:00000002
13762361ns          249668 1c008ade 000c80e7 jalr             x1, x25, 0           x1=1c008ae0 x25:1c0089d6
13762400ns          249670 1c0089d6 fd9ff06f jal              x0, -40            
13762440ns          249672 1c0089ae 000026b7 lui              x13, 0x2000         x13=00002000
13762460ns          249673 1c0089b0 f14027f3 csrrs            x15, x0, 0xf14      x15=00000005
13762480ns          249674 1c0089b4 f8068693 addi             x13, x13, -128      x13=00001f80 x13:00002000
13762500ns          249675 1c0089b8 00379713 slli             x14, x15, 0x3       x14=00000028 x15:00000005
13762520ns          249676 1c0089bc 00279793 slli             x15, x15, 0x2       x15=00000014 x15:00000005
13762540ns          249677 1c0089be 00d7f7b3 and              x15, x15, x13       x15=00000000 x15:00000014 x13:00001f80
13762559ns          249678 1c0089c0 ee873733 p.bclr           x14, x14, 23, 8     x14=00000028 x14:00000028
13762579ns          249679 1c0089c4 1a10f6b7 lui              x13, 0x1a10f000     x13=1a10f000
13762599ns          249680 1c0089c8 0ff57513 andi             x10, x10, 255       x10=0000005f x10:0000005f
13762619ns          249681 1c0089cc 00d70733 add              x14, x14, x13       x14=1a10f028 x14:00000028 x13:1a10f000
13762639ns          249682 1c0089ce 00a7e723 p.sw             x10, x0(x15)        x10:0000005f x15:00000000  PA:1a10f028
13762957ns          249698 1c0089d2 00000513 addi             x10, x0, 0          x10=00000000
13762977ns          249699 1c0089d4 00008067 jalr             x0, x1, 0            x1:1c008ae0
13763017ns          249701 1c008ae0 15f52c63 p.beqimm         x10, 344            x10:00000000
13763037ns          249702 1c008ae4 00140413 addi             x8, x8, 1            x8=00000014  x8:00000013
13763057ns          249703 1c008ae6 0004c503 lbu              x10, 0(x9)          x10=0000006c  x9:1c000168  PA:1c000168
13763355ns          249718 1c008aea 00148493 addi             x9, x9, 1            x9=1c000169  x9:1c000168
13763375ns          249719 1c008aec fe0514e3 bne              x10, x0, -24        x10:0000006c
13763434ns          249722 1c008ad4 02500793 addi             x15, x0, 37         x15=00000025
13763454ns          249723 1c008ad8 04f50763 beq              x10, x15, 78        x10:0000006c x15:00000025
13763474ns          249724 1c008adc 017005b3 add              x11, x0, x23        x11=00000002 x23:00000002
13763494ns          249725 1c008ade 000c80e7 jalr             x1, x25, 0           x1=1c008ae0 x25:1c0089d6
13763534ns          249727 1c0089d6 fd9ff06f jal              x0, -40            
13763574ns          249729 1c0089ae 000026b7 lui              x13, 0x2000         x13=00002000
13763594ns          249730 1c0089b0 f14027f3 csrrs            x15, x0, 0xf14      x15=00000005
13763613ns          249731 1c0089b4 f8068693 addi             x13, x13, -128      x13=00001f80 x13:00002000
13763633ns          249732 1c0089b8 00379713 slli             x14, x15, 0x3       x14=00000028 x15:00000005
13763653ns          249733 1c0089bc 00279793 slli             x15, x15, 0x2       x15=00000014 x15:00000005
13763673ns          249734 1c0089be 00d7f7b3 and              x15, x15, x13       x15=00000000 x15:00000014 x13:00001f80
13763693ns          249735 1c0089c0 ee873733 p.bclr           x14, x14, 23, 8     x14=00000028 x14:00000028
13763713ns          249736 1c0089c4 1a10f6b7 lui              x13, 0x1a10f000     x13=1a10f000
13763733ns          249737 1c0089c8 0ff57513 andi             x10, x10, 255       x10=0000006c x10:0000006c
13763753ns          249738 1c0089cc 00d70733 add              x14, x14, x13       x14=1a10f028 x14:00000028 x13:1a10f000
13763773ns          249739 1c0089ce 00a7e723 p.sw             x10, x0(x15)        x10:0000006c x15:00000000  PA:1a10f028
13764091ns          249755 1c0089d2 00000513 addi             x10, x0, 0          x10=00000000
13764111ns          249756 1c0089d4 00008067 jalr             x0, x1, 0            x1:1c008ae0
13764150ns          249758 1c008ae0 15f52c63 p.beqimm         x10, 344            x10:00000000
13764170ns          249759 1c008ae4 00140413 addi             x8, x8, 1            x8=00000015  x8:00000014
13764190ns          249760 1c008ae6 0004c503 lbu              x10, 0(x9)          x10=00000031  x9:1c000169  PA:1c000169
13764489ns          249775 1c008aea 00148493 addi             x9, x9, 1            x9=1c00016a  x9:1c000169
13764508ns          249776 1c008aec fe0514e3 bne              x10, x0, -24        x10:00000031
13764568ns          249779 1c008ad4 02500793 addi             x15, x0, 37         x15=00000025
13764588ns          249780 1c008ad8 04f50763 beq              x10, x15, 78        x10:00000031 x15:00000025
13764608ns          249781 1c008adc 017005b3 add              x11, x0, x23        x11=00000002 x23:00000002
13764628ns          249782 1c008ade 000c80e7 jalr             x1, x25, 0           x1=1c008ae0 x25:1c0089d6
13764668ns          249784 1c0089d6 fd9ff06f jal              x0, -40            
13764707ns          249786 1c0089ae 000026b7 lui              x13, 0x2000         x13=00002000
13764727ns          249787 1c0089b0 f14027f3 csrrs            x15, x0, 0xf14      x15=00000005
13764747ns          249788 1c0089b4 f8068693 addi             x13, x13, -128      x13=00001f80 x13:00002000
13764767ns          249789 1c0089b8 00379713 slli             x14, x15, 0x3       x14=00000028 x15:00000005
13764787ns          249790 1c0089bc 00279793 slli             x15, x15, 0x2       x15=00000014 x15:00000005
13764807ns          249791 1c0089be 00d7f7b3 and              x15, x15, x13       x15=00000000 x15:00000014 x13:00001f80
13764827ns          249792 1c0089c0 ee873733 p.bclr           x14, x14, 23, 8     x14=00000028 x14:00000028
13764847ns          249793 1c0089c4 1a10f6b7 lui              x13, 0x1a10f000     x13=1a10f000
13764866ns          249794 1c0089c8 0ff57513 andi             x10, x10, 255       x10=00000031 x10:00000031
13764886ns          249795 1c0089cc 00d70733 add              x14, x14, x13       x14=1a10f028 x14:00000028 x13:1a10f000
13764906ns          249796 1c0089ce 00a7e723 p.sw             x10, x0(x15)        x10:00000031 x15:00000000  PA:1a10f028
13765224ns          249812 1c0089d2 00000513 addi             x10, x0, 0          x10=00000000
13765244ns          249813 1c0089d4 00008067 jalr             x0, x1, 0            x1:1c008ae0
13765284ns          249815 1c008ae0 15f52c63 p.beqimm         x10, 344            x10:00000000
13765304ns          249816 1c008ae4 00140413 addi             x8, x8, 1            x8=00000016  x8:00000015
13765324ns          249817 1c008ae6 0004c503 lbu              x10, 0(x9)          x10=0000007c  x9:1c00016a  PA:1c00016a
13765622ns          249832 1c008aea 00148493 addi             x9, x9, 1            x9=1c00016b  x9:1c00016a
13765642ns          249833 1c008aec fe0514e3 bne              x10, x0, -24        x10:0000007c
13765702ns          249836 1c008ad4 02500793 addi             x15, x0, 37         x15=00000025
13765722ns          249837 1c008ad8 04f50763 beq              x10, x15, 78        x10:0000007c x15:00000025
13765741ns          249838 1c008adc 017005b3 add              x11, x0, x23        x11=00000002 x23:00000002
13765761ns          249839 1c008ade 000c80e7 jalr             x1, x25, 0           x1=1c008ae0 x25:1c0089d6
13765801ns          249841 1c0089d6 fd9ff06f jal              x0, -40            
13765841ns          249843 1c0089ae 000026b7 lui              x13, 0x2000         x13=00002000
13765861ns          249844 1c0089b0 f14027f3 csrrs            x15, x0, 0xf14      x15=00000005
13765881ns          249845 1c0089b4 f8068693 addi             x13, x13, -128      x13=00001f80 x13:00002000
13765901ns          249846 1c0089b8 00379713 slli             x14, x15, 0x3       x14=00000028 x15:00000005
13765920ns          249847 1c0089bc 00279793 slli             x15, x15, 0x2       x15=00000014 x15:00000005
13765940ns          249848 1c0089be 00d7f7b3 and              x15, x15, x13       x15=00000000 x15:00000014 x13:00001f80
13765960ns          249849 1c0089c0 ee873733 p.bclr           x14, x14, 23, 8     x14=00000028 x14:00000028
13765980ns          249850 1c0089c4 1a10f6b7 lui              x13, 0x1a10f000     x13=1a10f000
13766000ns          249851 1c0089c8 0ff57513 andi             x10, x10, 255       x10=0000007c x10:0000007c
13766020ns          249852 1c0089cc 00d70733 add              x14, x14, x13       x14=1a10f028 x14:00000028 x13:1a10f000
13766040ns          249853 1c0089ce 00a7e723 p.sw             x10, x0(x15)        x10:0000007c x15:00000000  PA:1a10f028
13766358ns          249869 1c0089d2 00000513 addi             x10, x0, 0          x10=00000000
13766378ns          249870 1c0089d4 00008067 jalr             x0, x1, 0            x1:1c008ae0
13766418ns          249872 1c008ae0 15f52c63 p.beqimm         x10, 344            x10:00000000
13766438ns          249873 1c008ae4 00140413 addi             x8, x8, 1            x8=00000017  x8:00000016
13766457ns          249874 1c008ae6 0004c503 lbu              x10, 0(x9)          x10=00000070  x9:1c00016b  PA:1c00016b
13766776ns          249890 1c008aea 00148493 addi             x9, x9, 1            x9=1c00016c  x9:1c00016b
13766796ns          249891 1c008aec fe0514e3 bne              x10, x0, -24        x10:00000070
13766855ns          249894 1c008ad4 02500793 addi             x15, x0, 37         x15=00000025
13766875ns          249895 1c008ad8 04f50763 beq              x10, x15, 78        x10:00000070 x15:00000025
13766895ns          249896 1c008adc 017005b3 add              x11, x0, x23        x11=00000002 x23:00000002
13766915ns          249897 1c008ade 000c80e7 jalr             x1, x25, 0           x1=1c008ae0 x25:1c0089d6
13766955ns          249899 1c0089d6 fd9ff06f jal              x0, -40            
13766994ns          249901 1c0089ae 000026b7 lui              x13, 0x2000         x13=00002000
13767014ns          249902 1c0089b0 f14027f3 csrrs            x15, x0, 0xf14      x15=00000005
13767034ns          249903 1c0089b4 f8068693 addi             x13, x13, -128      x13=00001f80 x13:00002000
13767054ns          249904 1c0089b8 00379713 slli             x14, x15, 0x3       x14=00000028 x15:00000005
13767074ns          249905 1c0089bc 00279793 slli             x15, x15, 0x2       x15=00000014 x15:00000005
13767094ns          249906 1c0089be 00d7f7b3 and              x15, x15, x13       x15=00000000 x15:00000014 x13:00001f80
13767114ns          249907 1c0089c0 ee873733 p.bclr           x14, x14, 23, 8     x14=00000028 x14:00000028
13767134ns          249908 1c0089c4 1a10f6b7 lui              x13, 0x1a10f000     x13=1a10f000
13767154ns          249909 1c0089c8 0ff57513 andi             x10, x10, 255       x10=00000070 x10:00000070
13767173ns          249910 1c0089cc 00d70733 add              x14, x14, x13       x14=1a10f028 x14:00000028 x13:1a10f000
13767193ns          249911 1c0089ce 00a7e723 p.sw             x10, x0(x15)        x10:00000070 x15:00000000  PA:1a10f028
13767512ns          249927 1c0089d2 00000513 addi             x10, x0, 0          x10=00000000
13767531ns          249928 1c0089d4 00008067 jalr             x0, x1, 0            x1:1c008ae0
13767571ns          249930 1c008ae0 15f52c63 p.beqimm         x10, 344            x10:00000000
13767591ns          249931 1c008ae4 00140413 addi             x8, x8, 1            x8=00000018  x8:00000017
13767611ns          249932 1c008ae6 0004c503 lbu              x10, 0(x9)          x10=00000065  x9:1c00016c  PA:1c00016c
13767909ns          249947 1c008aea 00148493 addi             x9, x9, 1            x9=1c00016d  x9:1c00016c
13767929ns          249948 1c008aec fe0514e3 bne              x10, x0, -24        x10:00000065
13767989ns          249951 1c008ad4 02500793 addi             x15, x0, 37         x15=00000025
13768009ns          249952 1c008ad8 04f50763 beq              x10, x15, 78        x10:00000065 x15:00000025
13768029ns          249953 1c008adc 017005b3 add              x11, x0, x23        x11=00000002 x23:00000002
13768048ns          249954 1c008ade 000c80e7 jalr             x1, x25, 0           x1=1c008ae0 x25:1c0089d6
13768088ns          249956 1c0089d6 fd9ff06f jal              x0, -40            
13768128ns          249958 1c0089ae 000026b7 lui              x13, 0x2000         x13=00002000
13768148ns          249959 1c0089b0 f14027f3 csrrs            x15, x0, 0xf14      x15=00000005
13768168ns          249960 1c0089b4 f8068693 addi             x13, x13, -128      x13=00001f80 x13:00002000
13768188ns          249961 1c0089b8 00379713 slli             x14, x15, 0x3       x14=00000028 x15:00000005
13768208ns          249962 1c0089bc 00279793 slli             x15, x15, 0x2       x15=00000014 x15:00000005
13768227ns          249963 1c0089be 00d7f7b3 and              x15, x15, x13       x15=00000000 x15:00000014 x13:00001f80
13768247ns          249964 1c0089c0 ee873733 p.bclr           x14, x14, 23, 8     x14=00000028 x14:00000028
13768267ns          249965 1c0089c4 1a10f6b7 lui              x13, 0x1a10f000     x13=1a10f000
13768287ns          249966 1c0089c8 0ff57513 andi             x10, x10, 255       x10=00000065 x10:00000065
13768307ns          249967 1c0089cc 00d70733 add              x14, x14, x13       x14=1a10f028 x14:00000028 x13:1a10f000
13768327ns          249968 1c0089ce 00a7e723 p.sw             x10, x0(x15)        x10:00000065 x15:00000000  PA:1a10f028
13768645ns          249984 1c0089d2 00000513 addi             x10, x0, 0          x10=00000000
13768665ns          249985 1c0089d4 00008067 jalr             x0, x1, 0            x1:1c008ae0
13768705ns          249987 1c008ae0 15f52c63 p.beqimm         x10, 344            x10:00000000
13768725ns          249988 1c008ae4 00140413 addi             x8, x8, 1            x8=00000019  x8:00000018
13768745ns          249989 1c008ae6 0004c503 lbu              x10, 0(x9)          x10=0000003d  x9:1c00016d  PA:1c00016d
13769043ns          250004 1c008aea 00148493 addi             x9, x9, 1            x9=1c00016e  x9:1c00016d
13769063ns          250005 1c008aec fe0514e3 bne              x10, x0, -24        x10:0000003d
13769122ns          250008 1c008ad4 02500793 addi             x15, x0, 37         x15=00000025
13769142ns          250009 1c008ad8 04f50763 beq              x10, x15, 78        x10:0000003d x15:00000025
13769162ns          250010 1c008adc 017005b3 add              x11, x0, x23        x11=00000002 x23:00000002
13769182ns          250011 1c008ade 000c80e7 jalr             x1, x25, 0           x1=1c008ae0 x25:1c0089d6
13769222ns          250013 1c0089d6 fd9ff06f jal              x0, -40            
13769262ns          250015 1c0089ae 000026b7 lui              x13, 0x2000         x13=00002000
13769282ns          250016 1c0089b0 f14027f3 csrrs            x15, x0, 0xf14      x15=00000005
13769301ns          250017 1c0089b4 f8068693 addi             x13, x13, -128      x13=00001f80 x13:00002000
13769321ns          250018 1c0089b8 00379713 slli             x14, x15, 0x3       x14=00000028 x15:00000005
13769341ns          250019 1c0089bc 00279793 slli             x15, x15, 0x2       x15=00000014 x15:00000005
13769361ns          250020 1c0089be 00d7f7b3 and              x15, x15, x13       x15=00000000 x15:00000014 x13:00001f80
13769381ns          250021 1c0089c0 ee873733 p.bclr           x14, x14, 23, 8     x14=00000028 x14:00000028
13769401ns          250022 1c0089c4 1a10f6b7 lui              x13, 0x1a10f000     x13=1a10f000
13769421ns          250023 1c0089c8 0ff57513 andi             x10, x10, 255       x10=0000003d x10:0000003d
13769441ns          250024 1c0089cc 00d70733 add              x14, x14, x13       x14=1a10f028 x14:00000028 x13:1a10f000
13769461ns          250025 1c0089ce 00a7e723 p.sw             x10, x0(x15)        x10:0000003d x15:00000000  PA:1a10f028
13769779ns          250041 1c0089d2 00000513 addi             x10, x0, 0          x10=00000000
13769799ns          250042 1c0089d4 00008067 jalr             x0, x1, 0            x1:1c008ae0
13769838ns          250044 1c008ae0 15f52c63 p.beqimm         x10, 344            x10:00000000
13769858ns          250045 1c008ae4 00140413 addi             x8, x8, 1            x8=0000001a  x8:00000019
13769878ns          250046 1c008ae6 0004c503 lbu              x10, 0(x9)          x10=00000025  x9:1c00016e  PA:1c00016e
13770216ns          250063 1c008aea 00148493 addi             x9, x9, 1            x9=1c00016f  x9:1c00016e
13770236ns          250064 1c008aec fe0514e3 bne              x10, x0, -24        x10:00000025
13770296ns          250067 1c008ad4 02500793 addi             x15, x0, 37         x15=00000025
13770316ns          250068 1c008ad8 04f50763 beq              x10, x15, 78        x10:00000025 x15:00000025
13770455ns          250075 1c008b26 0004cb03 lbu              x22, 0(x9)          x22=00000064  x9:1c00016f  PA:1c00016f
13770753ns          250090 1c008b2a 02000813 addi             x16, x0, 32         x16=00000020
13770773ns          250091 1c008b2e 00148a93 addi             x21, x9, 1          x21=1c000170  x9:1c00016f
13770793ns          250092 1c008b32 016005b3 add              x11, x0, x22        x11=00000064 x22:00000064
13770813ns          250093 1c008b34 2d8d8513 addi             x10, x27, 728       x10=1c0002d8 x27:1c000000
13770833ns          250094 1c008b38 01012823 sw               x16, 16(x2)         x16:00000020  x2:100061a8  PA:100061b8
13770853ns          250095 1c008b3a 00012c23 sw               x0, 24(x2)           x2:100061a8  PA:100061c0
13770873ns          250096 1c008b3c 00012a23 sw               x0, 20(x2)           x2:100061a8  PA:100061bc
13770892ns          250097 1c008b3e 00012e23 sw               x0, 28(x2)           x2:100061a8  PA:100061c4
13770912ns          250098 1c008b40 00012623 sw               x0, 12(x2)           x2:100061a8  PA:100061b4
13770932ns          250099 1c008b42 02300913 addi             x18, x0, 35         x18=00000023
13770952ns          250100 1c008b46 02d00a13 addi             x20, x0, 45         x20=0000002d
13770972ns          250101 1c008b4a 015009b3 add              x19, x0, x21        x19=1c000170 x21:1c000170
13770992ns          250102 1c008b4c de3ff0ef jal              x1, -542             x1=1c008b4e
13771191ns          250112 1c00892e 00054783 lbu              x15, 0(x10)         x15=0000002d x10:1c0002d8  PA:1c0002d8
13771549ns          250130 1c008932 0ff5f593 andi             x11, x11, 255       x11=00000064 x11:00000064
13771569ns          250131 1c008936 00b78c63 beq              x15, x11, 24        x15:0000002d x11:00000064
13771589ns          250132 1c00893a 00078b63 beq              x15, x0, 22         x15:0000002d
13771608ns          250133 1c00893c 00150793 addi             x15, x10, 1         x15=1c0002d9 x10:1c0002d8
13771648ns          250135 1c008940 0040006f jal              x0, 4              
13771688ns          250137 1c008944 00f00533 add              x10, x0, x15        x10=1c0002d9 x15:1c0002d9
13771708ns          250138 1c008946 0017c70b p.lbu            x14, 1(x15!)        x14=0000002b x15=1c0002da x15:1c0002d9  PA:1c0002d9
13772046ns          250155 1c00894a feb71ce3 bne              x14, x11, -8        x14:0000002b x11:00000064
13772106ns          250158 1c008942 00070763 beq              x14, x0, 14         x14:0000002b
13772126ns          250159 1c008944 00f00533 add              x10, x0, x15        x10=1c0002da x15:1c0002da
13772145ns          250160 1c008946 0017c70b p.lbu            x14, 1(x15!)        x14=00000020 x15=1c0002db x15:1c0002da  PA:1c0002da
13772464ns          250176 1c00894a feb71ce3 bne              x14, x11, -8        x14:00000020 x11:00000064
13772523ns          250179 1c008942 00070763 beq              x14, x0, 14         x14:00000020
13772543ns          250180 1c008944 00f00533 add              x10, x0, x15        x10=1c0002db x15:1c0002db
13772563ns          250181 1c008946 0017c70b p.lbu            x14, 1(x15!)        x14=00000023 x15=1c0002dc x15:1c0002db  PA:1c0002db
13772901ns          250198 1c00894a feb71ce3 bne              x14, x11, -8        x14:00000023 x11:00000064
13772961ns          250201 1c008942 00070763 beq              x14, x0, 14         x14:00000023
13772981ns          250202 1c008944 00f00533 add              x10, x0, x15        x10=1c0002dc x15:1c0002dc
13773001ns          250203 1c008946 0017c70b p.lbu            x14, 1(x15!)        x14=00000030 x15=1c0002dd x15:1c0002dc  PA:1c0002dc
13773319ns          250219 1c00894a feb71ce3 bne              x14, x11, -8        x14:00000030 x11:00000064
13773378ns          250222 1c008942 00070763 beq              x14, x0, 14         x14:00000030
13773398ns          250223 1c008944 00f00533 add              x10, x0, x15        x10=1c0002dd x15:1c0002dd
13773418ns          250224 1c008946 0017c70b p.lbu            x14, 1(x15!)        x14=00000000 x15=1c0002de x15:1c0002dd  PA:1c0002dd
13773756ns          250241 1c00894a feb71ce3 bne              x14, x11, -8        x14:00000000 x11:00000064
13773816ns          250244 1c008942 00070763 beq              x14, x0, 14         x14:00000000
13773876ns          250247 1c008950 0015b593 sltiu            x11, x11, 1         x11=00000000 x11:00000064
13773896ns          250248 1c008954 40b005b3 sub              x11, x0, x11        x11=00000000 x11:00000000
13773915ns          250249 1c008958 00b57533 and              x10, x10, x11       x10=00000000 x10:1c0002dd x11:00000000
13773935ns          250250 1c00895a 00008067 jalr             x0, x1, 0            x1:1c008b4e
13774035ns          250255 1c008b4e 02050a63 beq              x10, x0, 52         x10:00000000
13774174ns          250262 1c008b82 02a00613 addi             x12, x0, 42         x12=0000002a
13774194ns          250263 1c008b86 10cb0863 beq              x22, x12, 272       x22:00000064 x12:0000002a
13774214ns          250264 1c008b8a fd0b0613 addi             x12, x22, -48       x12=00000034 x22:00000064
13774234ns          250265 1c008b8e 00900593 addi             x11, x0, 9          x11=00000009
13774273ns          250267 1c008b90 00000a13 addi             x20, x0, 0          x20=00000000
13774313ns          250269 1c008b92 0ec5f263 bgeu             x11, x12, 228       x11:00000009 x12:00000034
13774333ns          250270 1c008b96 02e00713 addi             x14, x0, 46         x14=0000002e
13774353ns          250271 1c008b9a fff00a93 addi             x21, x0, -1         x21=ffffffff
13774373ns          250272 1c008b9c 14eb0563 beq              x22, x14, 330       x22:00000064 x14:0000002e
13774413ns          250274 1c008ba0 1c0007b7 lui              x15, 0x1c000000     x15=1c000000
13774452ns          250276 1c008ba4 016005b3 add              x11, x0, x22        x11=00000064 x22:00000064
13774472ns          250277 1c008ba6 2e078513 addi             x10, x15, 736       x10=1c0002e0 x15:1c000000
13774492ns          250278 1c008baa d85ff0ef jal              x1, -636             x1=1c008bac
13774612ns          250284 1c00892e 00054783 lbu              x15, 0(x10)         x15=00000068 x10:1c0002e0  PA:1c0002e0
13774910ns          250299 1c008932 0ff5f593 andi             x11, x11, 255       x11=00000064 x11:00000064
13774930ns          250300 1c008936 00b78c63 beq              x15, x11, 24        x15:00000068 x11:00000064
13774950ns          250301 1c00893a 00078b63 beq              x15, x0, 22         x15:00000068
13774970ns          250302 1c00893c 00150793 addi             x15, x10, 1         x15=1c0002e1 x10:1c0002e0
13774989ns          250303 1c008940 0040006f jal              x0, 4              
13775029ns          250305 1c008944 00f00533 add              x10, x0, x15        x10=1c0002e1 x15:1c0002e1
13775049ns          250306 1c008946 0017c70b p.lbu            x14, 1(x15!)        x14=0000006c x15=1c0002e2 x15:1c0002e1  PA:1c0002e1
13775367ns          250322 1c00894a feb71ce3 bne              x14, x11, -8        x14:0000006c x11:00000064
13775427ns          250325 1c008942 00070763 beq              x14, x0, 14         x14:0000006c
13775447ns          250326 1c008944 00f00533 add              x10, x0, x15        x10=1c0002e2 x15:1c0002e2
13775467ns          250327 1c008946 0017c70b p.lbu            x14, 1(x15!)        x14=0000004c x15=1c0002e3 x15:1c0002e2  PA:1c0002e2
13775785ns          250343 1c00894a feb71ce3 bne              x14, x11, -8        x14:0000004c x11:00000064
13775845ns          250346 1c008942 00070763 beq              x14, x0, 14         x14:0000004c
13775864ns          250347 1c008944 00f00533 add              x10, x0, x15        x10=1c0002e3 x15:1c0002e3
13775884ns          250348 1c008946 0017c70b p.lbu            x14, 1(x15!)        x14=0000007a x15=1c0002e4 x15:1c0002e3  PA:1c0002e3
13776203ns          250364 1c00894a feb71ce3 bne              x14, x11, -8        x14:0000007a x11:00000064
13776262ns          250367 1c008942 00070763 beq              x14, x0, 14         x14:0000007a
13776282ns          250368 1c008944 00f00533 add              x10, x0, x15        x10=1c0002e4 x15:1c0002e4
13776302ns          250369 1c008946 0017c70b p.lbu            x14, 1(x15!)        x14=00000000 x15=1c0002e5 x15:1c0002e4  PA:1c0002e4
13776620ns          250385 1c00894a feb71ce3 bne              x14, x11, -8        x14:00000000 x11:00000064
13776680ns          250388 1c008942 00070763 beq              x14, x0, 14         x14:00000000
13776740ns          250391 1c008950 0015b593 sltiu            x11, x11, 1         x11=00000000 x11:00000064
13776759ns          250392 1c008954 40b005b3 sub              x11, x0, x11        x11=00000000 x11:00000000
13776779ns          250393 1c008958 00b57533 and              x10, x10, x11       x10=00000000 x10:1c0002e4 x11:00000000
13776799ns          250394 1c00895a 00008067 jalr             x0, x1, 0            x1:1c008bac
13776839ns          250396 1c008bac 013004b3 add              x9, x0, x19          x9=1c000170 x19:1c000170
13776859ns          250397 1c008bae 00050563 beq              x10, x0, 10         x10:00000000
13776919ns          250400 1c008bb8 06700713 addi             x14, x0, 103        x14=00000067
13776938ns          250401 1c008bbc 0f675b63 bge              x14, x22, 246       x14:00000067 x22:00000064
13777117ns          250410 1c008cb2 06500713 addi             x14, x0, 101        x14=00000065
13777137ns          250411 1c008cb6 0ceb5863 bge              x22, x14, 208       x22:00000064 x14:00000065
13777157ns          250412 1c008cba 04700713 addi             x14, x0, 71         x14=00000047
13777217ns          250415 1c008cbe 4d674d63 blt              x14, x22, 1242      x14:00000047 x22:00000064
13777316ns          250420 1c009198 06300713 addi             x14, x0, 99         x14=00000063
13777356ns          250422 1c00919c 10eb0a63 beq              x22, x14, 276       x22:00000064 x14:00000063
13777416ns          250425 1c0091a0 0d674263 blt              x14, x22, 196       x14:00000063 x22:00000064
13777515ns          250430 1c009264 000c2583 lw               x11, 0(x24)         x11=00000005 x24:100062fc  PA:100062fc
13777555ns          250432 1c009268 004c0c13 addi             x24, x24, 4         x24=10006300 x24:100062fc
13777575ns          250433 1c00926a 1e05c963 blt              x11, x0, 498        x11:00000005
13777595ns          250434 1c00926e 01412783 lw               x15, 20(x2)         x15=00000000  x2:100061a8  PA:100061bc
13777635ns          250436 1c009270 18079663 bne              x15, x0, 396        x15:00000000
13777674ns          250438 1c009274 01812803 lw               x16, 24(x2)         x16=00000000  x2:100061a8  PA:100061c0
13777714ns          250440 1c009276 32080963 beq              x16, x0, 818        x16:00000000
13777853ns          250447 1c0095a8 015006b3 add              x13, x0, x21        x13=ffffffff x21:ffffffff
13777873ns          250448 1c0095aa 00a00613 addi             x12, x0, 10         x12=0000000a
13777893ns          250449 1c0095ac 01a00533 add              x10, x0, x26        x10=100061cc x26:100061cc
13777953ns          250452 1c0095ae c74ff0ef jal              x1, -2956            x1=1c0095b2
13778032ns          250456 1c008a22 00a00733 add              x14, x0, x10        x14=100061cc x10:100061cc
13778072ns          250458 1c008a24 00a007b3 add              x15, x0, x10        x15=100061cc x10:100061cc
13778092ns          250459 1c008a26 00900313 addi             x6, x0, 9            x6=00000009
13778112ns          250460 1c008a28 02c5f8b3 remu             x17, x11, x12       x17=00000005 x11:00000005 x12:0000000a
13778728ns          250491 1c008a2c 0ff8f813 andi             x16, x17, 255       x16=00000005 x17:00000005
13778748ns          250492 1c008a30 00000513 addi             x10, x0, 0          x10=00000000
13778768ns          250493 1c008a32 02c5d5b3 divu             x11, x11, x12       x11=00000000 x11:00000005 x12:0000000a
13779385ns          250524 1c008a36 03080813 addi             x16, x16, 48        x16=00000035 x16:00000005
13779405ns          250525 1c008a3a 01137463 bgeu             x6, x17, 8           x6:00000009 x17:00000005
13779464ns          250528 1c008a42 01050533 add              x10, x10, x16       x10=00000035 x10:00000000 x16:00000035
13779484ns          250529 1c008a44 00a780ab p.sb             x10, 1(x15!)        x15=100061cd x10:00000035 x15:100061cc  PA:100061cc
13779504ns          250530 1c008a48 fe0590e3 bne              x11, x0, -32        x11:00000000
13779524ns          250531 1c008a4a 40e78533 sub              x10, x15, x14       x10=00000001 x15:100061cd x14:100061cc
13779584ns          250534 1c008a4e 00d55d63 bge              x10, x13, 26        x10:00000001 x13:ffffffff
13779683ns          250539 1c008a68 fe078fab p.sb             x0, -1(x15!)        x15=100061cc x15:100061cd  PA:100061cd
13779723ns          250541 1c008a6c 00f77c63 bgeu             x14, x15, 24        x14:100061cc x15:100061cc
13779822ns          250546 1c008a84 00008067 jalr             x0, x1, 0            x1:1c0095b2
13779862ns          250548 1c0095b2 00a009b3 add              x19, x0, x10        x19=00000001 x10:00000001
13779882ns          250549 1c0095b4 00012623 sw               x0, 12(x2)           x2:100061a8  PA:100061b4
13779902ns          250550 1c0095b6 ce7ff06f jal              x0, -794           
13779981ns          250554 1c00929c e7faa7e3 p.beqimm         x21, -402           x21:ffffffff
13780180ns          250564 1c00910a 0c800793 addi             x15, x0, 200        x15=000000c8
13780240ns          250567 1c00910e b337c5e3 blt              x15, x19, -1238     x15:000000c8 x19:00000001
13780280ns          250569 1c009112 0f49c363 blt              x19, x20, 230       x19:00000001 x20:00000000
13780300ns          250570 1c009116 01300a33 add              x20, x0, x19        x20=00000001 x19:00000001
13780319ns          250571 1c009118 b00a11e3 bne              x20, x0, -1278      x20:00000001
13780459ns          250578 1c008c1a 01a00933 add              x18, x0, x26        x18=100061cc x26:100061cc
13780498ns          250580 1c008c1c 41a409b3 sub              x19, x8, x26        x19=efff9e4e  x8:0000001a x26:100061cc
13780558ns          250583 1c008c20 00a0006f jal              x0, 10             
13780618ns          250586 1c008c2a 0019450b p.lbu            x10, 1(x18!)        x10=00000035 x18=100061cd x18:100061cc  PA:100061cc
13780638ns          250587 1c008c2e 017005b3 add              x11, x0, x23        x11=00000002 x23:00000002
13780677ns          250589 1c008c30 000c80e7 jalr             x1, x25, 0           x1=1c008c32 x25:1c0089d6
13780757ns          250593 1c0089d6 fd9ff06f jal              x0, -40            
13780836ns          250597 1c0089ae 000026b7 lui              x13, 0x2000         x13=00002000
13780916ns          250601 1c0089b0 f14027f3 csrrs            x15, x0, 0xf14      x15=00000005
13780956ns          250603 1c0089b4 f8068693 addi             x13, x13, -128      x13=00001f80 x13:00002000
13780976ns          250604 1c0089b8 00379713 slli             x14, x15, 0x3       x14=00000028 x15:00000005
13780996ns          250605 1c0089bc 00279793 slli             x15, x15, 0x2       x15=00000014 x15:00000005
13781015ns          250606 1c0089be 00d7f7b3 and              x15, x15, x13       x15=00000000 x15:00000014 x13:00001f80
13781055ns          250608 1c0089c0 ee873733 p.bclr           x14, x14, 23, 8     x14=00000028 x14:00000028
13781095ns          250610 1c0089c4 1a10f6b7 lui              x13, 0x1a10f000     x13=1a10f000
13781115ns          250611 1c0089c8 0ff57513 andi             x10, x10, 255       x10=00000035 x10:00000035
13781135ns          250612 1c0089cc 00d70733 add              x14, x14, x13       x14=1a10f028 x14:00000028 x13:1a10f000
13781155ns          250613 1c0089ce 00a7e723 p.sw             x10, x0(x15)        x10:00000035 x15:00000000  PA:1a10f028
13781473ns          250629 1c0089d2 00000513 addi             x10, x0, 0          x10=00000000
13781493ns          250630 1c0089d4 00008067 jalr             x0, x1, 0            x1:1c008c32
13781533ns          250632 1c008c32 fffa0a13 addi             x20, x20, -1        x20=00000000 x20:00000001
13781552ns          250633 1c008c34 fff537e3 p.bneimm         x10, -18            x10:00000000
13781692ns          250640 1c008c22 01298433 add              x8, x19, x18         x8=0000001b x19:efff9e4e x18:100061cd
13781712ns          250641 1c008c26 ea0a03e3 beq              x20, x0, -346       x20:00000000
13781811ns          250646 1c008acc 0004c503 lbu              x10, 0(x9)          x10=0000007c  x9:1c000170  PA:1c000170
13782149ns          250663 1c008ad0 00148493 addi             x9, x9, 1            x9=1c000171  x9:1c000170
13782169ns          250664 1c008ad2 00050e63 beq              x10, x0, 28         x10:0000007c
13782189ns          250665 1c008ad4 02500793 addi             x15, x0, 37         x15=00000025
13782209ns          250666 1c008ad8 04f50763 beq              x10, x15, 78        x10:0000007c x15:00000025
13782229ns          250667 1c008adc 017005b3 add              x11, x0, x23        x11=00000002 x23:00000002
13782249ns          250668 1c008ade 000c80e7 jalr             x1, x25, 0           x1=1c008ae0 x25:1c0089d6
13782308ns          250671 1c0089d6 fd9ff06f jal              x0, -40            
13782348ns          250673 1c0089ae 000026b7 lui              x13, 0x2000         x13=00002000
13782368ns          250674 1c0089b0 f14027f3 csrrs            x15, x0, 0xf14      x15=00000005
13782388ns          250675 1c0089b4 f8068693 addi             x13, x13, -128      x13=00001f80 x13:00002000
13782408ns          250676 1c0089b8 00379713 slli             x14, x15, 0x3       x14=00000028 x15:00000005
13782428ns          250677 1c0089bc 00279793 slli             x15, x15, 0x2       x15=00000014 x15:00000005
13782447ns          250678 1c0089be 00d7f7b3 and              x15, x15, x13       x15=00000000 x15:00000014 x13:00001f80
13782487ns          250680 1c0089c0 ee873733 p.bclr           x14, x14, 23, 8     x14=00000028 x14:00000028
13782527ns          250682 1c0089c4 1a10f6b7 lui              x13, 0x1a10f000     x13=1a10f000
13782547ns          250683 1c0089c8 0ff57513 andi             x10, x10, 255       x10=0000007c x10:0000007c
13782567ns          250684 1c0089cc 00d70733 add              x14, x14, x13       x14=1a10f028 x14:00000028 x13:1a10f000
13782587ns          250685 1c0089ce 00a7e723 p.sw             x10, x0(x15)        x10:0000007c x15:00000000  PA:1a10f028
13782905ns          250701 1c0089d2 00000513 addi             x10, x0, 0          x10=00000000
13782925ns          250702 1c0089d4 00008067 jalr             x0, x1, 0            x1:1c008ae0
13782964ns          250704 1c008ae0 15f52c63 p.beqimm         x10, 344            x10:00000000
13782984ns          250705 1c008ae4 00140413 addi             x8, x8, 1            x8=0000001c  x8:0000001b
13783004ns          250706 1c008ae6 0004c503 lbu              x10, 0(x9)          x10=00000073  x9:1c000171  PA:1c000171
13783322ns          250722 1c008aea 00148493 addi             x9, x9, 1            x9=1c000172  x9:1c000171
13783342ns          250723 1c008aec fe0514e3 bne              x10, x0, -24        x10:00000073
13783402ns          250726 1c008ad4 02500793 addi             x15, x0, 37         x15=00000025
13783422ns          250727 1c008ad8 04f50763 beq              x10, x15, 78        x10:00000073 x15:00000025
13783442ns          250728 1c008adc 017005b3 add              x11, x0, x23        x11=00000002 x23:00000002
13783462ns          250729 1c008ade 000c80e7 jalr             x1, x25, 0           x1=1c008ae0 x25:1c0089d6
13783501ns          250731 1c0089d6 fd9ff06f jal              x0, -40            
13783541ns          250733 1c0089ae 000026b7 lui              x13, 0x2000         x13=00002000
13783561ns          250734 1c0089b0 f14027f3 csrrs            x15, x0, 0xf14      x15=00000005
13783581ns          250735 1c0089b4 f8068693 addi             x13, x13, -128      x13=00001f80 x13:00002000
13783601ns          250736 1c0089b8 00379713 slli             x14, x15, 0x3       x14=00000028 x15:00000005
13783621ns          250737 1c0089bc 00279793 slli             x15, x15, 0x2       x15=00000014 x15:00000005
13783641ns          250738 1c0089be 00d7f7b3 and              x15, x15, x13       x15=00000000 x15:00000014 x13:00001f80
13783661ns          250739 1c0089c0 ee873733 p.bclr           x14, x14, 23, 8     x14=00000028 x14:00000028
13783680ns          250740 1c0089c4 1a10f6b7 lui              x13, 0x1a10f000     x13=1a10f000
13783700ns          250741 1c0089c8 0ff57513 andi             x10, x10, 255       x10=00000073 x10:00000073
13783720ns          250742 1c0089cc 00d70733 add              x14, x14, x13       x14=1a10f028 x14:00000028 x13:1a10f000
13783740ns          250743 1c0089ce 00a7e723 p.sw             x10, x0(x15)        x10:00000073 x15:00000000  PA:1a10f028
13784058ns          250759 1c0089d2 00000513 addi             x10, x0, 0          x10=00000000
13784078ns          250760 1c0089d4 00008067 jalr             x0, x1, 0            x1:1c008ae0
13784118ns          250762 1c008ae0 15f52c63 p.beqimm         x10, 344            x10:00000000
13784138ns          250763 1c008ae4 00140413 addi             x8, x8, 1            x8=0000001d  x8:0000001c
13784158ns          250764 1c008ae6 0004c503 lbu              x10, 0(x9)          x10=00000065  x9:1c000172  PA:1c000172
13784456ns          250779 1c008aea 00148493 addi             x9, x9, 1            x9=1c000173  x9:1c000172
13784476ns          250780 1c008aec fe0514e3 bne              x10, x0, -24        x10:00000065
13784536ns          250783 1c008ad4 02500793 addi             x15, x0, 37         x15=00000025
13784556ns          250784 1c008ad8 04f50763 beq              x10, x15, 78        x10:00000065 x15:00000025
13784575ns          250785 1c008adc 017005b3 add              x11, x0, x23        x11=00000002 x23:00000002
13784595ns          250786 1c008ade 000c80e7 jalr             x1, x25, 0           x1=1c008ae0 x25:1c0089d6
13784635ns          250788 1c0089d6 fd9ff06f jal              x0, -40            
13784675ns          250790 1c0089ae 000026b7 lui              x13, 0x2000         x13=00002000
13784695ns          250791 1c0089b0 f14027f3 csrrs            x15, x0, 0xf14      x15=00000005
13784715ns          250792 1c0089b4 f8068693 addi             x13, x13, -128      x13=00001f80 x13:00002000
13784735ns          250793 1c0089b8 00379713 slli             x14, x15, 0x3       x14=00000028 x15:00000005
13784754ns          250794 1c0089bc 00279793 slli             x15, x15, 0x2       x15=00000014 x15:00000005
13784774ns          250795 1c0089be 00d7f7b3 and              x15, x15, x13       x15=00000000 x15:00000014 x13:00001f80
13784794ns          250796 1c0089c0 ee873733 p.bclr           x14, x14, 23, 8     x14=00000028 x14:00000028
13784814ns          250797 1c0089c4 1a10f6b7 lui              x13, 0x1a10f000     x13=1a10f000
13784834ns          250798 1c0089c8 0ff57513 andi             x10, x10, 255       x10=00000065 x10:00000065
13784854ns          250799 1c0089cc 00d70733 add              x14, x14, x13       x14=1a10f028 x14:00000028 x13:1a10f000
13784874ns          250800 1c0089ce 00a7e723 p.sw             x10, x0(x15)        x10:00000065 x15:00000000  PA:1a10f028
13785192ns          250816 1c0089d2 00000513 addi             x10, x0, 0          x10=00000000
13785212ns          250817 1c0089d4 00008067 jalr             x0, x1, 0            x1:1c008ae0
13785252ns          250819 1c008ae0 15f52c63 p.beqimm         x10, 344            x10:00000000
13785272ns          250820 1c008ae4 00140413 addi             x8, x8, 1            x8=0000001e  x8:0000001d
13785291ns          250821 1c008ae6 0004c503 lbu              x10, 0(x9)          x10=00000065  x9:1c000173  PA:1c000173
13785590ns          250836 1c008aea 00148493 addi             x9, x9, 1            x9=1c000174  x9:1c000173
13785610ns          250837 1c008aec fe0514e3 bne              x10, x0, -24        x10:00000065
13785669ns          250840 1c008ad4 02500793 addi             x15, x0, 37         x15=00000025
13785689ns          250841 1c008ad8 04f50763 beq              x10, x15, 78        x10:00000065 x15:00000025
13785709ns          250842 1c008adc 017005b3 add              x11, x0, x23        x11=00000002 x23:00000002
13785729ns          250843 1c008ade 000c80e7 jalr             x1, x25, 0           x1=1c008ae0 x25:1c0089d6
13785769ns          250845 1c0089d6 fd9ff06f jal              x0, -40            
13785808ns          250847 1c0089ae 000026b7 lui              x13, 0x2000         x13=00002000
13785828ns          250848 1c0089b0 f14027f3 csrrs            x15, x0, 0xf14      x15=00000005
13785848ns          250849 1c0089b4 f8068693 addi             x13, x13, -128      x13=00001f80 x13:00002000
13785868ns          250850 1c0089b8 00379713 slli             x14, x15, 0x3       x14=00000028 x15:00000005
13785888ns          250851 1c0089bc 00279793 slli             x15, x15, 0x2       x15=00000014 x15:00000005
13785908ns          250852 1c0089be 00d7f7b3 and              x15, x15, x13       x15=00000000 x15:00000014 x13:00001f80
13785928ns          250853 1c0089c0 ee873733 p.bclr           x14, x14, 23, 8     x14=00000028 x14:00000028
13785948ns          250854 1c0089c4 1a10f6b7 lui              x13, 0x1a10f000     x13=1a10f000
13785968ns          250855 1c0089c8 0ff57513 andi             x10, x10, 255       x10=00000065 x10:00000065
13785987ns          250856 1c0089cc 00d70733 add              x14, x14, x13       x14=1a10f028 x14:00000028 x13:1a10f000
13786007ns          250857 1c0089ce 00a7e723 p.sw             x10, x0(x15)        x10:00000065 x15:00000000  PA:1a10f028
13786326ns          250873 1c0089d2 00000513 addi             x10, x0, 0          x10=00000000
13786345ns          250874 1c0089d4 00008067 jalr             x0, x1, 0            x1:1c008ae0
13786385ns          250876 1c008ae0 15f52c63 p.beqimm         x10, 344            x10:00000000
13786405ns          250877 1c008ae4 00140413 addi             x8, x8, 1            x8=0000001f  x8:0000001e
13786425ns          250878 1c008ae6 0004c503 lbu              x10, 0(x9)          x10=0000006e  x9:1c000174  PA:1c000174
13786723ns          250893 1c008aea 00148493 addi             x9, x9, 1            x9=1c000175  x9:1c000174
13786743ns          250894 1c008aec fe0514e3 bne              x10, x0, -24        x10:0000006e
13786803ns          250897 1c008ad4 02500793 addi             x15, x0, 37         x15=00000025
13786823ns          250898 1c008ad8 04f50763 beq              x10, x15, 78        x10:0000006e x15:00000025
13786843ns          250899 1c008adc 017005b3 add              x11, x0, x23        x11=00000002 x23:00000002
13786863ns          250900 1c008ade 000c80e7 jalr             x1, x25, 0           x1=1c008ae0 x25:1c0089d6
13786902ns          250902 1c0089d6 fd9ff06f jal              x0, -40            
13786942ns          250904 1c0089ae 000026b7 lui              x13, 0x2000         x13=00002000
13786962ns          250905 1c0089b0 f14027f3 csrrs            x15, x0, 0xf14      x15=00000005
13786982ns          250906 1c0089b4 f8068693 addi             x13, x13, -128      x13=00001f80 x13:00002000
13787002ns          250907 1c0089b8 00379713 slli             x14, x15, 0x3       x14=00000028 x15:00000005
13787022ns          250908 1c0089bc 00279793 slli             x15, x15, 0x2       x15=00000014 x15:00000005
13787042ns          250909 1c0089be 00d7f7b3 and              x15, x15, x13       x15=00000000 x15:00000014 x13:00001f80
13787061ns          250910 1c0089c0 ee873733 p.bclr           x14, x14, 23, 8     x14=00000028 x14:00000028
13787081ns          250911 1c0089c4 1a10f6b7 lui              x13, 0x1a10f000     x13=1a10f000
13787101ns          250912 1c0089c8 0ff57513 andi             x10, x10, 255       x10=0000006e x10:0000006e
13787121ns          250913 1c0089cc 00d70733 add              x14, x14, x13       x14=1a10f028 x14:00000028 x13:1a10f000
13787141ns          250914 1c0089ce 00a7e723 p.sw             x10, x0(x15)        x10:0000006e x15:00000000  PA:1a10f028
13787479ns          250931 1c0089d2 00000513 addi             x10, x0, 0          x10=00000000
13787499ns          250932 1c0089d4 00008067 jalr             x0, x1, 0            x1:1c008ae0
13787539ns          250934 1c008ae0 15f52c63 p.beqimm         x10, 344            x10:00000000
13787559ns          250935 1c008ae4 00140413 addi             x8, x8, 1            x8=00000020  x8:0000001f
13787579ns          250936 1c008ae6 0004c503 lbu              x10, 0(x9)          x10=0000003d  x9:1c000175  PA:1c000175
13787877ns          250951 1c008aea 00148493 addi             x9, x9, 1            x9=1c000176  x9:1c000175
13787897ns          250952 1c008aec fe0514e3 bne              x10, x0, -24        x10:0000003d
13787956ns          250955 1c008ad4 02500793 addi             x15, x0, 37         x15=00000025
13787976ns          250956 1c008ad8 04f50763 beq              x10, x15, 78        x10:0000003d x15:00000025
13787996ns          250957 1c008adc 017005b3 add              x11, x0, x23        x11=00000002 x23:00000002
13788016ns          250958 1c008ade 000c80e7 jalr             x1, x25, 0           x1=1c008ae0 x25:1c0089d6
13788056ns          250960 1c0089d6 fd9ff06f jal              x0, -40            
13788096ns          250962 1c0089ae 000026b7 lui              x13, 0x2000         x13=00002000
13788115ns          250963 1c0089b0 f14027f3 csrrs            x15, x0, 0xf14      x15=00000005
13788135ns          250964 1c0089b4 f8068693 addi             x13, x13, -128      x13=00001f80 x13:00002000
13788155ns          250965 1c0089b8 00379713 slli             x14, x15, 0x3       x14=00000028 x15:00000005
13788175ns          250966 1c0089bc 00279793 slli             x15, x15, 0x2       x15=00000014 x15:00000005
13788195ns          250967 1c0089be 00d7f7b3 and              x15, x15, x13       x15=00000000 x15:00000014 x13:00001f80
13788215ns          250968 1c0089c0 ee873733 p.bclr           x14, x14, 23, 8     x14=00000028 x14:00000028
13788235ns          250969 1c0089c4 1a10f6b7 lui              x13, 0x1a10f000     x13=1a10f000
13788255ns          250970 1c0089c8 0ff57513 andi             x10, x10, 255       x10=0000003d x10:0000003d
13788275ns          250971 1c0089cc 00d70733 add              x14, x14, x13       x14=1a10f028 x14:00000028 x13:1a10f000
13788294ns          250972 1c0089ce 00a7e723 p.sw             x10, x0(x15)        x10:0000003d x15:00000000  PA:1a10f028
13788613ns          250988 1c0089d2 00000513 addi             x10, x0, 0          x10=00000000
13788633ns          250989 1c0089d4 00008067 jalr             x0, x1, 0            x1:1c008ae0
13788672ns          250991 1c008ae0 15f52c63 p.beqimm         x10, 344            x10:00000000
13788692ns          250992 1c008ae4 00140413 addi             x8, x8, 1            x8=00000021  x8:00000020
13788712ns          250993 1c008ae6 0004c503 lbu              x10, 0(x9)          x10=00000030  x9:1c000176  PA:1c000176
13789010ns          251008 1c008aea 00148493 addi             x9, x9, 1            x9=1c000177  x9:1c000176
13789030ns          251009 1c008aec fe0514e3 bne              x10, x0, -24        x10:00000030
13789090ns          251012 1c008ad4 02500793 addi             x15, x0, 37         x15=00000025
13789110ns          251013 1c008ad8 04f50763 beq              x10, x15, 78        x10:00000030 x15:00000025
13789130ns          251014 1c008adc 017005b3 add              x11, x0, x23        x11=00000002 x23:00000002
13789150ns          251015 1c008ade 000c80e7 jalr             x1, x25, 0           x1=1c008ae0 x25:1c0089d6
13789189ns          251017 1c0089d6 fd9ff06f jal              x0, -40            
13789229ns          251019 1c0089ae 000026b7 lui              x13, 0x2000         x13=00002000
13789249ns          251020 1c0089b0 f14027f3 csrrs            x15, x0, 0xf14      x15=00000005
13789269ns          251021 1c0089b4 f8068693 addi             x13, x13, -128      x13=00001f80 x13:00002000
13789289ns          251022 1c0089b8 00379713 slli             x14, x15, 0x3       x14=00000028 x15:00000005
13789309ns          251023 1c0089bc 00279793 slli             x15, x15, 0x2       x15=00000014 x15:00000005
13789329ns          251024 1c0089be 00d7f7b3 and              x15, x15, x13       x15=00000000 x15:00000014 x13:00001f80
13789349ns          251025 1c0089c0 ee873733 p.bclr           x14, x14, 23, 8     x14=00000028 x14:00000028
13789368ns          251026 1c0089c4 1a10f6b7 lui              x13, 0x1a10f000     x13=1a10f000
13789388ns          251027 1c0089c8 0ff57513 andi             x10, x10, 255       x10=00000030 x10:00000030
13789408ns          251028 1c0089cc 00d70733 add              x14, x14, x13       x14=1a10f028 x14:00000028 x13:1a10f000
13789428ns          251029 1c0089ce 00a7e723 p.sw             x10, x0(x15)        x10:00000030 x15:00000000  PA:1a10f028
13789746ns          251045 1c0089d2 00000513 addi             x10, x0, 0          x10=00000000
13789766ns          251046 1c0089d4 00008067 jalr             x0, x1, 0            x1:1c008ae0
13789806ns          251048 1c008ae0 15f52c63 p.beqimm         x10, 344            x10:00000000
13789826ns          251049 1c008ae4 00140413 addi             x8, x8, 1            x8=00000022  x8:00000021
13789846ns          251050 1c008ae6 0004c503 lbu              x10, 0(x9)          x10=00000078  x9:1c000177  PA:1c000177
13790144ns          251065 1c008aea 00148493 addi             x9, x9, 1            x9=1c000178  x9:1c000177
13790164ns          251066 1c008aec fe0514e3 bne              x10, x0, -24        x10:00000078
13790224ns          251069 1c008ad4 02500793 addi             x15, x0, 37         x15=00000025
13790244ns          251070 1c008ad8 04f50763 beq              x10, x15, 78        x10:00000078 x15:00000025
13790263ns          251071 1c008adc 017005b3 add              x11, x0, x23        x11=00000002 x23:00000002
13790283ns          251072 1c008ade 000c80e7 jalr             x1, x25, 0           x1=1c008ae0 x25:1c0089d6
13790323ns          251074 1c0089d6 fd9ff06f jal              x0, -40            
13790363ns          251076 1c0089ae 000026b7 lui              x13, 0x2000         x13=00002000
13790383ns          251077 1c0089b0 f14027f3 csrrs            x15, x0, 0xf14      x15=00000005
13790403ns          251078 1c0089b4 f8068693 addi             x13, x13, -128      x13=00001f80 x13:00002000
13790422ns          251079 1c0089b8 00379713 slli             x14, x15, 0x3       x14=00000028 x15:00000005
13790442ns          251080 1c0089bc 00279793 slli             x15, x15, 0x2       x15=00000014 x15:00000005
13790462ns          251081 1c0089be 00d7f7b3 and              x15, x15, x13       x15=00000000 x15:00000014 x13:00001f80
13790482ns          251082 1c0089c0 ee873733 p.bclr           x14, x14, 23, 8     x14=00000028 x14:00000028
13790502ns          251083 1c0089c4 1a10f6b7 lui              x13, 0x1a10f000     x13=1a10f000
13790522ns          251084 1c0089c8 0ff57513 andi             x10, x10, 255       x10=00000078 x10:00000078
13790542ns          251085 1c0089cc 00d70733 add              x14, x14, x13       x14=1a10f028 x14:00000028 x13:1a10f000
13790562ns          251086 1c0089ce 00a7e723 p.sw             x10, x0(x15)        x10:00000078 x15:00000000  PA:1a10f028
13790880ns          251102 1c0089d2 00000513 addi             x10, x0, 0          x10=00000000
13790900ns          251103 1c0089d4 00008067 jalr             x0, x1, 0            x1:1c008ae0
13790940ns          251105 1c008ae0 15f52c63 p.beqimm         x10, 344            x10:00000000
13790959ns          251106 1c008ae4 00140413 addi             x8, x8, 1            x8=00000023  x8:00000022
13790979ns          251107 1c008ae6 0004c503 lbu              x10, 0(x9)          x10=00000025  x9:1c000178  PA:1c000178
13791317ns          251124 1c008aea 00148493 addi             x9, x9, 1            x9=1c000179  x9:1c000178
13791337ns          251125 1c008aec fe0514e3 bne              x10, x0, -24        x10:00000025
13791397ns          251128 1c008ad4 02500793 addi             x15, x0, 37         x15=00000025
13791417ns          251129 1c008ad8 04f50763 beq              x10, x15, 78        x10:00000025 x15:00000025
13791556ns          251136 1c008b26 0004cb03 lbu              x22, 0(x9)          x22=00000030  x9:1c000179  PA:1c000179
13791854ns          251151 1c008b2a 02000813 addi             x16, x0, 32         x16=00000020
13791874ns          251152 1c008b2e 00148a93 addi             x21, x9, 1          x21=1c00017a  x9:1c000179
13791894ns          251153 1c008b32 016005b3 add              x11, x0, x22        x11=00000030 x22:00000030
13791914ns          251154 1c008b34 2d8d8513 addi             x10, x27, 728       x10=1c0002d8 x27:1c000000
13791934ns          251155 1c008b38 01012823 sw               x16, 16(x2)         x16:00000020  x2:100061a8  PA:100061b8
13791954ns          251156 1c008b3a 00012c23 sw               x0, 24(x2)           x2:100061a8  PA:100061c0
13791974ns          251157 1c008b3c 00012a23 sw               x0, 20(x2)           x2:100061a8  PA:100061bc
13791994ns          251158 1c008b3e 00012e23 sw               x0, 28(x2)           x2:100061a8  PA:100061c4
13792014ns          251159 1c008b40 00012623 sw               x0, 12(x2)           x2:100061a8  PA:100061b4
13792033ns          251160 1c008b42 02300913 addi             x18, x0, 35         x18=00000023
13792053ns          251161 1c008b46 02d00a13 addi             x20, x0, 45         x20=0000002d
13792073ns          251162 1c008b4a 015009b3 add              x19, x0, x21        x19=1c00017a x21:1c00017a
13792093ns          251163 1c008b4c de3ff0ef jal              x1, -542             x1=1c008b4e
13792292ns          251173 1c00892e 00054783 lbu              x15, 0(x10)         x15=0000002d x10:1c0002d8  PA:1c0002d8
13792630ns          251190 1c008932 0ff5f593 andi             x11, x11, 255       x11=00000030 x11:00000030
13792650ns          251191 1c008936 00b78c63 beq              x15, x11, 24        x15:0000002d x11:00000030
13792670ns          251192 1c00893a 00078b63 beq              x15, x0, 22         x15:0000002d
13792690ns          251193 1c00893c 00150793 addi             x15, x10, 1         x15=1c0002d9 x10:1c0002d8
13792730ns          251195 1c008940 0040006f jal              x0, 4              
13792769ns          251197 1c008944 00f00533 add              x10, x0, x15        x10=1c0002d9 x15:1c0002d9
13792789ns          251198 1c008946 0017c70b p.lbu            x14, 1(x15!)        x14=0000002b x15=1c0002da x15:1c0002d9  PA:1c0002d9
13793107ns          251214 1c00894a feb71ce3 bne              x14, x11, -8        x14:0000002b x11:00000030
13793167ns          251217 1c008942 00070763 beq              x14, x0, 14         x14:0000002b
13793187ns          251218 1c008944 00f00533 add              x10, x0, x15        x10=1c0002da x15:1c0002da
13793207ns          251219 1c008946 0017c70b p.lbu            x14, 1(x15!)        x14=00000020 x15=1c0002db x15:1c0002da  PA:1c0002da
13793545ns          251236 1c00894a feb71ce3 bne              x14, x11, -8        x14:00000020 x11:00000030
13793605ns          251239 1c008942 00070763 beq              x14, x0, 14         x14:00000020
13793624ns          251240 1c008944 00f00533 add              x10, x0, x15        x10=1c0002db x15:1c0002db
13793644ns          251241 1c008946 0017c70b p.lbu            x14, 1(x15!)        x14=00000023 x15=1c0002dc x15:1c0002db  PA:1c0002db
13793982ns          251258 1c00894a feb71ce3 bne              x14, x11, -8        x14:00000023 x11:00000030
13794042ns          251261 1c008942 00070763 beq              x14, x0, 14         x14:00000023
13794062ns          251262 1c008944 00f00533 add              x10, x0, x15        x10=1c0002dc x15:1c0002dc
13794082ns          251263 1c008946 0017c70b p.lbu            x14, 1(x15!)        x14=00000030 x15=1c0002dd x15:1c0002dc  PA:1c0002dc
13794400ns          251279 1c00894a feb71ce3 bne              x14, x11, -8        x14:00000030 x11:00000030
13794420ns          251280 1c00894e 00008067 jalr             x0, x1, 0            x1:1c008b4e
13794460ns          251282 1c008b4e 02050a63 beq              x10, x0, 52         x10:1c0002dc
13794519ns          251285 1c008b50 112b0d63 beq              x22, x18, 282       x22:00000030 x18:00000023
13794559ns          251287 1c008b54 0f697463 bgeu             x18, x22, 232       x18:00000023 x22:00000030
13794579ns          251288 1c008b58 114b0563 beq              x22, x20, 266       x22:00000030 x20:0000002d
13794599ns          251289 1c008b5c 03000613 addi             x12, x0, 48         x12=00000030
13794659ns          251292 1c008b60 0ecb0c63 beq              x22, x12, 248       x22:00000030 x12:00000030
13794758ns          251297 1c008c58 03000713 addi             x14, x0, 48         x14=00000030
13794798ns          251299 1c008c5c 00e12823 sw               x14, 16(x2)         x14:00000030  x2:100061a8  PA:100061b8
13794818ns          251300 1c008c5e 015004b3 add              x9, x0, x21          x9=1c00017a x21:1c00017a
13794858ns          251302 1c008c60 f0fff06f jal              x0, -242           
13794957ns          251307 1c008b6e 0004cb03 lbu              x22, 0(x9)          x22=00000038  x9:1c00017a  PA:1c00017a
13795275ns          251323 1c008b72 00148a93 addi             x21, x9, 1          x21=1c00017b  x9:1c00017a
13795295ns          251324 1c008b76 016005b3 add              x11, x0, x22        x11=00000038 x22:00000038
13795315ns          251325 1c008b78 2d8d8513 addi             x10, x27, 728       x10=1c0002d8 x27:1c000000
13795335ns          251326 1c008b7c 015009b3 add              x19, x0, x21        x19=1c00017b x21:1c00017b
13795355ns          251327 1c008b7e db1ff0ef jal              x1, -592             x1=1c008b80
13795434ns          251331 1c00892e 00054783 lbu              x15, 0(x10)         x15=0000002d x10:1c0002d8  PA:1c0002d8
13795752ns          251347 1c008932 0ff5f593 andi             x11, x11, 255       x11=00000038 x11:00000038
13795772ns          251348 1c008936 00b78c63 beq              x15, x11, 24        x15:0000002d x11:00000038
13795792ns          251349 1c00893a 00078b63 beq              x15, x0, 22         x15:0000002d
13795812ns          251350 1c00893c 00150793 addi             x15, x10, 1         x15=1c0002d9 x10:1c0002d8
13795832ns          251351 1c008940 0040006f jal              x0, 4              
13795872ns          251353 1c008944 00f00533 add              x10, x0, x15        x10=1c0002d9 x15:1c0002d9
13795892ns          251354 1c008946 0017c70b p.lbu            x14, 1(x15!)        x14=0000002b x15=1c0002da x15:1c0002d9  PA:1c0002d9
13796210ns          251370 1c00894a feb71ce3 bne              x14, x11, -8        x14:0000002b x11:00000038
13796270ns          251373 1c008942 00070763 beq              x14, x0, 14         x14:0000002b
13796289ns          251374 1c008944 00f00533 add              x10, x0, x15        x10=1c0002da x15:1c0002da
13796309ns          251375 1c008946 0017c70b p.lbu            x14, 1(x15!)        x14=00000020 x15=1c0002db x15:1c0002da  PA:1c0002da
13796647ns          251392 1c00894a feb71ce3 bne              x14, x11, -8        x14:00000020 x11:00000038
13796707ns          251395 1c008942 00070763 beq              x14, x0, 14         x14:00000020
13796727ns          251396 1c008944 00f00533 add              x10, x0, x15        x10=1c0002db x15:1c0002db
13796747ns          251397 1c008946 0017c70b p.lbu            x14, 1(x15!)        x14=00000023 x15=1c0002dc x15:1c0002db  PA:1c0002db
13797085ns          251414 1c00894a feb71ce3 bne              x14, x11, -8        x14:00000023 x11:00000038
13797145ns          251417 1c008942 00070763 beq              x14, x0, 14         x14:00000023
13797165ns          251418 1c008944 00f00533 add              x10, x0, x15        x10=1c0002dc x15:1c0002dc
13797184ns          251419 1c008946 0017c70b p.lbu            x14, 1(x15!)        x14=00000030 x15=1c0002dd x15:1c0002dc  PA:1c0002dc
13797503ns          251435 1c00894a feb71ce3 bne              x14, x11, -8        x14:00000030 x11:00000038
13797562ns          251438 1c008942 00070763 beq              x14, x0, 14         x14:00000030
13797582ns          251439 1c008944 00f00533 add              x10, x0, x15        x10=1c0002dd x15:1c0002dd
13797602ns          251440 1c008946 0017c70b p.lbu            x14, 1(x15!)        x14=00000000 x15=1c0002de x15:1c0002dd  PA:1c0002dd
13797920ns          251456 1c00894a feb71ce3 bne              x14, x11, -8        x14:00000000 x11:00000038
13797980ns          251459 1c008942 00070763 beq              x14, x0, 14         x14:00000000
13798040ns          251462 1c008950 0015b593 sltiu            x11, x11, 1         x11=00000000 x11:00000038
13798059ns          251463 1c008954 40b005b3 sub              x11, x0, x11        x11=00000000 x11:00000000
13798079ns          251464 1c008958 00b57533 and              x10, x10, x11       x10=00000000 x10:1c0002dd x11:00000000
13798099ns          251465 1c00895a 00008067 jalr             x0, x1, 0            x1:1c008b80
13798199ns          251470 1c008b80 fc0518e3 bne              x10, x0, -48        x10:00000000
13798219ns          251471 1c008b82 02a00613 addi             x12, x0, 42         x12=0000002a
13798238ns          251472 1c008b86 10cb0863 beq              x22, x12, 272       x22:00000038 x12:0000002a
13798258ns          251473 1c008b8a fd0b0613 addi             x12, x22, -48       x12=00000008 x22:00000038
13798278ns          251474 1c008b8e 00900593 addi             x11, x0, 9          x11=00000009
13798318ns          251476 1c008b90 00000a13 addi             x20, x0, 0          x20=00000000
13798358ns          251478 1c008b92 0ec5f263 bgeu             x11, x12, 228       x11:00000009 x12:00000008
13798497ns          251485 1c008c76 002a1793 slli             x15, x20, 0x2       x15=00000000 x20:00000000
13798517ns          251486 1c008c7a 014787b3 add              x15, x15, x20       x15=00000000 x15:00000000 x20:00000000
13798537ns          251487 1c008c7c 00179793 slli             x15, x15, 0x1       x15=00000000 x15:00000000
13798557ns          251488 1c008c7e 016787b3 add              x15, x15, x22       x15=00000038 x15:00000000 x22:00000038
13798577ns          251489 1c008c80 000acb03 lbu              x22, 0(x21)         x22=00000078 x21:1c00017b  PA:1c00017b
13798895ns          251505 1c008c84 fd078a13 addi             x20, x15, -48       x20=00000008 x15:00000038
13798915ns          251506 1c008c88 fd0b0793 addi             x15, x22, -48       x15=00000048 x22:00000078
13798935ns          251507 1c008c8c fef5f3e3 bgeu             x11, x15, -26       x11:00000009 x15:00000048
13798954ns          251508 1c008c90 00248993 addi             x19, x9, 2          x19=1c00017c  x9:1c00017a
13798974ns          251509 1c008c94 0140006f jal              x0, 20             
13799054ns          251513 1c008ca8 0c800713 addi             x14, x0, 200        x14=000000c8
13799094ns          251515 1c008cac 04ea5a33 p.minu           x20, x20, x14       x20=00000008 x20:00000008 x14:000000c8
13799153ns          251518 1c008cb0 ee7ff06f jal              x0, -282           
13799273ns          251524 1c008b96 02e00713 addi             x14, x0, 46         x14=0000002e
13799293ns          251525 1c008b9a fff00a93 addi             x21, x0, -1         x21=ffffffff
13799312ns          251526 1c008b9c 14eb0563 beq              x22, x14, 330       x22:00000078 x14:0000002e
13799352ns          251528 1c008ba0 1c0007b7 lui              x15, 0x1c000000     x15=1c000000
13799392ns          251530 1c008ba4 016005b3 add              x11, x0, x22        x11=00000078 x22:00000078
13799412ns          251531 1c008ba6 2e078513 addi             x10, x15, 736       x10=1c0002e0 x15:1c000000
13799432ns          251532 1c008baa d85ff0ef jal              x1, -636             x1=1c008bac
13799651ns          251543 1c00892e 00054783 lbu              x15, 0(x10)         x15=00000068 x10:1c0002e0  PA:1c0002e0
13799969ns          251559 1c008932 0ff5f593 andi             x11, x11, 255       x11=00000078 x11:00000078
13799989ns          251560 1c008936 00b78c63 beq              x15, x11, 24        x15:00000068 x11:00000078
13800009ns          251561 1c00893a 00078b63 beq              x15, x0, 22         x15:00000068
13800028ns          251562 1c00893c 00150793 addi             x15, x10, 1         x15=1c0002e1 x10:1c0002e0
13800048ns          251563 1c008940 0040006f jal              x0, 4              
13800088ns          251565 1c008944 00f00533 add              x10, x0, x15        x10=1c0002e1 x15:1c0002e1
13800108ns          251566 1c008946 0017c70b p.lbu            x14, 1(x15!)        x14=0000006c x15=1c0002e2 x15:1c0002e1  PA:1c0002e1
13800426ns          251582 1c00894a feb71ce3 bne              x14, x11, -8        x14:0000006c x11:00000078
13800486ns          251585 1c008942 00070763 beq              x14, x0, 14         x14:0000006c
13800506ns          251586 1c008944 00f00533 add              x10, x0, x15        x10=1c0002e2 x15:1c0002e2
13800526ns          251587 1c008946 0017c70b p.lbu            x14, 1(x15!)        x14=0000004c x15=1c0002e3 x15:1c0002e2  PA:1c0002e2
13800844ns          251603 1c00894a feb71ce3 bne              x14, x11, -8        x14:0000004c x11:00000078
13800903ns          251606 1c008942 00070763 beq              x14, x0, 14         x14:0000004c
13800923ns          251607 1c008944 00f00533 add              x10, x0, x15        x10=1c0002e3 x15:1c0002e3
13800943ns          251608 1c008946 0017c70b p.lbu            x14, 1(x15!)        x14=0000007a x15=1c0002e4 x15:1c0002e3  PA:1c0002e3
13801261ns          251624 1c00894a feb71ce3 bne              x14, x11, -8        x14:0000007a x11:00000078
13801321ns          251627 1c008942 00070763 beq              x14, x0, 14         x14:0000007a
13801341ns          251628 1c008944 00f00533 add              x10, x0, x15        x10=1c0002e4 x15:1c0002e4
13801361ns          251629 1c008946 0017c70b p.lbu            x14, 1(x15!)        x14=00000000 x15=1c0002e5 x15:1c0002e4  PA:1c0002e4
13801679ns          251645 1c00894a feb71ce3 bne              x14, x11, -8        x14:00000000 x11:00000078
13801739ns          251648 1c008942 00070763 beq              x14, x0, 14         x14:00000000
13801798ns          251651 1c008950 0015b593 sltiu            x11, x11, 1         x11=00000000 x11:00000078
13801818ns          251652 1c008954 40b005b3 sub              x11, x0, x11        x11=00000000 x11:00000000
13801838ns          251653 1c008958 00b57533 and              x10, x10, x11       x10=00000000 x10:1c0002e4 x11:00000000
13801858ns          251654 1c00895a 00008067 jalr             x0, x1, 0            x1:1c008bac
13801898ns          251656 1c008bac 013004b3 add              x9, x0, x19          x9=1c00017c x19:1c00017c
13801918ns          251657 1c008bae 00050563 beq              x10, x0, 10         x10:00000000
13801977ns          251660 1c008bb8 06700713 addi             x14, x0, 103        x14=00000067
13801997ns          251661 1c008bbc 0f675b63 bge              x14, x22, 246       x14:00000067 x22:00000078
13802057ns          251664 1c008bc0 07000713 addi             x14, x0, 112        x14=00000070
13802097ns          251666 1c008bc4 72eb0a63 beq              x22, x14, 1844      x22:00000078 x14:00000070
13802117ns          251667 1c008bc8 15675363 bge              x14, x22, 326       x14:00000070 x22:00000078
13802137ns          251668 1c008bcc 07500713 addi             x14, x0, 117        x14=00000075
13802196ns          251671 1c008bd0 6eeb0963 beq              x22, x14, 1778      x22:00000078 x14:00000075
13802236ns          251673 1c008bd4 07800713 addi             x14, x0, 120        x14=00000078
13802256ns          251674 1c008bd8 5ceb0a63 beq              x22, x14, 1492      x22:00000078 x14:00000078
13802415ns          251682 1c0091ac 00c12803 lw               x16, 12(x2)         x16=00000000  x2:100061a8  PA:100061b4
13802495ns          251686 1c0091ae 004c0913 addi             x18, x24, 4         x18=10006304 x24:10006300
13802534ns          251688 1c0091b2 000c2583 lw               x11, 0(x24)         x11=c0de0005 x24:10006300  PA:10006300
13802554ns          251689 1c0091b6 015006b3 add              x13, x0, x21        x13=ffffffff x21:ffffffff
13802574ns          251690 1c0091b8 01000613 addi             x12, x0, 16         x12=00000010
13802594ns          251691 1c0091ba 18080e63 beq              x16, x0, 412        x16:00000000
13802713ns          251697 1c009356 01a00533 add              x10, x0, x26        x10=100061cc x26:100061cc
13802753ns          251699 1c009358 ecaff0ef jal              x1, -2358            x1=1c00935c
13802833ns          251703 1c008a22 00a00733 add              x14, x0, x10        x14=100061cc x10:100061cc
13802872ns          251705 1c008a24 00a007b3 add              x15, x0, x10        x15=100061cc x10:100061cc
13802892ns          251706 1c008a26 00900313 addi             x6, x0, 9            x6=00000009
13802912ns          251707 1c008a28 02c5f8b3 remu             x17, x11, x12       x17=00000005 x11:c0de0005 x12:00000010
13803509ns          251737 1c008a2c 0ff8f813 andi             x16, x17, 255       x16=00000005 x17:00000005
13803529ns          251738 1c008a30 00000513 addi             x10, x0, 0          x10=00000000
13803549ns          251739 1c008a32 02c5d5b3 divu             x11, x11, x12       x11=0c0de000 x11:c0de0005 x12:00000010
13804145ns          251769 1c008a36 03080813 addi             x16, x16, 48        x16=00000035 x16:00000005
13804165ns          251770 1c008a3a 01137463 bgeu             x6, x17, 8           x6:00000009 x17:00000005
13804225ns          251773 1c008a42 01050533 add              x10, x10, x16       x10=00000035 x10:00000000 x16:00000035
13804245ns          251774 1c008a44 00a780ab p.sb             x10, 1(x15!)        x15=100061cd x10:00000035 x15:100061cc  PA:100061cc
13804265ns          251775 1c008a48 fe0590e3 bne              x11, x0, -32        x11:0c0de000
13804384ns          251781 1c008a28 02c5f8b3 remu             x17, x11, x12       x17=00000000 x11:0c0de000 x12:00000010
13804981ns          251811 1c008a2c 0ff8f813 andi             x16, x17, 255       x16=00000000 x17:00000000
13805000ns          251812 1c008a30 00000513 addi             x10, x0, 0          x10=00000000
13805020ns          251813 1c008a32 02c5d5b3 divu             x11, x11, x12       x11=00c0de00 x11:0c0de000 x12:00000010
13805617ns          251843 1c008a36 03080813 addi             x16, x16, 48        x16=00000030 x16:00000000
13805637ns          251844 1c008a3a 01137463 bgeu             x6, x17, 8           x6:00000009 x17:00000000
13805696ns          251847 1c008a42 01050533 add              x10, x10, x16       x10=00000030 x10:00000000 x16:00000030
13805716ns          251848 1c008a44 00a780ab p.sb             x10, 1(x15!)        x15=100061ce x10:00000030 x15:100061cd  PA:100061cd
13805736ns          251849 1c008a48 fe0590e3 bne              x11, x0, -32        x11:00c0de00
13805796ns          251852 1c008a28 02c5f8b3 remu             x17, x11, x12       x17=00000000 x11:00c0de00 x12:00000010
13806393ns          251882 1c008a2c 0ff8f813 andi             x16, x17, 255       x16=00000000 x17:00000000
13806412ns          251883 1c008a30 00000513 addi             x10, x0, 0          x10=00000000
13806432ns          251884 1c008a32 02c5d5b3 divu             x11, x11, x12       x11=000c0de0 x11:00c0de00 x12:00000010
13807029ns          251914 1c008a36 03080813 addi             x16, x16, 48        x16=00000030 x16:00000000
13807049ns          251915 1c008a3a 01137463 bgeu             x6, x17, 8           x6:00000009 x17:00000000
13807109ns          251918 1c008a42 01050533 add              x10, x10, x16       x10=00000030 x10:00000000 x16:00000030
13807128ns          251919 1c008a44 00a780ab p.sb             x10, 1(x15!)        x15=100061cf x10:00000030 x15:100061ce  PA:100061ce
13807148ns          251920 1c008a48 fe0590e3 bne              x11, x0, -32        x11:000c0de0
13807208ns          251923 1c008a28 02c5f8b3 remu             x17, x11, x12       x17=00000000 x11:000c0de0 x12:00000010
13807805ns          251953 1c008a2c 0ff8f813 andi             x16, x17, 255       x16=00000000 x17:00000000
13807824ns          251954 1c008a30 00000513 addi             x10, x0, 0          x10=00000000
13807844ns          251955 1c008a32 02c5d5b3 divu             x11, x11, x12       x11=0000c0de x11:000c0de0 x12:00000010
13808441ns          251985 1c008a36 03080813 addi             x16, x16, 48        x16=00000030 x16:00000000
13808461ns          251986 1c008a3a 01137463 bgeu             x6, x17, 8           x6:00000009 x17:00000000
13808521ns          251989 1c008a42 01050533 add              x10, x10, x16       x10=00000030 x10:00000000 x16:00000030
13808540ns          251990 1c008a44 00a780ab p.sb             x10, 1(x15!)        x15=100061d0 x10:00000030 x15:100061cf  PA:100061cf
13808560ns          251991 1c008a48 fe0590e3 bne              x11, x0, -32        x11:0000c0de
13808620ns          251994 1c008a28 02c5f8b3 remu             x17, x11, x12       x17=0000000e x11:0000c0de x12:00000010
13809217ns          252024 1c008a2c 0ff8f813 andi             x16, x17, 255       x16=0000000e x17:0000000e
13809237ns          252025 1c008a30 00000513 addi             x10, x0, 0          x10=00000000
13809256ns          252026 1c008a32 02c5d5b3 divu             x11, x11, x12       x11=00000c0d x11:0000c0de x12:00000010
13809853ns          252056 1c008a36 03080813 addi             x16, x16, 48        x16=0000003e x16:0000000e
13809873ns          252057 1c008a3a 01137463 bgeu             x6, x17, 8           x6:00000009 x17:0000000e
13809893ns          252058 1c008a3e 02700513 addi             x10, x0, 39         x10=00000027
13809913ns          252059 1c008a42 01050533 add              x10, x10, x16       x10=00000065 x10:00000027 x16:0000003e
13809933ns          252060 1c008a44 00a780ab p.sb             x10, 1(x15!)        x15=100061d1 x10:00000065 x15:100061d0  PA:100061d0
13809953ns          252061 1c008a48 fe0590e3 bne              x11, x0, -32        x11:00000c0d
13810012ns          252064 1c008a28 02c5f8b3 remu             x17, x11, x12       x17=0000000d x11:00000c0d x12:00000010
13810609ns          252094 1c008a2c 0ff8f813 andi             x16, x17, 255       x16=0000000d x17:0000000d
13810629ns          252095 1c008a30 00000513 addi             x10, x0, 0          x10=00000000
13810649ns          252096 1c008a32 02c5d5b3 divu             x11, x11, x12       x11=000000c0 x11:00000c0d x12:00000010
13811245ns          252126 1c008a36 03080813 addi             x16, x16, 48        x16=0000003d x16:0000000d
13811265ns          252127 1c008a3a 01137463 bgeu             x6, x17, 8           x6:00000009 x17:0000000d
13811285ns          252128 1c008a3e 02700513 addi             x10, x0, 39         x10=00000027
13811305ns          252129 1c008a42 01050533 add              x10, x10, x16       x10=00000064 x10:00000027 x16:0000003d
13811325ns          252130 1c008a44 00a780ab p.sb             x10, 1(x15!)        x15=100061d2 x10:00000064 x15:100061d1  PA:100061d1
13811345ns          252131 1c008a48 fe0590e3 bne              x11, x0, -32        x11:000000c0
13811404ns          252134 1c008a28 02c5f8b3 remu             x17, x11, x12       x17=00000000 x11:000000c0 x12:00000010
13812001ns          252164 1c008a2c 0ff8f813 andi             x16, x17, 255       x16=00000000 x17:00000000
13812021ns          252165 1c008a30 00000513 addi             x10, x0, 0          x10=00000000
13812041ns          252166 1c008a32 02c5d5b3 divu             x11, x11, x12       x11=0000000c x11:000000c0 x12:00000010
13812637ns          252196 1c008a36 03080813 addi             x16, x16, 48        x16=00000030 x16:00000000
13812657ns          252197 1c008a3a 01137463 bgeu             x6, x17, 8           x6:00000009 x17:00000000
13812717ns          252200 1c008a42 01050533 add              x10, x10, x16       x10=00000030 x10:00000000 x16:00000030
13812737ns          252201 1c008a44 00a780ab p.sb             x10, 1(x15!)        x15=100061d3 x10:00000030 x15:100061d2  PA:100061d2
13812757ns          252202 1c008a48 fe0590e3 bne              x11, x0, -32        x11:0000000c
13812816ns          252205 1c008a28 02c5f8b3 remu             x17, x11, x12       x17=0000000c x11:0000000c x12:00000010
13813413ns          252235 1c008a2c 0ff8f813 andi             x16, x17, 255       x16=0000000c x17:0000000c
13813433ns          252236 1c008a30 00000513 addi             x10, x0, 0          x10=00000000
13813453ns          252237 1c008a32 02c5d5b3 divu             x11, x11, x12       x11=00000000 x11:0000000c x12:00000010
13814049ns          252267 1c008a36 03080813 addi             x16, x16, 48        x16=0000003c x16:0000000c
13814069ns          252268 1c008a3a 01137463 bgeu             x6, x17, 8           x6:00000009 x17:0000000c
13814089ns          252269 1c008a3e 02700513 addi             x10, x0, 39         x10=00000027
13814109ns          252270 1c008a42 01050533 add              x10, x10, x16       x10=00000063 x10:00000027 x16:0000003c
13814129ns          252271 1c008a44 00a780ab p.sb             x10, 1(x15!)        x15=100061d4 x10:00000063 x15:100061d3  PA:100061d3
13814149ns          252272 1c008a48 fe0590e3 bne              x11, x0, -32        x11:00000000
13814169ns          252273 1c008a4a 40e78533 sub              x10, x15, x14       x10=00000008 x15:100061d4 x14:100061cc
13814189ns          252274 1c008a4e 00d55d63 bge              x10, x13, 26        x10:00000008 x13:ffffffff
13814288ns          252279 1c008a68 fe078fab p.sb             x0, -1(x15!)        x15=100061d3 x15:100061d4  PA:100061d4
13814328ns          252281 1c008a6c 00f77c63 bgeu             x14, x15, 24        x14:100061cc x15:100061d3
13814388ns          252284 1c008a70 00074603 lbu              x12, 0(x14)         x12=00000035 x14:100061cc  PA:100061cc
13814427ns          252286 1c008a74 0007c683 lbu              x13, 0(x15)         x13=00000063 x15:100061d3  PA:100061d3
13814447ns          252287 1c008a78 fec78fab p.sb             x12, -1(x15!)       x15=100061d2 x12:00000035 x15:100061d3  PA:100061d3
13814467ns          252288 1c008a7c 00d700ab p.sb             x13, 1(x14!)        x14=100061cd x13:00000063 x14:100061cc  PA:100061cc
13814487ns          252289 1c008a80 fef768e3 bltu             x14, x15, -16       x14:100061cd x15:100061d2
13814547ns          252292 1c008a70 00074603 lbu              x12, 0(x14)         x12=00000030 x14:100061cd  PA:100061cd
13814567ns          252293 1c008a74 0007c683 lbu              x13, 0(x15)         x13=00000030 x15:100061d2  PA:100061d2
13814586ns          252294 1c008a78 fec78fab p.sb             x12, -1(x15!)       x15=100061d1 x12:00000030 x15:100061d2  PA:100061d2
13814606ns          252295 1c008a7c 00d700ab p.sb             x13, 1(x14!)        x14=100061ce x13:00000030 x14:100061cd  PA:100061cd
13814626ns          252296 1c008a80 fef768e3 bltu             x14, x15, -16       x14:100061ce x15:100061d1
13814686ns          252299 1c008a70 00074603 lbu              x12, 0(x14)         x12=00000030 x14:100061ce  PA:100061ce
13814706ns          252300 1c008a74 0007c683 lbu              x13, 0(x15)         x13=00000064 x15:100061d1  PA:100061d1
13814726ns          252301 1c008a78 fec78fab p.sb             x12, -1(x15!)       x15=100061d0 x12:00000030 x15:100061d1  PA:100061d1
13814746ns          252302 1c008a7c 00d700ab p.sb             x13, 1(x14!)        x14=100061cf x13:00000064 x14:100061ce  PA:100061ce
13814765ns          252303 1c008a80 fef768e3 bltu             x14, x15, -16       x14:100061cf x15:100061d0
13814825ns          252306 1c008a70 00074603 lbu              x12, 0(x14)         x12=00000030 x14:100061cf  PA:100061cf
13814845ns          252307 1c008a74 0007c683 lbu              x13, 0(x15)         x13=00000065 x15:100061d0  PA:100061d0
13814865ns          252308 1c008a78 fec78fab p.sb             x12, -1(x15!)       x15=100061cf x12:00000030 x15:100061d0  PA:100061d0
13814885ns          252309 1c008a7c 00d700ab p.sb             x13, 1(x14!)        x14=100061d0 x13:00000065 x14:100061cf  PA:100061cf
13814905ns          252310 1c008a80 fef768e3 bltu             x14, x15, -16       x14:100061d0 x15:100061cf
13814925ns          252311 1c008a84 00008067 jalr             x0, x1, 0            x1:1c00935c
13814964ns          252313 1c00935c 05800713 addi             x14, x0, 88         x14=00000058
13815024ns          252316 1c009360 00a009b3 add              x19, x0, x10        x19=00000008 x10:00000008
13815064ns          252318 1c009362 e6eb1fe3 bne              x22, x14, -386      x22:00000078 x14:00000058
13815163ns          252323 1c0091e0 0c800793 addi             x15, x0, 200        x15=000000c8
13815203ns          252325 1c0091e4 1bfaac63 p.beqimm         x21, 440            x21:ffffffff
13815302ns          252330 1c00939c 8937cee3 blt              x15, x19, -1892     x15:000000c8 x19:00000008
13815382ns          252334 1c0093a0 01200c33 add              x24, x0, x18        x24=10006304 x18:10006304
13815402ns          252335 1c0093a2 d71ff06f jal              x0, -656           
13815521ns          252341 1c009112 0f49c363 blt              x19, x20, 230       x19:00000008 x20:00000008
13815541ns          252342 1c009116 01300a33 add              x20, x0, x19        x20=00000008 x19:00000008
13815561ns          252343 1c009118 b00a11e3 bne              x20, x0, -1278      x20:00000008
13815700ns          252350 1c008c1a 01a00933 add              x18, x0, x26        x18=100061cc x26:100061cc
13815740ns          252352 1c008c1c 41a409b3 sub              x19, x8, x26        x19=efff9e57  x8:00000023 x26:100061cc
13815760ns          252353 1c008c20 00a0006f jal              x0, 10             
13815819ns          252356 1c008c2a 0019450b p.lbu            x10, 1(x18!)        x10=00000063 x18=100061cd x18:100061cc  PA:100061cc
13815839ns          252357 1c008c2e 017005b3 add              x11, x0, x23        x11=00000002 x23:00000002
13815879ns          252359 1c008c30 000c80e7 jalr             x1, x25, 0           x1=1c008c32 x25:1c0089d6
13815919ns          252361 1c0089d6 fd9ff06f jal              x0, -40            
13815998ns          252365 1c0089ae 000026b7 lui              x13, 0x2000         x13=00002000
13816078ns          252369 1c0089b0 f14027f3 csrrs            x15, x0, 0xf14      x15=00000005
13816118ns          252371 1c0089b4 f8068693 addi             x13, x13, -128      x13=00001f80 x13:00002000
13816138ns          252372 1c0089b8 00379713 slli             x14, x15, 0x3       x14=00000028 x15:00000005
13816158ns          252373 1c0089bc 00279793 slli             x15, x15, 0x2       x15=00000014 x15:00000005
13816177ns          252374 1c0089be 00d7f7b3 and              x15, x15, x13       x15=00000000 x15:00000014 x13:00001f80
13816217ns          252376 1c0089c0 ee873733 p.bclr           x14, x14, 23, 8     x14=00000028 x14:00000028
13816257ns          252378 1c0089c4 1a10f6b7 lui              x13, 0x1a10f000     x13=1a10f000
13816277ns          252379 1c0089c8 0ff57513 andi             x10, x10, 255       x10=00000063 x10:00000063
13816297ns          252380 1c0089cc 00d70733 add              x14, x14, x13       x14=1a10f028 x14:00000028 x13:1a10f000
13816317ns          252381 1c0089ce 00a7e723 p.sw             x10, x0(x15)        x10:00000063 x15:00000000  PA:1a10f028
13816635ns          252397 1c0089d2 00000513 addi             x10, x0, 0          x10=00000000
13816655ns          252398 1c0089d4 00008067 jalr             x0, x1, 0            x1:1c008c32
13816695ns          252400 1c008c32 fffa0a13 addi             x20, x20, -1        x20=00000007 x20:00000008
13816714ns          252401 1c008c34 fff537e3 p.bneimm         x10, -18            x10:00000000
13816854ns          252408 1c008c22 01298433 add              x8, x19, x18         x8=00000024 x19:efff9e57 x18:100061cd
13816874ns          252409 1c008c26 ea0a03e3 beq              x20, x0, -346       x20:00000007
13816893ns          252410 1c008c2a 0019450b p.lbu            x10, 1(x18!)        x10=00000030 x18=100061ce x18:100061cd  PA:100061cd
13816913ns          252411 1c008c2e 017005b3 add              x11, x0, x23        x11=00000002 x23:00000002
13816933ns          252412 1c008c30 000c80e7 jalr             x1, x25, 0           x1=1c008c32 x25:1c0089d6
13816973ns          252414 1c0089d6 fd9ff06f jal              x0, -40            
13817013ns          252416 1c0089ae 000026b7 lui              x13, 0x2000         x13=00002000
13817033ns          252417 1c0089b0 f14027f3 csrrs            x15, x0, 0xf14      x15=00000005
13817053ns          252418 1c0089b4 f8068693 addi             x13, x13, -128      x13=00001f80 x13:00002000
13817072ns          252419 1c0089b8 00379713 slli             x14, x15, 0x3       x14=00000028 x15:00000005
13817092ns          252420 1c0089bc 00279793 slli             x15, x15, 0x2       x15=00000014 x15:00000005
13817112ns          252421 1c0089be 00d7f7b3 and              x15, x15, x13       x15=00000000 x15:00000014 x13:00001f80
13817132ns          252422 1c0089c0 ee873733 p.bclr           x14, x14, 23, 8     x14=00000028 x14:00000028
13817152ns          252423 1c0089c4 1a10f6b7 lui              x13, 0x1a10f000     x13=1a10f000
13817172ns          252424 1c0089c8 0ff57513 andi             x10, x10, 255       x10=00000030 x10:00000030
13817192ns          252425 1c0089cc 00d70733 add              x14, x14, x13       x14=1a10f028 x14:00000028 x13:1a10f000
13817212ns          252426 1c0089ce 00a7e723 p.sw             x10, x0(x15)        x10:00000030 x15:00000000  PA:1a10f028
13817530ns          252442 1c0089d2 00000513 addi             x10, x0, 0          x10=00000000
13817550ns          252443 1c0089d4 00008067 jalr             x0, x1, 0            x1:1c008c32
13817590ns          252445 1c008c32 fffa0a13 addi             x20, x20, -1        x20=00000006 x20:00000007
13817609ns          252446 1c008c34 fff537e3 p.bneimm         x10, -18            x10:00000000
13817689ns          252450 1c008c22 01298433 add              x8, x19, x18         x8=00000025 x19:efff9e57 x18:100061ce
13817709ns          252451 1c008c26 ea0a03e3 beq              x20, x0, -346       x20:00000006
13817729ns          252452 1c008c2a 0019450b p.lbu            x10, 1(x18!)        x10=00000064 x18=100061cf x18:100061ce  PA:100061ce
13817749ns          252453 1c008c2e 017005b3 add              x11, x0, x23        x11=00000002 x23:00000002
13817768ns          252454 1c008c30 000c80e7 jalr             x1, x25, 0           x1=1c008c32 x25:1c0089d6
13817808ns          252456 1c0089d6 fd9ff06f jal              x0, -40            
13817848ns          252458 1c0089ae 000026b7 lui              x13, 0x2000         x13=00002000
13817868ns          252459 1c0089b0 f14027f3 csrrs            x15, x0, 0xf14      x15=00000005
13817888ns          252460 1c0089b4 f8068693 addi             x13, x13, -128      x13=00001f80 x13:00002000
13817908ns          252461 1c0089b8 00379713 slli             x14, x15, 0x3       x14=00000028 x15:00000005
13817928ns          252462 1c0089bc 00279793 slli             x15, x15, 0x2       x15=00000014 x15:00000005
13817947ns          252463 1c0089be 00d7f7b3 and              x15, x15, x13       x15=00000000 x15:00000014 x13:00001f80
13817967ns          252464 1c0089c0 ee873733 p.bclr           x14, x14, 23, 8     x14=00000028 x14:00000028
13817987ns          252465 1c0089c4 1a10f6b7 lui              x13, 0x1a10f000     x13=1a10f000
13818007ns          252466 1c0089c8 0ff57513 andi             x10, x10, 255       x10=00000064 x10:00000064
13818027ns          252467 1c0089cc 00d70733 add              x14, x14, x13       x14=1a10f028 x14:00000028 x13:1a10f000
13818047ns          252468 1c0089ce 00a7e723 p.sw             x10, x0(x15)        x10:00000064 x15:00000000  PA:1a10f028
13818365ns          252484 1c0089d2 00000513 addi             x10, x0, 0          x10=00000000
13818385ns          252485 1c0089d4 00008067 jalr             x0, x1, 0            x1:1c008c32
13818425ns          252487 1c008c32 fffa0a13 addi             x20, x20, -1        x20=00000005 x20:00000006
13818445ns          252488 1c008c34 fff537e3 p.bneimm         x10, -18            x10:00000000
13818524ns          252492 1c008c22 01298433 add              x8, x19, x18         x8=00000026 x19:efff9e57 x18:100061cf
13818544ns          252493 1c008c26 ea0a03e3 beq              x20, x0, -346       x20:00000005
13818564ns          252494 1c008c2a 0019450b p.lbu            x10, 1(x18!)        x10=00000065 x18=100061d0 x18:100061cf  PA:100061cf
13818584ns          252495 1c008c2e 017005b3 add              x11, x0, x23        x11=00000002 x23:00000002
13818604ns          252496 1c008c30 000c80e7 jalr             x1, x25, 0           x1=1c008c32 x25:1c0089d6
13818644ns          252498 1c0089d6 fd9ff06f jal              x0, -40            
13818683ns          252500 1c0089ae 000026b7 lui              x13, 0x2000         x13=00002000
13818703ns          252501 1c0089b0 f14027f3 csrrs            x15, x0, 0xf14      x15=00000005
13818723ns          252502 1c0089b4 f8068693 addi             x13, x13, -128      x13=00001f80 x13:00002000
13818743ns          252503 1c0089b8 00379713 slli             x14, x15, 0x3       x14=00000028 x15:00000005
13818763ns          252504 1c0089bc 00279793 slli             x15, x15, 0x2       x15=00000014 x15:00000005
13818783ns          252505 1c0089be 00d7f7b3 and              x15, x15, x13       x15=00000000 x15:00000014 x13:00001f80
13818803ns          252506 1c0089c0 ee873733 p.bclr           x14, x14, 23, 8     x14=00000028 x14:00000028
13818823ns          252507 1c0089c4 1a10f6b7 lui              x13, 0x1a10f000     x13=1a10f000
13818842ns          252508 1c0089c8 0ff57513 andi             x10, x10, 255       x10=00000065 x10:00000065
13818862ns          252509 1c0089cc 00d70733 add              x14, x14, x13       x14=1a10f028 x14:00000028 x13:1a10f000
13818882ns          252510 1c0089ce 00a7e723 p.sw             x10, x0(x15)        x10:00000065 x15:00000000  PA:1a10f028
13819200ns          252526 1c0089d2 00000513 addi             x10, x0, 0          x10=00000000
13819220ns          252527 1c0089d4 00008067 jalr             x0, x1, 0            x1:1c008c32
13819260ns          252529 1c008c32 fffa0a13 addi             x20, x20, -1        x20=00000004 x20:00000005
13819280ns          252530 1c008c34 fff537e3 p.bneimm         x10, -18            x10:00000000
13819360ns          252534 1c008c22 01298433 add              x8, x19, x18         x8=00000027 x19:efff9e57 x18:100061d0
13819379ns          252535 1c008c26 ea0a03e3 beq              x20, x0, -346       x20:00000004
13819399ns          252536 1c008c2a 0019450b p.lbu            x10, 1(x18!)        x10=00000030 x18=100061d1 x18:100061d0  PA:100061d0
13819419ns          252537 1c008c2e 017005b3 add              x11, x0, x23        x11=00000002 x23:00000002
13819439ns          252538 1c008c30 000c80e7 jalr             x1, x25, 0           x1=1c008c32 x25:1c0089d6
13819479ns          252540 1c0089d6 fd9ff06f jal              x0, -40            
13819519ns          252542 1c0089ae 000026b7 lui              x13, 0x2000         x13=00002000
13819539ns          252543 1c0089b0 f14027f3 csrrs            x15, x0, 0xf14      x15=00000005
13819558ns          252544 1c0089b4 f8068693 addi             x13, x13, -128      x13=00001f80 x13:00002000
13819578ns          252545 1c0089b8 00379713 slli             x14, x15, 0x3       x14=00000028 x15:00000005
13819598ns          252546 1c0089bc 00279793 slli             x15, x15, 0x2       x15=00000014 x15:00000005
13819618ns          252547 1c0089be 00d7f7b3 and              x15, x15, x13       x15=00000000 x15:00000014 x13:00001f80
13819638ns          252548 1c0089c0 ee873733 p.bclr           x14, x14, 23, 8     x14=00000028 x14:00000028
13819658ns          252549 1c0089c4 1a10f6b7 lui              x13, 0x1a10f000     x13=1a10f000
13819678ns          252550 1c0089c8 0ff57513 andi             x10, x10, 255       x10=00000030 x10:00000030
13819698ns          252551 1c0089cc 00d70733 add              x14, x14, x13       x14=1a10f028 x14:00000028 x13:1a10f000
13819718ns          252552 1c0089ce 00a7e723 p.sw             x10, x0(x15)        x10:00000030 x15:00000000  PA:1a10f028
13820036ns          252568 1c0089d2 00000513 addi             x10, x0, 0          x10=00000000
13820056ns          252569 1c0089d4 00008067 jalr             x0, x1, 0            x1:1c008c32
13820095ns          252571 1c008c32 fffa0a13 addi             x20, x20, -1        x20=00000003 x20:00000004
13820115ns          252572 1c008c34 fff537e3 p.bneimm         x10, -18            x10:00000000
13820195ns          252576 1c008c22 01298433 add              x8, x19, x18         x8=00000028 x19:efff9e57 x18:100061d1
13820215ns          252577 1c008c26 ea0a03e3 beq              x20, x0, -346       x20:00000003
13820235ns          252578 1c008c2a 0019450b p.lbu            x10, 1(x18!)        x10=00000030 x18=100061d2 x18:100061d1  PA:100061d1
13820254ns          252579 1c008c2e 017005b3 add              x11, x0, x23        x11=00000002 x23:00000002
13820274ns          252580 1c008c30 000c80e7 jalr             x1, x25, 0           x1=1c008c32 x25:1c0089d6
13820314ns          252582 1c0089d6 fd9ff06f jal              x0, -40            
13820354ns          252584 1c0089ae 000026b7 lui              x13, 0x2000         x13=00002000
13820374ns          252585 1c0089b0 f14027f3 csrrs            x15, x0, 0xf14      x15=00000005
13820394ns          252586 1c0089b4 f8068693 addi             x13, x13, -128      x13=00001f80 x13:00002000
13820414ns          252587 1c0089b8 00379713 slli             x14, x15, 0x3       x14=00000028 x15:00000005
13820433ns          252588 1c0089bc 00279793 slli             x15, x15, 0x2       x15=00000014 x15:00000005
13820453ns          252589 1c0089be 00d7f7b3 and              x15, x15, x13       x15=00000000 x15:00000014 x13:00001f80
13820473ns          252590 1c0089c0 ee873733 p.bclr           x14, x14, 23, 8     x14=00000028 x14:00000028
13820493ns          252591 1c0089c4 1a10f6b7 lui              x13, 0x1a10f000     x13=1a10f000
13820513ns          252592 1c0089c8 0ff57513 andi             x10, x10, 255       x10=00000030 x10:00000030
13820533ns          252593 1c0089cc 00d70733 add              x14, x14, x13       x14=1a10f028 x14:00000028 x13:1a10f000
13820553ns          252594 1c0089ce 00a7e723 p.sw             x10, x0(x15)        x10:00000030 x15:00000000  PA:1a10f028
13820871ns          252610 1c0089d2 00000513 addi             x10, x0, 0          x10=00000000
13820891ns          252611 1c0089d4 00008067 jalr             x0, x1, 0            x1:1c008c32
13820931ns          252613 1c008c32 fffa0a13 addi             x20, x20, -1        x20=00000002 x20:00000003
13820951ns          252614 1c008c34 fff537e3 p.bneimm         x10, -18            x10:00000000
13821030ns          252618 1c008c22 01298433 add              x8, x19, x18         x8=00000029 x19:efff9e57 x18:100061d2
13821050ns          252619 1c008c26 ea0a03e3 beq              x20, x0, -346       x20:00000002
13821070ns          252620 1c008c2a 0019450b p.lbu            x10, 1(x18!)        x10=00000030 x18=100061d3 x18:100061d2  PA:100061d2
13821090ns          252621 1c008c2e 017005b3 add              x11, x0, x23        x11=00000002 x23:00000002
13821110ns          252622 1c008c30 000c80e7 jalr             x1, x25, 0           x1=1c008c32 x25:1c0089d6
13821149ns          252624 1c0089d6 fd9ff06f jal              x0, -40            
13821189ns          252626 1c0089ae 000026b7 lui              x13, 0x2000         x13=00002000
13821209ns          252627 1c0089b0 f14027f3 csrrs            x15, x0, 0xf14      x15=00000005
13821229ns          252628 1c0089b4 f8068693 addi             x13, x13, -128      x13=00001f80 x13:00002000
13821249ns          252629 1c0089b8 00379713 slli             x14, x15, 0x3       x14=00000028 x15:00000005
13821269ns          252630 1c0089bc 00279793 slli             x15, x15, 0x2       x15=00000014 x15:00000005
13821289ns          252631 1c0089be 00d7f7b3 and              x15, x15, x13       x15=00000000 x15:00000014 x13:00001f80
13821309ns          252632 1c0089c0 ee873733 p.bclr           x14, x14, 23, 8     x14=00000028 x14:00000028
13821328ns          252633 1c0089c4 1a10f6b7 lui              x13, 0x1a10f000     x13=1a10f000
13821348ns          252634 1c0089c8 0ff57513 andi             x10, x10, 255       x10=00000030 x10:00000030
13821368ns          252635 1c0089cc 00d70733 add              x14, x14, x13       x14=1a10f028 x14:00000028 x13:1a10f000
13821388ns          252636 1c0089ce 00a7e723 p.sw             x10, x0(x15)        x10:00000030 x15:00000000  PA:1a10f028
13821726ns          252653 1c0089d2 00000513 addi             x10, x0, 0          x10=00000000
13821746ns          252654 1c0089d4 00008067 jalr             x0, x1, 0            x1:1c008c32
13821786ns          252656 1c008c32 fffa0a13 addi             x20, x20, -1        x20=00000001 x20:00000002
13821806ns          252657 1c008c34 fff537e3 p.bneimm         x10, -18            x10:00000000
13821885ns          252661 1c008c22 01298433 add              x8, x19, x18         x8=0000002a x19:efff9e57 x18:100061d3
13821905ns          252662 1c008c26 ea0a03e3 beq              x20, x0, -346       x20:00000001
13821925ns          252663 1c008c2a 0019450b p.lbu            x10, 1(x18!)        x10=00000035 x18=100061d4 x18:100061d3  PA:100061d3
13821945ns          252664 1c008c2e 017005b3 add              x11, x0, x23        x11=00000002 x23:00000002
13821965ns          252665 1c008c30 000c80e7 jalr             x1, x25, 0           x1=1c008c32 x25:1c0089d6
13822005ns          252667 1c0089d6 fd9ff06f jal              x0, -40            
13822044ns          252669 1c0089ae 000026b7 lui              x13, 0x2000         x13=00002000
13822064ns          252670 1c0089b0 f14027f3 csrrs            x15, x0, 0xf14      x15=00000005
13822084ns          252671 1c0089b4 f8068693 addi             x13, x13, -128      x13=00001f80 x13:00002000
13822104ns          252672 1c0089b8 00379713 slli             x14, x15, 0x3       x14=00000028 x15:00000005
13822124ns          252673 1c0089bc 00279793 slli             x15, x15, 0x2       x15=00000014 x15:00000005
13822144ns          252674 1c0089be 00d7f7b3 and              x15, x15, x13       x15=00000000 x15:00000014 x13:00001f80
13822164ns          252675 1c0089c0 ee873733 p.bclr           x14, x14, 23, 8     x14=00000028 x14:00000028
13822184ns          252676 1c0089c4 1a10f6b7 lui              x13, 0x1a10f000     x13=1a10f000
13822204ns          252677 1c0089c8 0ff57513 andi             x10, x10, 255       x10=00000035 x10:00000035
13822223ns          252678 1c0089cc 00d70733 add              x14, x14, x13       x14=1a10f028 x14:00000028 x13:1a10f000
13822243ns          252679 1c0089ce 00a7e723 p.sw             x10, x0(x15)        x10:00000035 x15:00000000  PA:1a10f028
13822562ns          252695 1c0089d2 00000513 addi             x10, x0, 0          x10=00000000
13822581ns          252696 1c0089d4 00008067 jalr             x0, x1, 0            x1:1c008c32
13822621ns          252698 1c008c32 fffa0a13 addi             x20, x20, -1        x20=00000000 x20:00000001
13822641ns          252699 1c008c34 fff537e3 p.bneimm         x10, -18            x10:00000000
13822721ns          252703 1c008c22 01298433 add              x8, x19, x18         x8=0000002b x19:efff9e57 x18:100061d4
13822740ns          252704 1c008c26 ea0a03e3 beq              x20, x0, -346       x20:00000000
13822840ns          252709 1c008acc 0004c503 lbu              x10, 0(x9)          x10=0000000a  x9:1c00017c  PA:1c00017c
13823178ns          252726 1c008ad0 00148493 addi             x9, x9, 1            x9=1c00017d  x9:1c00017c
13823198ns          252727 1c008ad2 00050e63 beq              x10, x0, 28         x10:0000000a
13823218ns          252728 1c008ad4 02500793 addi             x15, x0, 37         x15=00000025
13823238ns          252729 1c008ad8 04f50763 beq              x10, x15, 78        x10:0000000a x15:00000025
13823258ns          252730 1c008adc 017005b3 add              x11, x0, x23        x11=00000002 x23:00000002
13823277ns          252731 1c008ade 000c80e7 jalr             x1, x25, 0           x1=1c008ae0 x25:1c0089d6
13823337ns          252734 1c0089d6 fd9ff06f jal              x0, -40            
13823377ns          252736 1c0089ae 000026b7 lui              x13, 0x2000         x13=00002000
13823397ns          252737 1c0089b0 f14027f3 csrrs            x15, x0, 0xf14      x15=00000005
13823417ns          252738 1c0089b4 f8068693 addi             x13, x13, -128      x13=00001f80 x13:00002000
13823437ns          252739 1c0089b8 00379713 slli             x14, x15, 0x3       x14=00000028 x15:00000005
13823456ns          252740 1c0089bc 00279793 slli             x15, x15, 0x2       x15=00000014 x15:00000005
13823476ns          252741 1c0089be 00d7f7b3 and              x15, x15, x13       x15=00000000 x15:00000014 x13:00001f80
13823496ns          252742 1c0089c0 ee873733 p.bclr           x14, x14, 23, 8     x14=00000028 x14:00000028
13823516ns          252743 1c0089c4 1a10f6b7 lui              x13, 0x1a10f000     x13=1a10f000
13823536ns          252744 1c0089c8 0ff57513 andi             x10, x10, 255       x10=0000000a x10:0000000a
13823556ns          252745 1c0089cc 00d70733 add              x14, x14, x13       x14=1a10f028 x14:00000028 x13:1a10f000
13823576ns          252746 1c0089ce 00a7e723 p.sw             x10, x0(x15)        x10:0000000a x15:00000000  PA:1a10f028
13823894ns          252762 1c0089d2 00000513 addi             x10, x0, 0          x10=00000000
13823914ns          252763 1c0089d4 00008067 jalr             x0, x1, 0            x1:1c008ae0
13823954ns          252765 1c008ae0 15f52c63 p.beqimm         x10, 344            x10:00000000
13823974ns          252766 1c008ae4 00140413 addi             x8, x8, 1            x8=0000002c  x8:0000002b
13823993ns          252767 1c008ae6 0004c503 lbu              x10, 0(x9)          x10=00000000  x9:1c00017d  PA:1c00017d
13824312ns          252783 1c008aea 00148493 addi             x9, x9, 1            x9=1c00017e  x9:1c00017d
13824332ns          252784 1c008aec fe0514e3 bne              x10, x0, -24        x10:00000000
13824351ns          252785 1c008aee 00800533 add              x10, x0, x8         x10=0000002c  x8:0000002c
13824371ns          252786 1c008af0 12c12083 lw               x1, 300(x2)          x1=1c008a1c  x2:100061a8  PA:100062d4
13824391ns          252787 1c008af4 12812403 lw               x8, 296(x2)          x8=00000005  x2:100061a8  PA:100062d0
13824411ns          252788 1c008af8 12412483 lw               x9, 292(x2)          x9=002040c0  x2:100061a8  PA:100062cc
13824431ns          252789 1c008afc 12012903 lw               x18, 288(x2)        x18=xxxxxxxx  x2:100061a8  PA:100062c8
13824471ns          252791 1c008b00 11c12983 lw               x19, 284(x2)        x19=xxxxxxxx  x2:100061a8  PA:100062c4
13824511ns          252793 1c008b04 11812a03 lw               x20, 280(x2)        x20=xxxxxxxx  x2:100061a8  PA:100062c0
13824530ns          252794 1c008b08 11412a83 lw               x21, 276(x2)        x21=xxxxxxxx  x2:100061a8  PA:100062bc
13824550ns          252795 1c008b0c 11012b03 lw               x22, 272(x2)        x22=xxxxxxxx  x2:100061a8  PA:100062b8
13824610ns          252798 1c008b10 10c12b83 lw               x23, 268(x2)        x23=xxxxxxxx  x2:100061a8  PA:100062b4
13824650ns          252800 1c008b14 10812c03 lw               x24, 264(x2)        x24=xxxxxxxx  x2:100061a8  PA:100062b0
13824670ns          252801 1c008b18 10412c83 lw               x25, 260(x2)        x25=xxxxxxxx  x2:100061a8  PA:100062ac
13824690ns          252802 1c008b1c 10012d03 lw               x26, 256(x2)        x26=xxxxxxxx  x2:100061a8  PA:100062a8
13824749ns          252805 1c008b20 0fc12d83 lw               x27, 252(x2)        x27=xxxxxxxx  x2:100061a8  PA:100062a4
13824769ns          252806 1c008b22 13010113 addi             x2, x2, 304          x2=100062d8  x2:100061a8
13824789ns          252807 1c008b24 00008067 jalr             x0, x1, 0            x1:1c008a1c
13824869ns          252811 1c008a1c 01c12083 lw               x1, 28(x2)           x1=1c00832c  x2:100062d8  PA:100062f4
13824888ns          252812 1c008a1e 04010113 addi             x2, x2, 64           x2=10006318  x2:100062d8
13824948ns          252815 1c008a20 00008067 jalr             x0, x1, 0            x1:1c00832c
13825028ns          252819 1c00832c 0004a023 sw               x0, 0(x9)            x9:002040c0  PA:002040c0
13825107ns          252823 1c008330 6b6010ef jal              x1, 5814             x1=1c008334
13825226ns          252829 1c0099e6 f14027f3 csrrs            x15, x0, 0xf14      x15=00000005
13825246ns          252830 1c0099ea 01f00713 addi             x14, x0, 31         x14=0000001f
13825266ns          252831 1c0099ec ca5797b3 p.extractu       x15, x15, 5, 5      x15=00000000 x15:00000005
13825286ns          252832 1c0099f0 00e78863 beq              x15, x14, 16        x15:00000000 x14:0000001f
13825306ns          252833 1c0099f4 002047b7 lui              x15, 0x204000       x15=00204000
13825326ns          252834 1c0099f8 20078793 addi             x15, x15, 512       x15=00204200 x15:00204000
13825346ns          252835 1c0099fc 01c7e703 p.elw            x14, 28(x15)        x14=00010000 x15:00204200  PA:0020421c
13998153ns          261524 1c009a00 00008067 jalr             x0, x1, 0            x1:1c008334
13998192ns          261526 1c008334 00041b63 bne              x8, x0, 22           x8:00000005
13998849ns          261559 1c00834a 00c12083 lw               x1, 12(x2)           x1=1c0086e2  x2:10006318  PA:10006324
13998889ns          261561 1c00834c 00812403 lw               x8, 8(x2)            x8=00000005  x2:10006318  PA:10006320
13998908ns          261562 1c00834e 00412483 lw               x9, 4(x2)            x9=xxxxxxxx  x2:10006318  PA:1000631c
13998948ns          261564 1c008350 00000513 addi             x10, x0, 0          x10=00000000
13998968ns          261565 1c008352 01010113 addi             x2, x2, 16           x2=10006328  x2:10006318
13998988ns          261566 1c008354 00008067 jalr             x0, x1, 0            x1:1c0086e2
13999406ns          261587 1c0086e2 00800533 add              x10, x0, x8         x10=00000005  x8:00000005
13999445ns          261589 1c0086e4 eedff0ef jal              x1, -276             x1=1c0086e6
13999883ns          261611 1c0085d0 ff010113 addi             x2, x2, -16          x2=10006318  x2:10006328
13999903ns          261612 1c0085d2 00912223 sw               x9, 4(x2)            x9:xxxxxxxx  x2:10006318  PA:1000631c
13999923ns          261613 1c0085d4 00112623 sw               x1, 12(x2)           x1:1c0086e6  x2:10006318  PA:10006324
13999943ns          261614 1c0085d6 00812423 sw               x8, 8(x2)            x8:00000005  x2:10006318  PA:10006320
13999962ns          261615 1c0085d8 01212023 sw               x18, 0(x2)          x18:xxxxxxxx  x2:10006318  PA:10006318
13999982ns          261616 1c0085da 00a004b3 add              x9, x0, x10          x9=00000005 x10:00000005
14000002ns          261617 1c0085dc 08050663 beq              x10, x0, 140        x10:00000005
14000499ns          261642 1c0085de 408010ef jal              x1, 5128             x1=1c0085e2
14000659ns          261650 1c0099e6 f14027f3 csrrs            x15, x0, 0xf14      x15=00000005
14000678ns          261651 1c0099ea 01f00713 addi             x14, x0, 31         x14=0000001f
14000698ns          261652 1c0099ec ca5797b3 p.extractu       x15, x15, 5, 5      x15=00000000 x15:00000005
14000718ns          261653 1c0099f0 00e78863 beq              x15, x14, 16        x15:00000000 x14:0000001f
14000738ns          261654 1c0099f4 002047b7 lui              x15, 0x204000       x15=00204000
14000758ns          261655 1c0099f8 20078793 addi             x15, x15, 512       x15=00204200 x15:00204000
14000778ns          261656 1c0099fc 01c7e703 p.elw            x14, 28(x15)        x14=00010000 x15:00204200  PA:0020421c
14143567ns          268789 1c009a00 00008067 jalr             x0, x1, 0            x1:1c0085e2
14143627ns          268792 1c0085e2 00148713 addi             x14, x9, 1          x14=00000006  x9:00000005
14143647ns          268793 1c0085e6 f8373733 p.bclr           x14, x14, 28, 3     x14=00000006 x14:00000006
14143667ns          268794 1c0085ea 10000437 lui              x8, 0x10000000       x8=10000000
14144148ns          268818 1c0085ee 01871513 slli             x10, x14, 0x18      x10=06000000 x14:00000006
14144189ns          268820 1c0085f2 005a06b7 lui              x13, 0x5a0000       x13=005a0000
14144209ns          268821 1c0085f6 02040413 addi             x8, x8, 32           x8=10000020  x8:10000000
14144229ns          268822 1c0085fa 0105d0fb lp.setupi        0x1, 0x10, 0xb     
14144670ns          268844 1c0085fe 00271793 slli             x15, x14, 0x2       x15=00000018 x14:00000006
14144690ns          268845 1c008602 008787b3 add              x15, x15, x8        x15=10000038 x15:00000018  x8:10000020
14144710ns          268846 1c008604 0207a583 lw               x11, 32(x15)        x11=065a0000 x15:10000038  PA:10000058
14144730ns          268847 1c008606 00d567b3 or               x15, x10, x13       x15=065a0000 x10:06000000 x13:005a0000
14144750ns          268848 1c00860a 00f59663 bne              x11, x15, 12        x11:065a0000 x15:065a0000
14144770ns          268849 1c00860e 00168693 addi             x13, x13, 1         x13=005a0001 x13:005a0000
14145192ns          268870 1c008610 00870713 addi             x14, x14, 8         x14=0000000e x14:00000006
14145252ns          268873 1c0085fe 00271793 slli             x15, x14, 0x2       x15=00000038 x14:0000000e
14145272ns          268874 1c008602 008787b3 add              x15, x15, x8        x15=10000058 x15:00000038  x8:10000020
14145292ns          268875 1c008604 0207a583 lw               x11, 32(x15)        x11=065a0001 x15:10000058  PA:10000078
14145312ns          268876 1c008606 00d567b3 or               x15, x10, x13       x15=065a0001 x10:06000000 x13:005a0001
14145332ns          268877 1c00860a 00f59663 bne              x11, x15, 12        x11:065a0001 x15:065a0001
14145352ns          268878 1c00860e 00168693 addi             x13, x13, 1         x13=005a0002 x13:005a0001
14145372ns          268879 1c008610 00870713 addi             x14, x14, 8         x14=00000016 x14:0000000e
14145412ns          268881 1c0085fe 00271793 slli             x15, x14, 0x2       x15=00000058 x14:00000016
14145433ns          268882 1c008602 008787b3 add              x15, x15, x8        x15=10000078 x15:00000058  x8:10000020
14145453ns          268883 1c008604 0207a583 lw               x11, 32(x15)        x11=065a0002 x15:10000078  PA:10000098
14145473ns          268884 1c008606 00d567b3 or               x15, x10, x13       x15=065a0002 x10:06000000 x13:005a0002
14145493ns          268885 1c00860a 00f59663 bne              x11, x15, 12        x11:065a0002 x15:065a0002
14145513ns          268886 1c00860e 00168693 addi             x13, x13, 1         x13=005a0003 x13:005a0002
14145533ns          268887 1c008610 00870713 addi             x14, x14, 8         x14=0000001e x14:00000016
14145573ns          268889 1c0085fe 00271793 slli             x15, x14, 0x2       x15=00000078 x14:0000001e
14145593ns          268890 1c008602 008787b3 add              x15, x15, x8        x15=10000098 x15:00000078  x8:10000020
14145613ns          268891 1c008604 0207a583 lw               x11, 32(x15)        x11=065a0003 x15:10000098  PA:100000b8
14145633ns          268892 1c008606 00d567b3 or               x15, x10, x13       x15=065a0003 x10:06000000 x13:005a0003
14145653ns          268893 1c00860a 00f59663 bne              x11, x15, 12        x11:065a0003 x15:065a0003
14145673ns          268894 1c00860e 00168693 addi             x13, x13, 1         x13=005a0004 x13:005a0003
14145693ns          268895 1c008610 00870713 addi             x14, x14, 8         x14=00000026 x14:0000001e
14145733ns          268897 1c0085fe 00271793 slli             x15, x14, 0x2       x15=00000098 x14:00000026
14145754ns          268898 1c008602 008787b3 add              x15, x15, x8        x15=100000b8 x15:00000098  x8:10000020
14145774ns          268899 1c008604 0207a583 lw               x11, 32(x15)        x11=065a0004 x15:100000b8  PA:100000d8
14145794ns          268900 1c008606 00d567b3 or               x15, x10, x13       x15=065a0004 x10:06000000 x13:005a0004
14145814ns          268901 1c00860a 00f59663 bne              x11, x15, 12        x11:065a0004 x15:065a0004
14145834ns          268902 1c00860e 00168693 addi             x13, x13, 1         x13=005a0005 x13:005a0004
14145854ns          268903 1c008610 00870713 addi             x14, x14, 8         x14=0000002e x14:00000026
14145894ns          268905 1c0085fe 00271793 slli             x15, x14, 0x2       x15=000000b8 x14:0000002e
14145914ns          268906 1c008602 008787b3 add              x15, x15, x8        x15=100000d8 x15:000000b8  x8:10000020
14145934ns          268907 1c008604 0207a583 lw               x11, 32(x15)        x11=065a0005 x15:100000d8  PA:100000f8
14145954ns          268908 1c008606 00d567b3 or               x15, x10, x13       x15=065a0005 x10:06000000 x13:005a0005
14145974ns          268909 1c00860a 00f59663 bne              x11, x15, 12        x11:065a0005 x15:065a0005
14145994ns          268910 1c00860e 00168693 addi             x13, x13, 1         x13=005a0006 x13:005a0005
14146014ns          268911 1c008610 00870713 addi             x14, x14, 8         x14=00000036 x14:0000002e
14146055ns          268913 1c0085fe 00271793 slli             x15, x14, 0x2       x15=000000d8 x14:00000036
14146075ns          268914 1c008602 008787b3 add              x15, x15, x8        x15=100000f8 x15:000000d8  x8:10000020
14146095ns          268915 1c008604 0207a583 lw               x11, 32(x15)        x11=065a0006 x15:100000f8  PA:10000118
14146115ns          268916 1c008606 00d567b3 or               x15, x10, x13       x15=065a0006 x10:06000000 x13:005a0006
14146135ns          268917 1c00860a 00f59663 bne              x11, x15, 12        x11:065a0006 x15:065a0006
14146155ns          268918 1c00860e 00168693 addi             x13, x13, 1         x13=005a0007 x13:005a0006
14146175ns          268919 1c008610 00870713 addi             x14, x14, 8         x14=0000003e x14:00000036
14146215ns          268921 1c0085fe 00271793 slli             x15, x14, 0x2       x15=000000f8 x14:0000003e
14146235ns          268922 1c008602 008787b3 add              x15, x15, x8        x15=10000118 x15:000000f8  x8:10000020
14146255ns          268923 1c008604 0207a583 lw               x11, 32(x15)        x11=065a0007 x15:10000118  PA:10000138
14146275ns          268924 1c008606 00d567b3 or               x15, x10, x13       x15=065a0007 x10:06000000 x13:005a0007
14146295ns          268925 1c00860a 00f59663 bne              x11, x15, 12        x11:065a0007 x15:065a0007
14146315ns          268926 1c00860e 00168693 addi             x13, x13, 1         x13=005a0008 x13:005a0007
14146335ns          268927 1c008610 00870713 addi             x14, x14, 8         x14=00000046 x14:0000003e
14146376ns          268929 1c0085fe 00271793 slli             x15, x14, 0x2       x15=00000118 x14:00000046
14146396ns          268930 1c008602 008787b3 add              x15, x15, x8        x15=10000138 x15:00000118  x8:10000020
14146416ns          268931 1c008604 0207a583 lw               x11, 32(x15)        x11=065a0008 x15:10000138  PA:10000158
14146436ns          268932 1c008606 00d567b3 or               x15, x10, x13       x15=065a0008 x10:06000000 x13:005a0008
14146456ns          268933 1c00860a 00f59663 bne              x11, x15, 12        x11:065a0008 x15:065a0008
14146476ns          268934 1c00860e 00168693 addi             x13, x13, 1         x13=005a0009 x13:005a0008
14146496ns          268935 1c008610 00870713 addi             x14, x14, 8         x14=0000004e x14:00000046
14146536ns          268937 1c0085fe 00271793 slli             x15, x14, 0x2       x15=00000138 x14:0000004e
14146556ns          268938 1c008602 008787b3 add              x15, x15, x8        x15=10000158 x15:00000138  x8:10000020
14146576ns          268939 1c008604 0207a583 lw               x11, 32(x15)        x11=065a0009 x15:10000158  PA:10000178
14146596ns          268940 1c008606 00d567b3 or               x15, x10, x13       x15=065a0009 x10:06000000 x13:005a0009
14146616ns          268941 1c00860a 00f59663 bne              x11, x15, 12        x11:065a0009 x15:065a0009
14146636ns          268942 1c00860e 00168693 addi             x13, x13, 1         x13=005a000a x13:005a0009
14146656ns          268943 1c008610 00870713 addi             x14, x14, 8         x14=00000056 x14:0000004e
14146697ns          268945 1c0085fe 00271793 slli             x15, x14, 0x2       x15=00000158 x14:00000056
14146717ns          268946 1c008602 008787b3 add              x15, x15, x8        x15=10000178 x15:00000158  x8:10000020
14146737ns          268947 1c008604 0207a583 lw               x11, 32(x15)        x11=065a000a x15:10000178  PA:10000198
14146757ns          268948 1c008606 00d567b3 or               x15, x10, x13       x15=065a000a x10:06000000 x13:005a000a
14146777ns          268949 1c00860a 00f59663 bne              x11, x15, 12        x11:065a000a x15:065a000a
14146797ns          268950 1c00860e 00168693 addi             x13, x13, 1         x13=005a000b x13:005a000a
14146817ns          268951 1c008610 00870713 addi             x14, x14, 8         x14=0000005e x14:00000056
14146857ns          268953 1c0085fe 00271793 slli             x15, x14, 0x2       x15=00000178 x14:0000005e
14146877ns          268954 1c008602 008787b3 add              x15, x15, x8        x15=10000198 x15:00000178  x8:10000020
14146897ns          268955 1c008604 0207a583 lw               x11, 32(x15)        x11=065a000b x15:10000198  PA:100001b8
14146917ns          268956 1c008606 00d567b3 or               x15, x10, x13       x15=065a000b x10:06000000 x13:005a000b
14146937ns          268957 1c00860a 00f59663 bne              x11, x15, 12        x11:065a000b x15:065a000b
14146957ns          268958 1c00860e 00168693 addi             x13, x13, 1         x13=005a000c x13:005a000b
14146977ns          268959 1c008610 00870713 addi             x14, x14, 8         x14=00000066 x14:0000005e
14147018ns          268961 1c0085fe 00271793 slli             x15, x14, 0x2       x15=00000198 x14:00000066
14147038ns          268962 1c008602 008787b3 add              x15, x15, x8        x15=100001b8 x15:00000198  x8:10000020
14147058ns          268963 1c008604 0207a583 lw               x11, 32(x15)        x11=065a000c x15:100001b8  PA:100001d8
14147078ns          268964 1c008606 00d567b3 or               x15, x10, x13       x15=065a000c x10:06000000 x13:005a000c
14147098ns          268965 1c00860a 00f59663 bne              x11, x15, 12        x11:065a000c x15:065a000c
14147118ns          268966 1c00860e 00168693 addi             x13, x13, 1         x13=005a000d x13:005a000c
14147138ns          268967 1c008610 00870713 addi             x14, x14, 8         x14=0000006e x14:00000066
14147178ns          268969 1c0085fe 00271793 slli             x15, x14, 0x2       x15=000001b8 x14:0000006e
14147198ns          268970 1c008602 008787b3 add              x15, x15, x8        x15=100001d8 x15:000001b8  x8:10000020
14147218ns          268971 1c008604 0207a583 lw               x11, 32(x15)        x11=065a000d x15:100001d8  PA:100001f8
14147238ns          268972 1c008606 00d567b3 or               x15, x10, x13       x15=065a000d x10:06000000 x13:005a000d
14147258ns          268973 1c00860a 00f59663 bne              x11, x15, 12        x11:065a000d x15:065a000d
14147278ns          268974 1c00860e 00168693 addi             x13, x13, 1         x13=005a000e x13:005a000d
14147298ns          268975 1c008610 00870713 addi             x14, x14, 8         x14=00000076 x14:0000006e
14147339ns          268977 1c0085fe 00271793 slli             x15, x14, 0x2       x15=000001d8 x14:00000076
14147359ns          268978 1c008602 008787b3 add              x15, x15, x8        x15=100001f8 x15:000001d8  x8:10000020
14147379ns          268979 1c008604 0207a583 lw               x11, 32(x15)        x11=065a000e x15:100001f8  PA:10000218
14147399ns          268980 1c008606 00d567b3 or               x15, x10, x13       x15=065a000e x10:06000000 x13:005a000e
14147419ns          268981 1c00860a 00f59663 bne              x11, x15, 12        x11:065a000e x15:065a000e
14147439ns          268982 1c00860e 00168693 addi             x13, x13, 1         x13=005a000f x13:005a000e
14147459ns          268983 1c008610 00870713 addi             x14, x14, 8         x14=0000007e x14:00000076
14147499ns          268985 1c0085fe 00271793 slli             x15, x14, 0x2       x15=000001f8 x14:0000007e
14147519ns          268986 1c008602 008787b3 add              x15, x15, x8        x15=10000218 x15:000001f8  x8:10000020
14147539ns          268987 1c008604 0207a583 lw               x11, 32(x15)        x11=065a000f x15:10000218  PA:10000238
14147559ns          268988 1c008606 00d567b3 or               x15, x10, x13       x15=065a000f x10:06000000 x13:005a000f
14147579ns          268989 1c00860a 00f59663 bne              x11, x15, 12        x11:065a000f x15:065a000f
14147599ns          268990 1c00860e 00168693 addi             x13, x13, 1         x13=005a0010 x13:005a000f
14147619ns          268991 1c008610 00870713 addi             x14, x14, 8         x14=00000086 x14:0000007e
14147640ns          268992 1c008612 00000913 addi             x18, x0, 0          x18=00000000
14147660ns          268993 1c008614 01e0006f jal              x0, 30             
14148161ns          269018 1c008632 3b4010ef jal              x1, 5044             x1=1c008636
14148221ns          269021 1c0099e6 f14027f3 csrrs            x15, x0, 0xf14      x15=00000005
14148241ns          269022 1c0099ea 01f00713 addi             x14, x0, 31         x14=0000001f
14148262ns          269023 1c0099ec ca5797b3 p.extractu       x15, x15, 5, 5      x15=00000000 x15:00000005
14148282ns          269024 1c0099f0 00e78863 beq              x15, x14, 16        x15:00000000 x14:0000001f
14148302ns          269025 1c0099f4 002047b7 lui              x15, 0x204000       x15=00204000
14148322ns          269026 1c0099f8 20078793 addi             x15, x15, 512       x15=00204200 x15:00204000
14148342ns          269027 1c0099fc 01c7e703 p.elw            x14, 28(x15)        x14=00010000 x15:00204200  PA:0020421c
14148603ns          269040 1c009a00 00008067 jalr             x0, x1, 0            x1:1c008636
14148643ns          269042 1c008636 02049263 bne              x9, x0, 36           x9:00000005
14149285ns          269074 1c00865a 00c12083 lw               x1, 12(x2)           x1=1c0086e6  x2:10006318  PA:10006324
14149325ns          269076 1c00865c 00812403 lw               x8, 8(x2)            x8=00000005  x2:10006318  PA:10006320
14149345ns          269077 1c00865e 01200533 add              x10, x0, x18        x10=00000000 x18:00000000
14149766ns          269098 1c008660 00412483 lw               x9, 4(x2)            x9=xxxxxxxx  x2:10006318  PA:1000631c
14149786ns          269099 1c008662 00012903 lw               x18, 0(x2)          x18=xxxxxxxx  x2:10006318  PA:10006318
14149806ns          269100 1c008664 01010113 addi             x2, x2, 16           x2=10006328  x2:10006318
14149827ns          269101 1c008666 00008067 jalr             x0, x1, 0            x1:1c0086e6
14149947ns          269107 1c0086e6 300010ef jal              x1, 4864             x1=1c0086ea
14150007ns          269110 1c0099e6 f14027f3 csrrs            x15, x0, 0xf14      x15=00000005
14150027ns          269111 1c0099ea 01f00713 addi             x14, x0, 31         x14=0000001f
14150047ns          269112 1c0099ec ca5797b3 p.extractu       x15, x15, 5, 5      x15=00000000 x15:00000005
14150067ns          269113 1c0099f0 00e78863 beq              x15, x14, 16        x15:00000000 x14:0000001f
14150087ns          269114 1c0099f4 002047b7 lui              x15, 0x204000       x15=00204000
14150107ns          269115 1c0099f8 20078793 addi             x15, x15, 512       x15=00204200 x15:00204000
14150127ns          269116 1c0099fc 01c7e703 p.elw            x14, 28(x15)        x14=00010000 x15:00204200  PA:0020421c
14675624ns          295307 1c009a00 00008067 jalr             x0, x1, 0            x1:1c0086ea
14675664ns          295309 1c0086ea 00000513 addi             x10, x0, 0          x10=00000000
14675684ns          295310 1c0086ec 00c12083 lw               x1, 12(x2)           x1=1c0098fe  x2:10006328  PA:10006334
14675784ns          295315 1c0086ee 00812403 lw               x8, 8(x2)            x8=xxxxxxxx  x2:10006328  PA:10006330
14676286ns          295340 1c0086f0 00412483 lw               x9, 4(x2)            x9=xxxxxxxx  x2:10006328  PA:1000632c
14676306ns          295341 1c0086f2 01010113 addi             x2, x2, 16           x2=10006338  x2:10006328
14676326ns          295342 1c0086f4 00008067 jalr             x0, x1, 0            x1:1c0098fe
14677249ns          295388 1c0098fe f14027f3 csrrs            x15, x0, 0xf14      x15=00000005
14677289ns          295390 1c009902 f457b7b3 p.bclr           x15, x15, 26, 5     x15=00000005 x15:00000005
14677309ns          295391 1c009906 00079963 bne              x15, x0, 18         x15:00000005
14677811ns          295416 1c009918 002047b7 lui              x15, 0x204000       x15=00204000
14677831ns          295417 1c00991c fff00713 addi             x14, x0, -1         x14=ffffffff
14677851ns          295418 1c00991e 00e7a223 sw               x14, 4(x15)         x14:ffffffff x15:00204000  PA:00204004
