                Time          Cycles PC       Instr    Mnemonic
13191475ns          220963 1c008080 0600006f jal              x0, 96             
13191953ns          220987 1c0080e0 f1402573 csrrs            x10, x0, 0xf14      x10=00000006
13191993ns          220989 1c0080e4 01f57593 andi             x11, x10, 31        x11=00000006 x10:00000006
13192012ns          220990 1c0080e8 00555513 srli             x10, x10, 0x5       x10=00000000 x10:00000006
13192032ns          220991 1c0080ea 01f00613 addi             x12, x0, 31         x12=0000001f
13192052ns          220992 1c0080ec 00c50463 beq              x10, x12, 8         x10:00000000 x12:0000001f
13192470ns          221013 1c0080f0 fa5ff06f jal              x0, -92            
13192927ns          221036 1c008094 f3ff8117 auipc            x2, 0xf3ff8000       x2=10000094
13192967ns          221038 1c008098 2b010113 addi             x2, x2, 688          x2=10000344  x2:10000094
13192987ns          221039 1c00809c 00012103 lw               x2, 0(x2)            x2=10000348  x2:10000344  PA:10000344
13193425ns          221061 1c0080a0 000011b7 lui              x3, 0x1000           x3=00001000
13193464ns          221063 1c0080a4 00158593 addi             x11, x11, 1         x11=00000007 x11:00000006
13193484ns          221064 1c0080a8 02b180b3 mul              x1, x3, x11          x1=00007000  x3:00001000 x11:00000007
13193504ns          221065 1c0080ac 00110133 add              x2, x2, x1           x2=10007348  x2:10000348  x1:00007000
13193942ns          221087 1c0080b0 0270106f jal              x0, 6182           
13194399ns          221110 1c0098d6 ff010113 addi             x2, x2, -16          x2=10007338  x2:10007348
13194439ns          221112 1c0098d8 00112623 sw               x1, 12(x2)           x1:00007000  x2:10007338  PA:10007344
13194459ns          221113 1c0098da 002047b7 lui              x15, 0x204000       x15=00204000
13194896ns          221135 1c0098de 00070737 lui              x14, 0x70000        x14=00070000
13194916ns          221136 1c0098e2 00e7a423 sw               x14, 8(x15)         x14:00070000 x15:00204000  PA:00204008
13194936ns          221137 1c0098e4 0ff00713 addi             x14, x0, 255        x14=000000ff
13194956ns          221138 1c0098e8 20078793 addi             x15, x15, 512       x15=00204200 x15:00204000
13194976ns          221139 1c0098ec 00e7a023 sw               x14, 0(x15)         x14:000000ff x15:00204200  PA:00204200
13195413ns          221161 1c0098f0 00e7a623 sw               x14, 12(x15)        x14:000000ff x15:00204200  PA:0020420c
13195453ns          221163 1c0098f4 1c0017b7 lui              x15, 0x1c001000     x15=1c001000
13195473ns          221164 1c0098f8 b247a783 lw               x15, -1244(x15)     x15=1c00867e x15:1c001000  PA:1c000b24
13196090ns          221195 1c0098fc 000780e7 jalr             x1, x15, 0           x1=1c0098fe x15:1c00867e
13196408ns          221211 1c00867e ff010113 addi             x2, x2, -16          x2=10007328  x2:10007338
13196865ns          221234 1c008680 f1402573 csrrs            x10, x0, 0xf14      x10=00000006
13196905ns          221236 1c008684 00112623 sw               x1, 12(x2)           x1:1c0098fe  x2:10007328  PA:10007334
13196925ns          221237 1c008686 00812423 sw               x8, 8(x2)            x8:xxxxxxxx  x2:10007328  PA:10007330
13196945ns          221238 1c008688 00912223 sw               x9, 4(x2)            x9:xxxxxxxx  x2:10007328  PA:1000732c
13196965ns          221239 1c00868a ca5517b3 p.extractu       x15, x10, 5, 5      x15=00000000 x10:00000006
13196984ns          221240 1c00868e 06079463 bne              x15, x0, 104        x15:00000000
13197382ns          221260 1c008690 f4553433 p.bclr           x8, x10, 26, 5       x8=00000006 x10:00000006
13197422ns          221262 1c008694 04041363 bne              x8, x0, 70           x8:00000006
13198058ns          221294 1c0086da 30c010ef jal              x1, 4876             x1=1c0086de
13199132ns          221348 1c0099e6 f14027f3 csrrs            x15, x0, 0xf14      x15=00000006
13199152ns          221349 1c0099ea 01f00713 addi             x14, x0, 31         x14=0000001f
13199172ns          221350 1c0099ec ca5797b3 p.extractu       x15, x15, 5, 5      x15=00000000 x15:00000006
13199570ns          221370 1c0099f0 00e78863 beq              x15, x14, 16        x15:00000000 x14:0000001f
13199610ns          221372 1c0099f4 002047b7 lui              x15, 0x204000       x15=00204000
13199630ns          221373 1c0099f8 20078793 addi             x15, x15, 512       x15=00204200 x15:00204000
13199649ns          221374 1c0099fc 01c7e703 p.elw            x14, 28(x15)        x14=00010000 x15:00204200  PA:0020421c
13200087ns          221396 1c009a00 00008067 jalr             x0, x1, 0            x1:1c0086de
13200127ns          221398 1c0086de 00800533 add              x10, x0, x8         x10=00000006  x8:00000006
13200147ns          221399 1c0086e0 bedff0ef jal              x1, -1044            x1=1c0086e2
13200584ns          221421 1c0082cc ff010113 addi             x2, x2, -16          x2=10007318  x2:10007328
13200604ns          221422 1c0082ce 00812423 sw               x8, 8(x2)            x8:00000006  x2:10007318  PA:10007320
13201101ns          221447 1c0082d0 00112623 sw               x1, 12(x2)           x1:1c0086e2  x2:10007318  PA:10007324
13201121ns          221448 1c0082d2 00912223 sw               x9, 4(x2)            x9:xxxxxxxx  x2:10007318  PA:1000731c
13201141ns          221449 1c0082d4 00a00433 add              x8, x0, x10          x8=00000006 x10:00000006
13201161ns          221450 1c0082d6 08050063 beq              x10, x0, 128        x10:00000006
13201181ns          221451 1c0082d8 70e010ef jal              x1, 5902             x1=1c0082dc
13201738ns          221479 1c0099e6 f14027f3 csrrs            x15, x0, 0xf14      x15=00000006
13201758ns          221480 1c0099ea 01f00713 addi             x14, x0, 31         x14=0000001f
13201777ns          221481 1c0099ec ca5797b3 p.extractu       x15, x15, 5, 5      x15=00000000 x15:00000006
13201797ns          221482 1c0099f0 00e78863 beq              x15, x14, 16        x15:00000000 x14:0000001f
13201817ns          221483 1c0099f4 002047b7 lui              x15, 0x204000       x15=00204000
13201837ns          221484 1c0099f8 20078793 addi             x15, x15, 512       x15=00204200 x15:00204000
13201857ns          221485 1c0099fc 01c7e703 p.elw            x14, 28(x15)        x14=00010000 x15:00204200  PA:0020421c
13294316ns          226134 1c009a00 00008067 jalr             x0, x1, 0            x1:1c0082dc
13294356ns          226136 1c0082dc c0de07b7 lui              x15, 0xc0de0000     x15=c0de0000
13294376ns          226137 1c0082e0 10000637 lui              x12, 0x10000000     x12=10000000
13294396ns          226138 1c0082e4 0087e7b3 or               x15, x15, x8        x15=c0de0006 x15:c0de0000  x8:00000006
13294416ns          226139 1c0082e6 02060613 addi             x12, x12, 32        x12=10000020 x12:10000000
13294436ns          226140 1c0082ea 00241893 slli             x17, x8, 0x2        x17=00000018  x8:00000006
13294456ns          226141 1c0082ee 008005b3 add              x11, x0, x8         x11=00000006  x8:00000006
13295052ns          226171 1c0082f0 00f668a3 p.sw             x15, x0(x12)        x15:c0de0006 x12:10000020  PA:10000038
13295092ns          226173 1c0082f4 01841813 slli             x16, x8, 0x18       x16=06000000  x8:00000006
13295112ns          226174 1c0082f8 005a06b7 lui              x13, 0x5a0000       x13=005a0000
13295132ns          226175 1c0082fc 0104d0fb lp.setupi        0x1, 0x10, 0x9     
13295569ns          226197 1c008300 00259793 slli             x15, x11, 0x2       x15=00000018 x11:00000006
13295609ns          226199 1c008304 00d86533 or               x10, x16, x13       x10=065a0000 x16:06000000 x13:005a0000
13295629ns          226200 1c008308 00c787b3 add              x15, x15, x12       x15=10000038 x15:00000018 x12:10000020
13295649ns          226201 1c00830a 02a7a023 sw               x10, 32(x15)        x10:065a0000 x15:10000038  PA:10000058
13295669ns          226202 1c00830c 00168693 addi             x13, x13, 1         x13=005a0001 x13:005a0000
13295689ns          226203 1c00830e 00858593 addi             x11, x11, 8         x11=0000000e x11:00000006
13296066ns          226222 1c008300 00259793 slli             x15, x11, 0x2       x15=00000038 x11:0000000e
13296086ns          226223 1c008304 00d86533 or               x10, x16, x13       x10=065a0001 x16:06000000 x13:005a0001
13296106ns          226224 1c008308 00c787b3 add              x15, x15, x12       x15=10000058 x15:00000038 x12:10000020
13296126ns          226225 1c00830a 02a7a023 sw               x10, 32(x15)        x10:065a0001 x15:10000058  PA:10000078
13296146ns          226226 1c00830c 00168693 addi             x13, x13, 1         x13=005a0002 x13:005a0001
13296166ns          226227 1c00830e 00858593 addi             x11, x11, 8         x11=00000016 x11:0000000e
13296186ns          226228 1c008300 00259793 slli             x15, x11, 0x2       x15=00000058 x11:00000016
13296206ns          226229 1c008304 00d86533 or               x10, x16, x13       x10=065a0002 x16:06000000 x13:005a0002
13296226ns          226230 1c008308 00c787b3 add              x15, x15, x12       x15=10000078 x15:00000058 x12:10000020
13296245ns          226231 1c00830a 02a7a023 sw               x10, 32(x15)        x10:065a0002 x15:10000078  PA:10000098
13296265ns          226232 1c00830c 00168693 addi             x13, x13, 1         x13=005a0003 x13:005a0002
13296285ns          226233 1c00830e 00858593 addi             x11, x11, 8         x11=0000001e x11:00000016
13296305ns          226234 1c008300 00259793 slli             x15, x11, 0x2       x15=00000078 x11:0000001e
13296325ns          226235 1c008304 00d86533 or               x10, x16, x13       x10=065a0003 x16:06000000 x13:005a0003
13296345ns          226236 1c008308 00c787b3 add              x15, x15, x12       x15=10000098 x15:00000078 x12:10000020
13296365ns          226237 1c00830a 02a7a023 sw               x10, 32(x15)        x10:065a0003 x15:10000098  PA:100000b8
13296385ns          226238 1c00830c 00168693 addi             x13, x13, 1         x13=005a0004 x13:005a0003
13296405ns          226239 1c00830e 00858593 addi             x11, x11, 8         x11=00000026 x11:0000001e
13296424ns          226240 1c008300 00259793 slli             x15, x11, 0x2       x15=00000098 x11:00000026
13296444ns          226241 1c008304 00d86533 or               x10, x16, x13       x10=065a0004 x16:06000000 x13:005a0004
13296464ns          226242 1c008308 00c787b3 add              x15, x15, x12       x15=100000b8 x15:00000098 x12:10000020
13296484ns          226243 1c00830a 02a7a023 sw               x10, 32(x15)        x10:065a0004 x15:100000b8  PA:100000d8
13296504ns          226244 1c00830c 00168693 addi             x13, x13, 1         x13=005a0005 x13:005a0004
13296524ns          226245 1c00830e 00858593 addi             x11, x11, 8         x11=0000002e x11:00000026
13296544ns          226246 1c008300 00259793 slli             x15, x11, 0x2       x15=000000b8 x11:0000002e
13296564ns          226247 1c008304 00d86533 or               x10, x16, x13       x10=065a0005 x16:06000000 x13:005a0005
13296584ns          226248 1c008308 00c787b3 add              x15, x15, x12       x15=100000d8 x15:000000b8 x12:10000020
13296603ns          226249 1c00830a 02a7a023 sw               x10, 32(x15)        x10:065a0005 x15:100000d8  PA:100000f8
13296623ns          226250 1c00830c 00168693 addi             x13, x13, 1         x13=005a0006 x13:005a0005
13296643ns          226251 1c00830e 00858593 addi             x11, x11, 8         x11=00000036 x11:0000002e
13296663ns          226252 1c008300 00259793 slli             x15, x11, 0x2       x15=000000d8 x11:00000036
13296683ns          226253 1c008304 00d86533 or               x10, x16, x13       x10=065a0006 x16:06000000 x13:005a0006
13296703ns          226254 1c008308 00c787b3 add              x15, x15, x12       x15=100000f8 x15:000000d8 x12:10000020
13296723ns          226255 1c00830a 02a7a023 sw               x10, 32(x15)        x10:065a0006 x15:100000f8  PA:10000118
13296743ns          226256 1c00830c 00168693 addi             x13, x13, 1         x13=005a0007 x13:005a0006
13296763ns          226257 1c00830e 00858593 addi             x11, x11, 8         x11=0000003e x11:00000036
13296782ns          226258 1c008300 00259793 slli             x15, x11, 0x2       x15=000000f8 x11:0000003e
13296802ns          226259 1c008304 00d86533 or               x10, x16, x13       x10=065a0007 x16:06000000 x13:005a0007
13296822ns          226260 1c008308 00c787b3 add              x15, x15, x12       x15=10000118 x15:000000f8 x12:10000020
13296842ns          226261 1c00830a 02a7a023 sw               x10, 32(x15)        x10:065a0007 x15:10000118  PA:10000138
13296862ns          226262 1c00830c 00168693 addi             x13, x13, 1         x13=005a0008 x13:005a0007
13296882ns          226263 1c00830e 00858593 addi             x11, x11, 8         x11=00000046 x11:0000003e
13296902ns          226264 1c008300 00259793 slli             x15, x11, 0x2       x15=00000118 x11:00000046
13296922ns          226265 1c008304 00d86533 or               x10, x16, x13       x10=065a0008 x16:06000000 x13:005a0008
13296942ns          226266 1c008308 00c787b3 add              x15, x15, x12       x15=10000138 x15:00000118 x12:10000020
13296961ns          226267 1c00830a 02a7a023 sw               x10, 32(x15)        x10:065a0008 x15:10000138  PA:10000158
13296981ns          226268 1c00830c 00168693 addi             x13, x13, 1         x13=005a0009 x13:005a0008
13297001ns          226269 1c00830e 00858593 addi             x11, x11, 8         x11=0000004e x11:00000046
13297021ns          226270 1c008300 00259793 slli             x15, x11, 0x2       x15=00000138 x11:0000004e
13297041ns          226271 1c008304 00d86533 or               x10, x16, x13       x10=065a0009 x16:06000000 x13:005a0009
13297061ns          226272 1c008308 00c787b3 add              x15, x15, x12       x15=10000158 x15:00000138 x12:10000020
13297081ns          226273 1c00830a 02a7a023 sw               x10, 32(x15)        x10:065a0009 x15:10000158  PA:10000178
13297101ns          226274 1c00830c 00168693 addi             x13, x13, 1         x13=005a000a x13:005a0009
13297121ns          226275 1c00830e 00858593 addi             x11, x11, 8         x11=00000056 x11:0000004e
13297140ns          226276 1c008300 00259793 slli             x15, x11, 0x2       x15=00000158 x11:00000056
13297160ns          226277 1c008304 00d86533 or               x10, x16, x13       x10=065a000a x16:06000000 x13:005a000a
13297180ns          226278 1c008308 00c787b3 add              x15, x15, x12       x15=10000178 x15:00000158 x12:10000020
13297200ns          226279 1c00830a 02a7a023 sw               x10, 32(x15)        x10:065a000a x15:10000178  PA:10000198
13297220ns          226280 1c00830c 00168693 addi             x13, x13, 1         x13=005a000b x13:005a000a
13297240ns          226281 1c00830e 00858593 addi             x11, x11, 8         x11=0000005e x11:00000056
13297260ns          226282 1c008300 00259793 slli             x15, x11, 0x2       x15=00000178 x11:0000005e
13297280ns          226283 1c008304 00d86533 or               x10, x16, x13       x10=065a000b x16:06000000 x13:005a000b
13297300ns          226284 1c008308 00c787b3 add              x15, x15, x12       x15=10000198 x15:00000178 x12:10000020
13297319ns          226285 1c00830a 02a7a023 sw               x10, 32(x15)        x10:065a000b x15:10000198  PA:100001b8
13297339ns          226286 1c00830c 00168693 addi             x13, x13, 1         x13=005a000c x13:005a000b
13297359ns          226287 1c00830e 00858593 addi             x11, x11, 8         x11=00000066 x11:0000005e
13297379ns          226288 1c008300 00259793 slli             x15, x11, 0x2       x15=00000198 x11:00000066
13297399ns          226289 1c008304 00d86533 or               x10, x16, x13       x10=065a000c x16:06000000 x13:005a000c
13297419ns          226290 1c008308 00c787b3 add              x15, x15, x12       x15=100001b8 x15:00000198 x12:10000020
13297439ns          226291 1c00830a 02a7a023 sw               x10, 32(x15)        x10:065a000c x15:100001b8  PA:100001d8
13297459ns          226292 1c00830c 00168693 addi             x13, x13, 1         x13=005a000d x13:005a000c
13297479ns          226293 1c00830e 00858593 addi             x11, x11, 8         x11=0000006e x11:00000066
13297498ns          226294 1c008300 00259793 slli             x15, x11, 0x2       x15=000001b8 x11:0000006e
13297518ns          226295 1c008304 00d86533 or               x10, x16, x13       x10=065a000d x16:06000000 x13:005a000d
13297538ns          226296 1c008308 00c787b3 add              x15, x15, x12       x15=100001d8 x15:000001b8 x12:10000020
13297558ns          226297 1c00830a 02a7a023 sw               x10, 32(x15)        x10:065a000d x15:100001d8  PA:100001f8
13297578ns          226298 1c00830c 00168693 addi             x13, x13, 1         x13=005a000e x13:005a000d
13297598ns          226299 1c00830e 00858593 addi             x11, x11, 8         x11=00000076 x11:0000006e
13297618ns          226300 1c008300 00259793 slli             x15, x11, 0x2       x15=000001d8 x11:00000076
13297638ns          226301 1c008304 00d86533 or               x10, x16, x13       x10=065a000e x16:06000000 x13:005a000e
13297658ns          226302 1c008308 00c787b3 add              x15, x15, x12       x15=100001f8 x15:000001d8 x12:10000020
13297677ns          226303 1c00830a 02a7a023 sw               x10, 32(x15)        x10:065a000e x15:100001f8  PA:10000218
13297697ns          226304 1c00830c 00168693 addi             x13, x13, 1         x13=005a000f x13:005a000e
13297717ns          226305 1c00830e 00858593 addi             x11, x11, 8         x11=0000007e x11:00000076
13297737ns          226306 1c008300 00259793 slli             x15, x11, 0x2       x15=000001f8 x11:0000007e
13297757ns          226307 1c008304 00d86533 or               x10, x16, x13       x10=065a000f x16:06000000 x13:005a000f
13297777ns          226308 1c008308 00c787b3 add              x15, x15, x12       x15=10000218 x15:000001f8 x12:10000020
13297797ns          226309 1c00830a 02a7a023 sw               x10, 32(x15)        x10:065a000f x15:10000218  PA:10000238
13297817ns          226310 1c00830c 00168693 addi             x13, x13, 1         x13=005a0010 x13:005a000f
13297837ns          226311 1c00830e 00858593 addi             x11, x11, 8         x11=00000086 x11:0000007e
13297856ns          226312 1c008310 002044b7 lui              x9, 0x204000         x9=00204000
13297876ns          226313 1c008314 0c048493 addi             x9, x9, 192          x9=002040c0  x9:00204000
13297896ns          226314 1c008318 0004e783 p.elw            x15, 0(x9)          x15=00000000  x9:002040c0  PA:002040c0
13825127ns          252824 1c00831c 1c000537 lui              x10, 0x1c000000     x10=1c000000
13825147ns          252825 1c008320 21167603 lw               x12, x17(x12)       x12=c0de0006 x17:00000018 x12:10000020  PA:10000038
13825167ns          252826 1c008324 008005b3 add              x11, x0, x8         x11=00000006  x8:00000006
13825187ns          252827 1c008326 15450513 addi             x10, x10, 340       x10=1c000154 x10:1c000000
13825207ns          252828 1c00832a 6ca000ef jal              x1, 1738             x1=1c00832c
13825326ns          252834 1c0089f4 fc010113 addi             x2, x2, -64          x2=100072d8  x2:10007318
13825366ns          252836 1c0089f6 02410313 addi             x6, x2, 36           x6=100072fc  x2:100072d8
13825386ns          252837 1c0089fa 02c12423 sw               x12, 40(x2)         x12:c0de0006  x2:100072d8  PA:10007300
13825405ns          252838 1c0089fc 00a00633 add              x12, x0, x10        x12=1c000154 x10:1c000154
13825445ns          252840 1c0089fe 1c009537 lui              x10, 0x1c009000     x10=1c009000
13825465ns          252841 1c008a02 02b12223 sw               x11, 36(x2)         x11:00000006  x2:100072d8  PA:100072fc
13825485ns          252842 1c008a04 02d12623 sw               x13, 44(x2)         x13:005a0010  x2:100072d8  PA:10007304
13825505ns          252843 1c008a06 00200593 addi             x11, x0, 2          x11=00000002
13825525ns          252844 1c008a08 006006b3 add              x13, x0, x6         x13=100072fc  x6:100072fc
13825545ns          252845 1c008a0a 9d650513 addi             x10, x10, -1578     x10=1c0089d6 x10:1c009000
13825565ns          252846 1c008a0e 00112e23 sw               x1, 28(x2)           x1:1c00832c  x2:100072d8  PA:100072f4
13825584ns          252847 1c008a10 02e12823 sw               x14, 48(x2)         x14:00010000  x2:100072d8  PA:10007308
13825604ns          252848 1c008a12 02f12a23 sw               x15, 52(x2)         x15:00000000  x2:100072d8  PA:1000730c
13825624ns          252849 1c008a14 03012c23 sw               x16, 56(x2)         x16:06000000  x2:100072d8  PA:10007310
13825644ns          252850 1c008a16 03112e23 sw               x17, 60(x2)         x17:00000018  x2:100072d8  PA:10007314
13825664ns          252851 1c008a18 00612623 sw               x6, 12(x2)           x6:100072fc  x2:100072d8  PA:100072e4
13825684ns          252852 1c008a1a fbfff0ef jal              x1, -66              x1=1c008a1c
13825803ns          252858 1c0089d8 0ae0006f jal              x0, 174            
13825883ns          252862 1c008a86 ed010113 addi             x2, x2, -304         x2=100071a8  x2:100072d8
13825923ns          252864 1c008a88 12812423 sw               x8, 296(x2)          x8:00000006  x2:100071a8  PA:100072d0
13825942ns          252865 1c008a8c 12912223 sw               x9, 292(x2)          x9:002040c0  x2:100071a8  PA:100072cc
13826002ns          252868 1c008a90 11712623 sw               x23, 268(x2)        x23:xxxxxxxx  x2:100071a8  PA:100072b4
13826042ns          252870 1c008a94 11812423 sw               x24, 264(x2)        x24:xxxxxxxx  x2:100071a8  PA:100072b0
13826062ns          252871 1c008a98 11912223 sw               x25, 260(x2)        x25:xxxxxxxx  x2:100071a8  PA:100072ac
13826082ns          252872 1c008a9c 11a12023 sw               x26, 256(x2)        x26:xxxxxxxx  x2:100071a8  PA:100072a8
13826141ns          252875 1c008aa0 0fb12e23 sw               x27, 252(x2)        x27:xxxxxxxx  x2:100071a8  PA:100072a4
13826181ns          252877 1c008aa2 12112623 sw               x1, 300(x2)          x1:1c008a1c  x2:100071a8  PA:100072d4
13826201ns          252878 1c008aa6 13212023 sw               x18, 288(x2)        x18:xxxxxxxx  x2:100071a8  PA:100072c8
13826221ns          252879 1c008aaa 11312e23 sw               x19, 284(x2)        x19:xxxxxxxx  x2:100071a8  PA:100072c4
13826281ns          252882 1c008aae 11412c23 sw               x20, 280(x2)        x20:xxxxxxxx  x2:100071a8  PA:100072c0
13826320ns          252884 1c008ab2 11512a23 sw               x21, 276(x2)        x21:xxxxxxxx  x2:100071a8  PA:100072bc
13826340ns          252885 1c008ab6 11612823 sw               x22, 272(x2)        x22:xxxxxxxx  x2:100071a8  PA:100072b8
13826360ns          252886 1c008aba 00a00cb3 add              x25, x0, x10        x25=1c0089d6 x10:1c0089d6
13826380ns          252887 1c008abc 00b00bb3 add              x23, x0, x11        x23=00000002 x11:00000002
13826400ns          252888 1c008abe 00c004b3 add              x9, x0, x12          x9=1c000154 x12:1c000154
13826420ns          252889 1c008ac0 00d00c33 add              x24, x0, x13        x24=100072fc x13:100072fc
13826440ns          252890 1c008ac2 00000413 addi             x8, x0, 0            x8=00000000
13826460ns          252891 1c008ac4 1c000db7 lui              x27, 0x1c000000     x27=1c000000
13826479ns          252892 1c008ac8 02410d13 addi             x26, x2, 36         x26=100071cc  x2:100071a8
13826499ns          252893 1c008acc 0004c503 lbu              x10, 0(x9)          x10=00000046  x9:1c000154  PA:1c000154
13826818ns          252909 1c008ad0 00148493 addi             x9, x9, 1            x9=1c000155  x9:1c000154
13826837ns          252910 1c008ad2 00050e63 beq              x10, x0, 28         x10:00000046
13826857ns          252911 1c008ad4 02500793 addi             x15, x0, 37         x15=00000025
13826877ns          252912 1c008ad8 04f50763 beq              x10, x15, 78        x10:00000046 x15:00000025
13826897ns          252913 1c008adc 017005b3 add              x11, x0, x23        x11=00000002 x23:00000002
13826917ns          252914 1c008ade 000c80e7 jalr             x1, x25, 0           x1=1c008ae0 x25:1c0089d6
13826977ns          252917 1c0089d6 fd9ff06f jal              x0, -40            
13827056ns          252921 1c0089ae 000026b7 lui              x13, 0x2000         x13=00002000
13827136ns          252925 1c0089b0 f14027f3 csrrs            x15, x0, 0xf14      x15=00000006
13827176ns          252927 1c0089b4 f8068693 addi             x13, x13, -128      x13=00001f80 x13:00002000
13827195ns          252928 1c0089b8 00379713 slli             x14, x15, 0x3       x14=00000030 x15:00000006
13827215ns          252929 1c0089bc 00279793 slli             x15, x15, 0x2       x15=00000018 x15:00000006
13827235ns          252930 1c0089be 00d7f7b3 and              x15, x15, x13       x15=00000000 x15:00000018 x13:00001f80
13827275ns          252932 1c0089c0 ee873733 p.bclr           x14, x14, 23, 8     x14=00000030 x14:00000030
13827315ns          252934 1c0089c4 1a10f6b7 lui              x13, 0x1a10f000     x13=1a10f000
13827335ns          252935 1c0089c8 0ff57513 andi             x10, x10, 255       x10=00000046 x10:00000046
13827355ns          252936 1c0089cc 00d70733 add              x14, x14, x13       x14=1a10f030 x14:00000030 x13:1a10f000
13827374ns          252937 1c0089ce 00a7e723 p.sw             x10, x0(x15)        x10:00000046 x15:00000000  PA:1a10f030
13827693ns          252953 1c0089d2 00000513 addi             x10, x0, 0          x10=00000000
13827712ns          252954 1c0089d4 00008067 jalr             x0, x1, 0            x1:1c008ae0
13827792ns          252958 1c008ae0 15f52c63 p.beqimm         x10, 344            x10:00000000
13827832ns          252960 1c008ae4 00140413 addi             x8, x8, 1            x8=00000001  x8:00000000
13827852ns          252961 1c008ae6 0004c503 lbu              x10, 0(x9)          x10=0000004c  x9:1c000155  PA:1c000155
13828150ns          252976 1c008aea 00148493 addi             x9, x9, 1            x9=1c000156  x9:1c000155
13828170ns          252977 1c008aec fe0514e3 bne              x10, x0, -24        x10:0000004c
13828230ns          252980 1c008ad4 02500793 addi             x15, x0, 37         x15=00000025
13828249ns          252981 1c008ad8 04f50763 beq              x10, x15, 78        x10:0000004c x15:00000025
13828269ns          252982 1c008adc 017005b3 add              x11, x0, x23        x11=00000002 x23:00000002
13828289ns          252983 1c008ade 000c80e7 jalr             x1, x25, 0           x1=1c008ae0 x25:1c0089d6
13828329ns          252985 1c0089d6 fd9ff06f jal              x0, -40            
13828369ns          252987 1c0089ae 000026b7 lui              x13, 0x2000         x13=00002000
13828389ns          252988 1c0089b0 f14027f3 csrrs            x15, x0, 0xf14      x15=00000006
13828409ns          252989 1c0089b4 f8068693 addi             x13, x13, -128      x13=00001f80 x13:00002000
13828428ns          252990 1c0089b8 00379713 slli             x14, x15, 0x3       x14=00000030 x15:00000006
13828448ns          252991 1c0089bc 00279793 slli             x15, x15, 0x2       x15=00000018 x15:00000006
13828468ns          252992 1c0089be 00d7f7b3 and              x15, x15, x13       x15=00000000 x15:00000018 x13:00001f80
13828488ns          252993 1c0089c0 ee873733 p.bclr           x14, x14, 23, 8     x14=00000030 x14:00000030
13828508ns          252994 1c0089c4 1a10f6b7 lui              x13, 0x1a10f000     x13=1a10f000
13828528ns          252995 1c0089c8 0ff57513 andi             x10, x10, 255       x10=0000004c x10:0000004c
13828548ns          252996 1c0089cc 00d70733 add              x14, x14, x13       x14=1a10f030 x14:00000030 x13:1a10f000
13828568ns          252997 1c0089ce 00a7e723 p.sw             x10, x0(x15)        x10:0000004c x15:00000000  PA:1a10f030
13828886ns          253013 1c0089d2 00000513 addi             x10, x0, 0          x10=00000000
13828906ns          253014 1c0089d4 00008067 jalr             x0, x1, 0            x1:1c008ae0
13828946ns          253016 1c008ae0 15f52c63 p.beqimm         x10, 344            x10:00000000
13828965ns          253017 1c008ae4 00140413 addi             x8, x8, 1            x8=00000002  x8:00000001
13828985ns          253018 1c008ae6 0004c503 lbu              x10, 0(x9)          x10=0000004f  x9:1c000156  PA:1c000156
13829284ns          253033 1c008aea 00148493 addi             x9, x9, 1            x9=1c000157  x9:1c000156
13829304ns          253034 1c008aec fe0514e3 bne              x10, x0, -24        x10:0000004f
13829363ns          253037 1c008ad4 02500793 addi             x15, x0, 37         x15=00000025
13829383ns          253038 1c008ad8 04f50763 beq              x10, x15, 78        x10:0000004f x15:00000025
13829403ns          253039 1c008adc 017005b3 add              x11, x0, x23        x11=00000002 x23:00000002
13829423ns          253040 1c008ade 000c80e7 jalr             x1, x25, 0           x1=1c008ae0 x25:1c0089d6
13829463ns          253042 1c0089d6 fd9ff06f jal              x0, -40            
13829502ns          253044 1c0089ae 000026b7 lui              x13, 0x2000         x13=00002000
13829522ns          253045 1c0089b0 f14027f3 csrrs            x15, x0, 0xf14      x15=00000006
13829542ns          253046 1c0089b4 f8068693 addi             x13, x13, -128      x13=00001f80 x13:00002000
13829562ns          253047 1c0089b8 00379713 slli             x14, x15, 0x3       x14=00000030 x15:00000006
13829582ns          253048 1c0089bc 00279793 slli             x15, x15, 0x2       x15=00000018 x15:00000006
13829602ns          253049 1c0089be 00d7f7b3 and              x15, x15, x13       x15=00000000 x15:00000018 x13:00001f80
13829622ns          253050 1c0089c0 ee873733 p.bclr           x14, x14, 23, 8     x14=00000030 x14:00000030
13829642ns          253051 1c0089c4 1a10f6b7 lui              x13, 0x1a10f000     x13=1a10f000
13829662ns          253052 1c0089c8 0ff57513 andi             x10, x10, 255       x10=0000004f x10:0000004f
13829681ns          253053 1c0089cc 00d70733 add              x14, x14, x13       x14=1a10f030 x14:00000030 x13:1a10f000
13829701ns          253054 1c0089ce 00a7e723 p.sw             x10, x0(x15)        x10:0000004f x15:00000000  PA:1a10f030
13830020ns          253070 1c0089d2 00000513 addi             x10, x0, 0          x10=00000000
13830039ns          253071 1c0089d4 00008067 jalr             x0, x1, 0            x1:1c008ae0
13830079ns          253073 1c008ae0 15f52c63 p.beqimm         x10, 344            x10:00000000
13830099ns          253074 1c008ae4 00140413 addi             x8, x8, 1            x8=00000003  x8:00000002
13830119ns          253075 1c008ae6 0004c503 lbu              x10, 0(x9)          x10=00000057  x9:1c000157  PA:1c000157
13830417ns          253090 1c008aea 00148493 addi             x9, x9, 1            x9=1c000158  x9:1c000157
13830437ns          253091 1c008aec fe0514e3 bne              x10, x0, -24        x10:00000057
13830497ns          253094 1c008ad4 02500793 addi             x15, x0, 37         x15=00000025
13830517ns          253095 1c008ad8 04f50763 beq              x10, x15, 78        x10:00000057 x15:00000025
13830537ns          253096 1c008adc 017005b3 add              x11, x0, x23        x11=00000002 x23:00000002
13830556ns          253097 1c008ade 000c80e7 jalr             x1, x25, 0           x1=1c008ae0 x25:1c0089d6
13830596ns          253099 1c0089d6 fd9ff06f jal              x0, -40            
13830636ns          253101 1c0089ae 000026b7 lui              x13, 0x2000         x13=00002000
13830656ns          253102 1c0089b0 f14027f3 csrrs            x15, x0, 0xf14      x15=00000006
13830676ns          253103 1c0089b4 f8068693 addi             x13, x13, -128      x13=00001f80 x13:00002000
13830696ns          253104 1c0089b8 00379713 slli             x14, x15, 0x3       x14=00000030 x15:00000006
13830716ns          253105 1c0089bc 00279793 slli             x15, x15, 0x2       x15=00000018 x15:00000006
13830735ns          253106 1c0089be 00d7f7b3 and              x15, x15, x13       x15=00000000 x15:00000018 x13:00001f80
13830755ns          253107 1c0089c0 ee873733 p.bclr           x14, x14, 23, 8     x14=00000030 x14:00000030
13830775ns          253108 1c0089c4 1a10f6b7 lui              x13, 0x1a10f000     x13=1a10f000
13830795ns          253109 1c0089c8 0ff57513 andi             x10, x10, 255       x10=00000057 x10:00000057
13830815ns          253110 1c0089cc 00d70733 add              x14, x14, x13       x14=1a10f030 x14:00000030 x13:1a10f000
13830835ns          253111 1c0089ce 00a7e723 p.sw             x10, x0(x15)        x10:00000057 x15:00000000  PA:1a10f030
13831153ns          253127 1c0089d2 00000513 addi             x10, x0, 0          x10=00000000
13831173ns          253128 1c0089d4 00008067 jalr             x0, x1, 0            x1:1c008ae0
13831213ns          253130 1c008ae0 15f52c63 p.beqimm         x10, 344            x10:00000000
13831233ns          253131 1c008ae4 00140413 addi             x8, x8, 1            x8=00000004  x8:00000003
13831253ns          253132 1c008ae6 0004c503 lbu              x10, 0(x9)          x10=0000007c  x9:1c000158  PA:1c000158
13831551ns          253147 1c008aea 00148493 addi             x9, x9, 1            x9=1c000159  x9:1c000158
13831571ns          253148 1c008aec fe0514e3 bne              x10, x0, -24        x10:0000007c
13831630ns          253151 1c008ad4 02500793 addi             x15, x0, 37         x15=00000025
13831650ns          253152 1c008ad8 04f50763 beq              x10, x15, 78        x10:0000007c x15:00000025
13831670ns          253153 1c008adc 017005b3 add              x11, x0, x23        x11=00000002 x23:00000002
13831690ns          253154 1c008ade 000c80e7 jalr             x1, x25, 0           x1=1c008ae0 x25:1c0089d6
13831730ns          253156 1c0089d6 fd9ff06f jal              x0, -40            
13831770ns          253158 1c0089ae 000026b7 lui              x13, 0x2000         x13=00002000
13831790ns          253159 1c0089b0 f14027f3 csrrs            x15, x0, 0xf14      x15=00000006
13831809ns          253160 1c0089b4 f8068693 addi             x13, x13, -128      x13=00001f80 x13:00002000
13831829ns          253161 1c0089b8 00379713 slli             x14, x15, 0x3       x14=00000030 x15:00000006
13831849ns          253162 1c0089bc 00279793 slli             x15, x15, 0x2       x15=00000018 x15:00000006
13831869ns          253163 1c0089be 00d7f7b3 and              x15, x15, x13       x15=00000000 x15:00000018 x13:00001f80
13831889ns          253164 1c0089c0 ee873733 p.bclr           x14, x14, 23, 8     x14=00000030 x14:00000030
13831909ns          253165 1c0089c4 1a10f6b7 lui              x13, 0x1a10f000     x13=1a10f000
13831929ns          253166 1c0089c8 0ff57513 andi             x10, x10, 255       x10=0000007c x10:0000007c
13831949ns          253167 1c0089cc 00d70733 add              x14, x14, x13       x14=1a10f030 x14:00000030 x13:1a10f000
13831969ns          253168 1c0089ce 00a7e723 p.sw             x10, x0(x15)        x10:0000007c x15:00000000  PA:1a10f030
13832307ns          253185 1c0089d2 00000513 addi             x10, x0, 0          x10=00000000
13832327ns          253186 1c0089d4 00008067 jalr             x0, x1, 0            x1:1c008ae0
13832366ns          253188 1c008ae0 15f52c63 p.beqimm         x10, 344            x10:00000000
13832386ns          253189 1c008ae4 00140413 addi             x8, x8, 1            x8=00000005  x8:00000004
13832406ns          253190 1c008ae6 0004c503 lbu              x10, 0(x9)          x10=00000033  x9:1c000159  PA:1c000159
13832704ns          253205 1c008aea 00148493 addi             x9, x9, 1            x9=1c00015a  x9:1c000159
13832724ns          253206 1c008aec fe0514e3 bne              x10, x0, -24        x10:00000033
13832784ns          253209 1c008ad4 02500793 addi             x15, x0, 37         x15=00000025
13832804ns          253210 1c008ad8 04f50763 beq              x10, x15, 78        x10:00000033 x15:00000025
13832824ns          253211 1c008adc 017005b3 add              x11, x0, x23        x11=00000002 x23:00000002
13832844ns          253212 1c008ade 000c80e7 jalr             x1, x25, 0           x1=1c008ae0 x25:1c0089d6
13832883ns          253214 1c0089d6 fd9ff06f jal              x0, -40            
13832923ns          253216 1c0089ae 000026b7 lui              x13, 0x2000         x13=00002000
13832943ns          253217 1c0089b0 f14027f3 csrrs            x15, x0, 0xf14      x15=00000006
13832963ns          253218 1c0089b4 f8068693 addi             x13, x13, -128      x13=00001f80 x13:00002000
13832983ns          253219 1c0089b8 00379713 slli             x14, x15, 0x3       x14=00000030 x15:00000006
13833003ns          253220 1c0089bc 00279793 slli             x15, x15, 0x2       x15=00000018 x15:00000006
13833023ns          253221 1c0089be 00d7f7b3 and              x15, x15, x13       x15=00000000 x15:00000018 x13:00001f80
13833042ns          253222 1c0089c0 ee873733 p.bclr           x14, x14, 23, 8     x14=00000030 x14:00000030
13833062ns          253223 1c0089c4 1a10f6b7 lui              x13, 0x1a10f000     x13=1a10f000
13833082ns          253224 1c0089c8 0ff57513 andi             x10, x10, 255       x10=00000033 x10:00000033
13833102ns          253225 1c0089cc 00d70733 add              x14, x14, x13       x14=1a10f030 x14:00000030 x13:1a10f000
13833122ns          253226 1c0089ce 00a7e723 p.sw             x10, x0(x15)        x10:00000033 x15:00000000  PA:1a10f030
13833440ns          253242 1c0089d2 00000513 addi             x10, x0, 0          x10=00000000
13833460ns          253243 1c0089d4 00008067 jalr             x0, x1, 0            x1:1c008ae0
13833500ns          253245 1c008ae0 15f52c63 p.beqimm         x10, 344            x10:00000000
13833520ns          253246 1c008ae4 00140413 addi             x8, x8, 1            x8=00000006  x8:00000005
13833540ns          253247 1c008ae6 0004c503 lbu              x10, 0(x9)          x10=0000007c  x9:1c00015a  PA:1c00015a
13833838ns          253262 1c008aea 00148493 addi             x9, x9, 1            x9=1c00015b  x9:1c00015a
13833858ns          253263 1c008aec fe0514e3 bne              x10, x0, -24        x10:0000007c
13833918ns          253266 1c008ad4 02500793 addi             x15, x0, 37         x15=00000025
13833937ns          253267 1c008ad8 04f50763 beq              x10, x15, 78        x10:0000007c x15:00000025
13833957ns          253268 1c008adc 017005b3 add              x11, x0, x23        x11=00000002 x23:00000002
13833977ns          253269 1c008ade 000c80e7 jalr             x1, x25, 0           x1=1c008ae0 x25:1c0089d6
13834017ns          253271 1c0089d6 fd9ff06f jal              x0, -40            
13834057ns          253273 1c0089ae 000026b7 lui              x13, 0x2000         x13=00002000
13834077ns          253274 1c0089b0 f14027f3 csrrs            x15, x0, 0xf14      x15=00000006
13834097ns          253275 1c0089b4 f8068693 addi             x13, x13, -128      x13=00001f80 x13:00002000
13834116ns          253276 1c0089b8 00379713 slli             x14, x15, 0x3       x14=00000030 x15:00000006
13834136ns          253277 1c0089bc 00279793 slli             x15, x15, 0x2       x15=00000018 x15:00000006
13834156ns          253278 1c0089be 00d7f7b3 and              x15, x15, x13       x15=00000000 x15:00000018 x13:00001f80
13834176ns          253279 1c0089c0 ee873733 p.bclr           x14, x14, 23, 8     x14=00000030 x14:00000030
13834196ns          253280 1c0089c4 1a10f6b7 lui              x13, 0x1a10f000     x13=1a10f000
13834216ns          253281 1c0089c8 0ff57513 andi             x10, x10, 255       x10=0000007c x10:0000007c
13834236ns          253282 1c0089cc 00d70733 add              x14, x14, x13       x14=1a10f030 x14:00000030 x13:1a10f000
13834256ns          253283 1c0089ce 00a7e723 p.sw             x10, x0(x15)        x10:0000007c x15:00000000  PA:1a10f030
13834574ns          253299 1c0089d2 00000513 addi             x10, x0, 0          x10=00000000
13834594ns          253300 1c0089d4 00008067 jalr             x0, x1, 0            x1:1c008ae0
13834634ns          253302 1c008ae0 15f52c63 p.beqimm         x10, 344            x10:00000000
13834653ns          253303 1c008ae4 00140413 addi             x8, x8, 1            x8=00000007  x8:00000006
13834673ns          253304 1c008ae6 0004c503 lbu              x10, 0(x9)          x10=00000043  x9:1c00015b  PA:1c00015b
13834992ns          253320 1c008aea 00148493 addi             x9, x9, 1            x9=1c00015c  x9:1c00015b
13835011ns          253321 1c008aec fe0514e3 bne              x10, x0, -24        x10:00000043
13835071ns          253324 1c008ad4 02500793 addi             x15, x0, 37         x15=00000025
13835091ns          253325 1c008ad8 04f50763 beq              x10, x15, 78        x10:00000043 x15:00000025
13835111ns          253326 1c008adc 017005b3 add              x11, x0, x23        x11=00000002 x23:00000002
13835131ns          253327 1c008ade 000c80e7 jalr             x1, x25, 0           x1=1c008ae0 x25:1c0089d6
13835170ns          253329 1c0089d6 fd9ff06f jal              x0, -40            
13835210ns          253331 1c0089ae 000026b7 lui              x13, 0x2000         x13=00002000
13835230ns          253332 1c0089b0 f14027f3 csrrs            x15, x0, 0xf14      x15=00000006
13835250ns          253333 1c0089b4 f8068693 addi             x13, x13, -128      x13=00001f80 x13:00002000
13835270ns          253334 1c0089b8 00379713 slli             x14, x15, 0x3       x14=00000030 x15:00000006
13835290ns          253335 1c0089bc 00279793 slli             x15, x15, 0x2       x15=00000018 x15:00000006
13835310ns          253336 1c0089be 00d7f7b3 and              x15, x15, x13       x15=00000000 x15:00000018 x13:00001f80
13835330ns          253337 1c0089c0 ee873733 p.bclr           x14, x14, 23, 8     x14=00000030 x14:00000030
13835349ns          253338 1c0089c4 1a10f6b7 lui              x13, 0x1a10f000     x13=1a10f000
13835369ns          253339 1c0089c8 0ff57513 andi             x10, x10, 255       x10=00000043 x10:00000043
13835389ns          253340 1c0089cc 00d70733 add              x14, x14, x13       x14=1a10f030 x14:00000030 x13:1a10f000
13835409ns          253341 1c0089ce 00a7e723 p.sw             x10, x0(x15)        x10:00000043 x15:00000000  PA:1a10f030
13835727ns          253357 1c0089d2 00000513 addi             x10, x0, 0          x10=00000000
13835747ns          253358 1c0089d4 00008067 jalr             x0, x1, 0            x1:1c008ae0
13835787ns          253360 1c008ae0 15f52c63 p.beqimm         x10, 344            x10:00000000
13835807ns          253361 1c008ae4 00140413 addi             x8, x8, 1            x8=00000008  x8:00000007
13835827ns          253362 1c008ae6 0004c503 lbu              x10, 0(x9)          x10=0000004f  x9:1c00015c  PA:1c00015c
13836125ns          253377 1c008aea 00148493 addi             x9, x9, 1            x9=1c00015d  x9:1c00015c
13836145ns          253378 1c008aec fe0514e3 bne              x10, x0, -24        x10:0000004f
13836205ns          253381 1c008ad4 02500793 addi             x15, x0, 37         x15=00000025
13836225ns          253382 1c008ad8 04f50763 beq              x10, x15, 78        x10:0000004f x15:00000025
13836244ns          253383 1c008adc 017005b3 add              x11, x0, x23        x11=00000002 x23:00000002
13836264ns          253384 1c008ade 000c80e7 jalr             x1, x25, 0           x1=1c008ae0 x25:1c0089d6
13836304ns          253386 1c0089d6 fd9ff06f jal              x0, -40            
13836344ns          253388 1c0089ae 000026b7 lui              x13, 0x2000         x13=00002000
13836364ns          253389 1c0089b0 f14027f3 csrrs            x15, x0, 0xf14      x15=00000006
13836384ns          253390 1c0089b4 f8068693 addi             x13, x13, -128      x13=00001f80 x13:00002000
13836404ns          253391 1c0089b8 00379713 slli             x14, x15, 0x3       x14=00000030 x15:00000006
13836423ns          253392 1c0089bc 00279793 slli             x15, x15, 0x2       x15=00000018 x15:00000006
13836443ns          253393 1c0089be 00d7f7b3 and              x15, x15, x13       x15=00000000 x15:00000018 x13:00001f80
13836463ns          253394 1c0089c0 ee873733 p.bclr           x14, x14, 23, 8     x14=00000030 x14:00000030
13836483ns          253395 1c0089c4 1a10f6b7 lui              x13, 0x1a10f000     x13=1a10f000
13836503ns          253396 1c0089c8 0ff57513 andi             x10, x10, 255       x10=0000004f x10:0000004f
13836523ns          253397 1c0089cc 00d70733 add              x14, x14, x13       x14=1a10f030 x14:00000030 x13:1a10f000
13836543ns          253398 1c0089ce 00a7e723 p.sw             x10, x0(x15)        x10:0000004f x15:00000000  PA:1a10f030
13836861ns          253414 1c0089d2 00000513 addi             x10, x0, 0          x10=00000000
13836881ns          253415 1c0089d4 00008067 jalr             x0, x1, 0            x1:1c008ae0
13836921ns          253417 1c008ae0 15f52c63 p.beqimm         x10, 344            x10:00000000
13836941ns          253418 1c008ae4 00140413 addi             x8, x8, 1            x8=00000009  x8:00000008
13836960ns          253419 1c008ae6 0004c503 lbu              x10, 0(x9)          x10=00000052  x9:1c00015d  PA:1c00015d
13837259ns          253434 1c008aea 00148493 addi             x9, x9, 1            x9=1c00015e  x9:1c00015d
13837279ns          253435 1c008aec fe0514e3 bne              x10, x0, -24        x10:00000052
13837338ns          253438 1c008ad4 02500793 addi             x15, x0, 37         x15=00000025
13837358ns          253439 1c008ad8 04f50763 beq              x10, x15, 78        x10:00000052 x15:00000025
13837378ns          253440 1c008adc 017005b3 add              x11, x0, x23        x11=00000002 x23:00000002
13837398ns          253441 1c008ade 000c80e7 jalr             x1, x25, 0           x1=1c008ae0 x25:1c0089d6
13837438ns          253443 1c0089d6 fd9ff06f jal              x0, -40            
13837478ns          253445 1c0089ae 000026b7 lui              x13, 0x2000         x13=00002000
13837497ns          253446 1c0089b0 f14027f3 csrrs            x15, x0, 0xf14      x15=00000006
13837517ns          253447 1c0089b4 f8068693 addi             x13, x13, -128      x13=00001f80 x13:00002000
13837537ns          253448 1c0089b8 00379713 slli             x14, x15, 0x3       x14=00000030 x15:00000006
13837557ns          253449 1c0089bc 00279793 slli             x15, x15, 0x2       x15=00000018 x15:00000006
13837577ns          253450 1c0089be 00d7f7b3 and              x15, x15, x13       x15=00000000 x15:00000018 x13:00001f80
13837597ns          253451 1c0089c0 ee873733 p.bclr           x14, x14, 23, 8     x14=00000030 x14:00000030
13837617ns          253452 1c0089c4 1a10f6b7 lui              x13, 0x1a10f000     x13=1a10f000
13837637ns          253453 1c0089c8 0ff57513 andi             x10, x10, 255       x10=00000052 x10:00000052
13837656ns          253454 1c0089cc 00d70733 add              x14, x14, x13       x14=1a10f030 x14:00000030 x13:1a10f000
13837676ns          253455 1c0089ce 00a7e723 p.sw             x10, x0(x15)        x10:00000052 x15:00000000  PA:1a10f030
13837995ns          253471 1c0089d2 00000513 addi             x10, x0, 0          x10=00000000
13838014ns          253472 1c0089d4 00008067 jalr             x0, x1, 0            x1:1c008ae0
13838054ns          253474 1c008ae0 15f52c63 p.beqimm         x10, 344            x10:00000000
13838074ns          253475 1c008ae4 00140413 addi             x8, x8, 1            x8=0000000a  x8:00000009
13838094ns          253476 1c008ae6 0004c503 lbu              x10, 0(x9)          x10=00000045  x9:1c00015e  PA:1c00015e
13838392ns          253491 1c008aea 00148493 addi             x9, x9, 1            x9=1c00015f  x9:1c00015e
13838412ns          253492 1c008aec fe0514e3 bne              x10, x0, -24        x10:00000045
13838472ns          253495 1c008ad4 02500793 addi             x15, x0, 37         x15=00000025
13838492ns          253496 1c008ad8 04f50763 beq              x10, x15, 78        x10:00000045 x15:00000025
13838512ns          253497 1c008adc 017005b3 add              x11, x0, x23        x11=00000002 x23:00000002
13838532ns          253498 1c008ade 000c80e7 jalr             x1, x25, 0           x1=1c008ae0 x25:1c0089d6
13838571ns          253500 1c0089d6 fd9ff06f jal              x0, -40            
13838611ns          253502 1c0089ae 000026b7 lui              x13, 0x2000         x13=00002000
13838631ns          253503 1c0089b0 f14027f3 csrrs            x15, x0, 0xf14      x15=00000006
13838651ns          253504 1c0089b4 f8068693 addi             x13, x13, -128      x13=00001f80 x13:00002000
13838671ns          253505 1c0089b8 00379713 slli             x14, x15, 0x3       x14=00000030 x15:00000006
13838691ns          253506 1c0089bc 00279793 slli             x15, x15, 0x2       x15=00000018 x15:00000006
13838711ns          253507 1c0089be 00d7f7b3 and              x15, x15, x13       x15=00000000 x15:00000018 x13:00001f80
13838730ns          253508 1c0089c0 ee873733 p.bclr           x14, x14, 23, 8     x14=00000030 x14:00000030
13838750ns          253509 1c0089c4 1a10f6b7 lui              x13, 0x1a10f000     x13=1a10f000
13838770ns          253510 1c0089c8 0ff57513 andi             x10, x10, 255       x10=00000045 x10:00000045
13838790ns          253511 1c0089cc 00d70733 add              x14, x14, x13       x14=1a10f030 x14:00000030 x13:1a10f000
13838810ns          253512 1c0089ce 00a7e723 p.sw             x10, x0(x15)        x10:00000045 x15:00000000  PA:1a10f030
13839128ns          253528 1c0089d2 00000513 addi             x10, x0, 0          x10=00000000
13839148ns          253529 1c0089d4 00008067 jalr             x0, x1, 0            x1:1c008ae0
13839188ns          253531 1c008ae0 15f52c63 p.beqimm         x10, 344            x10:00000000
13839208ns          253532 1c008ae4 00140413 addi             x8, x8, 1            x8=0000000b  x8:0000000a
13839228ns          253533 1c008ae6 0004c503 lbu              x10, 0(x9)          x10=0000007c  x9:1c00015f  PA:1c00015f
13839526ns          253548 1c008aea 00148493 addi             x9, x9, 1            x9=1c000160  x9:1c00015f
13839546ns          253549 1c008aec fe0514e3 bne              x10, x0, -24        x10:0000007c
13839606ns          253552 1c008ad4 02500793 addi             x15, x0, 37         x15=00000025
13839625ns          253553 1c008ad8 04f50763 beq              x10, x15, 78        x10:0000007c x15:00000025
13839645ns          253554 1c008adc 017005b3 add              x11, x0, x23        x11=00000002 x23:00000002
13839665ns          253555 1c008ade 000c80e7 jalr             x1, x25, 0           x1=1c008ae0 x25:1c0089d6
13839705ns          253557 1c0089d6 fd9ff06f jal              x0, -40            
13839745ns          253559 1c0089ae 000026b7 lui              x13, 0x2000         x13=00002000
13839765ns          253560 1c0089b0 f14027f3 csrrs            x15, x0, 0xf14      x15=00000006
13839785ns          253561 1c0089b4 f8068693 addi             x13, x13, -128      x13=00001f80 x13:00002000
13839804ns          253562 1c0089b8 00379713 slli             x14, x15, 0x3       x14=00000030 x15:00000006
13839824ns          253563 1c0089bc 00279793 slli             x15, x15, 0x2       x15=00000018 x15:00000006
13839844ns          253564 1c0089be 00d7f7b3 and              x15, x15, x13       x15=00000000 x15:00000018 x13:00001f80
13839864ns          253565 1c0089c0 ee873733 p.bclr           x14, x14, 23, 8     x14=00000030 x14:00000030
13839884ns          253566 1c0089c4 1a10f6b7 lui              x13, 0x1a10f000     x13=1a10f000
13839904ns          253567 1c0089c8 0ff57513 andi             x10, x10, 255       x10=0000007c x10:0000007c
13839924ns          253568 1c0089cc 00d70733 add              x14, x14, x13       x14=1a10f030 x14:00000030 x13:1a10f000
13839944ns          253569 1c0089ce 00a7e723 p.sw             x10, x0(x15)        x10:0000007c x15:00000000  PA:1a10f030
13840282ns          253586 1c0089d2 00000513 addi             x10, x0, 0          x10=00000000
13840302ns          253587 1c0089d4 00008067 jalr             x0, x1, 0            x1:1c008ae0
13840341ns          253589 1c008ae0 15f52c63 p.beqimm         x10, 344            x10:00000000
13840361ns          253590 1c008ae4 00140413 addi             x8, x8, 1            x8=0000000c  x8:0000000b
13840381ns          253591 1c008ae6 0004c503 lbu              x10, 0(x9)          x10=00000063  x9:1c000160  PA:1c000160
13840679ns          253606 1c008aea 00148493 addi             x9, x9, 1            x9=1c000161  x9:1c000160
13840699ns          253607 1c008aec fe0514e3 bne              x10, x0, -24        x10:00000063
13840759ns          253610 1c008ad4 02500793 addi             x15, x0, 37         x15=00000025
13840779ns          253611 1c008ad8 04f50763 beq              x10, x15, 78        x10:00000063 x15:00000025
13840799ns          253612 1c008adc 017005b3 add              x11, x0, x23        x11=00000002 x23:00000002
13840819ns          253613 1c008ade 000c80e7 jalr             x1, x25, 0           x1=1c008ae0 x25:1c0089d6
13840858ns          253615 1c0089d6 fd9ff06f jal              x0, -40            
13840898ns          253617 1c0089ae 000026b7 lui              x13, 0x2000         x13=00002000
13840918ns          253618 1c0089b0 f14027f3 csrrs            x15, x0, 0xf14      x15=00000006
13840938ns          253619 1c0089b4 f8068693 addi             x13, x13, -128      x13=00001f80 x13:00002000
13840958ns          253620 1c0089b8 00379713 slli             x14, x15, 0x3       x14=00000030 x15:00000006
13840978ns          253621 1c0089bc 00279793 slli             x15, x15, 0x2       x15=00000018 x15:00000006
13840998ns          253622 1c0089be 00d7f7b3 and              x15, x15, x13       x15=00000000 x15:00000018 x13:00001f80
13841018ns          253623 1c0089c0 ee873733 p.bclr           x14, x14, 23, 8     x14=00000030 x14:00000030
13841037ns          253624 1c0089c4 1a10f6b7 lui              x13, 0x1a10f000     x13=1a10f000
13841057ns          253625 1c0089c8 0ff57513 andi             x10, x10, 255       x10=00000063 x10:00000063
13841077ns          253626 1c0089cc 00d70733 add              x14, x14, x13       x14=1a10f030 x14:00000030 x13:1a10f000
13841097ns          253627 1c0089ce 00a7e723 p.sw             x10, x0(x15)        x10:00000063 x15:00000000  PA:1a10f030
13841415ns          253643 1c0089d2 00000513 addi             x10, x0, 0          x10=00000000
13841435ns          253644 1c0089d4 00008067 jalr             x0, x1, 0            x1:1c008ae0
13841475ns          253646 1c008ae0 15f52c63 p.beqimm         x10, 344            x10:00000000
13841495ns          253647 1c008ae4 00140413 addi             x8, x8, 1            x8=0000000d  x8:0000000c
13841515ns          253648 1c008ae6 0004c503 lbu              x10, 0(x9)          x10=0000006c  x9:1c000161  PA:1c000161
13841813ns          253663 1c008aea 00148493 addi             x9, x9, 1            x9=1c000162  x9:1c000161
13841833ns          253664 1c008aec fe0514e3 bne              x10, x0, -24        x10:0000006c
13841893ns          253667 1c008ad4 02500793 addi             x15, x0, 37         x15=00000025
13841913ns          253668 1c008ad8 04f50763 beq              x10, x15, 78        x10:0000006c x15:00000025
13841932ns          253669 1c008adc 017005b3 add              x11, x0, x23        x11=00000002 x23:00000002
13841952ns          253670 1c008ade 000c80e7 jalr             x1, x25, 0           x1=1c008ae0 x25:1c0089d6
13841992ns          253672 1c0089d6 fd9ff06f jal              x0, -40            
13842032ns          253674 1c0089ae 000026b7 lui              x13, 0x2000         x13=00002000
13842052ns          253675 1c0089b0 f14027f3 csrrs            x15, x0, 0xf14      x15=00000006
13842072ns          253676 1c0089b4 f8068693 addi             x13, x13, -128      x13=00001f80 x13:00002000
13842092ns          253677 1c0089b8 00379713 slli             x14, x15, 0x3       x14=00000030 x15:00000006
13842111ns          253678 1c0089bc 00279793 slli             x15, x15, 0x2       x15=00000018 x15:00000006
13842131ns          253679 1c0089be 00d7f7b3 and              x15, x15, x13       x15=00000000 x15:00000018 x13:00001f80
13842151ns          253680 1c0089c0 ee873733 p.bclr           x14, x14, 23, 8     x14=00000030 x14:00000030
13842171ns          253681 1c0089c4 1a10f6b7 lui              x13, 0x1a10f000     x13=1a10f000
13842191ns          253682 1c0089c8 0ff57513 andi             x10, x10, 255       x10=0000006c x10:0000006c
13842211ns          253683 1c0089cc 00d70733 add              x14, x14, x13       x14=1a10f030 x14:00000030 x13:1a10f000
13842231ns          253684 1c0089ce 00a7e723 p.sw             x10, x0(x15)        x10:0000006c x15:00000000  PA:1a10f030
13842549ns          253700 1c0089d2 00000513 addi             x10, x0, 0          x10=00000000
13842569ns          253701 1c0089d4 00008067 jalr             x0, x1, 0            x1:1c008ae0
13842609ns          253703 1c008ae0 15f52c63 p.beqimm         x10, 344            x10:00000000
13842628ns          253704 1c008ae4 00140413 addi             x8, x8, 1            x8=0000000e  x8:0000000d
13842648ns          253705 1c008ae6 0004c503 lbu              x10, 0(x9)          x10=00000075  x9:1c000162  PA:1c000162
13842967ns          253721 1c008aea 00148493 addi             x9, x9, 1            x9=1c000163  x9:1c000162
13842986ns          253722 1c008aec fe0514e3 bne              x10, x0, -24        x10:00000075
13843046ns          253725 1c008ad4 02500793 addi             x15, x0, 37         x15=00000025
13843066ns          253726 1c008ad8 04f50763 beq              x10, x15, 78        x10:00000075 x15:00000025
13843086ns          253727 1c008adc 017005b3 add              x11, x0, x23        x11=00000002 x23:00000002
13843106ns          253728 1c008ade 000c80e7 jalr             x1, x25, 0           x1=1c008ae0 x25:1c0089d6
13843146ns          253730 1c0089d6 fd9ff06f jal              x0, -40            
13843185ns          253732 1c0089ae 000026b7 lui              x13, 0x2000         x13=00002000
13843205ns          253733 1c0089b0 f14027f3 csrrs            x15, x0, 0xf14      x15=00000006
13843225ns          253734 1c0089b4 f8068693 addi             x13, x13, -128      x13=00001f80 x13:00002000
13843245ns          253735 1c0089b8 00379713 slli             x14, x15, 0x3       x14=00000030 x15:00000006
13843265ns          253736 1c0089bc 00279793 slli             x15, x15, 0x2       x15=00000018 x15:00000006
13843285ns          253737 1c0089be 00d7f7b3 and              x15, x15, x13       x15=00000000 x15:00000018 x13:00001f80
13843305ns          253738 1c0089c0 ee873733 p.bclr           x14, x14, 23, 8     x14=00000030 x14:00000030
13843325ns          253739 1c0089c4 1a10f6b7 lui              x13, 0x1a10f000     x13=1a10f000
13843344ns          253740 1c0089c8 0ff57513 andi             x10, x10, 255       x10=00000075 x10:00000075
13843364ns          253741 1c0089cc 00d70733 add              x14, x14, x13       x14=1a10f030 x14:00000030 x13:1a10f000
13843384ns          253742 1c0089ce 00a7e723 p.sw             x10, x0(x15)        x10:00000075 x15:00000000  PA:1a10f030
13843702ns          253758 1c0089d2 00000513 addi             x10, x0, 0          x10=00000000
13843722ns          253759 1c0089d4 00008067 jalr             x0, x1, 0            x1:1c008ae0
13843762ns          253761 1c008ae0 15f52c63 p.beqimm         x10, 344            x10:00000000
13843782ns          253762 1c008ae4 00140413 addi             x8, x8, 1            x8=0000000f  x8:0000000e
13843802ns          253763 1c008ae6 0004c503 lbu              x10, 0(x9)          x10=00000073  x9:1c000163  PA:1c000163
13844100ns          253778 1c008aea 00148493 addi             x9, x9, 1            x9=1c000164  x9:1c000163
13844120ns          253779 1c008aec fe0514e3 bne              x10, x0, -24        x10:00000073
13844180ns          253782 1c008ad4 02500793 addi             x15, x0, 37         x15=00000025
13844200ns          253783 1c008ad8 04f50763 beq              x10, x15, 78        x10:00000073 x15:00000025
13844220ns          253784 1c008adc 017005b3 add              x11, x0, x23        x11=00000002 x23:00000002
13844239ns          253785 1c008ade 000c80e7 jalr             x1, x25, 0           x1=1c008ae0 x25:1c0089d6
13844279ns          253787 1c0089d6 fd9ff06f jal              x0, -40            
13844319ns          253789 1c0089ae 000026b7 lui              x13, 0x2000         x13=00002000
13844339ns          253790 1c0089b0 f14027f3 csrrs            x15, x0, 0xf14      x15=00000006
13844359ns          253791 1c0089b4 f8068693 addi             x13, x13, -128      x13=00001f80 x13:00002000
13844379ns          253792 1c0089b8 00379713 slli             x14, x15, 0x3       x14=00000030 x15:00000006
13844399ns          253793 1c0089bc 00279793 slli             x15, x15, 0x2       x15=00000018 x15:00000006
13844418ns          253794 1c0089be 00d7f7b3 and              x15, x15, x13       x15=00000000 x15:00000018 x13:00001f80
13844438ns          253795 1c0089c0 ee873733 p.bclr           x14, x14, 23, 8     x14=00000030 x14:00000030
13844458ns          253796 1c0089c4 1a10f6b7 lui              x13, 0x1a10f000     x13=1a10f000
13844478ns          253797 1c0089c8 0ff57513 andi             x10, x10, 255       x10=00000073 x10:00000073
13844498ns          253798 1c0089cc 00d70733 add              x14, x14, x13       x14=1a10f030 x14:00000030 x13:1a10f000
13844518ns          253799 1c0089ce 00a7e723 p.sw             x10, x0(x15)        x10:00000073 x15:00000000  PA:1a10f030
13844836ns          253815 1c0089d2 00000513 addi             x10, x0, 0          x10=00000000
13844856ns          253816 1c0089d4 00008067 jalr             x0, x1, 0            x1:1c008ae0
13844896ns          253818 1c008ae0 15f52c63 p.beqimm         x10, 344            x10:00000000
13844916ns          253819 1c008ae4 00140413 addi             x8, x8, 1            x8=00000010  x8:0000000f
13844936ns          253820 1c008ae6 0004c503 lbu              x10, 0(x9)          x10=00000074  x9:1c000164  PA:1c000164
13845234ns          253835 1c008aea 00148493 addi             x9, x9, 1            x9=1c000165  x9:1c000164
13845254ns          253836 1c008aec fe0514e3 bne              x10, x0, -24        x10:00000074
13845313ns          253839 1c008ad4 02500793 addi             x15, x0, 37         x15=00000025
13845333ns          253840 1c008ad8 04f50763 beq              x10, x15, 78        x10:00000074 x15:00000025
13845353ns          253841 1c008adc 017005b3 add              x11, x0, x23        x11=00000002 x23:00000002
13845373ns          253842 1c008ade 000c80e7 jalr             x1, x25, 0           x1=1c008ae0 x25:1c0089d6
13845413ns          253844 1c0089d6 fd9ff06f jal              x0, -40            
13845453ns          253846 1c0089ae 000026b7 lui              x13, 0x2000         x13=00002000
13845472ns          253847 1c0089b0 f14027f3 csrrs            x15, x0, 0xf14      x15=00000006
13845492ns          253848 1c0089b4 f8068693 addi             x13, x13, -128      x13=00001f80 x13:00002000
13845512ns          253849 1c0089b8 00379713 slli             x14, x15, 0x3       x14=00000030 x15:00000006
13845532ns          253850 1c0089bc 00279793 slli             x15, x15, 0x2       x15=00000018 x15:00000006
13845552ns          253851 1c0089be 00d7f7b3 and              x15, x15, x13       x15=00000000 x15:00000018 x13:00001f80
13845572ns          253852 1c0089c0 ee873733 p.bclr           x14, x14, 23, 8     x14=00000030 x14:00000030
13845592ns          253853 1c0089c4 1a10f6b7 lui              x13, 0x1a10f000     x13=1a10f000
13845612ns          253854 1c0089c8 0ff57513 andi             x10, x10, 255       x10=00000074 x10:00000074
13845632ns          253855 1c0089cc 00d70733 add              x14, x14, x13       x14=1a10f030 x14:00000030 x13:1a10f000
13845651ns          253856 1c0089ce 00a7e723 p.sw             x10, x0(x15)        x10:00000074 x15:00000000  PA:1a10f030
13845970ns          253872 1c0089d2 00000513 addi             x10, x0, 0          x10=00000000
13845990ns          253873 1c0089d4 00008067 jalr             x0, x1, 0            x1:1c008ae0
13846029ns          253875 1c008ae0 15f52c63 p.beqimm         x10, 344            x10:00000000
13846049ns          253876 1c008ae4 00140413 addi             x8, x8, 1            x8=00000011  x8:00000010
13846069ns          253877 1c008ae6 0004c503 lbu              x10, 0(x9)          x10=00000065  x9:1c000165  PA:1c000165
13846367ns          253892 1c008aea 00148493 addi             x9, x9, 1            x9=1c000166  x9:1c000165
13846387ns          253893 1c008aec fe0514e3 bne              x10, x0, -24        x10:00000065
13846447ns          253896 1c008ad4 02500793 addi             x15, x0, 37         x15=00000025
13846467ns          253897 1c008ad8 04f50763 beq              x10, x15, 78        x10:00000065 x15:00000025
13846487ns          253898 1c008adc 017005b3 add              x11, x0, x23        x11=00000002 x23:00000002
13846507ns          253899 1c008ade 000c80e7 jalr             x1, x25, 0           x1=1c008ae0 x25:1c0089d6
13846546ns          253901 1c0089d6 fd9ff06f jal              x0, -40            
13846586ns          253903 1c0089ae 000026b7 lui              x13, 0x2000         x13=00002000
13846606ns          253904 1c0089b0 f14027f3 csrrs            x15, x0, 0xf14      x15=00000006
13846626ns          253905 1c0089b4 f8068693 addi             x13, x13, -128      x13=00001f80 x13:00002000
13846646ns          253906 1c0089b8 00379713 slli             x14, x15, 0x3       x14=00000030 x15:00000006
13846666ns          253907 1c0089bc 00279793 slli             x15, x15, 0x2       x15=00000018 x15:00000006
13846686ns          253908 1c0089be 00d7f7b3 and              x15, x15, x13       x15=00000000 x15:00000018 x13:00001f80
13846706ns          253909 1c0089c0 ee873733 p.bclr           x14, x14, 23, 8     x14=00000030 x14:00000030
13846725ns          253910 1c0089c4 1a10f6b7 lui              x13, 0x1a10f000     x13=1a10f000
13846745ns          253911 1c0089c8 0ff57513 andi             x10, x10, 255       x10=00000065 x10:00000065
13846765ns          253912 1c0089cc 00d70733 add              x14, x14, x13       x14=1a10f030 x14:00000030 x13:1a10f000
13846785ns          253913 1c0089ce 00a7e723 p.sw             x10, x0(x15)        x10:00000065 x15:00000000  PA:1a10f030
13847103ns          253929 1c0089d2 00000513 addi             x10, x0, 0          x10=00000000
13847123ns          253930 1c0089d4 00008067 jalr             x0, x1, 0            x1:1c008ae0
13847163ns          253932 1c008ae0 15f52c63 p.beqimm         x10, 344            x10:00000000
13847183ns          253933 1c008ae4 00140413 addi             x8, x8, 1            x8=00000012  x8:00000011
13847203ns          253934 1c008ae6 0004c503 lbu              x10, 0(x9)          x10=00000072  x9:1c000166  PA:1c000166
13847501ns          253949 1c008aea 00148493 addi             x9, x9, 1            x9=1c000167  x9:1c000166
13847521ns          253950 1c008aec fe0514e3 bne              x10, x0, -24        x10:00000072
13847581ns          253953 1c008ad4 02500793 addi             x15, x0, 37         x15=00000025
13847600ns          253954 1c008ad8 04f50763 beq              x10, x15, 78        x10:00000072 x15:00000025
13847620ns          253955 1c008adc 017005b3 add              x11, x0, x23        x11=00000002 x23:00000002
13847640ns          253956 1c008ade 000c80e7 jalr             x1, x25, 0           x1=1c008ae0 x25:1c0089d6
13847680ns          253958 1c0089d6 fd9ff06f jal              x0, -40            
13847720ns          253960 1c0089ae 000026b7 lui              x13, 0x2000         x13=00002000
13847740ns          253961 1c0089b0 f14027f3 csrrs            x15, x0, 0xf14      x15=00000006
13847760ns          253962 1c0089b4 f8068693 addi             x13, x13, -128      x13=00001f80 x13:00002000
13847779ns          253963 1c0089b8 00379713 slli             x14, x15, 0x3       x14=00000030 x15:00000006
13847799ns          253964 1c0089bc 00279793 slli             x15, x15, 0x2       x15=00000018 x15:00000006
13847819ns          253965 1c0089be 00d7f7b3 and              x15, x15, x13       x15=00000000 x15:00000018 x13:00001f80
13847839ns          253966 1c0089c0 ee873733 p.bclr           x14, x14, 23, 8     x14=00000030 x14:00000030
13847859ns          253967 1c0089c4 1a10f6b7 lui              x13, 0x1a10f000     x13=1a10f000
13847879ns          253968 1c0089c8 0ff57513 andi             x10, x10, 255       x10=00000072 x10:00000072
13847899ns          253969 1c0089cc 00d70733 add              x14, x14, x13       x14=1a10f030 x14:00000030 x13:1a10f000
13847919ns          253970 1c0089ce 00a7e723 p.sw             x10, x0(x15)        x10:00000072 x15:00000000  PA:1a10f030
13848257ns          253987 1c0089d2 00000513 addi             x10, x0, 0          x10=00000000
13848277ns          253988 1c0089d4 00008067 jalr             x0, x1, 0            x1:1c008ae0
13848316ns          253990 1c008ae0 15f52c63 p.beqimm         x10, 344            x10:00000000
13848336ns          253991 1c008ae4 00140413 addi             x8, x8, 1            x8=00000013  x8:00000012
13848356ns          253992 1c008ae6 0004c503 lbu              x10, 0(x9)          x10=0000005f  x9:1c000167  PA:1c000167
13848655ns          254007 1c008aea 00148493 addi             x9, x9, 1            x9=1c000168  x9:1c000167
13848674ns          254008 1c008aec fe0514e3 bne              x10, x0, -24        x10:0000005f
13848734ns          254011 1c008ad4 02500793 addi             x15, x0, 37         x15=00000025
13848754ns          254012 1c008ad8 04f50763 beq              x10, x15, 78        x10:0000005f x15:00000025
13848774ns          254013 1c008adc 017005b3 add              x11, x0, x23        x11=00000002 x23:00000002
13848794ns          254014 1c008ade 000c80e7 jalr             x1, x25, 0           x1=1c008ae0 x25:1c0089d6
13848834ns          254016 1c0089d6 fd9ff06f jal              x0, -40            
13848873ns          254018 1c0089ae 000026b7 lui              x13, 0x2000         x13=00002000
13848893ns          254019 1c0089b0 f14027f3 csrrs            x15, x0, 0xf14      x15=00000006
13848913ns          254020 1c0089b4 f8068693 addi             x13, x13, -128      x13=00001f80 x13:00002000
13848933ns          254021 1c0089b8 00379713 slli             x14, x15, 0x3       x14=00000030 x15:00000006
13848953ns          254022 1c0089bc 00279793 slli             x15, x15, 0x2       x15=00000018 x15:00000006
13848973ns          254023 1c0089be 00d7f7b3 and              x15, x15, x13       x15=00000000 x15:00000018 x13:00001f80
13848993ns          254024 1c0089c0 ee873733 p.bclr           x14, x14, 23, 8     x14=00000030 x14:00000030
13849013ns          254025 1c0089c4 1a10f6b7 lui              x13, 0x1a10f000     x13=1a10f000
13849032ns          254026 1c0089c8 0ff57513 andi             x10, x10, 255       x10=0000005f x10:0000005f
13849052ns          254027 1c0089cc 00d70733 add              x14, x14, x13       x14=1a10f030 x14:00000030 x13:1a10f000
13849072ns          254028 1c0089ce 00a7e723 p.sw             x10, x0(x15)        x10:0000005f x15:00000000  PA:1a10f030
13849390ns          254044 1c0089d2 00000513 addi             x10, x0, 0          x10=00000000
13849410ns          254045 1c0089d4 00008067 jalr             x0, x1, 0            x1:1c008ae0
13849450ns          254047 1c008ae0 15f52c63 p.beqimm         x10, 344            x10:00000000
13849470ns          254048 1c008ae4 00140413 addi             x8, x8, 1            x8=00000014  x8:00000013
13849490ns          254049 1c008ae6 0004c503 lbu              x10, 0(x9)          x10=0000006c  x9:1c000168  PA:1c000168
13849788ns          254064 1c008aea 00148493 addi             x9, x9, 1            x9=1c000169  x9:1c000168
13849808ns          254065 1c008aec fe0514e3 bne              x10, x0, -24        x10:0000006c
13849868ns          254068 1c008ad4 02500793 addi             x15, x0, 37         x15=00000025
13849888ns          254069 1c008ad8 04f50763 beq              x10, x15, 78        x10:0000006c x15:00000025
13849908ns          254070 1c008adc 017005b3 add              x11, x0, x23        x11=00000002 x23:00000002
13849927ns          254071 1c008ade 000c80e7 jalr             x1, x25, 0           x1=1c008ae0 x25:1c0089d6
13849967ns          254073 1c0089d6 fd9ff06f jal              x0, -40            
13850007ns          254075 1c0089ae 000026b7 lui              x13, 0x2000         x13=00002000
13850027ns          254076 1c0089b0 f14027f3 csrrs            x15, x0, 0xf14      x15=00000006
13850047ns          254077 1c0089b4 f8068693 addi             x13, x13, -128      x13=00001f80 x13:00002000
13850067ns          254078 1c0089b8 00379713 slli             x14, x15, 0x3       x14=00000030 x15:00000006
13850086ns          254079 1c0089bc 00279793 slli             x15, x15, 0x2       x15=00000018 x15:00000006
13850106ns          254080 1c0089be 00d7f7b3 and              x15, x15, x13       x15=00000000 x15:00000018 x13:00001f80
13850126ns          254081 1c0089c0 ee873733 p.bclr           x14, x14, 23, 8     x14=00000030 x14:00000030
13850146ns          254082 1c0089c4 1a10f6b7 lui              x13, 0x1a10f000     x13=1a10f000
13850166ns          254083 1c0089c8 0ff57513 andi             x10, x10, 255       x10=0000006c x10:0000006c
13850186ns          254084 1c0089cc 00d70733 add              x14, x14, x13       x14=1a10f030 x14:00000030 x13:1a10f000
13850206ns          254085 1c0089ce 00a7e723 p.sw             x10, x0(x15)        x10:0000006c x15:00000000  PA:1a10f030
13850524ns          254101 1c0089d2 00000513 addi             x10, x0, 0          x10=00000000
13850544ns          254102 1c0089d4 00008067 jalr             x0, x1, 0            x1:1c008ae0
13850584ns          254104 1c008ae0 15f52c63 p.beqimm         x10, 344            x10:00000000
13850604ns          254105 1c008ae4 00140413 addi             x8, x8, 1            x8=00000015  x8:00000014
13850623ns          254106 1c008ae6 0004c503 lbu              x10, 0(x9)          x10=00000031  x9:1c000169  PA:1c000169
13850922ns          254121 1c008aea 00148493 addi             x9, x9, 1            x9=1c00016a  x9:1c000169
13850942ns          254122 1c008aec fe0514e3 bne              x10, x0, -24        x10:00000031
13851001ns          254125 1c008ad4 02500793 addi             x15, x0, 37         x15=00000025
13851021ns          254126 1c008ad8 04f50763 beq              x10, x15, 78        x10:00000031 x15:00000025
13851041ns          254127 1c008adc 017005b3 add              x11, x0, x23        x11=00000002 x23:00000002
13851061ns          254128 1c008ade 000c80e7 jalr             x1, x25, 0           x1=1c008ae0 x25:1c0089d6
13851101ns          254130 1c0089d6 fd9ff06f jal              x0, -40            
13851141ns          254132 1c0089ae 000026b7 lui              x13, 0x2000         x13=00002000
13851160ns          254133 1c0089b0 f14027f3 csrrs            x15, x0, 0xf14      x15=00000006
13851180ns          254134 1c0089b4 f8068693 addi             x13, x13, -128      x13=00001f80 x13:00002000
13851200ns          254135 1c0089b8 00379713 slli             x14, x15, 0x3       x14=00000030 x15:00000006
13851220ns          254136 1c0089bc 00279793 slli             x15, x15, 0x2       x15=00000018 x15:00000006
13851240ns          254137 1c0089be 00d7f7b3 and              x15, x15, x13       x15=00000000 x15:00000018 x13:00001f80
13851260ns          254138 1c0089c0 ee873733 p.bclr           x14, x14, 23, 8     x14=00000030 x14:00000030
13851280ns          254139 1c0089c4 1a10f6b7 lui              x13, 0x1a10f000     x13=1a10f000
13851300ns          254140 1c0089c8 0ff57513 andi             x10, x10, 255       x10=00000031 x10:00000031
13851320ns          254141 1c0089cc 00d70733 add              x14, x14, x13       x14=1a10f030 x14:00000030 x13:1a10f000
13851339ns          254142 1c0089ce 00a7e723 p.sw             x10, x0(x15)        x10:00000031 x15:00000000  PA:1a10f030
13851658ns          254158 1c0089d2 00000513 addi             x10, x0, 0          x10=00000000
13851678ns          254159 1c0089d4 00008067 jalr             x0, x1, 0            x1:1c008ae0
13851717ns          254161 1c008ae0 15f52c63 p.beqimm         x10, 344            x10:00000000
13851737ns          254162 1c008ae4 00140413 addi             x8, x8, 1            x8=00000016  x8:00000015
13851757ns          254163 1c008ae6 0004c503 lbu              x10, 0(x9)          x10=0000007c  x9:1c00016a  PA:1c00016a
13852095ns          254180 1c008aea 00148493 addi             x9, x9, 1            x9=1c00016b  x9:1c00016a
13852115ns          254181 1c008aec fe0514e3 bne              x10, x0, -24        x10:0000007c
13852175ns          254184 1c008ad4 02500793 addi             x15, x0, 37         x15=00000025
13852195ns          254185 1c008ad8 04f50763 beq              x10, x15, 78        x10:0000007c x15:00000025
13852215ns          254186 1c008adc 017005b3 add              x11, x0, x23        x11=00000002 x23:00000002
13852234ns          254187 1c008ade 000c80e7 jalr             x1, x25, 0           x1=1c008ae0 x25:1c0089d6
13852274ns          254189 1c0089d6 fd9ff06f jal              x0, -40            
13852314ns          254191 1c0089ae 000026b7 lui              x13, 0x2000         x13=00002000
13852334ns          254192 1c0089b0 f14027f3 csrrs            x15, x0, 0xf14      x15=00000006
13852354ns          254193 1c0089b4 f8068693 addi             x13, x13, -128      x13=00001f80 x13:00002000
13852374ns          254194 1c0089b8 00379713 slli             x14, x15, 0x3       x14=00000030 x15:00000006
13852394ns          254195 1c0089bc 00279793 slli             x15, x15, 0x2       x15=00000018 x15:00000006
13852413ns          254196 1c0089be 00d7f7b3 and              x15, x15, x13       x15=00000000 x15:00000018 x13:00001f80
13852433ns          254197 1c0089c0 ee873733 p.bclr           x14, x14, 23, 8     x14=00000030 x14:00000030
13852453ns          254198 1c0089c4 1a10f6b7 lui              x13, 0x1a10f000     x13=1a10f000
13852473ns          254199 1c0089c8 0ff57513 andi             x10, x10, 255       x10=0000007c x10:0000007c
13852493ns          254200 1c0089cc 00d70733 add              x14, x14, x13       x14=1a10f030 x14:00000030 x13:1a10f000
13852513ns          254201 1c0089ce 00a7e723 p.sw             x10, x0(x15)        x10:0000007c x15:00000000  PA:1a10f030
13852831ns          254217 1c0089d2 00000513 addi             x10, x0, 0          x10=00000000
13852851ns          254218 1c0089d4 00008067 jalr             x0, x1, 0            x1:1c008ae0
13852891ns          254220 1c008ae0 15f52c63 p.beqimm         x10, 344            x10:00000000
13852911ns          254221 1c008ae4 00140413 addi             x8, x8, 1            x8=00000017  x8:00000016
13852930ns          254222 1c008ae6 0004c503 lbu              x10, 0(x9)          x10=00000070  x9:1c00016b  PA:1c00016b
13853229ns          254237 1c008aea 00148493 addi             x9, x9, 1            x9=1c00016c  x9:1c00016b
13853249ns          254238 1c008aec fe0514e3 bne              x10, x0, -24        x10:00000070
13853308ns          254241 1c008ad4 02500793 addi             x15, x0, 37         x15=00000025
13853328ns          254242 1c008ad8 04f50763 beq              x10, x15, 78        x10:00000070 x15:00000025
13853348ns          254243 1c008adc 017005b3 add              x11, x0, x23        x11=00000002 x23:00000002
13853368ns          254244 1c008ade 000c80e7 jalr             x1, x25, 0           x1=1c008ae0 x25:1c0089d6
13853408ns          254246 1c0089d6 fd9ff06f jal              x0, -40            
13853448ns          254248 1c0089ae 000026b7 lui              x13, 0x2000         x13=00002000
13853467ns          254249 1c0089b0 f14027f3 csrrs            x15, x0, 0xf14      x15=00000006
13853487ns          254250 1c0089b4 f8068693 addi             x13, x13, -128      x13=00001f80 x13:00002000
13853507ns          254251 1c0089b8 00379713 slli             x14, x15, 0x3       x14=00000030 x15:00000006
13853527ns          254252 1c0089bc 00279793 slli             x15, x15, 0x2       x15=00000018 x15:00000006
13853547ns          254253 1c0089be 00d7f7b3 and              x15, x15, x13       x15=00000000 x15:00000018 x13:00001f80
13853567ns          254254 1c0089c0 ee873733 p.bclr           x14, x14, 23, 8     x14=00000030 x14:00000030
13853587ns          254255 1c0089c4 1a10f6b7 lui              x13, 0x1a10f000     x13=1a10f000
13853607ns          254256 1c0089c8 0ff57513 andi             x10, x10, 255       x10=00000070 x10:00000070
13853627ns          254257 1c0089cc 00d70733 add              x14, x14, x13       x14=1a10f030 x14:00000030 x13:1a10f000
13853646ns          254258 1c0089ce 00a7e723 p.sw             x10, x0(x15)        x10:00000070 x15:00000000  PA:1a10f030
13853965ns          254274 1c0089d2 00000513 addi             x10, x0, 0          x10=00000000
13853985ns          254275 1c0089d4 00008067 jalr             x0, x1, 0            x1:1c008ae0
13854024ns          254277 1c008ae0 15f52c63 p.beqimm         x10, 344            x10:00000000
13854044ns          254278 1c008ae4 00140413 addi             x8, x8, 1            x8=00000018  x8:00000017
13854064ns          254279 1c008ae6 0004c503 lbu              x10, 0(x9)          x10=00000065  x9:1c00016c  PA:1c00016c
13854362ns          254294 1c008aea 00148493 addi             x9, x9, 1            x9=1c00016d  x9:1c00016c
13854382ns          254295 1c008aec fe0514e3 bne              x10, x0, -24        x10:00000065
13854442ns          254298 1c008ad4 02500793 addi             x15, x0, 37         x15=00000025
13854462ns          254299 1c008ad8 04f50763 beq              x10, x15, 78        x10:00000065 x15:00000025
13854482ns          254300 1c008adc 017005b3 add              x11, x0, x23        x11=00000002 x23:00000002
13854502ns          254301 1c008ade 000c80e7 jalr             x1, x25, 0           x1=1c008ae0 x25:1c0089d6
13854541ns          254303 1c0089d6 fd9ff06f jal              x0, -40            
13854581ns          254305 1c0089ae 000026b7 lui              x13, 0x2000         x13=00002000
13854601ns          254306 1c0089b0 f14027f3 csrrs            x15, x0, 0xf14      x15=00000006
13854621ns          254307 1c0089b4 f8068693 addi             x13, x13, -128      x13=00001f80 x13:00002000
13854641ns          254308 1c0089b8 00379713 slli             x14, x15, 0x3       x14=00000030 x15:00000006
13854661ns          254309 1c0089bc 00279793 slli             x15, x15, 0x2       x15=00000018 x15:00000006
13854681ns          254310 1c0089be 00d7f7b3 and              x15, x15, x13       x15=00000000 x15:00000018 x13:00001f80
13854701ns          254311 1c0089c0 ee873733 p.bclr           x14, x14, 23, 8     x14=00000030 x14:00000030
13854720ns          254312 1c0089c4 1a10f6b7 lui              x13, 0x1a10f000     x13=1a10f000
13854740ns          254313 1c0089c8 0ff57513 andi             x10, x10, 255       x10=00000065 x10:00000065
13854760ns          254314 1c0089cc 00d70733 add              x14, x14, x13       x14=1a10f030 x14:00000030 x13:1a10f000
13854780ns          254315 1c0089ce 00a7e723 p.sw             x10, x0(x15)        x10:00000065 x15:00000000  PA:1a10f030
13855098ns          254331 1c0089d2 00000513 addi             x10, x0, 0          x10=00000000
13855118ns          254332 1c0089d4 00008067 jalr             x0, x1, 0            x1:1c008ae0
13855158ns          254334 1c008ae0 15f52c63 p.beqimm         x10, 344            x10:00000000
13855178ns          254335 1c008ae4 00140413 addi             x8, x8, 1            x8=00000019  x8:00000018
13855198ns          254336 1c008ae6 0004c503 lbu              x10, 0(x9)          x10=0000003d  x9:1c00016d  PA:1c00016d
13855516ns          254352 1c008aea 00148493 addi             x9, x9, 1            x9=1c00016e  x9:1c00016d
13855536ns          254353 1c008aec fe0514e3 bne              x10, x0, -24        x10:0000003d
13855595ns          254356 1c008ad4 02500793 addi             x15, x0, 37         x15=00000025
13855615ns          254357 1c008ad8 04f50763 beq              x10, x15, 78        x10:0000003d x15:00000025
13855635ns          254358 1c008adc 017005b3 add              x11, x0, x23        x11=00000002 x23:00000002
13855655ns          254359 1c008ade 000c80e7 jalr             x1, x25, 0           x1=1c008ae0 x25:1c0089d6
13855695ns          254361 1c0089d6 fd9ff06f jal              x0, -40            
13855735ns          254363 1c0089ae 000026b7 lui              x13, 0x2000         x13=00002000
13855755ns          254364 1c0089b0 f14027f3 csrrs            x15, x0, 0xf14      x15=00000006
13855774ns          254365 1c0089b4 f8068693 addi             x13, x13, -128      x13=00001f80 x13:00002000
13855794ns          254366 1c0089b8 00379713 slli             x14, x15, 0x3       x14=00000030 x15:00000006
13855814ns          254367 1c0089bc 00279793 slli             x15, x15, 0x2       x15=00000018 x15:00000006
13855834ns          254368 1c0089be 00d7f7b3 and              x15, x15, x13       x15=00000000 x15:00000018 x13:00001f80
13855854ns          254369 1c0089c0 ee873733 p.bclr           x14, x14, 23, 8     x14=00000030 x14:00000030
13855874ns          254370 1c0089c4 1a10f6b7 lui              x13, 0x1a10f000     x13=1a10f000
13855894ns          254371 1c0089c8 0ff57513 andi             x10, x10, 255       x10=0000003d x10:0000003d
13855914ns          254372 1c0089cc 00d70733 add              x14, x14, x13       x14=1a10f030 x14:00000030 x13:1a10f000
13855934ns          254373 1c0089ce 00a7e723 p.sw             x10, x0(x15)        x10:0000003d x15:00000000  PA:1a10f030
13856252ns          254389 1c0089d2 00000513 addi             x10, x0, 0          x10=00000000
13856272ns          254390 1c0089d4 00008067 jalr             x0, x1, 0            x1:1c008ae0
13856311ns          254392 1c008ae0 15f52c63 p.beqimm         x10, 344            x10:00000000
13856331ns          254393 1c008ae4 00140413 addi             x8, x8, 1            x8=0000001a  x8:00000019
13856351ns          254394 1c008ae6 0004c503 lbu              x10, 0(x9)          x10=00000025  x9:1c00016e  PA:1c00016e
13856650ns          254409 1c008aea 00148493 addi             x9, x9, 1            x9=1c00016f  x9:1c00016e
13856669ns          254410 1c008aec fe0514e3 bne              x10, x0, -24        x10:00000025
13856729ns          254413 1c008ad4 02500793 addi             x15, x0, 37         x15=00000025
13856749ns          254414 1c008ad8 04f50763 beq              x10, x15, 78        x10:00000025 x15:00000025
13856888ns          254421 1c008b26 0004cb03 lbu              x22, 0(x9)          x22=00000064  x9:1c00016f  PA:1c00016f
13857187ns          254436 1c008b2a 02000813 addi             x16, x0, 32         x16=00000020
13857206ns          254437 1c008b2e 00148a93 addi             x21, x9, 1          x21=1c000170  x9:1c00016f
13857226ns          254438 1c008b32 016005b3 add              x11, x0, x22        x11=00000064 x22:00000064
13857246ns          254439 1c008b34 2d8d8513 addi             x10, x27, 728       x10=1c0002d8 x27:1c000000
13857266ns          254440 1c008b38 01012823 sw               x16, 16(x2)         x16:00000020  x2:100071a8  PA:100071b8
13857286ns          254441 1c008b3a 00012c23 sw               x0, 24(x2)           x2:100071a8  PA:100071c0
13857306ns          254442 1c008b3c 00012a23 sw               x0, 20(x2)           x2:100071a8  PA:100071bc
13857326ns          254443 1c008b3e 00012e23 sw               x0, 28(x2)           x2:100071a8  PA:100071c4
13857346ns          254444 1c008b40 00012623 sw               x0, 12(x2)           x2:100071a8  PA:100071b4
13857366ns          254445 1c008b42 02300913 addi             x18, x0, 35         x18=00000023
13857385ns          254446 1c008b46 02d00a13 addi             x20, x0, 45         x20=0000002d
13857405ns          254447 1c008b4a 015009b3 add              x19, x0, x21        x19=1c000170 x21:1c000170
13857425ns          254448 1c008b4c de3ff0ef jal              x1, -542             x1=1c008b4e
13857624ns          254458 1c00892e 00054783 lbu              x15, 0(x10)         x15=0000002d x10:1c0002d8  PA:1c0002d8
13857962ns          254475 1c008932 0ff5f593 andi             x11, x11, 255       x11=00000064 x11:00000064
13857982ns          254476 1c008936 00b78c63 beq              x15, x11, 24        x15:0000002d x11:00000064
13858002ns          254477 1c00893a 00078b63 beq              x15, x0, 22         x15:0000002d
13858022ns          254478 1c00893c 00150793 addi             x15, x10, 1         x15=1c0002d9 x10:1c0002d8
13858062ns          254480 1c008940 0040006f jal              x0, 4              
13858101ns          254482 1c008944 00f00533 add              x10, x0, x15        x10=1c0002d9 x15:1c0002d9
13858121ns          254483 1c008946 0017c70b p.lbu            x14, 1(x15!)        x14=0000002b x15=1c0002da x15:1c0002d9  PA:1c0002d9
13858459ns          254500 1c00894a feb71ce3 bne              x14, x11, -8        x14:0000002b x11:00000064
13858519ns          254503 1c008942 00070763 beq              x14, x0, 14         x14:0000002b
13858539ns          254504 1c008944 00f00533 add              x10, x0, x15        x10=1c0002da x15:1c0002da
13858559ns          254505 1c008946 0017c70b p.lbu            x14, 1(x15!)        x14=00000020 x15=1c0002db x15:1c0002da  PA:1c0002da
13858877ns          254521 1c00894a feb71ce3 bne              x14, x11, -8        x14:00000020 x11:00000064
13858937ns          254524 1c008942 00070763 beq              x14, x0, 14         x14:00000020
13858957ns          254525 1c008944 00f00533 add              x10, x0, x15        x10=1c0002db x15:1c0002db
13858976ns          254526 1c008946 0017c70b p.lbu            x14, 1(x15!)        x14=00000023 x15=1c0002dc x15:1c0002db  PA:1c0002db
13859295ns          254542 1c00894a feb71ce3 bne              x14, x11, -8        x14:00000023 x11:00000064
13859354ns          254545 1c008942 00070763 beq              x14, x0, 14         x14:00000023
13859374ns          254546 1c008944 00f00533 add              x10, x0, x15        x10=1c0002dc x15:1c0002dc
13859394ns          254547 1c008946 0017c70b p.lbu            x14, 1(x15!)        x14=00000030 x15=1c0002dd x15:1c0002dc  PA:1c0002dc
13859712ns          254563 1c00894a feb71ce3 bne              x14, x11, -8        x14:00000030 x11:00000064
13859772ns          254566 1c008942 00070763 beq              x14, x0, 14         x14:00000030
13859792ns          254567 1c008944 00f00533 add              x10, x0, x15        x10=1c0002dd x15:1c0002dd
13859812ns          254568 1c008946 0017c70b p.lbu            x14, 1(x15!)        x14=00000000 x15=1c0002de x15:1c0002dd  PA:1c0002dd
13860150ns          254585 1c00894a feb71ce3 bne              x14, x11, -8        x14:00000000 x11:00000064
13860209ns          254588 1c008942 00070763 beq              x14, x0, 14         x14:00000000
13860269ns          254591 1c008950 0015b593 sltiu            x11, x11, 1         x11=00000000 x11:00000064
13860289ns          254592 1c008954 40b005b3 sub              x11, x0, x11        x11=00000000 x11:00000000
13860309ns          254593 1c008958 00b57533 and              x10, x10, x11       x10=00000000 x10:1c0002dd x11:00000000
13860329ns          254594 1c00895a 00008067 jalr             x0, x1, 0            x1:1c008b4e
13860428ns          254599 1c008b4e 02050a63 beq              x10, x0, 52         x10:00000000
13860567ns          254606 1c008b82 02a00613 addi             x12, x0, 42         x12=0000002a
13860587ns          254607 1c008b86 10cb0863 beq              x22, x12, 272       x22:00000064 x12:0000002a
13860607ns          254608 1c008b8a fd0b0613 addi             x12, x22, -48       x12=00000034 x22:00000064
13860627ns          254609 1c008b8e 00900593 addi             x11, x0, 9          x11=00000009
13860667ns          254611 1c008b90 00000a13 addi             x20, x0, 0          x20=00000000
13860707ns          254613 1c008b92 0ec5f263 bgeu             x11, x12, 228       x11:00000009 x12:00000034
13860727ns          254614 1c008b96 02e00713 addi             x14, x0, 46         x14=0000002e
13860746ns          254615 1c008b9a fff00a93 addi             x21, x0, -1         x21=ffffffff
13860766ns          254616 1c008b9c 14eb0563 beq              x22, x14, 330       x22:00000064 x14:0000002e
13860806ns          254618 1c008ba0 1c0007b7 lui              x15, 0x1c000000     x15=1c000000
13860846ns          254620 1c008ba4 016005b3 add              x11, x0, x22        x11=00000064 x22:00000064
13860866ns          254621 1c008ba6 2e078513 addi             x10, x15, 736       x10=1c0002e0 x15:1c000000
13860886ns          254622 1c008baa d85ff0ef jal              x1, -636             x1=1c008bac
13861005ns          254628 1c00892e 00054783 lbu              x15, 0(x10)         x15=00000068 x10:1c0002e0  PA:1c0002e0
13861303ns          254643 1c008932 0ff5f593 andi             x11, x11, 255       x11=00000064 x11:00000064
13861323ns          254644 1c008936 00b78c63 beq              x15, x11, 24        x15:00000068 x11:00000064
13861343ns          254645 1c00893a 00078b63 beq              x15, x0, 22         x15:00000068
13861363ns          254646 1c00893c 00150793 addi             x15, x10, 1         x15=1c0002e1 x10:1c0002e0
13861383ns          254647 1c008940 0040006f jal              x0, 4              
13861423ns          254649 1c008944 00f00533 add              x10, x0, x15        x10=1c0002e1 x15:1c0002e1
13861443ns          254650 1c008946 0017c70b p.lbu            x14, 1(x15!)        x14=0000006c x15=1c0002e2 x15:1c0002e1  PA:1c0002e1
13861761ns          254666 1c00894a feb71ce3 bne              x14, x11, -8        x14:0000006c x11:00000064
13861820ns          254669 1c008942 00070763 beq              x14, x0, 14         x14:0000006c
13861840ns          254670 1c008944 00f00533 add              x10, x0, x15        x10=1c0002e2 x15:1c0002e2
13861860ns          254671 1c008946 0017c70b p.lbu            x14, 1(x15!)        x14=0000004c x15=1c0002e3 x15:1c0002e2  PA:1c0002e2
13862198ns          254688 1c00894a feb71ce3 bne              x14, x11, -8        x14:0000004c x11:00000064
13862258ns          254691 1c008942 00070763 beq              x14, x0, 14         x14:0000004c
13862278ns          254692 1c008944 00f00533 add              x10, x0, x15        x10=1c0002e3 x15:1c0002e3
13862298ns          254693 1c008946 0017c70b p.lbu            x14, 1(x15!)        x14=0000007a x15=1c0002e4 x15:1c0002e3  PA:1c0002e3
13862616ns          254709 1c00894a feb71ce3 bne              x14, x11, -8        x14:0000007a x11:00000064
13862676ns          254712 1c008942 00070763 beq              x14, x0, 14         x14:0000007a
13862695ns          254713 1c008944 00f00533 add              x10, x0, x15        x10=1c0002e4 x15:1c0002e4
13862715ns          254714 1c008946 0017c70b p.lbu            x14, 1(x15!)        x14=00000000 x15=1c0002e5 x15:1c0002e4  PA:1c0002e4
13863034ns          254730 1c00894a feb71ce3 bne              x14, x11, -8        x14:00000000 x11:00000064
13863093ns          254733 1c008942 00070763 beq              x14, x0, 14         x14:00000000
13863153ns          254736 1c008950 0015b593 sltiu            x11, x11, 1         x11=00000000 x11:00000064
13863173ns          254737 1c008954 40b005b3 sub              x11, x0, x11        x11=00000000 x11:00000000
13863193ns          254738 1c008958 00b57533 and              x10, x10, x11       x10=00000000 x10:1c0002e4 x11:00000000
13863213ns          254739 1c00895a 00008067 jalr             x0, x1, 0            x1:1c008bac
13863252ns          254741 1c008bac 013004b3 add              x9, x0, x19          x9=1c000170 x19:1c000170
13863272ns          254742 1c008bae 00050563 beq              x10, x0, 10         x10:00000000
13863332ns          254745 1c008bb8 06700713 addi             x14, x0, 103        x14=00000067
13863352ns          254746 1c008bbc 0f675b63 bge              x14, x22, 246       x14:00000067 x22:00000064
13863531ns          254755 1c008cb2 06500713 addi             x14, x0, 101        x14=00000065
13863551ns          254756 1c008cb6 0ceb5863 bge              x22, x14, 208       x22:00000064 x14:00000065
13863571ns          254757 1c008cba 04700713 addi             x14, x0, 71         x14=00000047
13863630ns          254760 1c008cbe 4d674d63 blt              x14, x22, 1242      x14:00000047 x22:00000064
13863730ns          254765 1c009198 06300713 addi             x14, x0, 99         x14=00000063
13863769ns          254767 1c00919c 10eb0a63 beq              x22, x14, 276       x22:00000064 x14:00000063
13863829ns          254770 1c0091a0 0d674263 blt              x14, x22, 196       x14:00000063 x22:00000064
13863929ns          254775 1c009264 000c2583 lw               x11, 0(x24)         x11=00000006 x24:100072fc  PA:100072fc
13863968ns          254777 1c009268 004c0c13 addi             x24, x24, 4         x24=10007300 x24:100072fc
13863988ns          254778 1c00926a 1e05c963 blt              x11, x0, 498        x11:00000006
13864008ns          254779 1c00926e 01412783 lw               x15, 20(x2)         x15=00000000  x2:100071a8  PA:100071bc
13864048ns          254781 1c009270 18079663 bne              x15, x0, 396        x15:00000000
13864088ns          254783 1c009274 01812803 lw               x16, 24(x2)         x16=00000000  x2:100071a8  PA:100071c0
13864127ns          254785 1c009276 32080963 beq              x16, x0, 818        x16:00000000
13864267ns          254792 1c0095a8 015006b3 add              x13, x0, x21        x13=ffffffff x21:ffffffff
13864287ns          254793 1c0095aa 00a00613 addi             x12, x0, 10         x12=0000000a
13864306ns          254794 1c0095ac 01a00533 add              x10, x0, x26        x10=100071cc x26:100071cc
13864366ns          254797 1c0095ae c74ff0ef jal              x1, -2956            x1=1c0095b2
13864446ns          254801 1c008a22 00a00733 add              x14, x0, x10        x14=100071cc x10:100071cc
13864485ns          254803 1c008a24 00a007b3 add              x15, x0, x10        x15=100071cc x10:100071cc
13864505ns          254804 1c008a26 00900313 addi             x6, x0, 9            x6=00000009
13864525ns          254805 1c008a28 02c5f8b3 remu             x17, x11, x12       x17=00000006 x11:00000006 x12:0000000a
13865142ns          254836 1c008a2c 0ff8f813 andi             x16, x17, 255       x16=00000006 x17:00000006
13865162ns          254837 1c008a30 00000513 addi             x10, x0, 0          x10=00000000
13865181ns          254838 1c008a32 02c5d5b3 divu             x11, x11, x12       x11=00000000 x11:00000006 x12:0000000a
13865798ns          254869 1c008a36 03080813 addi             x16, x16, 48        x16=00000036 x16:00000006
13865818ns          254870 1c008a3a 01137463 bgeu             x6, x17, 8           x6:00000009 x17:00000006
13865878ns          254873 1c008a42 01050533 add              x10, x10, x16       x10=00000036 x10:00000000 x16:00000036
13865897ns          254874 1c008a44 00a780ab p.sb             x10, 1(x15!)        x15=100071cd x10:00000036 x15:100071cc  PA:100071cc
13865917ns          254875 1c008a48 fe0590e3 bne              x11, x0, -32        x11:00000000
13865937ns          254876 1c008a4a 40e78533 sub              x10, x15, x14       x10=00000001 x15:100071cd x14:100071cc
13865997ns          254879 1c008a4e 00d55d63 bge              x10, x13, 26        x10:00000001 x13:ffffffff
13866096ns          254884 1c008a68 fe078fab p.sb             x0, -1(x15!)        x15=100071cc x15:100071cd  PA:100071cd
13866136ns          254886 1c008a6c 00f77c63 bgeu             x14, x15, 24        x14:100071cc x15:100071cc
13866236ns          254891 1c008a84 00008067 jalr             x0, x1, 0            x1:1c0095b2
13866275ns          254893 1c0095b2 00a009b3 add              x19, x0, x10        x19=00000001 x10:00000001
13866295ns          254894 1c0095b4 00012623 sw               x0, 12(x2)           x2:100071a8  PA:100071b4
13866315ns          254895 1c0095b6 ce7ff06f jal              x0, -794           
13866395ns          254899 1c00929c e7faa7e3 p.beqimm         x21, -402           x21:ffffffff
13866594ns          254909 1c00910a 0c800793 addi             x15, x0, 200        x15=000000c8
13866653ns          254912 1c00910e b337c5e3 blt              x15, x19, -1238     x15:000000c8 x19:00000001
13866693ns          254914 1c009112 0f49c363 blt              x19, x20, 230       x19:00000001 x20:00000000
13866713ns          254915 1c009116 01300a33 add              x20, x0, x19        x20=00000001 x19:00000001
13866733ns          254916 1c009118 b00a11e3 bne              x20, x0, -1278      x20:00000001
13866872ns          254923 1c008c1a 01a00933 add              x18, x0, x26        x18=100071cc x26:100071cc
13866912ns          254925 1c008c1c 41a409b3 sub              x19, x8, x26        x19=efff8e4e  x8:0000001a x26:100071cc
13866971ns          254928 1c008c20 00a0006f jal              x0, 10             
13867031ns          254931 1c008c2a 0019450b p.lbu            x10, 1(x18!)        x10=00000036 x18=100071cd x18:100071cc  PA:100071cc
13867051ns          254932 1c008c2e 017005b3 add              x11, x0, x23        x11=00000002 x23:00000002
13867091ns          254934 1c008c30 000c80e7 jalr             x1, x25, 0           x1=1c008c32 x25:1c0089d6
13867170ns          254938 1c0089d6 fd9ff06f jal              x0, -40            
13867250ns          254942 1c0089ae 000026b7 lui              x13, 0x2000         x13=00002000
13867329ns          254946 1c0089b0 f14027f3 csrrs            x15, x0, 0xf14      x15=00000006
13867369ns          254948 1c0089b4 f8068693 addi             x13, x13, -128      x13=00001f80 x13:00002000
13867389ns          254949 1c0089b8 00379713 slli             x14, x15, 0x3       x14=00000030 x15:00000006
13867409ns          254950 1c0089bc 00279793 slli             x15, x15, 0x2       x15=00000018 x15:00000006
13867429ns          254951 1c0089be 00d7f7b3 and              x15, x15, x13       x15=00000000 x15:00000018 x13:00001f80
13867469ns          254953 1c0089c0 ee873733 p.bclr           x14, x14, 23, 8     x14=00000030 x14:00000030
13867508ns          254955 1c0089c4 1a10f6b7 lui              x13, 0x1a10f000     x13=1a10f000
13867528ns          254956 1c0089c8 0ff57513 andi             x10, x10, 255       x10=00000036 x10:00000036
13867548ns          254957 1c0089cc 00d70733 add              x14, x14, x13       x14=1a10f030 x14:00000030 x13:1a10f000
13867568ns          254958 1c0089ce 00a7e723 p.sw             x10, x0(x15)        x10:00000036 x15:00000000  PA:1a10f030
13867886ns          254974 1c0089d2 00000513 addi             x10, x0, 0          x10=00000000
13867906ns          254975 1c0089d4 00008067 jalr             x0, x1, 0            x1:1c008c32
13867946ns          254977 1c008c32 fffa0a13 addi             x20, x20, -1        x20=00000000 x20:00000001
13867966ns          254978 1c008c34 fff537e3 p.bneimm         x10, -18            x10:00000000
13868105ns          254985 1c008c22 01298433 add              x8, x19, x18         x8=0000001b x19:efff8e4e x18:100071cd
13868125ns          254986 1c008c26 ea0a03e3 beq              x20, x0, -346       x20:00000000
13868224ns          254991 1c008acc 0004c503 lbu              x10, 0(x9)          x10=0000007c  x9:1c000170  PA:1c000170
13868562ns          255008 1c008ad0 00148493 addi             x9, x9, 1            x9=1c000171  x9:1c000170
13868582ns          255009 1c008ad2 00050e63 beq              x10, x0, 28         x10:0000007c
13868602ns          255010 1c008ad4 02500793 addi             x15, x0, 37         x15=00000025
13868622ns          255011 1c008ad8 04f50763 beq              x10, x15, 78        x10:0000007c x15:00000025
13868642ns          255012 1c008adc 017005b3 add              x11, x0, x23        x11=00000002 x23:00000002
13868662ns          255013 1c008ade 000c80e7 jalr             x1, x25, 0           x1=1c008ae0 x25:1c0089d6
13868722ns          255016 1c0089d6 fd9ff06f jal              x0, -40            
13868761ns          255018 1c0089ae 000026b7 lui              x13, 0x2000         x13=00002000
13868781ns          255019 1c0089b0 f14027f3 csrrs            x15, x0, 0xf14      x15=00000006
13868801ns          255020 1c0089b4 f8068693 addi             x13, x13, -128      x13=00001f80 x13:00002000
13868821ns          255021 1c0089b8 00379713 slli             x14, x15, 0x3       x14=00000030 x15:00000006
13868841ns          255022 1c0089bc 00279793 slli             x15, x15, 0x2       x15=00000018 x15:00000006
13868861ns          255023 1c0089be 00d7f7b3 and              x15, x15, x13       x15=00000000 x15:00000018 x13:00001f80
13868901ns          255025 1c0089c0 ee873733 p.bclr           x14, x14, 23, 8     x14=00000030 x14:00000030
13868940ns          255027 1c0089c4 1a10f6b7 lui              x13, 0x1a10f000     x13=1a10f000
13868960ns          255028 1c0089c8 0ff57513 andi             x10, x10, 255       x10=0000007c x10:0000007c
13868980ns          255029 1c0089cc 00d70733 add              x14, x14, x13       x14=1a10f030 x14:00000030 x13:1a10f000
13869000ns          255030 1c0089ce 00a7e723 p.sw             x10, x0(x15)        x10:0000007c x15:00000000  PA:1a10f030
13869338ns          255047 1c0089d2 00000513 addi             x10, x0, 0          x10=00000000
13869358ns          255048 1c0089d4 00008067 jalr             x0, x1, 0            x1:1c008ae0
13869398ns          255050 1c008ae0 15f52c63 p.beqimm         x10, 344            x10:00000000
13869418ns          255051 1c008ae4 00140413 addi             x8, x8, 1            x8=0000001c  x8:0000001b
13869438ns          255052 1c008ae6 0004c503 lbu              x10, 0(x9)          x10=00000073  x9:1c000171  PA:1c000171
13869756ns          255068 1c008aea 00148493 addi             x9, x9, 1            x9=1c000172  x9:1c000171
13869776ns          255069 1c008aec fe0514e3 bne              x10, x0, -24        x10:00000073
13869835ns          255072 1c008ad4 02500793 addi             x15, x0, 37         x15=00000025
13869855ns          255073 1c008ad8 04f50763 beq              x10, x15, 78        x10:00000073 x15:00000025
13869875ns          255074 1c008adc 017005b3 add              x11, x0, x23        x11=00000002 x23:00000002
13869895ns          255075 1c008ade 000c80e7 jalr             x1, x25, 0           x1=1c008ae0 x25:1c0089d6
13869935ns          255077 1c0089d6 fd9ff06f jal              x0, -40            
13869974ns          255079 1c0089ae 000026b7 lui              x13, 0x2000         x13=00002000
13869994ns          255080 1c0089b0 f14027f3 csrrs            x15, x0, 0xf14      x15=00000006
13870014ns          255081 1c0089b4 f8068693 addi             x13, x13, -128      x13=00001f80 x13:00002000
13870034ns          255082 1c0089b8 00379713 slli             x14, x15, 0x3       x14=00000030 x15:00000006
13870054ns          255083 1c0089bc 00279793 slli             x15, x15, 0x2       x15=00000018 x15:00000006
13870074ns          255084 1c0089be 00d7f7b3 and              x15, x15, x13       x15=00000000 x15:00000018 x13:00001f80
13870094ns          255085 1c0089c0 ee873733 p.bclr           x14, x14, 23, 8     x14=00000030 x14:00000030
13870114ns          255086 1c0089c4 1a10f6b7 lui              x13, 0x1a10f000     x13=1a10f000
13870134ns          255087 1c0089c8 0ff57513 andi             x10, x10, 255       x10=00000073 x10:00000073
13870153ns          255088 1c0089cc 00d70733 add              x14, x14, x13       x14=1a10f030 x14:00000030 x13:1a10f000
13870173ns          255089 1c0089ce 00a7e723 p.sw             x10, x0(x15)        x10:00000073 x15:00000000  PA:1a10f030
13870492ns          255105 1c0089d2 00000513 addi             x10, x0, 0          x10=00000000
13870511ns          255106 1c0089d4 00008067 jalr             x0, x1, 0            x1:1c008ae0
13870551ns          255108 1c008ae0 15f52c63 p.beqimm         x10, 344            x10:00000000
13870571ns          255109 1c008ae4 00140413 addi             x8, x8, 1            x8=0000001d  x8:0000001c
13870591ns          255110 1c008ae6 0004c503 lbu              x10, 0(x9)          x10=00000065  x9:1c000172  PA:1c000172
13870889ns          255125 1c008aea 00148493 addi             x9, x9, 1            x9=1c000173  x9:1c000172
13870909ns          255126 1c008aec fe0514e3 bne              x10, x0, -24        x10:00000065
13870969ns          255129 1c008ad4 02500793 addi             x15, x0, 37         x15=00000025
13870989ns          255130 1c008ad8 04f50763 beq              x10, x15, 78        x10:00000065 x15:00000025
13871009ns          255131 1c008adc 017005b3 add              x11, x0, x23        x11=00000002 x23:00000002
13871029ns          255132 1c008ade 000c80e7 jalr             x1, x25, 0           x1=1c008ae0 x25:1c0089d6
13871068ns          255134 1c0089d6 fd9ff06f jal              x0, -40            
13871108ns          255136 1c0089ae 000026b7 lui              x13, 0x2000         x13=00002000
13871128ns          255137 1c0089b0 f14027f3 csrrs            x15, x0, 0xf14      x15=00000006
13871148ns          255138 1c0089b4 f8068693 addi             x13, x13, -128      x13=00001f80 x13:00002000
13871168ns          255139 1c0089b8 00379713 slli             x14, x15, 0x3       x14=00000030 x15:00000006
13871188ns          255140 1c0089bc 00279793 slli             x15, x15, 0x2       x15=00000018 x15:00000006
13871208ns          255141 1c0089be 00d7f7b3 and              x15, x15, x13       x15=00000000 x15:00000018 x13:00001f80
13871227ns          255142 1c0089c0 ee873733 p.bclr           x14, x14, 23, 8     x14=00000030 x14:00000030
13871247ns          255143 1c0089c4 1a10f6b7 lui              x13, 0x1a10f000     x13=1a10f000
13871267ns          255144 1c0089c8 0ff57513 andi             x10, x10, 255       x10=00000065 x10:00000065
13871287ns          255145 1c0089cc 00d70733 add              x14, x14, x13       x14=1a10f030 x14:00000030 x13:1a10f000
13871307ns          255146 1c0089ce 00a7e723 p.sw             x10, x0(x15)        x10:00000065 x15:00000000  PA:1a10f030
13871625ns          255162 1c0089d2 00000513 addi             x10, x0, 0          x10=00000000
13871645ns          255163 1c0089d4 00008067 jalr             x0, x1, 0            x1:1c008ae0
13871685ns          255165 1c008ae0 15f52c63 p.beqimm         x10, 344            x10:00000000
13871705ns          255166 1c008ae4 00140413 addi             x8, x8, 1            x8=0000001e  x8:0000001d
13871725ns          255167 1c008ae6 0004c503 lbu              x10, 0(x9)          x10=00000065  x9:1c000173  PA:1c000173
13872023ns          255182 1c008aea 00148493 addi             x9, x9, 1            x9=1c000174  x9:1c000173
13872043ns          255183 1c008aec fe0514e3 bne              x10, x0, -24        x10:00000065
13872103ns          255186 1c008ad4 02500793 addi             x15, x0, 37         x15=00000025
13872122ns          255187 1c008ad8 04f50763 beq              x10, x15, 78        x10:00000065 x15:00000025
13872142ns          255188 1c008adc 017005b3 add              x11, x0, x23        x11=00000002 x23:00000002
13872162ns          255189 1c008ade 000c80e7 jalr             x1, x25, 0           x1=1c008ae0 x25:1c0089d6
13872202ns          255191 1c0089d6 fd9ff06f jal              x0, -40            
13872242ns          255193 1c0089ae 000026b7 lui              x13, 0x2000         x13=00002000
13872262ns          255194 1c0089b0 f14027f3 csrrs            x15, x0, 0xf14      x15=00000006
13872282ns          255195 1c0089b4 f8068693 addi             x13, x13, -128      x13=00001f80 x13:00002000
13872301ns          255196 1c0089b8 00379713 slli             x14, x15, 0x3       x14=00000030 x15:00000006
13872321ns          255197 1c0089bc 00279793 slli             x15, x15, 0x2       x15=00000018 x15:00000006
13872341ns          255198 1c0089be 00d7f7b3 and              x15, x15, x13       x15=00000000 x15:00000018 x13:00001f80
13872361ns          255199 1c0089c0 ee873733 p.bclr           x14, x14, 23, 8     x14=00000030 x14:00000030
13872381ns          255200 1c0089c4 1a10f6b7 lui              x13, 0x1a10f000     x13=1a10f000
13872401ns          255201 1c0089c8 0ff57513 andi             x10, x10, 255       x10=00000065 x10:00000065
13872421ns          255202 1c0089cc 00d70733 add              x14, x14, x13       x14=1a10f030 x14:00000030 x13:1a10f000
13872441ns          255203 1c0089ce 00a7e723 p.sw             x10, x0(x15)        x10:00000065 x15:00000000  PA:1a10f030
13872759ns          255219 1c0089d2 00000513 addi             x10, x0, 0          x10=00000000
13872779ns          255220 1c0089d4 00008067 jalr             x0, x1, 0            x1:1c008ae0
13872818ns          255222 1c008ae0 15f52c63 p.beqimm         x10, 344            x10:00000000
13872838ns          255223 1c008ae4 00140413 addi             x8, x8, 1            x8=0000001f  x8:0000001e
13872858ns          255224 1c008ae6 0004c503 lbu              x10, 0(x9)          x10=0000006e  x9:1c000174  PA:1c000174
13873176ns          255240 1c008aea 00148493 addi             x9, x9, 1            x9=1c000175  x9:1c000174
13873196ns          255241 1c008aec fe0514e3 bne              x10, x0, -24        x10:0000006e
13873256ns          255244 1c008ad4 02500793 addi             x15, x0, 37         x15=00000025
13873276ns          255245 1c008ad8 04f50763 beq              x10, x15, 78        x10:0000006e x15:00000025
13873296ns          255246 1c008adc 017005b3 add              x11, x0, x23        x11=00000002 x23:00000002
13873316ns          255247 1c008ade 000c80e7 jalr             x1, x25, 0           x1=1c008ae0 x25:1c0089d6
13873355ns          255249 1c0089d6 fd9ff06f jal              x0, -40            
13873395ns          255251 1c0089ae 000026b7 lui              x13, 0x2000         x13=00002000
13873415ns          255252 1c0089b0 f14027f3 csrrs            x15, x0, 0xf14      x15=00000006
13873435ns          255253 1c0089b4 f8068693 addi             x13, x13, -128      x13=00001f80 x13:00002000
13873455ns          255254 1c0089b8 00379713 slli             x14, x15, 0x3       x14=00000030 x15:00000006
13873475ns          255255 1c0089bc 00279793 slli             x15, x15, 0x2       x15=00000018 x15:00000006
13873495ns          255256 1c0089be 00d7f7b3 and              x15, x15, x13       x15=00000000 x15:00000018 x13:00001f80
13873515ns          255257 1c0089c0 ee873733 p.bclr           x14, x14, 23, 8     x14=00000030 x14:00000030
13873534ns          255258 1c0089c4 1a10f6b7 lui              x13, 0x1a10f000     x13=1a10f000
13873554ns          255259 1c0089c8 0ff57513 andi             x10, x10, 255       x10=0000006e x10:0000006e
13873574ns          255260 1c0089cc 00d70733 add              x14, x14, x13       x14=1a10f030 x14:00000030 x13:1a10f000
13873594ns          255261 1c0089ce 00a7e723 p.sw             x10, x0(x15)        x10:0000006e x15:00000000  PA:1a10f030
13873912ns          255277 1c0089d2 00000513 addi             x10, x0, 0          x10=00000000
13873932ns          255278 1c0089d4 00008067 jalr             x0, x1, 0            x1:1c008ae0
13873972ns          255280 1c008ae0 15f52c63 p.beqimm         x10, 344            x10:00000000
13873992ns          255281 1c008ae4 00140413 addi             x8, x8, 1            x8=00000020  x8:0000001f
13874012ns          255282 1c008ae6 0004c503 lbu              x10, 0(x9)          x10=0000003d  x9:1c000175  PA:1c000175
13874310ns          255297 1c008aea 00148493 addi             x9, x9, 1            x9=1c000176  x9:1c000175
13874330ns          255298 1c008aec fe0514e3 bne              x10, x0, -24        x10:0000003d
13874390ns          255301 1c008ad4 02500793 addi             x15, x0, 37         x15=00000025
13874410ns          255302 1c008ad8 04f50763 beq              x10, x15, 78        x10:0000003d x15:00000025
13874429ns          255303 1c008adc 017005b3 add              x11, x0, x23        x11=00000002 x23:00000002
13874449ns          255304 1c008ade 000c80e7 jalr             x1, x25, 0           x1=1c008ae0 x25:1c0089d6
13874489ns          255306 1c0089d6 fd9ff06f jal              x0, -40            
13874529ns          255308 1c0089ae 000026b7 lui              x13, 0x2000         x13=00002000
13874549ns          255309 1c0089b0 f14027f3 csrrs            x15, x0, 0xf14      x15=00000006
13874569ns          255310 1c0089b4 f8068693 addi             x13, x13, -128      x13=00001f80 x13:00002000
13874589ns          255311 1c0089b8 00379713 slli             x14, x15, 0x3       x14=00000030 x15:00000006
13874608ns          255312 1c0089bc 00279793 slli             x15, x15, 0x2       x15=00000018 x15:00000006
13874628ns          255313 1c0089be 00d7f7b3 and              x15, x15, x13       x15=00000000 x15:00000018 x13:00001f80
13874648ns          255314 1c0089c0 ee873733 p.bclr           x14, x14, 23, 8     x14=00000030 x14:00000030
13874668ns          255315 1c0089c4 1a10f6b7 lui              x13, 0x1a10f000     x13=1a10f000
13874688ns          255316 1c0089c8 0ff57513 andi             x10, x10, 255       x10=0000003d x10:0000003d
13874708ns          255317 1c0089cc 00d70733 add              x14, x14, x13       x14=1a10f030 x14:00000030 x13:1a10f000
13874728ns          255318 1c0089ce 00a7e723 p.sw             x10, x0(x15)        x10:0000003d x15:00000000  PA:1a10f030
13875046ns          255334 1c0089d2 00000513 addi             x10, x0, 0          x10=00000000
13875066ns          255335 1c0089d4 00008067 jalr             x0, x1, 0            x1:1c008ae0
13875106ns          255337 1c008ae0 15f52c63 p.beqimm         x10, 344            x10:00000000
13875125ns          255338 1c008ae4 00140413 addi             x8, x8, 1            x8=00000021  x8:00000020
13875145ns          255339 1c008ae6 0004c503 lbu              x10, 0(x9)          x10=00000030  x9:1c000176  PA:1c000176
13875444ns          255354 1c008aea 00148493 addi             x9, x9, 1            x9=1c000177  x9:1c000176
13875464ns          255355 1c008aec fe0514e3 bne              x10, x0, -24        x10:00000030
13875523ns          255358 1c008ad4 02500793 addi             x15, x0, 37         x15=00000025
13875543ns          255359 1c008ad8 04f50763 beq              x10, x15, 78        x10:00000030 x15:00000025
13875563ns          255360 1c008adc 017005b3 add              x11, x0, x23        x11=00000002 x23:00000002
13875583ns          255361 1c008ade 000c80e7 jalr             x1, x25, 0           x1=1c008ae0 x25:1c0089d6
13875623ns          255363 1c0089d6 fd9ff06f jal              x0, -40            
13875662ns          255365 1c0089ae 000026b7 lui              x13, 0x2000         x13=00002000
13875682ns          255366 1c0089b0 f14027f3 csrrs            x15, x0, 0xf14      x15=00000006
13875702ns          255367 1c0089b4 f8068693 addi             x13, x13, -128      x13=00001f80 x13:00002000
13875722ns          255368 1c0089b8 00379713 slli             x14, x15, 0x3       x14=00000030 x15:00000006
13875742ns          255369 1c0089bc 00279793 slli             x15, x15, 0x2       x15=00000018 x15:00000006
13875762ns          255370 1c0089be 00d7f7b3 and              x15, x15, x13       x15=00000000 x15:00000018 x13:00001f80
13875782ns          255371 1c0089c0 ee873733 p.bclr           x14, x14, 23, 8     x14=00000030 x14:00000030
13875802ns          255372 1c0089c4 1a10f6b7 lui              x13, 0x1a10f000     x13=1a10f000
13875822ns          255373 1c0089c8 0ff57513 andi             x10, x10, 255       x10=00000030 x10:00000030
13875841ns          255374 1c0089cc 00d70733 add              x14, x14, x13       x14=1a10f030 x14:00000030 x13:1a10f000
13875861ns          255375 1c0089ce 00a7e723 p.sw             x10, x0(x15)        x10:00000030 x15:00000000  PA:1a10f030
13876180ns          255391 1c0089d2 00000513 addi             x10, x0, 0          x10=00000000
13876199ns          255392 1c0089d4 00008067 jalr             x0, x1, 0            x1:1c008ae0
13876239ns          255394 1c008ae0 15f52c63 p.beqimm         x10, 344            x10:00000000
13876259ns          255395 1c008ae4 00140413 addi             x8, x8, 1            x8=00000022  x8:00000021
13876279ns          255396 1c008ae6 0004c503 lbu              x10, 0(x9)          x10=00000078  x9:1c000177  PA:1c000177
13876577ns          255411 1c008aea 00148493 addi             x9, x9, 1            x9=1c000178  x9:1c000177
13876597ns          255412 1c008aec fe0514e3 bne              x10, x0, -24        x10:00000078
13876657ns          255415 1c008ad4 02500793 addi             x15, x0, 37         x15=00000025
13876677ns          255416 1c008ad8 04f50763 beq              x10, x15, 78        x10:00000078 x15:00000025
13876697ns          255417 1c008adc 017005b3 add              x11, x0, x23        x11=00000002 x23:00000002
13876717ns          255418 1c008ade 000c80e7 jalr             x1, x25, 0           x1=1c008ae0 x25:1c0089d6
13876756ns          255420 1c0089d6 fd9ff06f jal              x0, -40            
13876796ns          255422 1c0089ae 000026b7 lui              x13, 0x2000         x13=00002000
13876816ns          255423 1c0089b0 f14027f3 csrrs            x15, x0, 0xf14      x15=00000006
13876836ns          255424 1c0089b4 f8068693 addi             x13, x13, -128      x13=00001f80 x13:00002000
13876856ns          255425 1c0089b8 00379713 slli             x14, x15, 0x3       x14=00000030 x15:00000006
13876876ns          255426 1c0089bc 00279793 slli             x15, x15, 0x2       x15=00000018 x15:00000006
13876896ns          255427 1c0089be 00d7f7b3 and              x15, x15, x13       x15=00000000 x15:00000018 x13:00001f80
13876915ns          255428 1c0089c0 ee873733 p.bclr           x14, x14, 23, 8     x14=00000030 x14:00000030
13876935ns          255429 1c0089c4 1a10f6b7 lui              x13, 0x1a10f000     x13=1a10f000
13876955ns          255430 1c0089c8 0ff57513 andi             x10, x10, 255       x10=00000078 x10:00000078
13876975ns          255431 1c0089cc 00d70733 add              x14, x14, x13       x14=1a10f030 x14:00000030 x13:1a10f000
13876995ns          255432 1c0089ce 00a7e723 p.sw             x10, x0(x15)        x10:00000078 x15:00000000  PA:1a10f030
13877313ns          255448 1c0089d2 00000513 addi             x10, x0, 0          x10=00000000
13877333ns          255449 1c0089d4 00008067 jalr             x0, x1, 0            x1:1c008ae0
13877373ns          255451 1c008ae0 15f52c63 p.beqimm         x10, 344            x10:00000000
13877393ns          255452 1c008ae4 00140413 addi             x8, x8, 1            x8=00000023  x8:00000022
13877413ns          255453 1c008ae6 0004c503 lbu              x10, 0(x9)          x10=00000025  x9:1c000178  PA:1c000178
13877731ns          255469 1c008aea 00148493 addi             x9, x9, 1            x9=1c000179  x9:1c000178
13877751ns          255470 1c008aec fe0514e3 bne              x10, x0, -24        x10:00000025
13877810ns          255473 1c008ad4 02500793 addi             x15, x0, 37         x15=00000025
13877830ns          255474 1c008ad8 04f50763 beq              x10, x15, 78        x10:00000025 x15:00000025
13877969ns          255481 1c008b26 0004cb03 lbu              x22, 0(x9)          x22=00000030  x9:1c000179  PA:1c000179
13878268ns          255496 1c008b2a 02000813 addi             x16, x0, 32         x16=00000020
13878288ns          255497 1c008b2e 00148a93 addi             x21, x9, 1          x21=1c00017a  x9:1c000179
13878308ns          255498 1c008b32 016005b3 add              x11, x0, x22        x11=00000030 x22:00000030
13878327ns          255499 1c008b34 2d8d8513 addi             x10, x27, 728       x10=1c0002d8 x27:1c000000
13878347ns          255500 1c008b38 01012823 sw               x16, 16(x2)         x16:00000020  x2:100071a8  PA:100071b8
13878367ns          255501 1c008b3a 00012c23 sw               x0, 24(x2)           x2:100071a8  PA:100071c0
13878387ns          255502 1c008b3c 00012a23 sw               x0, 20(x2)           x2:100071a8  PA:100071bc
13878407ns          255503 1c008b3e 00012e23 sw               x0, 28(x2)           x2:100071a8  PA:100071c4
13878427ns          255504 1c008b40 00012623 sw               x0, 12(x2)           x2:100071a8  PA:100071b4
13878447ns          255505 1c008b42 02300913 addi             x18, x0, 35         x18=00000023
13878467ns          255506 1c008b46 02d00a13 addi             x20, x0, 45         x20=0000002d
13878487ns          255507 1c008b4a 015009b3 add              x19, x0, x21        x19=1c00017a x21:1c00017a
13878506ns          255508 1c008b4c de3ff0ef jal              x1, -542             x1=1c008b4e
13878705ns          255518 1c00892e 00054783 lbu              x15, 0(x10)         x15=0000002d x10:1c0002d8  PA:1c0002d8
13879024ns          255534 1c008932 0ff5f593 andi             x11, x11, 255       x11=00000030 x11:00000030
13879043ns          255535 1c008936 00b78c63 beq              x15, x11, 24        x15:0000002d x11:00000030
13879063ns          255536 1c00893a 00078b63 beq              x15, x0, 22         x15:0000002d
13879083ns          255537 1c00893c 00150793 addi             x15, x10, 1         x15=1c0002d9 x10:1c0002d8
13879123ns          255539 1c008940 0040006f jal              x0, 4              
13879163ns          255541 1c008944 00f00533 add              x10, x0, x15        x10=1c0002d9 x15:1c0002d9
13879183ns          255542 1c008946 0017c70b p.lbu            x14, 1(x15!)        x14=0000002b x15=1c0002da x15:1c0002d9  PA:1c0002d9
13879501ns          255558 1c00894a feb71ce3 bne              x14, x11, -8        x14:0000002b x11:00000030
13879561ns          255561 1c008942 00070763 beq              x14, x0, 14         x14:0000002b
13879580ns          255562 1c008944 00f00533 add              x10, x0, x15        x10=1c0002da x15:1c0002da
13879600ns          255563 1c008946 0017c70b p.lbu            x14, 1(x15!)        x14=00000020 x15=1c0002db x15:1c0002da  PA:1c0002da
13879938ns          255580 1c00894a feb71ce3 bne              x14, x11, -8        x14:00000020 x11:00000030
13879998ns          255583 1c008942 00070763 beq              x14, x0, 14         x14:00000020
13880018ns          255584 1c008944 00f00533 add              x10, x0, x15        x10=1c0002db x15:1c0002db
13880038ns          255585 1c008946 0017c70b p.lbu            x14, 1(x15!)        x14=00000023 x15=1c0002dc x15:1c0002db  PA:1c0002db
13880376ns          255602 1c00894a feb71ce3 bne              x14, x11, -8        x14:00000023 x11:00000030
13880436ns          255605 1c008942 00070763 beq              x14, x0, 14         x14:00000023
13880455ns          255606 1c008944 00f00533 add              x10, x0, x15        x10=1c0002dc x15:1c0002dc
13880475ns          255607 1c008946 0017c70b p.lbu            x14, 1(x15!)        x14=00000030 x15=1c0002dd x15:1c0002dc  PA:1c0002dc
13880794ns          255623 1c00894a feb71ce3 bne              x14, x11, -8        x14:00000030 x11:00000030
13880813ns          255624 1c00894e 00008067 jalr             x0, x1, 0            x1:1c008b4e
13880853ns          255626 1c008b4e 02050a63 beq              x10, x0, 52         x10:1c0002dc
13880913ns          255629 1c008b50 112b0d63 beq              x22, x18, 282       x22:00000030 x18:00000023
13880953ns          255631 1c008b54 0f697463 bgeu             x18, x22, 232       x18:00000023 x22:00000030
13880973ns          255632 1c008b58 114b0563 beq              x22, x20, 266       x22:00000030 x20:0000002d
13880992ns          255633 1c008b5c 03000613 addi             x12, x0, 48         x12=00000030
13881052ns          255636 1c008b60 0ecb0c63 beq              x22, x12, 248       x22:00000030 x12:00000030
13881152ns          255641 1c008c58 03000713 addi             x14, x0, 48         x14=00000030
13881191ns          255643 1c008c5c 00e12823 sw               x14, 16(x2)         x14:00000030  x2:100071a8  PA:100071b8
13881211ns          255644 1c008c5e 015004b3 add              x9, x0, x21          x9=1c00017a x21:1c00017a
13881251ns          255646 1c008c60 f0fff06f jal              x0, -242           
13881350ns          255651 1c008b6e 0004cb03 lbu              x22, 0(x9)          x22=00000038  x9:1c00017a  PA:1c00017a
13881689ns          255668 1c008b72 00148a93 addi             x21, x9, 1          x21=1c00017b  x9:1c00017a
13881708ns          255669 1c008b76 016005b3 add              x11, x0, x22        x11=00000038 x22:00000038
13881728ns          255670 1c008b78 2d8d8513 addi             x10, x27, 728       x10=1c0002d8 x27:1c000000
13881748ns          255671 1c008b7c 015009b3 add              x19, x0, x21        x19=1c00017b x21:1c00017b
13881768ns          255672 1c008b7e db1ff0ef jal              x1, -592             x1=1c008b80
13881848ns          255676 1c00892e 00054783 lbu              x15, 0(x10)         x15=0000002d x10:1c0002d8  PA:1c0002d8
13882166ns          255692 1c008932 0ff5f593 andi             x11, x11, 255       x11=00000038 x11:00000038
13882186ns          255693 1c008936 00b78c63 beq              x15, x11, 24        x15:0000002d x11:00000038
13882206ns          255694 1c00893a 00078b63 beq              x15, x0, 22         x15:0000002d
13882226ns          255695 1c00893c 00150793 addi             x15, x10, 1         x15=1c0002d9 x10:1c0002d8
13882245ns          255696 1c008940 0040006f jal              x0, 4              
13882285ns          255698 1c008944 00f00533 add              x10, x0, x15        x10=1c0002d9 x15:1c0002d9
13882305ns          255699 1c008946 0017c70b p.lbu            x14, 1(x15!)        x14=0000002b x15=1c0002da x15:1c0002d9  PA:1c0002d9
13882623ns          255715 1c00894a feb71ce3 bne              x14, x11, -8        x14:0000002b x11:00000038
13882683ns          255718 1c008942 00070763 beq              x14, x0, 14         x14:0000002b
13882703ns          255719 1c008944 00f00533 add              x10, x0, x15        x10=1c0002da x15:1c0002da
13882723ns          255720 1c008946 0017c70b p.lbu            x14, 1(x15!)        x14=00000020 x15=1c0002db x15:1c0002da  PA:1c0002da
13883041ns          255736 1c00894a feb71ce3 bne              x14, x11, -8        x14:00000020 x11:00000038
13883101ns          255739 1c008942 00070763 beq              x14, x0, 14         x14:00000020
13883120ns          255740 1c008944 00f00533 add              x10, x0, x15        x10=1c0002db x15:1c0002db
13883140ns          255741 1c008946 0017c70b p.lbu            x14, 1(x15!)        x14=00000023 x15=1c0002dc x15:1c0002db  PA:1c0002db
13883459ns          255757 1c00894a feb71ce3 bne              x14, x11, -8        x14:00000023 x11:00000038
13883518ns          255760 1c008942 00070763 beq              x14, x0, 14         x14:00000023
13883538ns          255761 1c008944 00f00533 add              x10, x0, x15        x10=1c0002dc x15:1c0002dc
13883558ns          255762 1c008946 0017c70b p.lbu            x14, 1(x15!)        x14=00000030 x15=1c0002dd x15:1c0002dc  PA:1c0002dc
13883916ns          255780 1c00894a feb71ce3 bne              x14, x11, -8        x14:00000030 x11:00000038
13883976ns          255783 1c008942 00070763 beq              x14, x0, 14         x14:00000030
13883996ns          255784 1c008944 00f00533 add              x10, x0, x15        x10=1c0002dd x15:1c0002dd
13884015ns          255785 1c008946 0017c70b p.lbu            x14, 1(x15!)        x14=00000000 x15=1c0002de x15:1c0002dd  PA:1c0002dd
13884334ns          255801 1c00894a feb71ce3 bne              x14, x11, -8        x14:00000000 x11:00000038
13884393ns          255804 1c008942 00070763 beq              x14, x0, 14         x14:00000000
13884453ns          255807 1c008950 0015b593 sltiu            x11, x11, 1         x11=00000000 x11:00000038
13884473ns          255808 1c008954 40b005b3 sub              x11, x0, x11        x11=00000000 x11:00000000
13884493ns          255809 1c008958 00b57533 and              x10, x10, x11       x10=00000000 x10:1c0002dd x11:00000000
13884513ns          255810 1c00895a 00008067 jalr             x0, x1, 0            x1:1c008b80
13884612ns          255815 1c008b80 fc0518e3 bne              x10, x0, -48        x10:00000000
13884632ns          255816 1c008b82 02a00613 addi             x12, x0, 42         x12=0000002a
13884652ns          255817 1c008b86 10cb0863 beq              x22, x12, 272       x22:00000038 x12:0000002a
13884672ns          255818 1c008b8a fd0b0613 addi             x12, x22, -48       x12=00000008 x22:00000038
13884692ns          255819 1c008b8e 00900593 addi             x11, x0, 9          x11=00000009
13884731ns          255821 1c008b90 00000a13 addi             x20, x0, 0          x20=00000000
13884771ns          255823 1c008b92 0ec5f263 bgeu             x11, x12, 228       x11:00000009 x12:00000008
13884910ns          255830 1c008c76 002a1793 slli             x15, x20, 0x2       x15=00000000 x20:00000000
13884930ns          255831 1c008c7a 014787b3 add              x15, x15, x20       x15=00000000 x15:00000000 x20:00000000
13884950ns          255832 1c008c7c 00179793 slli             x15, x15, 0x1       x15=00000000 x15:00000000
13884970ns          255833 1c008c7e 016787b3 add              x15, x15, x22       x15=00000038 x15:00000000 x22:00000038
13884990ns          255834 1c008c80 000acb03 lbu              x22, 0(x21)         x22=00000078 x21:1c00017b  PA:1c00017b
13885328ns          255851 1c008c84 fd078a13 addi             x20, x15, -48       x20=00000008 x15:00000038
13885348ns          255852 1c008c88 fd0b0793 addi             x15, x22, -48       x15=00000048 x22:00000078
13885368ns          255853 1c008c8c fef5f3e3 bgeu             x11, x15, -26       x11:00000009 x15:00000048
13885388ns          255854 1c008c90 00248993 addi             x19, x9, 2          x19=1c00017c  x9:1c00017a
13885408ns          255855 1c008c94 0140006f jal              x0, 20             
13885487ns          255859 1c008ca8 0c800713 addi             x14, x0, 200        x14=000000c8
13885527ns          255861 1c008cac 04ea5a33 p.minu           x20, x20, x14       x20=00000008 x20:00000008 x14:000000c8
13885587ns          255864 1c008cb0 ee7ff06f jal              x0, -282           
13885706ns          255870 1c008b96 02e00713 addi             x14, x0, 46         x14=0000002e
13885726ns          255871 1c008b9a fff00a93 addi             x21, x0, -1         x21=ffffffff
13885746ns          255872 1c008b9c 14eb0563 beq              x22, x14, 330       x22:00000078 x14:0000002e
13885785ns          255874 1c008ba0 1c0007b7 lui              x15, 0x1c000000     x15=1c000000
13885825ns          255876 1c008ba4 016005b3 add              x11, x0, x22        x11=00000078 x22:00000078
13885845ns          255877 1c008ba6 2e078513 addi             x10, x15, 736       x10=1c0002e0 x15:1c000000
13885865ns          255878 1c008baa d85ff0ef jal              x1, -636             x1=1c008bac
13886084ns          255889 1c00892e 00054783 lbu              x15, 0(x10)         x15=00000068 x10:1c0002e0  PA:1c0002e0
13886422ns          255906 1c008932 0ff5f593 andi             x11, x11, 255       x11=00000078 x11:00000078
13886442ns          255907 1c008936 00b78c63 beq              x15, x11, 24        x15:00000068 x11:00000078
13886462ns          255908 1c00893a 00078b63 beq              x15, x0, 22         x15:00000068
13886482ns          255909 1c00893c 00150793 addi             x15, x10, 1         x15=1c0002e1 x10:1c0002e0
13886501ns          255910 1c008940 0040006f jal              x0, 4              
13886541ns          255912 1c008944 00f00533 add              x10, x0, x15        x10=1c0002e1 x15:1c0002e1
13886561ns          255913 1c008946 0017c70b p.lbu            x14, 1(x15!)        x14=0000006c x15=1c0002e2 x15:1c0002e1  PA:1c0002e1
13886879ns          255929 1c00894a feb71ce3 bne              x14, x11, -8        x14:0000006c x11:00000078
13886939ns          255932 1c008942 00070763 beq              x14, x0, 14         x14:0000006c
13886959ns          255933 1c008944 00f00533 add              x10, x0, x15        x10=1c0002e2 x15:1c0002e2
13886979ns          255934 1c008946 0017c70b p.lbu            x14, 1(x15!)        x14=0000004c x15=1c0002e3 x15:1c0002e2  PA:1c0002e2
13887297ns          255950 1c00894a feb71ce3 bne              x14, x11, -8        x14:0000004c x11:00000078
13887357ns          255953 1c008942 00070763 beq              x14, x0, 14         x14:0000004c
13887376ns          255954 1c008944 00f00533 add              x10, x0, x15        x10=1c0002e3 x15:1c0002e3
13887396ns          255955 1c008946 0017c70b p.lbu            x14, 1(x15!)        x14=0000007a x15=1c0002e4 x15:1c0002e3  PA:1c0002e3
13887734ns          255972 1c00894a feb71ce3 bne              x14, x11, -8        x14:0000007a x11:00000078
13887794ns          255975 1c008942 00070763 beq              x14, x0, 14         x14:0000007a
13887814ns          255976 1c008944 00f00533 add              x10, x0, x15        x10=1c0002e4 x15:1c0002e4
13887834ns          255977 1c008946 0017c70b p.lbu            x14, 1(x15!)        x14=00000000 x15=1c0002e5 x15:1c0002e4  PA:1c0002e4
13888152ns          255993 1c00894a feb71ce3 bne              x14, x11, -8        x14:00000000 x11:00000078
13888212ns          255996 1c008942 00070763 beq              x14, x0, 14         x14:00000000
13888271ns          255999 1c008950 0015b593 sltiu            x11, x11, 1         x11=00000000 x11:00000078
13888291ns          256000 1c008954 40b005b3 sub              x11, x0, x11        x11=00000000 x11:00000000
13888311ns          256001 1c008958 00b57533 and              x10, x10, x11       x10=00000000 x10:1c0002e4 x11:00000000
13888331ns          256002 1c00895a 00008067 jalr             x0, x1, 0            x1:1c008bac
13888371ns          256004 1c008bac 013004b3 add              x9, x0, x19          x9=1c00017c x19:1c00017c
13888391ns          256005 1c008bae 00050563 beq              x10, x0, 10         x10:00000000
13888450ns          256008 1c008bb8 06700713 addi             x14, x0, 103        x14=00000067
13888470ns          256009 1c008bbc 0f675b63 bge              x14, x22, 246       x14:00000067 x22:00000078
13888530ns          256012 1c008bc0 07000713 addi             x14, x0, 112        x14=00000070
13888570ns          256014 1c008bc4 72eb0a63 beq              x22, x14, 1844      x22:00000078 x14:00000070
13888590ns          256015 1c008bc8 15675363 bge              x14, x22, 326       x14:00000070 x22:00000078
13888610ns          256016 1c008bcc 07500713 addi             x14, x0, 117        x14=00000075
13888669ns          256019 1c008bd0 6eeb0963 beq              x22, x14, 1778      x22:00000078 x14:00000075
13888709ns          256021 1c008bd4 07800713 addi             x14, x0, 120        x14=00000078
13888729ns          256022 1c008bd8 5ceb0a63 beq              x22, x14, 1492      x22:00000078 x14:00000078
13888888ns          256030 1c0091ac 00c12803 lw               x16, 12(x2)         x16=00000000  x2:100071a8  PA:100071b4
13888968ns          256034 1c0091ae 004c0913 addi             x18, x24, 4         x18=10007304 x24:10007300
13889007ns          256036 1c0091b2 000c2583 lw               x11, 0(x24)         x11=c0de0006 x24:10007300  PA:10007300
13889027ns          256037 1c0091b6 015006b3 add              x13, x0, x21        x13=ffffffff x21:ffffffff
13889047ns          256038 1c0091b8 01000613 addi             x12, x0, 16         x12=00000010
13889067ns          256039 1c0091ba 18080e63 beq              x16, x0, 412        x16:00000000
13889186ns          256045 1c009356 01a00533 add              x10, x0, x26        x10=100071cc x26:100071cc
13889226ns          256047 1c009358 ecaff0ef jal              x1, -2358            x1=1c00935c
13889306ns          256051 1c008a22 00a00733 add              x14, x0, x10        x14=100071cc x10:100071cc
13889345ns          256053 1c008a24 00a007b3 add              x15, x0, x10        x15=100071cc x10:100071cc
13889365ns          256054 1c008a26 00900313 addi             x6, x0, 9            x6=00000009
13889385ns          256055 1c008a28 02c5f8b3 remu             x17, x11, x12       x17=00000006 x11:c0de0006 x12:00000010
13889982ns          256085 1c008a2c 0ff8f813 andi             x16, x17, 255       x16=00000006 x17:00000006
13890002ns          256086 1c008a30 00000513 addi             x10, x0, 0          x10=00000000
13890022ns          256087 1c008a32 02c5d5b3 divu             x11, x11, x12       x11=0c0de000 x11:c0de0006 x12:00000010
13890618ns          256117 1c008a36 03080813 addi             x16, x16, 48        x16=00000036 x16:00000006
13890638ns          256118 1c008a3a 01137463 bgeu             x6, x17, 8           x6:00000009 x17:00000006
13890698ns          256121 1c008a42 01050533 add              x10, x10, x16       x10=00000036 x10:00000000 x16:00000036
13890718ns          256122 1c008a44 00a780ab p.sb             x10, 1(x15!)        x15=100071cd x10:00000036 x15:100071cc  PA:100071cc
13890738ns          256123 1c008a48 fe0590e3 bne              x11, x0, -32        x11:0c0de000
13890857ns          256129 1c008a28 02c5f8b3 remu             x17, x11, x12       x17=00000000 x11:0c0de000 x12:00000010
13891454ns          256159 1c008a2c 0ff8f813 andi             x16, x17, 255       x16=00000000 x17:00000000
13891473ns          256160 1c008a30 00000513 addi             x10, x0, 0          x10=00000000
13891493ns          256161 1c008a32 02c5d5b3 divu             x11, x11, x12       x11=00c0de00 x11:0c0de000 x12:00000010
13892090ns          256191 1c008a36 03080813 addi             x16, x16, 48        x16=00000030 x16:00000000
13892110ns          256192 1c008a3a 01137463 bgeu             x6, x17, 8           x6:00000009 x17:00000000
13892170ns          256195 1c008a42 01050533 add              x10, x10, x16       x10=00000030 x10:00000000 x16:00000030
13892189ns          256196 1c008a44 00a780ab p.sb             x10, 1(x15!)        x15=100071ce x10:00000030 x15:100071cd  PA:100071cd
13892209ns          256197 1c008a48 fe0590e3 bne              x11, x0, -32        x11:00c0de00
13892269ns          256200 1c008a28 02c5f8b3 remu             x17, x11, x12       x17=00000000 x11:00c0de00 x12:00000010
13892866ns          256230 1c008a2c 0ff8f813 andi             x16, x17, 255       x16=00000000 x17:00000000
13892885ns          256231 1c008a30 00000513 addi             x10, x0, 0          x10=00000000
13892905ns          256232 1c008a32 02c5d5b3 divu             x11, x11, x12       x11=000c0de0 x11:00c0de00 x12:00000010
13893502ns          256262 1c008a36 03080813 addi             x16, x16, 48        x16=00000030 x16:00000000
13893522ns          256263 1c008a3a 01137463 bgeu             x6, x17, 8           x6:00000009 x17:00000000
13893582ns          256266 1c008a42 01050533 add              x10, x10, x16       x10=00000030 x10:00000000 x16:00000030
13893601ns          256267 1c008a44 00a780ab p.sb             x10, 1(x15!)        x15=100071cf x10:00000030 x15:100071ce  PA:100071ce
13893621ns          256268 1c008a48 fe0590e3 bne              x11, x0, -32        x11:000c0de0
13893681ns          256271 1c008a28 02c5f8b3 remu             x17, x11, x12       x17=00000000 x11:000c0de0 x12:00000010
13894278ns          256301 1c008a2c 0ff8f813 andi             x16, x17, 255       x16=00000000 x17:00000000
13894298ns          256302 1c008a30 00000513 addi             x10, x0, 0          x10=00000000
13894317ns          256303 1c008a32 02c5d5b3 divu             x11, x11, x12       x11=0000c0de x11:000c0de0 x12:00000010
13894914ns          256333 1c008a36 03080813 addi             x16, x16, 48        x16=00000030 x16:00000000
13894934ns          256334 1c008a3a 01137463 bgeu             x6, x17, 8           x6:00000009 x17:00000000
13894994ns          256337 1c008a42 01050533 add              x10, x10, x16       x10=00000030 x10:00000000 x16:00000030
13895013ns          256338 1c008a44 00a780ab p.sb             x10, 1(x15!)        x15=100071d0 x10:00000030 x15:100071cf  PA:100071cf
13895033ns          256339 1c008a48 fe0590e3 bne              x11, x0, -32        x11:0000c0de
13895093ns          256342 1c008a28 02c5f8b3 remu             x17, x11, x12       x17=0000000e x11:0000c0de x12:00000010
13895690ns          256372 1c008a2c 0ff8f813 andi             x16, x17, 255       x16=0000000e x17:0000000e
13895710ns          256373 1c008a30 00000513 addi             x10, x0, 0          x10=00000000
13895729ns          256374 1c008a32 02c5d5b3 divu             x11, x11, x12       x11=00000c0d x11:0000c0de x12:00000010
13896326ns          256404 1c008a36 03080813 addi             x16, x16, 48        x16=0000003e x16:0000000e
13896346ns          256405 1c008a3a 01137463 bgeu             x6, x17, 8           x6:00000009 x17:0000000e
13896366ns          256406 1c008a3e 02700513 addi             x10, x0, 39         x10=00000027
13896386ns          256407 1c008a42 01050533 add              x10, x10, x16       x10=00000065 x10:00000027 x16:0000003e
13896406ns          256408 1c008a44 00a780ab p.sb             x10, 1(x15!)        x15=100071d1 x10:00000065 x15:100071d0  PA:100071d0
13896426ns          256409 1c008a48 fe0590e3 bne              x11, x0, -32        x11:00000c0d
13896485ns          256412 1c008a28 02c5f8b3 remu             x17, x11, x12       x17=0000000d x11:00000c0d x12:00000010
13897082ns          256442 1c008a2c 0ff8f813 andi             x16, x17, 255       x16=0000000d x17:0000000d
13897102ns          256443 1c008a30 00000513 addi             x10, x0, 0          x10=00000000
13897122ns          256444 1c008a32 02c5d5b3 divu             x11, x11, x12       x11=000000c0 x11:00000c0d x12:00000010
13897718ns          256474 1c008a36 03080813 addi             x16, x16, 48        x16=0000003d x16:0000000d
13897738ns          256475 1c008a3a 01137463 bgeu             x6, x17, 8           x6:00000009 x17:0000000d
13897758ns          256476 1c008a3e 02700513 addi             x10, x0, 39         x10=00000027
13897778ns          256477 1c008a42 01050533 add              x10, x10, x16       x10=00000064 x10:00000027 x16:0000003d
13897798ns          256478 1c008a44 00a780ab p.sb             x10, 1(x15!)        x15=100071d2 x10:00000064 x15:100071d1  PA:100071d1
13897818ns          256479 1c008a48 fe0590e3 bne              x11, x0, -32        x11:000000c0
13897877ns          256482 1c008a28 02c5f8b3 remu             x17, x11, x12       x17=00000000 x11:000000c0 x12:00000010
13898474ns          256512 1c008a2c 0ff8f813 andi             x16, x17, 255       x16=00000000 x17:00000000
13898494ns          256513 1c008a30 00000513 addi             x10, x0, 0          x10=00000000
13898514ns          256514 1c008a32 02c5d5b3 divu             x11, x11, x12       x11=0000000c x11:000000c0 x12:00000010
13899110ns          256544 1c008a36 03080813 addi             x16, x16, 48        x16=00000030 x16:00000000
13899130ns          256545 1c008a3a 01137463 bgeu             x6, x17, 8           x6:00000009 x17:00000000
13899190ns          256548 1c008a42 01050533 add              x10, x10, x16       x10=00000030 x10:00000000 x16:00000030
13899210ns          256549 1c008a44 00a780ab p.sb             x10, 1(x15!)        x15=100071d3 x10:00000030 x15:100071d2  PA:100071d2
13899230ns          256550 1c008a48 fe0590e3 bne              x11, x0, -32        x11:0000000c
13899289ns          256553 1c008a28 02c5f8b3 remu             x17, x11, x12       x17=0000000c x11:0000000c x12:00000010
13899886ns          256583 1c008a2c 0ff8f813 andi             x16, x17, 255       x16=0000000c x17:0000000c
13899906ns          256584 1c008a30 00000513 addi             x10, x0, 0          x10=00000000
13899926ns          256585 1c008a32 02c5d5b3 divu             x11, x11, x12       x11=00000000 x11:0000000c x12:00000010
13900522ns          256615 1c008a36 03080813 addi             x16, x16, 48        x16=0000003c x16:0000000c
13900542ns          256616 1c008a3a 01137463 bgeu             x6, x17, 8           x6:00000009 x17:0000000c
13900562ns          256617 1c008a3e 02700513 addi             x10, x0, 39         x10=00000027
13900582ns          256618 1c008a42 01050533 add              x10, x10, x16       x10=00000063 x10:00000027 x16:0000003c
13900602ns          256619 1c008a44 00a780ab p.sb             x10, 1(x15!)        x15=100071d4 x10:00000063 x15:100071d3  PA:100071d3
13900622ns          256620 1c008a48 fe0590e3 bne              x11, x0, -32        x11:00000000
13900642ns          256621 1c008a4a 40e78533 sub              x10, x15, x14       x10=00000008 x15:100071d4 x14:100071cc
13900662ns          256622 1c008a4e 00d55d63 bge              x10, x13, 26        x10:00000008 x13:ffffffff
13900761ns          256627 1c008a68 fe078fab p.sb             x0, -1(x15!)        x15=100071d3 x15:100071d4  PA:100071d4
13900801ns          256629 1c008a6c 00f77c63 bgeu             x14, x15, 24        x14:100071cc x15:100071d3
13900861ns          256632 1c008a70 00074603 lbu              x12, 0(x14)         x12=00000036 x14:100071cc  PA:100071cc
13900900ns          256634 1c008a74 0007c683 lbu              x13, 0(x15)         x13=00000063 x15:100071d3  PA:100071d3
13900920ns          256635 1c008a78 fec78fab p.sb             x12, -1(x15!)       x15=100071d2 x12:00000036 x15:100071d3  PA:100071d3
13900940ns          256636 1c008a7c 00d700ab p.sb             x13, 1(x14!)        x14=100071cd x13:00000063 x14:100071cc  PA:100071cc
13900960ns          256637 1c008a80 fef768e3 bltu             x14, x15, -16       x14:100071cd x15:100071d2
13901020ns          256640 1c008a70 00074603 lbu              x12, 0(x14)         x12=00000030 x14:100071cd  PA:100071cd
13901040ns          256641 1c008a74 0007c683 lbu              x13, 0(x15)         x13=00000030 x15:100071d2  PA:100071d2
13901059ns          256642 1c008a78 fec78fab p.sb             x12, -1(x15!)       x15=100071d1 x12:00000030 x15:100071d2  PA:100071d2
13901079ns          256643 1c008a7c 00d700ab p.sb             x13, 1(x14!)        x14=100071ce x13:00000030 x14:100071cd  PA:100071cd
13901099ns          256644 1c008a80 fef768e3 bltu             x14, x15, -16       x14:100071ce x15:100071d1
13901159ns          256647 1c008a70 00074603 lbu              x12, 0(x14)         x12=00000030 x14:100071ce  PA:100071ce
13901179ns          256648 1c008a74 0007c683 lbu              x13, 0(x15)         x13=00000064 x15:100071d1  PA:100071d1
13901199ns          256649 1c008a78 fec78fab p.sb             x12, -1(x15!)       x15=100071d0 x12:00000030 x15:100071d1  PA:100071d1
13901219ns          256650 1c008a7c 00d700ab p.sb             x13, 1(x14!)        x14=100071cf x13:00000064 x14:100071ce  PA:100071ce
13901238ns          256651 1c008a80 fef768e3 bltu             x14, x15, -16       x14:100071cf x15:100071d0
13901298ns          256654 1c008a70 00074603 lbu              x12, 0(x14)         x12=00000030 x14:100071cf  PA:100071cf
13901318ns          256655 1c008a74 0007c683 lbu              x13, 0(x15)         x13=00000065 x15:100071d0  PA:100071d0
13901338ns          256656 1c008a78 fec78fab p.sb             x12, -1(x15!)       x15=100071cf x12:00000030 x15:100071d0  PA:100071d0
13901358ns          256657 1c008a7c 00d700ab p.sb             x13, 1(x14!)        x14=100071d0 x13:00000065 x14:100071cf  PA:100071cf
13901378ns          256658 1c008a80 fef768e3 bltu             x14, x15, -16       x14:100071d0 x15:100071cf
13901398ns          256659 1c008a84 00008067 jalr             x0, x1, 0            x1:1c00935c
13901437ns          256661 1c00935c 05800713 addi             x14, x0, 88         x14=00000058
13901497ns          256664 1c009360 00a009b3 add              x19, x0, x10        x19=00000008 x10:00000008
13901537ns          256666 1c009362 e6eb1fe3 bne              x22, x14, -386      x22:00000078 x14:00000058
13901636ns          256671 1c0091e0 0c800793 addi             x15, x0, 200        x15=000000c8
13901676ns          256673 1c0091e4 1bfaac63 p.beqimm         x21, 440            x21:ffffffff
13901775ns          256678 1c00939c 8937cee3 blt              x15, x19, -1892     x15:000000c8 x19:00000008
13901855ns          256682 1c0093a0 01200c33 add              x24, x0, x18        x24=10007304 x18:10007304
13901875ns          256683 1c0093a2 d71ff06f jal              x0, -656           
13901994ns          256689 1c009112 0f49c363 blt              x19, x20, 230       x19:00000008 x20:00000008
13902014ns          256690 1c009116 01300a33 add              x20, x0, x19        x20=00000008 x19:00000008
13902034ns          256691 1c009118 b00a11e3 bne              x20, x0, -1278      x20:00000008
13902173ns          256698 1c008c1a 01a00933 add              x18, x0, x26        x18=100071cc x26:100071cc
13902213ns          256700 1c008c1c 41a409b3 sub              x19, x8, x26        x19=efff8e57  x8:00000023 x26:100071cc
13902233ns          256701 1c008c20 00a0006f jal              x0, 10             
13902292ns          256704 1c008c2a 0019450b p.lbu            x10, 1(x18!)        x10=00000063 x18=100071cd x18:100071cc  PA:100071cc
13902312ns          256705 1c008c2e 017005b3 add              x11, x0, x23        x11=00000002 x23:00000002
13902352ns          256707 1c008c30 000c80e7 jalr             x1, x25, 0           x1=1c008c32 x25:1c0089d6
13902392ns          256709 1c0089d6 fd9ff06f jal              x0, -40            
13902471ns          256713 1c0089ae 000026b7 lui              x13, 0x2000         x13=00002000
13902551ns          256717 1c0089b0 f14027f3 csrrs            x15, x0, 0xf14      x15=00000006
13902591ns          256719 1c0089b4 f8068693 addi             x13, x13, -128      x13=00001f80 x13:00002000
13902611ns          256720 1c0089b8 00379713 slli             x14, x15, 0x3       x14=00000030 x15:00000006
13902631ns          256721 1c0089bc 00279793 slli             x15, x15, 0x2       x15=00000018 x15:00000006
13902650ns          256722 1c0089be 00d7f7b3 and              x15, x15, x13       x15=00000000 x15:00000018 x13:00001f80
13902690ns          256724 1c0089c0 ee873733 p.bclr           x14, x14, 23, 8     x14=00000030 x14:00000030
13902730ns          256726 1c0089c4 1a10f6b7 lui              x13, 0x1a10f000     x13=1a10f000
13902750ns          256727 1c0089c8 0ff57513 andi             x10, x10, 255       x10=00000063 x10:00000063
13902770ns          256728 1c0089cc 00d70733 add              x14, x14, x13       x14=1a10f030 x14:00000030 x13:1a10f000
13902790ns          256729 1c0089ce 00a7e723 p.sw             x10, x0(x15)        x10:00000063 x15:00000000  PA:1a10f030
13903108ns          256745 1c0089d2 00000513 addi             x10, x0, 0          x10=00000000
13903128ns          256746 1c0089d4 00008067 jalr             x0, x1, 0            x1:1c008c32
13903168ns          256748 1c008c32 fffa0a13 addi             x20, x20, -1        x20=00000007 x20:00000008
13903187ns          256749 1c008c34 fff537e3 p.bneimm         x10, -18            x10:00000000
13903327ns          256756 1c008c22 01298433 add              x8, x19, x18         x8=00000024 x19:efff8e57 x18:100071cd
13903347ns          256757 1c008c26 ea0a03e3 beq              x20, x0, -346       x20:00000007
13903366ns          256758 1c008c2a 0019450b p.lbu            x10, 1(x18!)        x10=00000030 x18=100071ce x18:100071cd  PA:100071cd
13903386ns          256759 1c008c2e 017005b3 add              x11, x0, x23        x11=00000002 x23:00000002
13903406ns          256760 1c008c30 000c80e7 jalr             x1, x25, 0           x1=1c008c32 x25:1c0089d6
13903446ns          256762 1c0089d6 fd9ff06f jal              x0, -40            
13903486ns          256764 1c0089ae 000026b7 lui              x13, 0x2000         x13=00002000
13903506ns          256765 1c0089b0 f14027f3 csrrs            x15, x0, 0xf14      x15=00000006
13903526ns          256766 1c0089b4 f8068693 addi             x13, x13, -128      x13=00001f80 x13:00002000
13903545ns          256767 1c0089b8 00379713 slli             x14, x15, 0x3       x14=00000030 x15:00000006
13903565ns          256768 1c0089bc 00279793 slli             x15, x15, 0x2       x15=00000018 x15:00000006
13903585ns          256769 1c0089be 00d7f7b3 and              x15, x15, x13       x15=00000000 x15:00000018 x13:00001f80
13903605ns          256770 1c0089c0 ee873733 p.bclr           x14, x14, 23, 8     x14=00000030 x14:00000030
13903625ns          256771 1c0089c4 1a10f6b7 lui              x13, 0x1a10f000     x13=1a10f000
13903645ns          256772 1c0089c8 0ff57513 andi             x10, x10, 255       x10=00000030 x10:00000030
13903665ns          256773 1c0089cc 00d70733 add              x14, x14, x13       x14=1a10f030 x14:00000030 x13:1a10f000
13903685ns          256774 1c0089ce 00a7e723 p.sw             x10, x0(x15)        x10:00000030 x15:00000000  PA:1a10f030
13904003ns          256790 1c0089d2 00000513 addi             x10, x0, 0          x10=00000000
13904023ns          256791 1c0089d4 00008067 jalr             x0, x1, 0            x1:1c008c32
13904063ns          256793 1c008c32 fffa0a13 addi             x20, x20, -1        x20=00000006 x20:00000007
13904082ns          256794 1c008c34 fff537e3 p.bneimm         x10, -18            x10:00000000
13904162ns          256798 1c008c22 01298433 add              x8, x19, x18         x8=00000025 x19:efff8e57 x18:100071ce
13904182ns          256799 1c008c26 ea0a03e3 beq              x20, x0, -346       x20:00000006
13904202ns          256800 1c008c2a 0019450b p.lbu            x10, 1(x18!)        x10=00000064 x18=100071cf x18:100071ce  PA:100071ce
13904222ns          256801 1c008c2e 017005b3 add              x11, x0, x23        x11=00000002 x23:00000002
13904242ns          256802 1c008c30 000c80e7 jalr             x1, x25, 0           x1=1c008c32 x25:1c0089d6
13904281ns          256804 1c0089d6 fd9ff06f jal              x0, -40            
13904321ns          256806 1c0089ae 000026b7 lui              x13, 0x2000         x13=00002000
13904341ns          256807 1c0089b0 f14027f3 csrrs            x15, x0, 0xf14      x15=00000006
13904361ns          256808 1c0089b4 f8068693 addi             x13, x13, -128      x13=00001f80 x13:00002000
13904381ns          256809 1c0089b8 00379713 slli             x14, x15, 0x3       x14=00000030 x15:00000006
13904401ns          256810 1c0089bc 00279793 slli             x15, x15, 0x2       x15=00000018 x15:00000006
13904421ns          256811 1c0089be 00d7f7b3 and              x15, x15, x13       x15=00000000 x15:00000018 x13:00001f80
13904440ns          256812 1c0089c0 ee873733 p.bclr           x14, x14, 23, 8     x14=00000030 x14:00000030
13904460ns          256813 1c0089c4 1a10f6b7 lui              x13, 0x1a10f000     x13=1a10f000
13904480ns          256814 1c0089c8 0ff57513 andi             x10, x10, 255       x10=00000064 x10:00000064
13904500ns          256815 1c0089cc 00d70733 add              x14, x14, x13       x14=1a10f030 x14:00000030 x13:1a10f000
13904520ns          256816 1c0089ce 00a7e723 p.sw             x10, x0(x15)        x10:00000064 x15:00000000  PA:1a10f030
13904838ns          256832 1c0089d2 00000513 addi             x10, x0, 0          x10=00000000
13904858ns          256833 1c0089d4 00008067 jalr             x0, x1, 0            x1:1c008c32
13904898ns          256835 1c008c32 fffa0a13 addi             x20, x20, -1        x20=00000005 x20:00000006
13904918ns          256836 1c008c34 fff537e3 p.bneimm         x10, -18            x10:00000000
13904997ns          256840 1c008c22 01298433 add              x8, x19, x18         x8=00000026 x19:efff8e57 x18:100071cf
13905017ns          256841 1c008c26 ea0a03e3 beq              x20, x0, -346       x20:00000005
13905037ns          256842 1c008c2a 0019450b p.lbu            x10, 1(x18!)        x10=00000065 x18=100071d0 x18:100071cf  PA:100071cf
13905057ns          256843 1c008c2e 017005b3 add              x11, x0, x23        x11=00000002 x23:00000002
13905077ns          256844 1c008c30 000c80e7 jalr             x1, x25, 0           x1=1c008c32 x25:1c0089d6
13905117ns          256846 1c0089d6 fd9ff06f jal              x0, -40            
13905156ns          256848 1c0089ae 000026b7 lui              x13, 0x2000         x13=00002000
13905176ns          256849 1c0089b0 f14027f3 csrrs            x15, x0, 0xf14      x15=00000006
13905196ns          256850 1c0089b4 f8068693 addi             x13, x13, -128      x13=00001f80 x13:00002000
13905216ns          256851 1c0089b8 00379713 slli             x14, x15, 0x3       x14=00000030 x15:00000006
13905236ns          256852 1c0089bc 00279793 slli             x15, x15, 0x2       x15=00000018 x15:00000006
13905256ns          256853 1c0089be 00d7f7b3 and              x15, x15, x13       x15=00000000 x15:00000018 x13:00001f80
13905276ns          256854 1c0089c0 ee873733 p.bclr           x14, x14, 23, 8     x14=00000030 x14:00000030
13905296ns          256855 1c0089c4 1a10f6b7 lui              x13, 0x1a10f000     x13=1a10f000
13905315ns          256856 1c0089c8 0ff57513 andi             x10, x10, 255       x10=00000065 x10:00000065
13905335ns          256857 1c0089cc 00d70733 add              x14, x14, x13       x14=1a10f030 x14:00000030 x13:1a10f000
13905355ns          256858 1c0089ce 00a7e723 p.sw             x10, x0(x15)        x10:00000065 x15:00000000  PA:1a10f030
13905673ns          256874 1c0089d2 00000513 addi             x10, x0, 0          x10=00000000
13905693ns          256875 1c0089d4 00008067 jalr             x0, x1, 0            x1:1c008c32
13905733ns          256877 1c008c32 fffa0a13 addi             x20, x20, -1        x20=00000004 x20:00000005
13905753ns          256878 1c008c34 fff537e3 p.bneimm         x10, -18            x10:00000000
13905833ns          256882 1c008c22 01298433 add              x8, x19, x18         x8=00000027 x19:efff8e57 x18:100071d0
13905852ns          256883 1c008c26 ea0a03e3 beq              x20, x0, -346       x20:00000004
13905872ns          256884 1c008c2a 0019450b p.lbu            x10, 1(x18!)        x10=00000030 x18=100071d1 x18:100071d0  PA:100071d0
13905892ns          256885 1c008c2e 017005b3 add              x11, x0, x23        x11=00000002 x23:00000002
13905912ns          256886 1c008c30 000c80e7 jalr             x1, x25, 0           x1=1c008c32 x25:1c0089d6
13905952ns          256888 1c0089d6 fd9ff06f jal              x0, -40            
13905992ns          256890 1c0089ae 000026b7 lui              x13, 0x2000         x13=00002000
13906012ns          256891 1c0089b0 f14027f3 csrrs            x15, x0, 0xf14      x15=00000006
13906031ns          256892 1c0089b4 f8068693 addi             x13, x13, -128      x13=00001f80 x13:00002000
13906051ns          256893 1c0089b8 00379713 slli             x14, x15, 0x3       x14=00000030 x15:00000006
13906071ns          256894 1c0089bc 00279793 slli             x15, x15, 0x2       x15=00000018 x15:00000006
13906091ns          256895 1c0089be 00d7f7b3 and              x15, x15, x13       x15=00000000 x15:00000018 x13:00001f80
13906111ns          256896 1c0089c0 ee873733 p.bclr           x14, x14, 23, 8     x14=00000030 x14:00000030
13906131ns          256897 1c0089c4 1a10f6b7 lui              x13, 0x1a10f000     x13=1a10f000
13906151ns          256898 1c0089c8 0ff57513 andi             x10, x10, 255       x10=00000030 x10:00000030
13906171ns          256899 1c0089cc 00d70733 add              x14, x14, x13       x14=1a10f030 x14:00000030 x13:1a10f000
13906191ns          256900 1c0089ce 00a7e723 p.sw             x10, x0(x15)        x10:00000030 x15:00000000  PA:1a10f030
13906509ns          256916 1c0089d2 00000513 addi             x10, x0, 0          x10=00000000
13906529ns          256917 1c0089d4 00008067 jalr             x0, x1, 0            x1:1c008c32
13906568ns          256919 1c008c32 fffa0a13 addi             x20, x20, -1        x20=00000003 x20:00000004
13906588ns          256920 1c008c34 fff537e3 p.bneimm         x10, -18            x10:00000000
13906668ns          256924 1c008c22 01298433 add              x8, x19, x18         x8=00000028 x19:efff8e57 x18:100071d1
13906688ns          256925 1c008c26 ea0a03e3 beq              x20, x0, -346       x20:00000003
13906708ns          256926 1c008c2a 0019450b p.lbu            x10, 1(x18!)        x10=00000030 x18=100071d2 x18:100071d1  PA:100071d1
13906728ns          256927 1c008c2e 017005b3 add              x11, x0, x23        x11=00000002 x23:00000002
13906747ns          256928 1c008c30 000c80e7 jalr             x1, x25, 0           x1=1c008c32 x25:1c0089d6
13906787ns          256930 1c0089d6 fd9ff06f jal              x0, -40            
13906827ns          256932 1c0089ae 000026b7 lui              x13, 0x2000         x13=00002000
13906847ns          256933 1c0089b0 f14027f3 csrrs            x15, x0, 0xf14      x15=00000006
13906867ns          256934 1c0089b4 f8068693 addi             x13, x13, -128      x13=00001f80 x13:00002000
13906887ns          256935 1c0089b8 00379713 slli             x14, x15, 0x3       x14=00000030 x15:00000006
13906907ns          256936 1c0089bc 00279793 slli             x15, x15, 0x2       x15=00000018 x15:00000006
13906926ns          256937 1c0089be 00d7f7b3 and              x15, x15, x13       x15=00000000 x15:00000018 x13:00001f80
13906946ns          256938 1c0089c0 ee873733 p.bclr           x14, x14, 23, 8     x14=00000030 x14:00000030
13906966ns          256939 1c0089c4 1a10f6b7 lui              x13, 0x1a10f000     x13=1a10f000
13906986ns          256940 1c0089c8 0ff57513 andi             x10, x10, 255       x10=00000030 x10:00000030
13907006ns          256941 1c0089cc 00d70733 add              x14, x14, x13       x14=1a10f030 x14:00000030 x13:1a10f000
13907026ns          256942 1c0089ce 00a7e723 p.sw             x10, x0(x15)        x10:00000030 x15:00000000  PA:1a10f030
13907344ns          256958 1c0089d2 00000513 addi             x10, x0, 0          x10=00000000
13907364ns          256959 1c0089d4 00008067 jalr             x0, x1, 0            x1:1c008c32
13907404ns          256961 1c008c32 fffa0a13 addi             x20, x20, -1        x20=00000002 x20:00000003
13907424ns          256962 1c008c34 fff537e3 p.bneimm         x10, -18            x10:00000000
13907503ns          256966 1c008c22 01298433 add              x8, x19, x18         x8=00000029 x19:efff8e57 x18:100071d2
13907523ns          256967 1c008c26 ea0a03e3 beq              x20, x0, -346       x20:00000002
13907543ns          256968 1c008c2a 0019450b p.lbu            x10, 1(x18!)        x10=00000030 x18=100071d3 x18:100071d2  PA:100071d2
13907563ns          256969 1c008c2e 017005b3 add              x11, x0, x23        x11=00000002 x23:00000002
13907583ns          256970 1c008c30 000c80e7 jalr             x1, x25, 0           x1=1c008c32 x25:1c0089d6
13907622ns          256972 1c0089d6 fd9ff06f jal              x0, -40            
13907662ns          256974 1c0089ae 000026b7 lui              x13, 0x2000         x13=00002000
13907682ns          256975 1c0089b0 f14027f3 csrrs            x15, x0, 0xf14      x15=00000006
13907702ns          256976 1c0089b4 f8068693 addi             x13, x13, -128      x13=00001f80 x13:00002000
13907722ns          256977 1c0089b8 00379713 slli             x14, x15, 0x3       x14=00000030 x15:00000006
13907742ns          256978 1c0089bc 00279793 slli             x15, x15, 0x2       x15=00000018 x15:00000006
13907762ns          256979 1c0089be 00d7f7b3 and              x15, x15, x13       x15=00000000 x15:00000018 x13:00001f80
13907782ns          256980 1c0089c0 ee873733 p.bclr           x14, x14, 23, 8     x14=00000030 x14:00000030
13907801ns          256981 1c0089c4 1a10f6b7 lui              x13, 0x1a10f000     x13=1a10f000
13907821ns          256982 1c0089c8 0ff57513 andi             x10, x10, 255       x10=00000030 x10:00000030
13907841ns          256983 1c0089cc 00d70733 add              x14, x14, x13       x14=1a10f030 x14:00000030 x13:1a10f000
13907861ns          256984 1c0089ce 00a7e723 p.sw             x10, x0(x15)        x10:00000030 x15:00000000  PA:1a10f030
13908179ns          257000 1c0089d2 00000513 addi             x10, x0, 0          x10=00000000
13908199ns          257001 1c0089d4 00008067 jalr             x0, x1, 0            x1:1c008c32
13908239ns          257003 1c008c32 fffa0a13 addi             x20, x20, -1        x20=00000001 x20:00000002
13908259ns          257004 1c008c34 fff537e3 p.bneimm         x10, -18            x10:00000000
13908338ns          257008 1c008c22 01298433 add              x8, x19, x18         x8=0000002a x19:efff8e57 x18:100071d3
13908358ns          257009 1c008c26 ea0a03e3 beq              x20, x0, -346       x20:00000001
13908378ns          257010 1c008c2a 0019450b p.lbu            x10, 1(x18!)        x10=00000036 x18=100071d4 x18:100071d3  PA:100071d3
13908398ns          257011 1c008c2e 017005b3 add              x11, x0, x23        x11=00000002 x23:00000002
13908418ns          257012 1c008c30 000c80e7 jalr             x1, x25, 0           x1=1c008c32 x25:1c0089d6
13908458ns          257014 1c0089d6 fd9ff06f jal              x0, -40            
13908498ns          257016 1c0089ae 000026b7 lui              x13, 0x2000         x13=00002000
13908517ns          257017 1c0089b0 f14027f3 csrrs            x15, x0, 0xf14      x15=00000006
13908537ns          257018 1c0089b4 f8068693 addi             x13, x13, -128      x13=00001f80 x13:00002000
13908557ns          257019 1c0089b8 00379713 slli             x14, x15, 0x3       x14=00000030 x15:00000006
13908577ns          257020 1c0089bc 00279793 slli             x15, x15, 0x2       x15=00000018 x15:00000006
13908597ns          257021 1c0089be 00d7f7b3 and              x15, x15, x13       x15=00000000 x15:00000018 x13:00001f80
13908617ns          257022 1c0089c0 ee873733 p.bclr           x14, x14, 23, 8     x14=00000030 x14:00000030
13908637ns          257023 1c0089c4 1a10f6b7 lui              x13, 0x1a10f000     x13=1a10f000
13908657ns          257024 1c0089c8 0ff57513 andi             x10, x10, 255       x10=00000036 x10:00000036
13908677ns          257025 1c0089cc 00d70733 add              x14, x14, x13       x14=1a10f030 x14:00000030 x13:1a10f000
13908696ns          257026 1c0089ce 00a7e723 p.sw             x10, x0(x15)        x10:00000036 x15:00000000  PA:1a10f030
13909015ns          257042 1c0089d2 00000513 addi             x10, x0, 0          x10=00000000
13909035ns          257043 1c0089d4 00008067 jalr             x0, x1, 0            x1:1c008c32
13909074ns          257045 1c008c32 fffa0a13 addi             x20, x20, -1        x20=00000000 x20:00000001
13909094ns          257046 1c008c34 fff537e3 p.bneimm         x10, -18            x10:00000000
13909174ns          257050 1c008c22 01298433 add              x8, x19, x18         x8=0000002b x19:efff8e57 x18:100071d4
13909194ns          257051 1c008c26 ea0a03e3 beq              x20, x0, -346       x20:00000000
13909293ns          257056 1c008acc 0004c503 lbu              x10, 0(x9)          x10=0000000a  x9:1c00017c  PA:1c00017c
13909611ns          257072 1c008ad0 00148493 addi             x9, x9, 1            x9=1c00017d  x9:1c00017c
13909631ns          257073 1c008ad2 00050e63 beq              x10, x0, 28         x10:0000000a
13909651ns          257074 1c008ad4 02500793 addi             x15, x0, 37         x15=00000025
13909671ns          257075 1c008ad8 04f50763 beq              x10, x15, 78        x10:0000000a x15:00000025
13909691ns          257076 1c008adc 017005b3 add              x11, x0, x23        x11=00000002 x23:00000002
13909711ns          257077 1c008ade 000c80e7 jalr             x1, x25, 0           x1=1c008ae0 x25:1c0089d6
13909770ns          257080 1c0089d6 fd9ff06f jal              x0, -40            
13909810ns          257082 1c0089ae 000026b7 lui              x13, 0x2000         x13=00002000
13909830ns          257083 1c0089b0 f14027f3 csrrs            x15, x0, 0xf14      x15=00000006
13909850ns          257084 1c0089b4 f8068693 addi             x13, x13, -128      x13=00001f80 x13:00002000
13909870ns          257085 1c0089b8 00379713 slli             x14, x15, 0x3       x14=00000030 x15:00000006
13909890ns          257086 1c0089bc 00279793 slli             x15, x15, 0x2       x15=00000018 x15:00000006
13909910ns          257087 1c0089be 00d7f7b3 and              x15, x15, x13       x15=00000000 x15:00000018 x13:00001f80
13909929ns          257088 1c0089c0 ee873733 p.bclr           x14, x14, 23, 8     x14=00000030 x14:00000030
13909949ns          257089 1c0089c4 1a10f6b7 lui              x13, 0x1a10f000     x13=1a10f000
13909969ns          257090 1c0089c8 0ff57513 andi             x10, x10, 255       x10=0000000a x10:0000000a
13909989ns          257091 1c0089cc 00d70733 add              x14, x14, x13       x14=1a10f030 x14:00000030 x13:1a10f000
13910009ns          257092 1c0089ce 00a7e723 p.sw             x10, x0(x15)        x10:0000000a x15:00000000  PA:1a10f030
13910327ns          257108 1c0089d2 00000513 addi             x10, x0, 0          x10=00000000
13910347ns          257109 1c0089d4 00008067 jalr             x0, x1, 0            x1:1c008ae0
13910387ns          257111 1c008ae0 15f52c63 p.beqimm         x10, 344            x10:00000000
13910407ns          257112 1c008ae4 00140413 addi             x8, x8, 1            x8=0000002c  x8:0000002b
13910427ns          257113 1c008ae6 0004c503 lbu              x10, 0(x9)          x10=00000000  x9:1c00017d  PA:1c00017d
13910745ns          257129 1c008aea 00148493 addi             x9, x9, 1            x9=1c00017e  x9:1c00017d
13910765ns          257130 1c008aec fe0514e3 bne              x10, x0, -24        x10:00000000
13910785ns          257131 1c008aee 00800533 add              x10, x0, x8         x10=0000002c  x8:0000002c
13910805ns          257132 1c008af0 12c12083 lw               x1, 300(x2)          x1=1c008a1c  x2:100071a8  PA:100072d4
13910824ns          257133 1c008af4 12812403 lw               x8, 296(x2)          x8=00000006  x2:100071a8  PA:100072d0
13910844ns          257134 1c008af8 12412483 lw               x9, 292(x2)          x9=002040c0  x2:100071a8  PA:100072cc
13910864ns          257135 1c008afc 12012903 lw               x18, 288(x2)        x18=xxxxxxxx  x2:100071a8  PA:100072c8
13910904ns          257137 1c008b00 11c12983 lw               x19, 284(x2)        x19=xxxxxxxx  x2:100071a8  PA:100072c4
13910944ns          257139 1c008b04 11812a03 lw               x20, 280(x2)        x20=xxxxxxxx  x2:100071a8  PA:100072c0
13910964ns          257140 1c008b08 11412a83 lw               x21, 276(x2)        x21=xxxxxxxx  x2:100071a8  PA:100072bc
13910984ns          257141 1c008b0c 11012b03 lw               x22, 272(x2)        x22=xxxxxxxx  x2:100071a8  PA:100072b8
13911043ns          257144 1c008b10 10c12b83 lw               x23, 268(x2)        x23=xxxxxxxx  x2:100071a8  PA:100072b4
13911083ns          257146 1c008b14 10812c03 lw               x24, 264(x2)        x24=xxxxxxxx  x2:100071a8  PA:100072b0
13911103ns          257147 1c008b18 10412c83 lw               x25, 260(x2)        x25=xxxxxxxx  x2:100071a8  PA:100072ac
13911123ns          257148 1c008b1c 10012d03 lw               x26, 256(x2)        x26=xxxxxxxx  x2:100071a8  PA:100072a8
13911182ns          257151 1c008b20 0fc12d83 lw               x27, 252(x2)        x27=xxxxxxxx  x2:100071a8  PA:100072a4
13911202ns          257152 1c008b22 13010113 addi             x2, x2, 304          x2=100072d8  x2:100071a8
13911222ns          257153 1c008b24 00008067 jalr             x0, x1, 0            x1:1c008a1c
13911302ns          257157 1c008a1c 01c12083 lw               x1, 28(x2)           x1=1c00832c  x2:100072d8  PA:100072f4
13911322ns          257158 1c008a1e 04010113 addi             x2, x2, 64           x2=10007318  x2:100072d8
13911381ns          257161 1c008a20 00008067 jalr             x0, x1, 0            x1:1c00832c
13911461ns          257165 1c00832c 0004a023 sw               x0, 0(x9)            x9:002040c0  PA:002040c0
13911540ns          257169 1c008330 6b6010ef jal              x1, 5814             x1=1c008334
13911660ns          257175 1c0099e6 f14027f3 csrrs            x15, x0, 0xf14      x15=00000006
13911680ns          257176 1c0099ea 01f00713 addi             x14, x0, 31         x14=0000001f
13911700ns          257177 1c0099ec ca5797b3 p.extractu       x15, x15, 5, 5      x15=00000000 x15:00000006
13911719ns          257178 1c0099f0 00e78863 beq              x15, x14, 16        x15:00000000 x14:0000001f
13911739ns          257179 1c0099f4 002047b7 lui              x15, 0x204000       x15=00204000
13911759ns          257180 1c0099f8 20078793 addi             x15, x15, 512       x15=00204200 x15:00204000
13911779ns          257181 1c0099fc 01c7e703 p.elw            x14, 28(x15)        x14=00010000 x15:00204200  PA:0020421c
13998153ns          261524 1c009a00 00008067 jalr             x0, x1, 0            x1:1c008334
13998192ns          261526 1c008334 00041b63 bne              x8, x0, 22           x8:00000006
13998670ns          261550 1c00834a 00c12083 lw               x1, 12(x2)           x1=1c0086e2  x2:10007318  PA:10007324
13998710ns          261552 1c00834c 00812403 lw               x8, 8(x2)            x8=00000006  x2:10007318  PA:10007320
13998729ns          261553 1c00834e 00412483 lw               x9, 4(x2)            x9=xxxxxxxx  x2:10007318  PA:1000731c
13998769ns          261555 1c008350 00000513 addi             x10, x0, 0          x10=00000000
13998789ns          261556 1c008352 01010113 addi             x2, x2, 16           x2=10007328  x2:10007318
13998809ns          261557 1c008354 00008067 jalr             x0, x1, 0            x1:1c0086e2
13999266ns          261580 1c0086e2 00800533 add              x10, x0, x8         x10=00000006  x8:00000006
13999306ns          261582 1c0086e4 eedff0ef jal              x1, -276             x1=1c0086e6
13999764ns          261605 1c0085d0 ff010113 addi             x2, x2, -16          x2=10007318  x2:10007328
13999783ns          261606 1c0085d2 00912223 sw               x9, 4(x2)            x9:xxxxxxxx  x2:10007318  PA:1000731c
13999803ns          261607 1c0085d4 00112623 sw               x1, 12(x2)           x1:1c0086e6  x2:10007318  PA:10007324
13999823ns          261608 1c0085d6 00812423 sw               x8, 8(x2)            x8:00000006  x2:10007318  PA:10007320
13999843ns          261609 1c0085d8 01212023 sw               x18, 0(x2)          x18:xxxxxxxx  x2:10007318  PA:10007318
13999863ns          261610 1c0085da 00a004b3 add              x9, x0, x10          x9=00000006 x10:00000006
13999883ns          261611 1c0085dc 08050663 beq              x10, x0, 140        x10:00000006
14000301ns          261632 1c0085de 408010ef jal              x1, 5128             x1=1c0085e2
14000420ns          261638 1c0099e6 f14027f3 csrrs            x15, x0, 0xf14      x15=00000006
14000440ns          261639 1c0099ea 01f00713 addi             x14, x0, 31         x14=0000001f
14000460ns          261640 1c0099ec ca5797b3 p.extractu       x15, x15, 5, 5      x15=00000000 x15:00000006
14000480ns          261641 1c0099f0 00e78863 beq              x15, x14, 16        x15:00000000 x14:0000001f
14000499ns          261642 1c0099f4 002047b7 lui              x15, 0x204000       x15=00204000
14000519ns          261643 1c0099f8 20078793 addi             x15, x15, 512       x15=00204200 x15:00204000
14000539ns          261644 1c0099fc 01c7e703 p.elw            x14, 28(x15)        x14=00010000 x15:00204200  PA:0020421c
14143567ns          268789 1c009a00 00008067 jalr             x0, x1, 0            x1:1c0085e2
14143627ns          268792 1c0085e2 00148713 addi             x14, x9, 1          x14=00000007  x9:00000006
14143647ns          268793 1c0085e6 f8373733 p.bclr           x14, x14, 28, 3     x14=00000007 x14:00000007
14143667ns          268794 1c0085ea 10000437 lui              x8, 0x10000000       x8=10000000
14144189ns          268820 1c0085ee 01871513 slli             x10, x14, 0x18      x10=07000000 x14:00000007
14144229ns          268822 1c0085f2 005a06b7 lui              x13, 0x5a0000       x13=005a0000
14144249ns          268823 1c0085f6 02040413 addi             x8, x8, 32           x8=10000020  x8:10000000
14144269ns          268824 1c0085fa 0105d0fb lp.setupi        0x1, 0x10, 0xb     
14144730ns          268847 1c0085fe 00271793 slli             x15, x14, 0x2       x15=0000001c x14:00000007
14144750ns          268848 1c008602 008787b3 add              x15, x15, x8        x15=1000003c x15:0000001c  x8:10000020
14144770ns          268849 1c008604 0207a583 lw               x11, 32(x15)        x11=075a0000 x15:1000003c  PA:1000005c
14144790ns          268850 1c008606 00d567b3 or               x15, x10, x13       x15=075a0000 x10:07000000 x13:005a0000
14144811ns          268851 1c00860a 00f59663 bne              x11, x15, 12        x11:075a0000 x15:075a0000
14144831ns          268852 1c00860e 00168693 addi             x13, x13, 1         x13=005a0001 x13:005a0000
14145232ns          268872 1c008610 00870713 addi             x14, x14, 8         x14=0000000f x14:00000007
14145292ns          268875 1c0085fe 00271793 slli             x15, x14, 0x2       x15=0000003c x14:0000000f
14145312ns          268876 1c008602 008787b3 add              x15, x15, x8        x15=1000005c x15:0000003c  x8:10000020
14145332ns          268877 1c008604 0207a583 lw               x11, 32(x15)        x11=075a0001 x15:1000005c  PA:1000007c
14145352ns          268878 1c008606 00d567b3 or               x15, x10, x13       x15=075a0001 x10:07000000 x13:005a0001
14145372ns          268879 1c00860a 00f59663 bne              x11, x15, 12        x11:075a0001 x15:075a0001
14145392ns          268880 1c00860e 00168693 addi             x13, x13, 1         x13=005a0002 x13:005a0001
14145412ns          268881 1c008610 00870713 addi             x14, x14, 8         x14=00000017 x14:0000000f
14145453ns          268883 1c0085fe 00271793 slli             x15, x14, 0x2       x15=0000005c x14:00000017
14145473ns          268884 1c008602 008787b3 add              x15, x15, x8        x15=1000007c x15:0000005c  x8:10000020
14145493ns          268885 1c008604 0207a583 lw               x11, 32(x15)        x11=075a0002 x15:1000007c  PA:1000009c
14145513ns          268886 1c008606 00d567b3 or               x15, x10, x13       x15=075a0002 x10:07000000 x13:005a0002
14145533ns          268887 1c00860a 00f59663 bne              x11, x15, 12        x11:075a0002 x15:075a0002
14145553ns          268888 1c00860e 00168693 addi             x13, x13, 1         x13=005a0003 x13:005a0002
14145573ns          268889 1c008610 00870713 addi             x14, x14, 8         x14=0000001f x14:00000017
14145613ns          268891 1c0085fe 00271793 slli             x15, x14, 0x2       x15=0000007c x14:0000001f
14145633ns          268892 1c008602 008787b3 add              x15, x15, x8        x15=1000009c x15:0000007c  x8:10000020
14145653ns          268893 1c008604 0207a583 lw               x11, 32(x15)        x11=075a0003 x15:1000009c  PA:100000bc
14145673ns          268894 1c008606 00d567b3 or               x15, x10, x13       x15=075a0003 x10:07000000 x13:005a0003
14145693ns          268895 1c00860a 00f59663 bne              x11, x15, 12        x11:075a0003 x15:075a0003
14145713ns          268896 1c00860e 00168693 addi             x13, x13, 1         x13=005a0004 x13:005a0003
14145733ns          268897 1c008610 00870713 addi             x14, x14, 8         x14=00000027 x14:0000001f
14145774ns          268899 1c0085fe 00271793 slli             x15, x14, 0x2       x15=0000009c x14:00000027
14145794ns          268900 1c008602 008787b3 add              x15, x15, x8        x15=100000bc x15:0000009c  x8:10000020
14145814ns          268901 1c008604 0207a583 lw               x11, 32(x15)        x11=075a0004 x15:100000bc  PA:100000dc
14145834ns          268902 1c008606 00d567b3 or               x15, x10, x13       x15=075a0004 x10:07000000 x13:005a0004
14145854ns          268903 1c00860a 00f59663 bne              x11, x15, 12        x11:075a0004 x15:075a0004
14145874ns          268904 1c00860e 00168693 addi             x13, x13, 1         x13=005a0005 x13:005a0004
14145894ns          268905 1c008610 00870713 addi             x14, x14, 8         x14=0000002f x14:00000027
14145934ns          268907 1c0085fe 00271793 slli             x15, x14, 0x2       x15=000000bc x14:0000002f
14145954ns          268908 1c008602 008787b3 add              x15, x15, x8        x15=100000dc x15:000000bc  x8:10000020
14145974ns          268909 1c008604 0207a583 lw               x11, 32(x15)        x11=075a0005 x15:100000dc  PA:100000fc
14145994ns          268910 1c008606 00d567b3 or               x15, x10, x13       x15=075a0005 x10:07000000 x13:005a0005
14146014ns          268911 1c00860a 00f59663 bne              x11, x15, 12        x11:075a0005 x15:075a0005
14146034ns          268912 1c00860e 00168693 addi             x13, x13, 1         x13=005a0006 x13:005a0005
14146055ns          268913 1c008610 00870713 addi             x14, x14, 8         x14=00000037 x14:0000002f
14146095ns          268915 1c0085fe 00271793 slli             x15, x14, 0x2       x15=000000dc x14:00000037
14146115ns          268916 1c008602 008787b3 add              x15, x15, x8        x15=100000fc x15:000000dc  x8:10000020
14146135ns          268917 1c008604 0207a583 lw               x11, 32(x15)        x11=075a0006 x15:100000fc  PA:1000011c
14146155ns          268918 1c008606 00d567b3 or               x15, x10, x13       x15=075a0006 x10:07000000 x13:005a0006
14146175ns          268919 1c00860a 00f59663 bne              x11, x15, 12        x11:075a0006 x15:075a0006
14146195ns          268920 1c00860e 00168693 addi             x13, x13, 1         x13=005a0007 x13:005a0006
14146215ns          268921 1c008610 00870713 addi             x14, x14, 8         x14=0000003f x14:00000037
14146255ns          268923 1c0085fe 00271793 slli             x15, x14, 0x2       x15=000000fc x14:0000003f
14146275ns          268924 1c008602 008787b3 add              x15, x15, x8        x15=1000011c x15:000000fc  x8:10000020
14146295ns          268925 1c008604 0207a583 lw               x11, 32(x15)        x11=075a0007 x15:1000011c  PA:1000013c
14146315ns          268926 1c008606 00d567b3 or               x15, x10, x13       x15=075a0007 x10:07000000 x13:005a0007
14146335ns          268927 1c00860a 00f59663 bne              x11, x15, 12        x11:075a0007 x15:075a0007
14146355ns          268928 1c00860e 00168693 addi             x13, x13, 1         x13=005a0008 x13:005a0007
14146376ns          268929 1c008610 00870713 addi             x14, x14, 8         x14=00000047 x14:0000003f
14146416ns          268931 1c0085fe 00271793 slli             x15, x14, 0x2       x15=0000011c x14:00000047
14146436ns          268932 1c008602 008787b3 add              x15, x15, x8        x15=1000013c x15:0000011c  x8:10000020
14146456ns          268933 1c008604 0207a583 lw               x11, 32(x15)        x11=075a0008 x15:1000013c  PA:1000015c
14146476ns          268934 1c008606 00d567b3 or               x15, x10, x13       x15=075a0008 x10:07000000 x13:005a0008
14146496ns          268935 1c00860a 00f59663 bne              x11, x15, 12        x11:075a0008 x15:075a0008
14146516ns          268936 1c00860e 00168693 addi             x13, x13, 1         x13=005a0009 x13:005a0008
14146536ns          268937 1c008610 00870713 addi             x14, x14, 8         x14=0000004f x14:00000047
14146576ns          268939 1c0085fe 00271793 slli             x15, x14, 0x2       x15=0000013c x14:0000004f
14146596ns          268940 1c008602 008787b3 add              x15, x15, x8        x15=1000015c x15:0000013c  x8:10000020
14146616ns          268941 1c008604 0207a583 lw               x11, 32(x15)        x11=075a0009 x15:1000015c  PA:1000017c
14146636ns          268942 1c008606 00d567b3 or               x15, x10, x13       x15=075a0009 x10:07000000 x13:005a0009
14146656ns          268943 1c00860a 00f59663 bne              x11, x15, 12        x11:075a0009 x15:075a0009
14146676ns          268944 1c00860e 00168693 addi             x13, x13, 1         x13=005a000a x13:005a0009
14146697ns          268945 1c008610 00870713 addi             x14, x14, 8         x14=00000057 x14:0000004f
14146737ns          268947 1c0085fe 00271793 slli             x15, x14, 0x2       x15=0000015c x14:00000057
14146757ns          268948 1c008602 008787b3 add              x15, x15, x8        x15=1000017c x15:0000015c  x8:10000020
14146777ns          268949 1c008604 0207a583 lw               x11, 32(x15)        x11=075a000a x15:1000017c  PA:1000019c
14146797ns          268950 1c008606 00d567b3 or               x15, x10, x13       x15=075a000a x10:07000000 x13:005a000a
14146817ns          268951 1c00860a 00f59663 bne              x11, x15, 12        x11:075a000a x15:075a000a
14146837ns          268952 1c00860e 00168693 addi             x13, x13, 1         x13=005a000b x13:005a000a
14146857ns          268953 1c008610 00870713 addi             x14, x14, 8         x14=0000005f x14:00000057
14146897ns          268955 1c0085fe 00271793 slli             x15, x14, 0x2       x15=0000017c x14:0000005f
14146917ns          268956 1c008602 008787b3 add              x15, x15, x8        x15=1000019c x15:0000017c  x8:10000020
14146937ns          268957 1c008604 0207a583 lw               x11, 32(x15)        x11=075a000b x15:1000019c  PA:100001bc
14146957ns          268958 1c008606 00d567b3 or               x15, x10, x13       x15=075a000b x10:07000000 x13:005a000b
14146977ns          268959 1c00860a 00f59663 bne              x11, x15, 12        x11:075a000b x15:075a000b
14146998ns          268960 1c00860e 00168693 addi             x13, x13, 1         x13=005a000c x13:005a000b
14147018ns          268961 1c008610 00870713 addi             x14, x14, 8         x14=00000067 x14:0000005f
14147058ns          268963 1c0085fe 00271793 slli             x15, x14, 0x2       x15=0000019c x14:00000067
14147078ns          268964 1c008602 008787b3 add              x15, x15, x8        x15=100001bc x15:0000019c  x8:10000020
14147098ns          268965 1c008604 0207a583 lw               x11, 32(x15)        x11=075a000c x15:100001bc  PA:100001dc
14147118ns          268966 1c008606 00d567b3 or               x15, x10, x13       x15=075a000c x10:07000000 x13:005a000c
14147138ns          268967 1c00860a 00f59663 bne              x11, x15, 12        x11:075a000c x15:075a000c
14147158ns          268968 1c00860e 00168693 addi             x13, x13, 1         x13=005a000d x13:005a000c
14147178ns          268969 1c008610 00870713 addi             x14, x14, 8         x14=0000006f x14:00000067
14147218ns          268971 1c0085fe 00271793 slli             x15, x14, 0x2       x15=000001bc x14:0000006f
14147238ns          268972 1c008602 008787b3 add              x15, x15, x8        x15=100001dc x15:000001bc  x8:10000020
14147258ns          268973 1c008604 0207a583 lw               x11, 32(x15)        x11=075a000d x15:100001dc  PA:100001fc
14147278ns          268974 1c008606 00d567b3 or               x15, x10, x13       x15=075a000d x10:07000000 x13:005a000d
14147298ns          268975 1c00860a 00f59663 bne              x11, x15, 12        x11:075a000d x15:075a000d
14147319ns          268976 1c00860e 00168693 addi             x13, x13, 1         x13=005a000e x13:005a000d
14147339ns          268977 1c008610 00870713 addi             x14, x14, 8         x14=00000077 x14:0000006f
14147379ns          268979 1c0085fe 00271793 slli             x15, x14, 0x2       x15=000001dc x14:00000077
14147399ns          268980 1c008602 008787b3 add              x15, x15, x8        x15=100001fc x15:000001dc  x8:10000020
14147419ns          268981 1c008604 0207a583 lw               x11, 32(x15)        x11=075a000e x15:100001fc  PA:1000021c
14147439ns          268982 1c008606 00d567b3 or               x15, x10, x13       x15=075a000e x10:07000000 x13:005a000e
14147459ns          268983 1c00860a 00f59663 bne              x11, x15, 12        x11:075a000e x15:075a000e
14147479ns          268984 1c00860e 00168693 addi             x13, x13, 1         x13=005a000f x13:005a000e
14147499ns          268985 1c008610 00870713 addi             x14, x14, 8         x14=0000007f x14:00000077
14147539ns          268987 1c0085fe 00271793 slli             x15, x14, 0x2       x15=000001fc x14:0000007f
14147559ns          268988 1c008602 008787b3 add              x15, x15, x8        x15=1000021c x15:000001fc  x8:10000020
14147579ns          268989 1c008604 0207a583 lw               x11, 32(x15)        x11=075a000f x15:1000021c  PA:1000023c
14147599ns          268990 1c008606 00d567b3 or               x15, x10, x13       x15=075a000f x10:07000000 x13:005a000f
14147619ns          268991 1c00860a 00f59663 bne              x11, x15, 12        x11:075a000f x15:075a000f
14147640ns          268992 1c00860e 00168693 addi             x13, x13, 1         x13=005a0010 x13:005a000f
14147660ns          268993 1c008610 00870713 addi             x14, x14, 8         x14=00000087 x14:0000007f
14147680ns          268994 1c008612 00000913 addi             x18, x0, 0          x18=00000000
14147700ns          268995 1c008614 01e0006f jal              x0, 30             
14148262ns          269023 1c008632 3b4010ef jal              x1, 5044             x1=1c008636
14148322ns          269026 1c0099e6 f14027f3 csrrs            x15, x0, 0xf14      x15=00000006
14148342ns          269027 1c0099ea 01f00713 addi             x14, x0, 31         x14=0000001f
14148362ns          269028 1c0099ec ca5797b3 p.extractu       x15, x15, 5, 5      x15=00000000 x15:00000006
14148382ns          269029 1c0099f0 00e78863 beq              x15, x14, 16        x15:00000000 x14:0000001f
14148402ns          269030 1c0099f4 002047b7 lui              x15, 0x204000       x15=00204000
14148422ns          269031 1c0099f8 20078793 addi             x15, x15, 512       x15=00204200 x15:00204000
14148442ns          269032 1c0099fc 01c7e703 p.elw            x14, 28(x15)        x14=00010000 x15:00204200  PA:0020421c
14148603ns          269040 1c009a00 00008067 jalr             x0, x1, 0            x1:1c008636
14148643ns          269042 1c008636 02049263 bne              x9, x0, 36           x9:00000006
14149245ns          269072 1c00865a 00c12083 lw               x1, 12(x2)           x1=1c0086e6  x2:10007318  PA:10007324
14149285ns          269074 1c00865c 00812403 lw               x8, 8(x2)            x8=00000006  x2:10007318  PA:10007320
14149305ns          269075 1c00865e 01200533 add              x10, x0, x18        x10=00000000 x18:00000000
14149686ns          269094 1c008660 00412483 lw               x9, 4(x2)            x9=xxxxxxxx  x2:10007318  PA:1000731c
14149706ns          269095 1c008662 00012903 lw               x18, 0(x2)          x18=xxxxxxxx  x2:10007318  PA:10007318
14149726ns          269096 1c008664 01010113 addi             x2, x2, 16           x2=10007328  x2:10007318
14149746ns          269097 1c008666 00008067 jalr             x0, x1, 0            x1:1c0086e6
14149867ns          269103 1c0086e6 300010ef jal              x1, 4864             x1=1c0086ea
14149927ns          269106 1c0099e6 f14027f3 csrrs            x15, x0, 0xf14      x15=00000006
14149947ns          269107 1c0099ea 01f00713 addi             x14, x0, 31         x14=0000001f
14149967ns          269108 1c0099ec ca5797b3 p.extractu       x15, x15, 5, 5      x15=00000000 x15:00000006
14149987ns          269109 1c0099f0 00e78863 beq              x15, x14, 16        x15:00000000 x14:0000001f
14150007ns          269110 1c0099f4 002047b7 lui              x15, 0x204000       x15=00204000
14150027ns          269111 1c0099f8 20078793 addi             x15, x15, 512       x15=00204200 x15:00204000
14150047ns          269112 1c0099fc 01c7e703 p.elw            x14, 28(x15)        x14=00010000 x15:00204200  PA:0020421c
14675624ns          295307 1c009a00 00008067 jalr             x0, x1, 0            x1:1c0086ea
14675664ns          295309 1c0086ea 00000513 addi             x10, x0, 0          x10=00000000
14675684ns          295310 1c0086ec 00c12083 lw               x1, 12(x2)           x1=1c0098fe  x2:10007328  PA:10007334
14675804ns          295316 1c0086ee 00812403 lw               x8, 8(x2)            x8=xxxxxxxx  x2:10007328  PA:10007330
14676306ns          295341 1c0086f0 00412483 lw               x9, 4(x2)            x9=xxxxxxxx  x2:10007328  PA:1000732c
14676326ns          295342 1c0086f2 01010113 addi             x2, x2, 16           x2=10007338  x2:10007328
14676346ns          295343 1c0086f4 00008067 jalr             x0, x1, 0            x1:1c0098fe
14677229ns          295387 1c0098fe f14027f3 csrrs            x15, x0, 0xf14      x15=00000006
14677269ns          295389 1c009902 f457b7b3 p.bclr           x15, x15, 26, 5     x15=00000006 x15:00000006
14677289ns          295390 1c009906 00079963 bne              x15, x0, 18         x15:00000006
14677831ns          295417 1c009918 002047b7 lui              x15, 0x204000       x15=00204000
14677851ns          295418 1c00991c fff00713 addi             x14, x0, -1         x14=ffffffff
14677871ns          295419 1c00991e 00e7a223 sw               x14, 4(x15)         x14:ffffffff x15:00204000  PA:00204004
