                Time          Cycles PC       Instr    Mnemonic
13191495ns          220964 1c008080 0600006f jal              x0, 96             
13191973ns          220988 1c0080e0 f1402573 csrrs            x10, x0, 0xf14      x10=00000007
13192012ns          220990 1c0080e4 01f57593 andi             x11, x10, 31        x11=00000007 x10:00000007
13192032ns          220991 1c0080e8 00555513 srli             x10, x10, 0x5       x10=00000000 x10:00000007
13192052ns          220992 1c0080ea 01f00613 addi             x12, x0, 31         x12=0000001f
13192072ns          220993 1c0080ec 00c50463 beq              x10, x12, 8         x10:00000000 x12:0000001f
13192490ns          221014 1c0080f0 fa5ff06f jal              x0, -92            
13192947ns          221037 1c008094 f3ff8117 auipc            x2, 0xf3ff8000       x2=10000094
13192987ns          221039 1c008098 2b010113 addi             x2, x2, 688          x2=10000344  x2:10000094
13193007ns          221040 1c00809c 00012103 lw               x2, 0(x2)            x2=10000348  x2:10000344  PA:10000344
13193444ns          221062 1c0080a0 000011b7 lui              x3, 0x1000           x3=00001000
13193484ns          221064 1c0080a4 00158593 addi             x11, x11, 1         x11=00000008 x11:00000007
13193504ns          221065 1c0080a8 02b180b3 mul              x1, x3, x11          x1=00008000  x3:00001000 x11:00000008
13193524ns          221066 1c0080ac 00110133 add              x2, x2, x1           x2=10008348  x2:10000348  x1:00008000
13193961ns          221088 1c0080b0 0270106f jal              x0, 6182           
13194419ns          221111 1c0098d6 ff010113 addi             x2, x2, -16          x2=10008338  x2:10008348
13194459ns          221113 1c0098d8 00112623 sw               x1, 12(x2)           x1:00008000  x2:10008338  PA:10008344
13194479ns          221114 1c0098da 002047b7 lui              x15, 0x204000       x15=00204000
13194916ns          221136 1c0098de 00070737 lui              x14, 0x70000        x14=00070000
13194936ns          221137 1c0098e2 00e7a423 sw               x14, 8(x15)         x14:00070000 x15:00204000  PA:00204008
13194956ns          221138 1c0098e4 0ff00713 addi             x14, x0, 255        x14=000000ff
13194976ns          221139 1c0098e8 20078793 addi             x15, x15, 512       x15=00204200 x15:00204000
13194996ns          221140 1c0098ec 00e7a023 sw               x14, 0(x15)         x14:000000ff x15:00204200  PA:00204200
13195433ns          221162 1c0098f0 00e7a623 sw               x14, 12(x15)        x14:000000ff x15:00204200  PA:0020420c
13195473ns          221164 1c0098f4 1c0017b7 lui              x15, 0x1c001000     x15=1c001000
13195493ns          221165 1c0098f8 b247a783 lw               x15, -1244(x15)     x15=1c00867e x15:1c001000  PA:1c000b24
13196129ns          221197 1c0098fc 000780e7 jalr             x1, x15, 0           x1=1c0098fe x15:1c00867e
13196428ns          221212 1c00867e ff010113 addi             x2, x2, -16          x2=10008328  x2:10008338
13196885ns          221235 1c008680 f1402573 csrrs            x10, x0, 0xf14      x10=00000007
13196925ns          221237 1c008684 00112623 sw               x1, 12(x2)           x1:1c0098fe  x2:10008328  PA:10008334
13196945ns          221238 1c008686 00812423 sw               x8, 8(x2)            x8:xxxxxxxx  x2:10008328  PA:10008330
13196965ns          221239 1c008688 00912223 sw               x9, 4(x2)            x9:xxxxxxxx  x2:10008328  PA:1000832c
13196984ns          221240 1c00868a ca5517b3 p.extractu       x15, x10, 5, 5      x15=00000000 x10:00000007
13197004ns          221241 1c00868e 06079463 bne              x15, x0, 104        x15:00000000
13197402ns          221261 1c008690 f4553433 p.bclr           x8, x10, 26, 5       x8=00000007 x10:00000007
13197442ns          221263 1c008694 04041363 bne              x8, x0, 70           x8:00000007
13197999ns          221291 1c0086da 30c010ef jal              x1, 4876             x1=1c0086de
13199073ns          221345 1c0099e6 f14027f3 csrrs            x15, x0, 0xf14      x15=00000007
13199093ns          221346 1c0099ea 01f00713 addi             x14, x0, 31         x14=0000001f
13199112ns          221347 1c0099ec ca5797b3 p.extractu       x15, x15, 5, 5      x15=00000000 x15:00000007
13199590ns          221371 1c0099f0 00e78863 beq              x15, x14, 16        x15:00000000 x14:0000001f
13199630ns          221373 1c0099f4 002047b7 lui              x15, 0x204000       x15=00204000
13199649ns          221374 1c0099f8 20078793 addi             x15, x15, 512       x15=00204200 x15:00204000
13199669ns          221375 1c0099fc 01c7e703 p.elw            x14, 28(x15)        x14=00010000 x15:00204200  PA:0020421c
13200107ns          221397 1c009a00 00008067 jalr             x0, x1, 0            x1:1c0086de
13200147ns          221399 1c0086de 00800533 add              x10, x0, x8         x10=00000007  x8:00000007
13200167ns          221400 1c0086e0 bedff0ef jal              x1, -1044            x1=1c0086e2
13200604ns          221422 1c0082cc ff010113 addi             x2, x2, -16          x2=10008318  x2:10008328
13200624ns          221423 1c0082ce 00812423 sw               x8, 8(x2)            x8:00000007  x2:10008318  PA:10008320
13201042ns          221444 1c0082d0 00112623 sw               x1, 12(x2)           x1:1c0086e2  x2:10008318  PA:10008324
13201062ns          221445 1c0082d2 00912223 sw               x9, 4(x2)            x9:xxxxxxxx  x2:10008318  PA:1000831c
13201081ns          221446 1c0082d4 00a00433 add              x8, x0, x10          x8=00000007 x10:00000007
13201101ns          221447 1c0082d6 08050063 beq              x10, x0, 128        x10:00000007
13201121ns          221448 1c0082d8 70e010ef jal              x1, 5902             x1=1c0082dc
13201758ns          221480 1c0099e6 f14027f3 csrrs            x15, x0, 0xf14      x15=00000007
13201777ns          221481 1c0099ea 01f00713 addi             x14, x0, 31         x14=0000001f
13201797ns          221482 1c0099ec ca5797b3 p.extractu       x15, x15, 5, 5      x15=00000000 x15:00000007
13201817ns          221483 1c0099f0 00e78863 beq              x15, x14, 16        x15:00000000 x14:0000001f
13201837ns          221484 1c0099f4 002047b7 lui              x15, 0x204000       x15=00204000
13201857ns          221485 1c0099f8 20078793 addi             x15, x15, 512       x15=00204200 x15:00204000
13201877ns          221486 1c0099fc 01c7e703 p.elw            x14, 28(x15)        x14=00010000 x15:00204200  PA:0020421c
13294316ns          226134 1c009a00 00008067 jalr             x0, x1, 0            x1:1c0082dc
13294356ns          226136 1c0082dc c0de07b7 lui              x15, 0xc0de0000     x15=c0de0000
13294376ns          226137 1c0082e0 10000637 lui              x12, 0x10000000     x12=10000000
13294396ns          226138 1c0082e4 0087e7b3 or               x15, x15, x8        x15=c0de0007 x15:c0de0000  x8:00000007
13294416ns          226139 1c0082e6 02060613 addi             x12, x12, 32        x12=10000020 x12:10000000
13294436ns          226140 1c0082ea 00241893 slli             x17, x8, 0x2        x17=0000001c  x8:00000007
13294456ns          226141 1c0082ee 008005b3 add              x11, x0, x8         x11=00000007  x8:00000007
13295072ns          226172 1c0082f0 00f668a3 p.sw             x15, x0(x12)        x15:c0de0007 x12:10000020  PA:1000003c
13295112ns          226174 1c0082f4 01841813 slli             x16, x8, 0x18       x16=07000000  x8:00000007
13295132ns          226175 1c0082f8 005a06b7 lui              x13, 0x5a0000       x13=005a0000
13295152ns          226176 1c0082fc 0104d0fb lp.setupi        0x1, 0x10, 0x9     
13295589ns          226198 1c008300 00259793 slli             x15, x11, 0x2       x15=0000001c x11:00000007
13295629ns          226200 1c008304 00d86533 or               x10, x16, x13       x10=075a0000 x16:07000000 x13:005a0000
13295649ns          226201 1c008308 00c787b3 add              x15, x15, x12       x15=1000003c x15:0000001c x12:10000020
13295669ns          226202 1c00830a 02a7a023 sw               x10, 32(x15)        x10:075a0000 x15:1000003c  PA:1000005c
13295689ns          226203 1c00830c 00168693 addi             x13, x13, 1         x13=005a0001 x13:005a0000
13295708ns          226204 1c00830e 00858593 addi             x11, x11, 8         x11=0000000f x11:00000007
13296086ns          226223 1c008300 00259793 slli             x15, x11, 0x2       x15=0000003c x11:0000000f
13296106ns          226224 1c008304 00d86533 or               x10, x16, x13       x10=075a0001 x16:07000000 x13:005a0001
13296126ns          226225 1c008308 00c787b3 add              x15, x15, x12       x15=1000005c x15:0000003c x12:10000020
13296146ns          226226 1c00830a 02a7a023 sw               x10, 32(x15)        x10:075a0001 x15:1000005c  PA:1000007c
13296166ns          226227 1c00830c 00168693 addi             x13, x13, 1         x13=005a0002 x13:005a0001
13296186ns          226228 1c00830e 00858593 addi             x11, x11, 8         x11=00000017 x11:0000000f
13296206ns          226229 1c008300 00259793 slli             x15, x11, 0x2       x15=0000005c x11:00000017
13296226ns          226230 1c008304 00d86533 or               x10, x16, x13       x10=075a0002 x16:07000000 x13:005a0002
13296245ns          226231 1c008308 00c787b3 add              x15, x15, x12       x15=1000007c x15:0000005c x12:10000020
13296265ns          226232 1c00830a 02a7a023 sw               x10, 32(x15)        x10:075a0002 x15:1000007c  PA:1000009c
13296285ns          226233 1c00830c 00168693 addi             x13, x13, 1         x13=005a0003 x13:005a0002
13296305ns          226234 1c00830e 00858593 addi             x11, x11, 8         x11=0000001f x11:00000017
13296325ns          226235 1c008300 00259793 slli             x15, x11, 0x2       x15=0000007c x11:0000001f
13296345ns          226236 1c008304 00d86533 or               x10, x16, x13       x10=075a0003 x16:07000000 x13:005a0003
13296365ns          226237 1c008308 00c787b3 add              x15, x15, x12       x15=1000009c x15:0000007c x12:10000020
13296385ns          226238 1c00830a 02a7a023 sw               x10, 32(x15)        x10:075a0003 x15:1000009c  PA:100000bc
13296405ns          226239 1c00830c 00168693 addi             x13, x13, 1         x13=005a0004 x13:005a0003
13296424ns          226240 1c00830e 00858593 addi             x11, x11, 8         x11=00000027 x11:0000001f
13296444ns          226241 1c008300 00259793 slli             x15, x11, 0x2       x15=0000009c x11:00000027
13296464ns          226242 1c008304 00d86533 or               x10, x16, x13       x10=075a0004 x16:07000000 x13:005a0004
13296484ns          226243 1c008308 00c787b3 add              x15, x15, x12       x15=100000bc x15:0000009c x12:10000020
13296504ns          226244 1c00830a 02a7a023 sw               x10, 32(x15)        x10:075a0004 x15:100000bc  PA:100000dc
13296524ns          226245 1c00830c 00168693 addi             x13, x13, 1         x13=005a0005 x13:005a0004
13296544ns          226246 1c00830e 00858593 addi             x11, x11, 8         x11=0000002f x11:00000027
13296564ns          226247 1c008300 00259793 slli             x15, x11, 0x2       x15=000000bc x11:0000002f
13296584ns          226248 1c008304 00d86533 or               x10, x16, x13       x10=075a0005 x16:07000000 x13:005a0005
13296603ns          226249 1c008308 00c787b3 add              x15, x15, x12       x15=100000dc x15:000000bc x12:10000020
13296623ns          226250 1c00830a 02a7a023 sw               x10, 32(x15)        x10:075a0005 x15:100000dc  PA:100000fc
13296643ns          226251 1c00830c 00168693 addi             x13, x13, 1         x13=005a0006 x13:005a0005
13296663ns          226252 1c00830e 00858593 addi             x11, x11, 8         x11=00000037 x11:0000002f
13296683ns          226253 1c008300 00259793 slli             x15, x11, 0x2       x15=000000dc x11:00000037
13296703ns          226254 1c008304 00d86533 or               x10, x16, x13       x10=075a0006 x16:07000000 x13:005a0006
13296723ns          226255 1c008308 00c787b3 add              x15, x15, x12       x15=100000fc x15:000000dc x12:10000020
13296743ns          226256 1c00830a 02a7a023 sw               x10, 32(x15)        x10:075a0006 x15:100000fc  PA:1000011c
13296763ns          226257 1c00830c 00168693 addi             x13, x13, 1         x13=005a0007 x13:005a0006
13296782ns          226258 1c00830e 00858593 addi             x11, x11, 8         x11=0000003f x11:00000037
13296802ns          226259 1c008300 00259793 slli             x15, x11, 0x2       x15=000000fc x11:0000003f
13296822ns          226260 1c008304 00d86533 or               x10, x16, x13       x10=075a0007 x16:07000000 x13:005a0007
13296842ns          226261 1c008308 00c787b3 add              x15, x15, x12       x15=1000011c x15:000000fc x12:10000020
13296862ns          226262 1c00830a 02a7a023 sw               x10, 32(x15)        x10:075a0007 x15:1000011c  PA:1000013c
13296882ns          226263 1c00830c 00168693 addi             x13, x13, 1         x13=005a0008 x13:005a0007
13296902ns          226264 1c00830e 00858593 addi             x11, x11, 8         x11=00000047 x11:0000003f
13296922ns          226265 1c008300 00259793 slli             x15, x11, 0x2       x15=0000011c x11:00000047
13296942ns          226266 1c008304 00d86533 or               x10, x16, x13       x10=075a0008 x16:07000000 x13:005a0008
13296961ns          226267 1c008308 00c787b3 add              x15, x15, x12       x15=1000013c x15:0000011c x12:10000020
13296981ns          226268 1c00830a 02a7a023 sw               x10, 32(x15)        x10:075a0008 x15:1000013c  PA:1000015c
13297001ns          226269 1c00830c 00168693 addi             x13, x13, 1         x13=005a0009 x13:005a0008
13297021ns          226270 1c00830e 00858593 addi             x11, x11, 8         x11=0000004f x11:00000047
13297041ns          226271 1c008300 00259793 slli             x15, x11, 0x2       x15=0000013c x11:0000004f
13297061ns          226272 1c008304 00d86533 or               x10, x16, x13       x10=075a0009 x16:07000000 x13:005a0009
13297081ns          226273 1c008308 00c787b3 add              x15, x15, x12       x15=1000015c x15:0000013c x12:10000020
13297101ns          226274 1c00830a 02a7a023 sw               x10, 32(x15)        x10:075a0009 x15:1000015c  PA:1000017c
13297121ns          226275 1c00830c 00168693 addi             x13, x13, 1         x13=005a000a x13:005a0009
13297140ns          226276 1c00830e 00858593 addi             x11, x11, 8         x11=00000057 x11:0000004f
13297160ns          226277 1c008300 00259793 slli             x15, x11, 0x2       x15=0000015c x11:00000057
13297180ns          226278 1c008304 00d86533 or               x10, x16, x13       x10=075a000a x16:07000000 x13:005a000a
13297200ns          226279 1c008308 00c787b3 add              x15, x15, x12       x15=1000017c x15:0000015c x12:10000020
13297220ns          226280 1c00830a 02a7a023 sw               x10, 32(x15)        x10:075a000a x15:1000017c  PA:1000019c
13297240ns          226281 1c00830c 00168693 addi             x13, x13, 1         x13=005a000b x13:005a000a
13297260ns          226282 1c00830e 00858593 addi             x11, x11, 8         x11=0000005f x11:00000057
13297280ns          226283 1c008300 00259793 slli             x15, x11, 0x2       x15=0000017c x11:0000005f
13297300ns          226284 1c008304 00d86533 or               x10, x16, x13       x10=075a000b x16:07000000 x13:005a000b
13297319ns          226285 1c008308 00c787b3 add              x15, x15, x12       x15=1000019c x15:0000017c x12:10000020
13297339ns          226286 1c00830a 02a7a023 sw               x10, 32(x15)        x10:075a000b x15:1000019c  PA:100001bc
13297359ns          226287 1c00830c 00168693 addi             x13, x13, 1         x13=005a000c x13:005a000b
13297379ns          226288 1c00830e 00858593 addi             x11, x11, 8         x11=00000067 x11:0000005f
13297399ns          226289 1c008300 00259793 slli             x15, x11, 0x2       x15=0000019c x11:00000067
13297419ns          226290 1c008304 00d86533 or               x10, x16, x13       x10=075a000c x16:07000000 x13:005a000c
13297439ns          226291 1c008308 00c787b3 add              x15, x15, x12       x15=100001bc x15:0000019c x12:10000020
13297459ns          226292 1c00830a 02a7a023 sw               x10, 32(x15)        x10:075a000c x15:100001bc  PA:100001dc
13297479ns          226293 1c00830c 00168693 addi             x13, x13, 1         x13=005a000d x13:005a000c
13297498ns          226294 1c00830e 00858593 addi             x11, x11, 8         x11=0000006f x11:00000067
13297518ns          226295 1c008300 00259793 slli             x15, x11, 0x2       x15=000001bc x11:0000006f
13297538ns          226296 1c008304 00d86533 or               x10, x16, x13       x10=075a000d x16:07000000 x13:005a000d
13297558ns          226297 1c008308 00c787b3 add              x15, x15, x12       x15=100001dc x15:000001bc x12:10000020
13297578ns          226298 1c00830a 02a7a023 sw               x10, 32(x15)        x10:075a000d x15:100001dc  PA:100001fc
13297598ns          226299 1c00830c 00168693 addi             x13, x13, 1         x13=005a000e x13:005a000d
13297618ns          226300 1c00830e 00858593 addi             x11, x11, 8         x11=00000077 x11:0000006f
13297638ns          226301 1c008300 00259793 slli             x15, x11, 0x2       x15=000001dc x11:00000077
13297658ns          226302 1c008304 00d86533 or               x10, x16, x13       x10=075a000e x16:07000000 x13:005a000e
13297677ns          226303 1c008308 00c787b3 add              x15, x15, x12       x15=100001fc x15:000001dc x12:10000020
13297697ns          226304 1c00830a 02a7a023 sw               x10, 32(x15)        x10:075a000e x15:100001fc  PA:1000021c
13297717ns          226305 1c00830c 00168693 addi             x13, x13, 1         x13=005a000f x13:005a000e
13297737ns          226306 1c00830e 00858593 addi             x11, x11, 8         x11=0000007f x11:00000077
13297757ns          226307 1c008300 00259793 slli             x15, x11, 0x2       x15=000001fc x11:0000007f
13297777ns          226308 1c008304 00d86533 or               x10, x16, x13       x10=075a000f x16:07000000 x13:005a000f
13297797ns          226309 1c008308 00c787b3 add              x15, x15, x12       x15=1000021c x15:000001fc x12:10000020
13297817ns          226310 1c00830a 02a7a023 sw               x10, 32(x15)        x10:075a000f x15:1000021c  PA:1000023c
13297837ns          226311 1c00830c 00168693 addi             x13, x13, 1         x13=005a0010 x13:005a000f
13297856ns          226312 1c00830e 00858593 addi             x11, x11, 8         x11=00000087 x11:0000007f
13297876ns          226313 1c008310 002044b7 lui              x9, 0x204000         x9=00204000
13297896ns          226314 1c008314 0c048493 addi             x9, x9, 192          x9=002040c0  x9:00204000
13297916ns          226315 1c008318 0004e783 p.elw            x15, 0(x9)          x15=00000000  x9:002040c0  PA:002040c0
13911560ns          257170 1c00831c 1c000537 lui              x10, 0x1c000000     x10=1c000000
13911580ns          257171 1c008320 21167603 lw               x12, x17(x12)       x12=c0de0007 x17:0000001c x12:10000020  PA:1000003c
13911600ns          257172 1c008324 008005b3 add              x11, x0, x8         x11=00000007  x8:00000007
13911620ns          257173 1c008326 15450513 addi             x10, x10, 340       x10=1c000154 x10:1c000000
13911640ns          257174 1c00832a 6ca000ef jal              x1, 1738             x1=1c00832c
13911759ns          257180 1c0089f4 fc010113 addi             x2, x2, -64          x2=100082d8  x2:10008318
13911799ns          257182 1c0089f6 02410313 addi             x6, x2, 36           x6=100082fc  x2:100082d8
13911819ns          257183 1c0089fa 02c12423 sw               x12, 40(x2)         x12:c0de0007  x2:100082d8  PA:10008300
13911839ns          257184 1c0089fc 00a00633 add              x12, x0, x10        x12=1c000154 x10:1c000154
13911879ns          257186 1c0089fe 1c009537 lui              x10, 0x1c009000     x10=1c009000
13911898ns          257187 1c008a02 02b12223 sw               x11, 36(x2)         x11:00000007  x2:100082d8  PA:100082fc
13911918ns          257188 1c008a04 02d12623 sw               x13, 44(x2)         x13:005a0010  x2:100082d8  PA:10008304
13911938ns          257189 1c008a06 00200593 addi             x11, x0, 2          x11=00000002
13911958ns          257190 1c008a08 006006b3 add              x13, x0, x6         x13=100082fc  x6:100082fc
13911978ns          257191 1c008a0a 9d650513 addi             x10, x10, -1578     x10=1c0089d6 x10:1c009000
13911998ns          257192 1c008a0e 00112e23 sw               x1, 28(x2)           x1:1c00832c  x2:100082d8  PA:100082f4
13912018ns          257193 1c008a10 02e12823 sw               x14, 48(x2)         x14:00010000  x2:100082d8  PA:10008308
13912038ns          257194 1c008a12 02f12a23 sw               x15, 52(x2)         x15:00000000  x2:100082d8  PA:1000830c
13912058ns          257195 1c008a14 03012c23 sw               x16, 56(x2)         x16:07000000  x2:100082d8  PA:10008310
13912077ns          257196 1c008a16 03112e23 sw               x17, 60(x2)         x17:0000001c  x2:100082d8  PA:10008314
13912097ns          257197 1c008a18 00612623 sw               x6, 12(x2)           x6:100082fc  x2:100082d8  PA:100082e4
13912117ns          257198 1c008a1a fbfff0ef jal              x1, -66              x1=1c008a1c
13912236ns          257204 1c0089d8 0ae0006f jal              x0, 174            
13912316ns          257208 1c008a86 ed010113 addi             x2, x2, -304         x2=100081a8  x2:100082d8
13912356ns          257210 1c008a88 12812423 sw               x8, 296(x2)          x8:00000007  x2:100081a8  PA:100082d0
13912376ns          257211 1c008a8c 12912223 sw               x9, 292(x2)          x9:002040c0  x2:100081a8  PA:100082cc
13912435ns          257214 1c008a90 11712623 sw               x23, 268(x2)        x23:xxxxxxxx  x2:100081a8  PA:100082b4
13912475ns          257216 1c008a94 11812423 sw               x24, 264(x2)        x24:xxxxxxxx  x2:100081a8  PA:100082b0
13912495ns          257217 1c008a98 11912223 sw               x25, 260(x2)        x25:xxxxxxxx  x2:100081a8  PA:100082ac
13912515ns          257218 1c008a9c 11a12023 sw               x26, 256(x2)        x26:xxxxxxxx  x2:100081a8  PA:100082a8
13912575ns          257221 1c008aa0 0fb12e23 sw               x27, 252(x2)        x27:xxxxxxxx  x2:100081a8  PA:100082a4
13912614ns          257223 1c008aa2 12112623 sw               x1, 300(x2)          x1:1c008a1c  x2:100081a8  PA:100082d4
13912634ns          257224 1c008aa6 13212023 sw               x18, 288(x2)        x18:xxxxxxxx  x2:100081a8  PA:100082c8
13912654ns          257225 1c008aaa 11312e23 sw               x19, 284(x2)        x19:xxxxxxxx  x2:100081a8  PA:100082c4
13912714ns          257228 1c008aae 11412c23 sw               x20, 280(x2)        x20:xxxxxxxx  x2:100081a8  PA:100082c0
13912754ns          257230 1c008ab2 11512a23 sw               x21, 276(x2)        x21:xxxxxxxx  x2:100081a8  PA:100082bc
13912773ns          257231 1c008ab6 11612823 sw               x22, 272(x2)        x22:xxxxxxxx  x2:100081a8  PA:100082b8
13912793ns          257232 1c008aba 00a00cb3 add              x25, x0, x10        x25=1c0089d6 x10:1c0089d6
13912813ns          257233 1c008abc 00b00bb3 add              x23, x0, x11        x23=00000002 x11:00000002
13912833ns          257234 1c008abe 00c004b3 add              x9, x0, x12          x9=1c000154 x12:1c000154
13912853ns          257235 1c008ac0 00d00c33 add              x24, x0, x13        x24=100082fc x13:100082fc
13912873ns          257236 1c008ac2 00000413 addi             x8, x0, 0            x8=00000000
13912893ns          257237 1c008ac4 1c000db7 lui              x27, 0x1c000000     x27=1c000000
13912913ns          257238 1c008ac8 02410d13 addi             x26, x2, 36         x26=100081cc  x2:100081a8
13912933ns          257239 1c008acc 0004c503 lbu              x10, 0(x9)          x10=00000046  x9:1c000154  PA:1c000154
13913251ns          257255 1c008ad0 00148493 addi             x9, x9, 1            x9=1c000155  x9:1c000154
13913271ns          257256 1c008ad2 00050e63 beq              x10, x0, 28         x10:00000046
13913291ns          257257 1c008ad4 02500793 addi             x15, x0, 37         x15=00000025
13913310ns          257258 1c008ad8 04f50763 beq              x10, x15, 78        x10:00000046 x15:00000025
13913330ns          257259 1c008adc 017005b3 add              x11, x0, x23        x11=00000002 x23:00000002
13913350ns          257260 1c008ade 000c80e7 jalr             x1, x25, 0           x1=1c008ae0 x25:1c0089d6
13913410ns          257263 1c0089d6 fd9ff06f jal              x0, -40            
13913489ns          257267 1c0089ae 000026b7 lui              x13, 0x2000         x13=00002000
13913569ns          257271 1c0089b0 f14027f3 csrrs            x15, x0, 0xf14      x15=00000007
13913609ns          257273 1c0089b4 f8068693 addi             x13, x13, -128      x13=00001f80 x13:00002000
13913629ns          257274 1c0089b8 00379713 slli             x14, x15, 0x3       x14=00000038 x15:00000007
13913649ns          257275 1c0089bc 00279793 slli             x15, x15, 0x2       x15=0000001c x15:00000007
13913668ns          257276 1c0089be 00d7f7b3 and              x15, x15, x13       x15=00000000 x15:0000001c x13:00001f80
13913708ns          257278 1c0089c0 ee873733 p.bclr           x14, x14, 23, 8     x14=00000038 x14:00000038
13913748ns          257280 1c0089c4 1a10f6b7 lui              x13, 0x1a10f000     x13=1a10f000
13913768ns          257281 1c0089c8 0ff57513 andi             x10, x10, 255       x10=00000046 x10:00000046
13913788ns          257282 1c0089cc 00d70733 add              x14, x14, x13       x14=1a10f038 x14:00000038 x13:1a10f000
13913808ns          257283 1c0089ce 00a7e723 p.sw             x10, x0(x15)        x10:00000046 x15:00000000  PA:1a10f038
13914126ns          257299 1c0089d2 00000513 addi             x10, x0, 0          x10=00000000
13914146ns          257300 1c0089d4 00008067 jalr             x0, x1, 0            x1:1c008ae0
13914225ns          257304 1c008ae0 15f52c63 p.beqimm         x10, 344            x10:00000000
13914265ns          257306 1c008ae4 00140413 addi             x8, x8, 1            x8=00000001  x8:00000000
13914285ns          257307 1c008ae6 0004c503 lbu              x10, 0(x9)          x10=0000004c  x9:1c000155  PA:1c000155
13914583ns          257322 1c008aea 00148493 addi             x9, x9, 1            x9=1c000156  x9:1c000155
13914603ns          257323 1c008aec fe0514e3 bne              x10, x0, -24        x10:0000004c
13914663ns          257326 1c008ad4 02500793 addi             x15, x0, 37         x15=00000025
13914683ns          257327 1c008ad8 04f50763 beq              x10, x15, 78        x10:0000004c x15:00000025
13914703ns          257328 1c008adc 017005b3 add              x11, x0, x23        x11=00000002 x23:00000002
13914722ns          257329 1c008ade 000c80e7 jalr             x1, x25, 0           x1=1c008ae0 x25:1c0089d6
13914762ns          257331 1c0089d6 fd9ff06f jal              x0, -40            
13914802ns          257333 1c0089ae 000026b7 lui              x13, 0x2000         x13=00002000
13914822ns          257334 1c0089b0 f14027f3 csrrs            x15, x0, 0xf14      x15=00000007
13914842ns          257335 1c0089b4 f8068693 addi             x13, x13, -128      x13=00001f80 x13:00002000
13914862ns          257336 1c0089b8 00379713 slli             x14, x15, 0x3       x14=00000038 x15:00000007
13914882ns          257337 1c0089bc 00279793 slli             x15, x15, 0x2       x15=0000001c x15:00000007
13914901ns          257338 1c0089be 00d7f7b3 and              x15, x15, x13       x15=00000000 x15:0000001c x13:00001f80
13914921ns          257339 1c0089c0 ee873733 p.bclr           x14, x14, 23, 8     x14=00000038 x14:00000038
13914941ns          257340 1c0089c4 1a10f6b7 lui              x13, 0x1a10f000     x13=1a10f000
13914961ns          257341 1c0089c8 0ff57513 andi             x10, x10, 255       x10=0000004c x10:0000004c
13914981ns          257342 1c0089cc 00d70733 add              x14, x14, x13       x14=1a10f038 x14:00000038 x13:1a10f000
13915001ns          257343 1c0089ce 00a7e723 p.sw             x10, x0(x15)        x10:0000004c x15:00000000  PA:1a10f038
13915319ns          257359 1c0089d2 00000513 addi             x10, x0, 0          x10=00000000
13915339ns          257360 1c0089d4 00008067 jalr             x0, x1, 0            x1:1c008ae0
13915379ns          257362 1c008ae0 15f52c63 p.beqimm         x10, 344            x10:00000000
13915399ns          257363 1c008ae4 00140413 addi             x8, x8, 1            x8=00000002  x8:00000001
13915419ns          257364 1c008ae6 0004c503 lbu              x10, 0(x9)          x10=0000004f  x9:1c000156  PA:1c000156
13915717ns          257379 1c008aea 00148493 addi             x9, x9, 1            x9=1c000157  x9:1c000156
13915737ns          257380 1c008aec fe0514e3 bne              x10, x0, -24        x10:0000004f
13915796ns          257383 1c008ad4 02500793 addi             x15, x0, 37         x15=00000025
13915816ns          257384 1c008ad8 04f50763 beq              x10, x15, 78        x10:0000004f x15:00000025
13915836ns          257385 1c008adc 017005b3 add              x11, x0, x23        x11=00000002 x23:00000002
13915856ns          257386 1c008ade 000c80e7 jalr             x1, x25, 0           x1=1c008ae0 x25:1c0089d6
13915896ns          257388 1c0089d6 fd9ff06f jal              x0, -40            
13915936ns          257390 1c0089ae 000026b7 lui              x13, 0x2000         x13=00002000
13915956ns          257391 1c0089b0 f14027f3 csrrs            x15, x0, 0xf14      x15=00000007
13915975ns          257392 1c0089b4 f8068693 addi             x13, x13, -128      x13=00001f80 x13:00002000
13915995ns          257393 1c0089b8 00379713 slli             x14, x15, 0x3       x14=00000038 x15:00000007
13916015ns          257394 1c0089bc 00279793 slli             x15, x15, 0x2       x15=0000001c x15:00000007
13916035ns          257395 1c0089be 00d7f7b3 and              x15, x15, x13       x15=00000000 x15:0000001c x13:00001f80
13916055ns          257396 1c0089c0 ee873733 p.bclr           x14, x14, 23, 8     x14=00000038 x14:00000038
13916075ns          257397 1c0089c4 1a10f6b7 lui              x13, 0x1a10f000     x13=1a10f000
13916095ns          257398 1c0089c8 0ff57513 andi             x10, x10, 255       x10=0000004f x10:0000004f
13916115ns          257399 1c0089cc 00d70733 add              x14, x14, x13       x14=1a10f038 x14:00000038 x13:1a10f000
13916135ns          257400 1c0089ce 00a7e723 p.sw             x10, x0(x15)        x10:0000004f x15:00000000  PA:1a10f038
13916453ns          257416 1c0089d2 00000513 addi             x10, x0, 0          x10=00000000
13916473ns          257417 1c0089d4 00008067 jalr             x0, x1, 0            x1:1c008ae0
13916512ns          257419 1c008ae0 15f52c63 p.beqimm         x10, 344            x10:00000000
13916532ns          257420 1c008ae4 00140413 addi             x8, x8, 1            x8=00000003  x8:00000002
13916552ns          257421 1c008ae6 0004c503 lbu              x10, 0(x9)          x10=00000057  x9:1c000157  PA:1c000157
13916870ns          257437 1c008aea 00148493 addi             x9, x9, 1            x9=1c000158  x9:1c000157
13916890ns          257438 1c008aec fe0514e3 bne              x10, x0, -24        x10:00000057
13916950ns          257441 1c008ad4 02500793 addi             x15, x0, 37         x15=00000025
13916970ns          257442 1c008ad8 04f50763 beq              x10, x15, 78        x10:00000057 x15:00000025
13916990ns          257443 1c008adc 017005b3 add              x11, x0, x23        x11=00000002 x23:00000002
13917010ns          257444 1c008ade 000c80e7 jalr             x1, x25, 0           x1=1c008ae0 x25:1c0089d6
13917049ns          257446 1c0089d6 fd9ff06f jal              x0, -40            
13917089ns          257448 1c0089ae 000026b7 lui              x13, 0x2000         x13=00002000
13917109ns          257449 1c0089b0 f14027f3 csrrs            x15, x0, 0xf14      x15=00000007
13917129ns          257450 1c0089b4 f8068693 addi             x13, x13, -128      x13=00001f80 x13:00002000
13917149ns          257451 1c0089b8 00379713 slli             x14, x15, 0x3       x14=00000038 x15:00000007
13917169ns          257452 1c0089bc 00279793 slli             x15, x15, 0x2       x15=0000001c x15:00000007
13917189ns          257453 1c0089be 00d7f7b3 and              x15, x15, x13       x15=00000000 x15:0000001c x13:00001f80
13917208ns          257454 1c0089c0 ee873733 p.bclr           x14, x14, 23, 8     x14=00000038 x14:00000038
13917228ns          257455 1c0089c4 1a10f6b7 lui              x13, 0x1a10f000     x13=1a10f000
13917248ns          257456 1c0089c8 0ff57513 andi             x10, x10, 255       x10=00000057 x10:00000057
13917268ns          257457 1c0089cc 00d70733 add              x14, x14, x13       x14=1a10f038 x14:00000038 x13:1a10f000
13917288ns          257458 1c0089ce 00a7e723 p.sw             x10, x0(x15)        x10:00000057 x15:00000000  PA:1a10f038
13917606ns          257474 1c0089d2 00000513 addi             x10, x0, 0          x10=00000000
13917626ns          257475 1c0089d4 00008067 jalr             x0, x1, 0            x1:1c008ae0
13917666ns          257477 1c008ae0 15f52c63 p.beqimm         x10, 344            x10:00000000
13917686ns          257478 1c008ae4 00140413 addi             x8, x8, 1            x8=00000004  x8:00000003
13917706ns          257479 1c008ae6 0004c503 lbu              x10, 0(x9)          x10=0000007c  x9:1c000158  PA:1c000158
13918004ns          257494 1c008aea 00148493 addi             x9, x9, 1            x9=1c000159  x9:1c000158
13918024ns          257495 1c008aec fe0514e3 bne              x10, x0, -24        x10:0000007c
13918084ns          257498 1c008ad4 02500793 addi             x15, x0, 37         x15=00000025
13918103ns          257499 1c008ad8 04f50763 beq              x10, x15, 78        x10:0000007c x15:00000025
13918123ns          257500 1c008adc 017005b3 add              x11, x0, x23        x11=00000002 x23:00000002
13918143ns          257501 1c008ade 000c80e7 jalr             x1, x25, 0           x1=1c008ae0 x25:1c0089d6
13918183ns          257503 1c0089d6 fd9ff06f jal              x0, -40            
13918223ns          257505 1c0089ae 000026b7 lui              x13, 0x2000         x13=00002000
13918243ns          257506 1c0089b0 f14027f3 csrrs            x15, x0, 0xf14      x15=00000007
13918263ns          257507 1c0089b4 f8068693 addi             x13, x13, -128      x13=00001f80 x13:00002000
13918282ns          257508 1c0089b8 00379713 slli             x14, x15, 0x3       x14=00000038 x15:00000007
13918302ns          257509 1c0089bc 00279793 slli             x15, x15, 0x2       x15=0000001c x15:00000007
13918322ns          257510 1c0089be 00d7f7b3 and              x15, x15, x13       x15=00000000 x15:0000001c x13:00001f80
13918342ns          257511 1c0089c0 ee873733 p.bclr           x14, x14, 23, 8     x14=00000038 x14:00000038
13918362ns          257512 1c0089c4 1a10f6b7 lui              x13, 0x1a10f000     x13=1a10f000
13918382ns          257513 1c0089c8 0ff57513 andi             x10, x10, 255       x10=0000007c x10:0000007c
13918402ns          257514 1c0089cc 00d70733 add              x14, x14, x13       x14=1a10f038 x14:00000038 x13:1a10f000
13918422ns          257515 1c0089ce 00a7e723 p.sw             x10, x0(x15)        x10:0000007c x15:00000000  PA:1a10f038
13918740ns          257531 1c0089d2 00000513 addi             x10, x0, 0          x10=00000000
13918760ns          257532 1c0089d4 00008067 jalr             x0, x1, 0            x1:1c008ae0
13918800ns          257534 1c008ae0 15f52c63 p.beqimm         x10, 344            x10:00000000
13918819ns          257535 1c008ae4 00140413 addi             x8, x8, 1            x8=00000005  x8:00000004
13918839ns          257536 1c008ae6 0004c503 lbu              x10, 0(x9)          x10=00000033  x9:1c000159  PA:1c000159
13919138ns          257551 1c008aea 00148493 addi             x9, x9, 1            x9=1c00015a  x9:1c000159
13919158ns          257552 1c008aec fe0514e3 bne              x10, x0, -24        x10:00000033
13919217ns          257555 1c008ad4 02500793 addi             x15, x0, 37         x15=00000025
13919237ns          257556 1c008ad8 04f50763 beq              x10, x15, 78        x10:00000033 x15:00000025
13919257ns          257557 1c008adc 017005b3 add              x11, x0, x23        x11=00000002 x23:00000002
13919277ns          257558 1c008ade 000c80e7 jalr             x1, x25, 0           x1=1c008ae0 x25:1c0089d6
13919317ns          257560 1c0089d6 fd9ff06f jal              x0, -40            
13919356ns          257562 1c0089ae 000026b7 lui              x13, 0x2000         x13=00002000
13919376ns          257563 1c0089b0 f14027f3 csrrs            x15, x0, 0xf14      x15=00000007
13919396ns          257564 1c0089b4 f8068693 addi             x13, x13, -128      x13=00001f80 x13:00002000
13919416ns          257565 1c0089b8 00379713 slli             x14, x15, 0x3       x14=00000038 x15:00000007
13919436ns          257566 1c0089bc 00279793 slli             x15, x15, 0x2       x15=0000001c x15:00000007
13919456ns          257567 1c0089be 00d7f7b3 and              x15, x15, x13       x15=00000000 x15:0000001c x13:00001f80
13919476ns          257568 1c0089c0 ee873733 p.bclr           x14, x14, 23, 8     x14=00000038 x14:00000038
13919496ns          257569 1c0089c4 1a10f6b7 lui              x13, 0x1a10f000     x13=1a10f000
13919516ns          257570 1c0089c8 0ff57513 andi             x10, x10, 255       x10=00000033 x10:00000033
13919535ns          257571 1c0089cc 00d70733 add              x14, x14, x13       x14=1a10f038 x14:00000038 x13:1a10f000
13919555ns          257572 1c0089ce 00a7e723 p.sw             x10, x0(x15)        x10:00000033 x15:00000000  PA:1a10f038
13919873ns          257588 1c0089d2 00000513 addi             x10, x0, 0          x10=00000000
13919893ns          257589 1c0089d4 00008067 jalr             x0, x1, 0            x1:1c008ae0
13919933ns          257591 1c008ae0 15f52c63 p.beqimm         x10, 344            x10:00000000
13919953ns          257592 1c008ae4 00140413 addi             x8, x8, 1            x8=00000006  x8:00000005
13919973ns          257593 1c008ae6 0004c503 lbu              x10, 0(x9)          x10=0000007c  x9:1c00015a  PA:1c00015a
13920271ns          257608 1c008aea 00148493 addi             x9, x9, 1            x9=1c00015b  x9:1c00015a
13920291ns          257609 1c008aec fe0514e3 bne              x10, x0, -24        x10:0000007c
13920351ns          257612 1c008ad4 02500793 addi             x15, x0, 37         x15=00000025
13920371ns          257613 1c008ad8 04f50763 beq              x10, x15, 78        x10:0000007c x15:00000025
13920391ns          257614 1c008adc 017005b3 add              x11, x0, x23        x11=00000002 x23:00000002
13920410ns          257615 1c008ade 000c80e7 jalr             x1, x25, 0           x1=1c008ae0 x25:1c0089d6
13920450ns          257617 1c0089d6 fd9ff06f jal              x0, -40            
13920490ns          257619 1c0089ae 000026b7 lui              x13, 0x2000         x13=00002000
13920510ns          257620 1c0089b0 f14027f3 csrrs            x15, x0, 0xf14      x15=00000007
13920530ns          257621 1c0089b4 f8068693 addi             x13, x13, -128      x13=00001f80 x13:00002000
13920550ns          257622 1c0089b8 00379713 slli             x14, x15, 0x3       x14=00000038 x15:00000007
13920570ns          257623 1c0089bc 00279793 slli             x15, x15, 0x2       x15=0000001c x15:00000007
13920589ns          257624 1c0089be 00d7f7b3 and              x15, x15, x13       x15=00000000 x15:0000001c x13:00001f80
13920609ns          257625 1c0089c0 ee873733 p.bclr           x14, x14, 23, 8     x14=00000038 x14:00000038
13920629ns          257626 1c0089c4 1a10f6b7 lui              x13, 0x1a10f000     x13=1a10f000
13920649ns          257627 1c0089c8 0ff57513 andi             x10, x10, 255       x10=0000007c x10:0000007c
13920669ns          257628 1c0089cc 00d70733 add              x14, x14, x13       x14=1a10f038 x14:00000038 x13:1a10f000
13920689ns          257629 1c0089ce 00a7e723 p.sw             x10, x0(x15)        x10:0000007c x15:00000000  PA:1a10f038
13921007ns          257645 1c0089d2 00000513 addi             x10, x0, 0          x10=00000000
13921027ns          257646 1c0089d4 00008067 jalr             x0, x1, 0            x1:1c008ae0
13921067ns          257648 1c008ae0 15f52c63 p.beqimm         x10, 344            x10:00000000
13921087ns          257649 1c008ae4 00140413 addi             x8, x8, 1            x8=00000007  x8:00000006
13921107ns          257650 1c008ae6 0004c503 lbu              x10, 0(x9)          x10=00000043  x9:1c00015b  PA:1c00015b
13921405ns          257665 1c008aea 00148493 addi             x9, x9, 1            x9=1c00015c  x9:1c00015b
13921425ns          257666 1c008aec fe0514e3 bne              x10, x0, -24        x10:00000043
13921484ns          257669 1c008ad4 02500793 addi             x15, x0, 37         x15=00000025
13921504ns          257670 1c008ad8 04f50763 beq              x10, x15, 78        x10:00000043 x15:00000025
13921524ns          257671 1c008adc 017005b3 add              x11, x0, x23        x11=00000002 x23:00000002
13921544ns          257672 1c008ade 000c80e7 jalr             x1, x25, 0           x1=1c008ae0 x25:1c0089d6
13921584ns          257674 1c0089d6 fd9ff06f jal              x0, -40            
13921624ns          257676 1c0089ae 000026b7 lui              x13, 0x2000         x13=00002000
13921644ns          257677 1c0089b0 f14027f3 csrrs            x15, x0, 0xf14      x15=00000007
13921663ns          257678 1c0089b4 f8068693 addi             x13, x13, -128      x13=00001f80 x13:00002000
13921683ns          257679 1c0089b8 00379713 slli             x14, x15, 0x3       x14=00000038 x15:00000007
13921703ns          257680 1c0089bc 00279793 slli             x15, x15, 0x2       x15=0000001c x15:00000007
13921723ns          257681 1c0089be 00d7f7b3 and              x15, x15, x13       x15=00000000 x15:0000001c x13:00001f80
13921743ns          257682 1c0089c0 ee873733 p.bclr           x14, x14, 23, 8     x14=00000038 x14:00000038
13921763ns          257683 1c0089c4 1a10f6b7 lui              x13, 0x1a10f000     x13=1a10f000
13921783ns          257684 1c0089c8 0ff57513 andi             x10, x10, 255       x10=00000043 x10:00000043
13921803ns          257685 1c0089cc 00d70733 add              x14, x14, x13       x14=1a10f038 x14:00000038 x13:1a10f000
13921823ns          257686 1c0089ce 00a7e723 p.sw             x10, x0(x15)        x10:00000043 x15:00000000  PA:1a10f038
13922161ns          257703 1c0089d2 00000513 addi             x10, x0, 0          x10=00000000
13922180ns          257704 1c0089d4 00008067 jalr             x0, x1, 0            x1:1c008ae0
13922220ns          257706 1c008ae0 15f52c63 p.beqimm         x10, 344            x10:00000000
13922240ns          257707 1c008ae4 00140413 addi             x8, x8, 1            x8=00000008  x8:00000007
13922260ns          257708 1c008ae6 0004c503 lbu              x10, 0(x9)          x10=0000004f  x9:1c00015c  PA:1c00015c
13922558ns          257723 1c008aea 00148493 addi             x9, x9, 1            x9=1c00015d  x9:1c00015c
13922578ns          257724 1c008aec fe0514e3 bne              x10, x0, -24        x10:0000004f
13922638ns          257727 1c008ad4 02500793 addi             x15, x0, 37         x15=00000025
13922658ns          257728 1c008ad8 04f50763 beq              x10, x15, 78        x10:0000004f x15:00000025
13922678ns          257729 1c008adc 017005b3 add              x11, x0, x23        x11=00000002 x23:00000002
13922698ns          257730 1c008ade 000c80e7 jalr             x1, x25, 0           x1=1c008ae0 x25:1c0089d6
13922737ns          257732 1c0089d6 fd9ff06f jal              x0, -40            
13922777ns          257734 1c0089ae 000026b7 lui              x13, 0x2000         x13=00002000
13922797ns          257735 1c0089b0 f14027f3 csrrs            x15, x0, 0xf14      x15=00000007
13922817ns          257736 1c0089b4 f8068693 addi             x13, x13, -128      x13=00001f80 x13:00002000
13922837ns          257737 1c0089b8 00379713 slli             x14, x15, 0x3       x14=00000038 x15:00000007
13922857ns          257738 1c0089bc 00279793 slli             x15, x15, 0x2       x15=0000001c x15:00000007
13922877ns          257739 1c0089be 00d7f7b3 and              x15, x15, x13       x15=00000000 x15:0000001c x13:00001f80
13922896ns          257740 1c0089c0 ee873733 p.bclr           x14, x14, 23, 8     x14=00000038 x14:00000038
13922916ns          257741 1c0089c4 1a10f6b7 lui              x13, 0x1a10f000     x13=1a10f000
13922936ns          257742 1c0089c8 0ff57513 andi             x10, x10, 255       x10=0000004f x10:0000004f
13922956ns          257743 1c0089cc 00d70733 add              x14, x14, x13       x14=1a10f038 x14:00000038 x13:1a10f000
13922976ns          257744 1c0089ce 00a7e723 p.sw             x10, x0(x15)        x10:0000004f x15:00000000  PA:1a10f038
13923294ns          257760 1c0089d2 00000513 addi             x10, x0, 0          x10=00000000
13923314ns          257761 1c0089d4 00008067 jalr             x0, x1, 0            x1:1c008ae0
13923354ns          257763 1c008ae0 15f52c63 p.beqimm         x10, 344            x10:00000000
13923374ns          257764 1c008ae4 00140413 addi             x8, x8, 1            x8=00000009  x8:00000008
13923394ns          257765 1c008ae6 0004c503 lbu              x10, 0(x9)          x10=00000052  x9:1c00015d  PA:1c00015d
13923692ns          257780 1c008aea 00148493 addi             x9, x9, 1            x9=1c00015e  x9:1c00015d
13923712ns          257781 1c008aec fe0514e3 bne              x10, x0, -24        x10:00000052
13923772ns          257784 1c008ad4 02500793 addi             x15, x0, 37         x15=00000025
13923791ns          257785 1c008ad8 04f50763 beq              x10, x15, 78        x10:00000052 x15:00000025
13923811ns          257786 1c008adc 017005b3 add              x11, x0, x23        x11=00000002 x23:00000002
13923831ns          257787 1c008ade 000c80e7 jalr             x1, x25, 0           x1=1c008ae0 x25:1c0089d6
13923871ns          257789 1c0089d6 fd9ff06f jal              x0, -40            
13923911ns          257791 1c0089ae 000026b7 lui              x13, 0x2000         x13=00002000
13923931ns          257792 1c0089b0 f14027f3 csrrs            x15, x0, 0xf14      x15=00000007
13923951ns          257793 1c0089b4 f8068693 addi             x13, x13, -128      x13=00001f80 x13:00002000
13923970ns          257794 1c0089b8 00379713 slli             x14, x15, 0x3       x14=00000038 x15:00000007
13923990ns          257795 1c0089bc 00279793 slli             x15, x15, 0x2       x15=0000001c x15:00000007
13924010ns          257796 1c0089be 00d7f7b3 and              x15, x15, x13       x15=00000000 x15:0000001c x13:00001f80
13924030ns          257797 1c0089c0 ee873733 p.bclr           x14, x14, 23, 8     x14=00000038 x14:00000038
13924050ns          257798 1c0089c4 1a10f6b7 lui              x13, 0x1a10f000     x13=1a10f000
13924070ns          257799 1c0089c8 0ff57513 andi             x10, x10, 255       x10=00000052 x10:00000052
13924090ns          257800 1c0089cc 00d70733 add              x14, x14, x13       x14=1a10f038 x14:00000038 x13:1a10f000
13924110ns          257801 1c0089ce 00a7e723 p.sw             x10, x0(x15)        x10:00000052 x15:00000000  PA:1a10f038
13924428ns          257817 1c0089d2 00000513 addi             x10, x0, 0          x10=00000000
13924448ns          257818 1c0089d4 00008067 jalr             x0, x1, 0            x1:1c008ae0
13924488ns          257820 1c008ae0 15f52c63 p.beqimm         x10, 344            x10:00000000
13924507ns          257821 1c008ae4 00140413 addi             x8, x8, 1            x8=0000000a  x8:00000009
13924527ns          257822 1c008ae6 0004c503 lbu              x10, 0(x9)          x10=00000045  x9:1c00015e  PA:1c00015e
13924845ns          257838 1c008aea 00148493 addi             x9, x9, 1            x9=1c00015f  x9:1c00015e
13924865ns          257839 1c008aec fe0514e3 bne              x10, x0, -24        x10:00000045
13924925ns          257842 1c008ad4 02500793 addi             x15, x0, 37         x15=00000025
13924945ns          257843 1c008ad8 04f50763 beq              x10, x15, 78        x10:00000045 x15:00000025
13924965ns          257844 1c008adc 017005b3 add              x11, x0, x23        x11=00000002 x23:00000002
13924985ns          257845 1c008ade 000c80e7 jalr             x1, x25, 0           x1=1c008ae0 x25:1c0089d6
13925024ns          257847 1c0089d6 fd9ff06f jal              x0, -40            
13925064ns          257849 1c0089ae 000026b7 lui              x13, 0x2000         x13=00002000
13925084ns          257850 1c0089b0 f14027f3 csrrs            x15, x0, 0xf14      x15=00000007
13925104ns          257851 1c0089b4 f8068693 addi             x13, x13, -128      x13=00001f80 x13:00002000
13925124ns          257852 1c0089b8 00379713 slli             x14, x15, 0x3       x14=00000038 x15:00000007
13925144ns          257853 1c0089bc 00279793 slli             x15, x15, 0x2       x15=0000001c x15:00000007
13925164ns          257854 1c0089be 00d7f7b3 and              x15, x15, x13       x15=00000000 x15:0000001c x13:00001f80
13925184ns          257855 1c0089c0 ee873733 p.bclr           x14, x14, 23, 8     x14=00000038 x14:00000038
13925203ns          257856 1c0089c4 1a10f6b7 lui              x13, 0x1a10f000     x13=1a10f000
13925223ns          257857 1c0089c8 0ff57513 andi             x10, x10, 255       x10=00000045 x10:00000045
13925243ns          257858 1c0089cc 00d70733 add              x14, x14, x13       x14=1a10f038 x14:00000038 x13:1a10f000
13925263ns          257859 1c0089ce 00a7e723 p.sw             x10, x0(x15)        x10:00000045 x15:00000000  PA:1a10f038
13925581ns          257875 1c0089d2 00000513 addi             x10, x0, 0          x10=00000000
13925601ns          257876 1c0089d4 00008067 jalr             x0, x1, 0            x1:1c008ae0
13925641ns          257878 1c008ae0 15f52c63 p.beqimm         x10, 344            x10:00000000
13925661ns          257879 1c008ae4 00140413 addi             x8, x8, 1            x8=0000000b  x8:0000000a
13925681ns          257880 1c008ae6 0004c503 lbu              x10, 0(x9)          x10=0000007c  x9:1c00015f  PA:1c00015f
13925979ns          257895 1c008aea 00148493 addi             x9, x9, 1            x9=1c000160  x9:1c00015f
13925999ns          257896 1c008aec fe0514e3 bne              x10, x0, -24        x10:0000007c
13926059ns          257899 1c008ad4 02500793 addi             x15, x0, 37         x15=00000025
13926079ns          257900 1c008ad8 04f50763 beq              x10, x15, 78        x10:0000007c x15:00000025
13926098ns          257901 1c008adc 017005b3 add              x11, x0, x23        x11=00000002 x23:00000002
13926118ns          257902 1c008ade 000c80e7 jalr             x1, x25, 0           x1=1c008ae0 x25:1c0089d6
13926158ns          257904 1c0089d6 fd9ff06f jal              x0, -40            
13926198ns          257906 1c0089ae 000026b7 lui              x13, 0x2000         x13=00002000
13926218ns          257907 1c0089b0 f14027f3 csrrs            x15, x0, 0xf14      x15=00000007
13926238ns          257908 1c0089b4 f8068693 addi             x13, x13, -128      x13=00001f80 x13:00002000
13926258ns          257909 1c0089b8 00379713 slli             x14, x15, 0x3       x14=00000038 x15:00000007
13926277ns          257910 1c0089bc 00279793 slli             x15, x15, 0x2       x15=0000001c x15:00000007
13926297ns          257911 1c0089be 00d7f7b3 and              x15, x15, x13       x15=00000000 x15:0000001c x13:00001f80
13926317ns          257912 1c0089c0 ee873733 p.bclr           x14, x14, 23, 8     x14=00000038 x14:00000038
13926337ns          257913 1c0089c4 1a10f6b7 lui              x13, 0x1a10f000     x13=1a10f000
13926357ns          257914 1c0089c8 0ff57513 andi             x10, x10, 255       x10=0000007c x10:0000007c
13926377ns          257915 1c0089cc 00d70733 add              x14, x14, x13       x14=1a10f038 x14:00000038 x13:1a10f000
13926397ns          257916 1c0089ce 00a7e723 p.sw             x10, x0(x15)        x10:0000007c x15:00000000  PA:1a10f038
13926715ns          257932 1c0089d2 00000513 addi             x10, x0, 0          x10=00000000
13926735ns          257933 1c0089d4 00008067 jalr             x0, x1, 0            x1:1c008ae0
13926775ns          257935 1c008ae0 15f52c63 p.beqimm         x10, 344            x10:00000000
13926795ns          257936 1c008ae4 00140413 addi             x8, x8, 1            x8=0000000c  x8:0000000b
13926814ns          257937 1c008ae6 0004c503 lbu              x10, 0(x9)          x10=00000063  x9:1c000160  PA:1c000160
13927113ns          257952 1c008aea 00148493 addi             x9, x9, 1            x9=1c000161  x9:1c000160
13927133ns          257953 1c008aec fe0514e3 bne              x10, x0, -24        x10:00000063
13927192ns          257956 1c008ad4 02500793 addi             x15, x0, 37         x15=00000025
13927212ns          257957 1c008ad8 04f50763 beq              x10, x15, 78        x10:00000063 x15:00000025
13927232ns          257958 1c008adc 017005b3 add              x11, x0, x23        x11=00000002 x23:00000002
13927252ns          257959 1c008ade 000c80e7 jalr             x1, x25, 0           x1=1c008ae0 x25:1c0089d6
13927292ns          257961 1c0089d6 fd9ff06f jal              x0, -40            
13927331ns          257963 1c0089ae 000026b7 lui              x13, 0x2000         x13=00002000
13927351ns          257964 1c0089b0 f14027f3 csrrs            x15, x0, 0xf14      x15=00000007
13927371ns          257965 1c0089b4 f8068693 addi             x13, x13, -128      x13=00001f80 x13:00002000
13927391ns          257966 1c0089b8 00379713 slli             x14, x15, 0x3       x14=00000038 x15:00000007
13927411ns          257967 1c0089bc 00279793 slli             x15, x15, 0x2       x15=0000001c x15:00000007
13927431ns          257968 1c0089be 00d7f7b3 and              x15, x15, x13       x15=00000000 x15:0000001c x13:00001f80
13927451ns          257969 1c0089c0 ee873733 p.bclr           x14, x14, 23, 8     x14=00000038 x14:00000038
13927471ns          257970 1c0089c4 1a10f6b7 lui              x13, 0x1a10f000     x13=1a10f000
13927491ns          257971 1c0089c8 0ff57513 andi             x10, x10, 255       x10=00000063 x10:00000063
13927510ns          257972 1c0089cc 00d70733 add              x14, x14, x13       x14=1a10f038 x14:00000038 x13:1a10f000
13927530ns          257973 1c0089ce 00a7e723 p.sw             x10, x0(x15)        x10:00000063 x15:00000000  PA:1a10f038
13927849ns          257989 1c0089d2 00000513 addi             x10, x0, 0          x10=00000000
13927868ns          257990 1c0089d4 00008067 jalr             x0, x1, 0            x1:1c008ae0
13927908ns          257992 1c008ae0 15f52c63 p.beqimm         x10, 344            x10:00000000
13927928ns          257993 1c008ae4 00140413 addi             x8, x8, 1            x8=0000000d  x8:0000000c
13927948ns          257994 1c008ae6 0004c503 lbu              x10, 0(x9)          x10=0000006c  x9:1c000161  PA:1c000161
13928246ns          258009 1c008aea 00148493 addi             x9, x9, 1            x9=1c000162  x9:1c000161
13928266ns          258010 1c008aec fe0514e3 bne              x10, x0, -24        x10:0000006c
13928326ns          258013 1c008ad4 02500793 addi             x15, x0, 37         x15=00000025
13928346ns          258014 1c008ad8 04f50763 beq              x10, x15, 78        x10:0000006c x15:00000025
13928366ns          258015 1c008adc 017005b3 add              x11, x0, x23        x11=00000002 x23:00000002
13928386ns          258016 1c008ade 000c80e7 jalr             x1, x25, 0           x1=1c008ae0 x25:1c0089d6
13928425ns          258018 1c0089d6 fd9ff06f jal              x0, -40            
13928465ns          258020 1c0089ae 000026b7 lui              x13, 0x2000         x13=00002000
13928485ns          258021 1c0089b0 f14027f3 csrrs            x15, x0, 0xf14      x15=00000007
13928505ns          258022 1c0089b4 f8068693 addi             x13, x13, -128      x13=00001f80 x13:00002000
13928525ns          258023 1c0089b8 00379713 slli             x14, x15, 0x3       x14=00000038 x15:00000007
13928545ns          258024 1c0089bc 00279793 slli             x15, x15, 0x2       x15=0000001c x15:00000007
13928565ns          258025 1c0089be 00d7f7b3 and              x15, x15, x13       x15=00000000 x15:0000001c x13:00001f80
13928584ns          258026 1c0089c0 ee873733 p.bclr           x14, x14, 23, 8     x14=00000038 x14:00000038
13928604ns          258027 1c0089c4 1a10f6b7 lui              x13, 0x1a10f000     x13=1a10f000
13928624ns          258028 1c0089c8 0ff57513 andi             x10, x10, 255       x10=0000006c x10:0000006c
13928644ns          258029 1c0089cc 00d70733 add              x14, x14, x13       x14=1a10f038 x14:00000038 x13:1a10f000
13928664ns          258030 1c0089ce 00a7e723 p.sw             x10, x0(x15)        x10:0000006c x15:00000000  PA:1a10f038
13928982ns          258046 1c0089d2 00000513 addi             x10, x0, 0          x10=00000000
13929002ns          258047 1c0089d4 00008067 jalr             x0, x1, 0            x1:1c008ae0
13929042ns          258049 1c008ae0 15f52c63 p.beqimm         x10, 344            x10:00000000
13929062ns          258050 1c008ae4 00140413 addi             x8, x8, 1            x8=0000000e  x8:0000000d
13929082ns          258051 1c008ae6 0004c503 lbu              x10, 0(x9)          x10=00000075  x9:1c000162  PA:1c000162
13929380ns          258066 1c008aea 00148493 addi             x9, x9, 1            x9=1c000163  x9:1c000162
13929400ns          258067 1c008aec fe0514e3 bne              x10, x0, -24        x10:00000075
13929460ns          258070 1c008ad4 02500793 addi             x15, x0, 37         x15=00000025
13929479ns          258071 1c008ad8 04f50763 beq              x10, x15, 78        x10:00000075 x15:00000025
13929499ns          258072 1c008adc 017005b3 add              x11, x0, x23        x11=00000002 x23:00000002
13929519ns          258073 1c008ade 000c80e7 jalr             x1, x25, 0           x1=1c008ae0 x25:1c0089d6
13929559ns          258075 1c0089d6 fd9ff06f jal              x0, -40            
13929599ns          258077 1c0089ae 000026b7 lui              x13, 0x2000         x13=00002000
13929619ns          258078 1c0089b0 f14027f3 csrrs            x15, x0, 0xf14      x15=00000007
13929638ns          258079 1c0089b4 f8068693 addi             x13, x13, -128      x13=00001f80 x13:00002000
13929658ns          258080 1c0089b8 00379713 slli             x14, x15, 0x3       x14=00000038 x15:00000007
13929678ns          258081 1c0089bc 00279793 slli             x15, x15, 0x2       x15=0000001c x15:00000007
13929698ns          258082 1c0089be 00d7f7b3 and              x15, x15, x13       x15=00000000 x15:0000001c x13:00001f80
13929718ns          258083 1c0089c0 ee873733 p.bclr           x14, x14, 23, 8     x14=00000038 x14:00000038
13929738ns          258084 1c0089c4 1a10f6b7 lui              x13, 0x1a10f000     x13=1a10f000
13929758ns          258085 1c0089c8 0ff57513 andi             x10, x10, 255       x10=00000075 x10:00000075
13929778ns          258086 1c0089cc 00d70733 add              x14, x14, x13       x14=1a10f038 x14:00000038 x13:1a10f000
13929798ns          258087 1c0089ce 00a7e723 p.sw             x10, x0(x15)        x10:00000075 x15:00000000  PA:1a10f038
13930136ns          258104 1c0089d2 00000513 addi             x10, x0, 0          x10=00000000
13930156ns          258105 1c0089d4 00008067 jalr             x0, x1, 0            x1:1c008ae0
13930195ns          258107 1c008ae0 15f52c63 p.beqimm         x10, 344            x10:00000000
13930215ns          258108 1c008ae4 00140413 addi             x8, x8, 1            x8=0000000f  x8:0000000e
13930235ns          258109 1c008ae6 0004c503 lbu              x10, 0(x9)          x10=00000073  x9:1c000163  PA:1c000163
13930533ns          258124 1c008aea 00148493 addi             x9, x9, 1            x9=1c000164  x9:1c000163
13930553ns          258125 1c008aec fe0514e3 bne              x10, x0, -24        x10:00000073
13930613ns          258128 1c008ad4 02500793 addi             x15, x0, 37         x15=00000025
13930633ns          258129 1c008ad8 04f50763 beq              x10, x15, 78        x10:00000073 x15:00000025
13930653ns          258130 1c008adc 017005b3 add              x11, x0, x23        x11=00000002 x23:00000002
13930673ns          258131 1c008ade 000c80e7 jalr             x1, x25, 0           x1=1c008ae0 x25:1c0089d6
13930712ns          258133 1c0089d6 fd9ff06f jal              x0, -40            
13930752ns          258135 1c0089ae 000026b7 lui              x13, 0x2000         x13=00002000
13930772ns          258136 1c0089b0 f14027f3 csrrs            x15, x0, 0xf14      x15=00000007
13930792ns          258137 1c0089b4 f8068693 addi             x13, x13, -128      x13=00001f80 x13:00002000
13930812ns          258138 1c0089b8 00379713 slli             x14, x15, 0x3       x14=00000038 x15:00000007
13930832ns          258139 1c0089bc 00279793 slli             x15, x15, 0x2       x15=0000001c x15:00000007
13930852ns          258140 1c0089be 00d7f7b3 and              x15, x15, x13       x15=00000000 x15:0000001c x13:00001f80
13930872ns          258141 1c0089c0 ee873733 p.bclr           x14, x14, 23, 8     x14=00000038 x14:00000038
13930891ns          258142 1c0089c4 1a10f6b7 lui              x13, 0x1a10f000     x13=1a10f000
13930911ns          258143 1c0089c8 0ff57513 andi             x10, x10, 255       x10=00000073 x10:00000073
13930931ns          258144 1c0089cc 00d70733 add              x14, x14, x13       x14=1a10f038 x14:00000038 x13:1a10f000
13930951ns          258145 1c0089ce 00a7e723 p.sw             x10, x0(x15)        x10:00000073 x15:00000000  PA:1a10f038
13931269ns          258161 1c0089d2 00000513 addi             x10, x0, 0          x10=00000000
13931289ns          258162 1c0089d4 00008067 jalr             x0, x1, 0            x1:1c008ae0
13931329ns          258164 1c008ae0 15f52c63 p.beqimm         x10, 344            x10:00000000
13931349ns          258165 1c008ae4 00140413 addi             x8, x8, 1            x8=00000010  x8:0000000f
13931369ns          258166 1c008ae6 0004c503 lbu              x10, 0(x9)          x10=00000074  x9:1c000164  PA:1c000164
13931667ns          258181 1c008aea 00148493 addi             x9, x9, 1            x9=1c000165  x9:1c000164
13931687ns          258182 1c008aec fe0514e3 bne              x10, x0, -24        x10:00000074
13931747ns          258185 1c008ad4 02500793 addi             x15, x0, 37         x15=00000025
13931767ns          258186 1c008ad8 04f50763 beq              x10, x15, 78        x10:00000074 x15:00000025
13931786ns          258187 1c008adc 017005b3 add              x11, x0, x23        x11=00000002 x23:00000002
13931806ns          258188 1c008ade 000c80e7 jalr             x1, x25, 0           x1=1c008ae0 x25:1c0089d6
13931846ns          258190 1c0089d6 fd9ff06f jal              x0, -40            
13931886ns          258192 1c0089ae 000026b7 lui              x13, 0x2000         x13=00002000
13931906ns          258193 1c0089b0 f14027f3 csrrs            x15, x0, 0xf14      x15=00000007
13931926ns          258194 1c0089b4 f8068693 addi             x13, x13, -128      x13=00001f80 x13:00002000
13931946ns          258195 1c0089b8 00379713 slli             x14, x15, 0x3       x14=00000038 x15:00000007
13931965ns          258196 1c0089bc 00279793 slli             x15, x15, 0x2       x15=0000001c x15:00000007
13931985ns          258197 1c0089be 00d7f7b3 and              x15, x15, x13       x15=00000000 x15:0000001c x13:00001f80
13932005ns          258198 1c0089c0 ee873733 p.bclr           x14, x14, 23, 8     x14=00000038 x14:00000038
13932025ns          258199 1c0089c4 1a10f6b7 lui              x13, 0x1a10f000     x13=1a10f000
13932045ns          258200 1c0089c8 0ff57513 andi             x10, x10, 255       x10=00000074 x10:00000074
13932065ns          258201 1c0089cc 00d70733 add              x14, x14, x13       x14=1a10f038 x14:00000038 x13:1a10f000
13932085ns          258202 1c0089ce 00a7e723 p.sw             x10, x0(x15)        x10:00000074 x15:00000000  PA:1a10f038
13932403ns          258218 1c0089d2 00000513 addi             x10, x0, 0          x10=00000000
13932423ns          258219 1c0089d4 00008067 jalr             x0, x1, 0            x1:1c008ae0
13932463ns          258221 1c008ae0 15f52c63 p.beqimm         x10, 344            x10:00000000
13932482ns          258222 1c008ae4 00140413 addi             x8, x8, 1            x8=00000011  x8:00000010
13932502ns          258223 1c008ae6 0004c503 lbu              x10, 0(x9)          x10=00000065  x9:1c000165  PA:1c000165
13932801ns          258238 1c008aea 00148493 addi             x9, x9, 1            x9=1c000166  x9:1c000165
13932821ns          258239 1c008aec fe0514e3 bne              x10, x0, -24        x10:00000065
13932880ns          258242 1c008ad4 02500793 addi             x15, x0, 37         x15=00000025
13932900ns          258243 1c008ad8 04f50763 beq              x10, x15, 78        x10:00000065 x15:00000025
13932920ns          258244 1c008adc 017005b3 add              x11, x0, x23        x11=00000002 x23:00000002
13932940ns          258245 1c008ade 000c80e7 jalr             x1, x25, 0           x1=1c008ae0 x25:1c0089d6
13932980ns          258247 1c0089d6 fd9ff06f jal              x0, -40            
13933019ns          258249 1c0089ae 000026b7 lui              x13, 0x2000         x13=00002000
13933039ns          258250 1c0089b0 f14027f3 csrrs            x15, x0, 0xf14      x15=00000007
13933059ns          258251 1c0089b4 f8068693 addi             x13, x13, -128      x13=00001f80 x13:00002000
13933079ns          258252 1c0089b8 00379713 slli             x14, x15, 0x3       x14=00000038 x15:00000007
13933099ns          258253 1c0089bc 00279793 slli             x15, x15, 0x2       x15=0000001c x15:00000007
13933119ns          258254 1c0089be 00d7f7b3 and              x15, x15, x13       x15=00000000 x15:0000001c x13:00001f80
13933139ns          258255 1c0089c0 ee873733 p.bclr           x14, x14, 23, 8     x14=00000038 x14:00000038
13933159ns          258256 1c0089c4 1a10f6b7 lui              x13, 0x1a10f000     x13=1a10f000
13933179ns          258257 1c0089c8 0ff57513 andi             x10, x10, 255       x10=00000065 x10:00000065
13933198ns          258258 1c0089cc 00d70733 add              x14, x14, x13       x14=1a10f038 x14:00000038 x13:1a10f000
13933218ns          258259 1c0089ce 00a7e723 p.sw             x10, x0(x15)        x10:00000065 x15:00000000  PA:1a10f038
13933537ns          258275 1c0089d2 00000513 addi             x10, x0, 0          x10=00000000
13933556ns          258276 1c0089d4 00008067 jalr             x0, x1, 0            x1:1c008ae0
13933596ns          258278 1c008ae0 15f52c63 p.beqimm         x10, 344            x10:00000000
13933616ns          258279 1c008ae4 00140413 addi             x8, x8, 1            x8=00000012  x8:00000011
13933636ns          258280 1c008ae6 0004c503 lbu              x10, 0(x9)          x10=00000072  x9:1c000166  PA:1c000166
13933954ns          258296 1c008aea 00148493 addi             x9, x9, 1            x9=1c000167  x9:1c000166
13933974ns          258297 1c008aec fe0514e3 bne              x10, x0, -24        x10:00000072
13934034ns          258300 1c008ad4 02500793 addi             x15, x0, 37         x15=00000025
13934054ns          258301 1c008ad8 04f50763 beq              x10, x15, 78        x10:00000072 x15:00000025
13934074ns          258302 1c008adc 017005b3 add              x11, x0, x23        x11=00000002 x23:00000002
13934093ns          258303 1c008ade 000c80e7 jalr             x1, x25, 0           x1=1c008ae0 x25:1c0089d6
13934133ns          258305 1c0089d6 fd9ff06f jal              x0, -40            
13934173ns          258307 1c0089ae 000026b7 lui              x13, 0x2000         x13=00002000
13934193ns          258308 1c0089b0 f14027f3 csrrs            x15, x0, 0xf14      x15=00000007
13934213ns          258309 1c0089b4 f8068693 addi             x13, x13, -128      x13=00001f80 x13:00002000
13934233ns          258310 1c0089b8 00379713 slli             x14, x15, 0x3       x14=00000038 x15:00000007
13934253ns          258311 1c0089bc 00279793 slli             x15, x15, 0x2       x15=0000001c x15:00000007
13934272ns          258312 1c0089be 00d7f7b3 and              x15, x15, x13       x15=00000000 x15:0000001c x13:00001f80
13934292ns          258313 1c0089c0 ee873733 p.bclr           x14, x14, 23, 8     x14=00000038 x14:00000038
13934312ns          258314 1c0089c4 1a10f6b7 lui              x13, 0x1a10f000     x13=1a10f000
13934332ns          258315 1c0089c8 0ff57513 andi             x10, x10, 255       x10=00000072 x10:00000072
13934352ns          258316 1c0089cc 00d70733 add              x14, x14, x13       x14=1a10f038 x14:00000038 x13:1a10f000
13934372ns          258317 1c0089ce 00a7e723 p.sw             x10, x0(x15)        x10:00000072 x15:00000000  PA:1a10f038
13934690ns          258333 1c0089d2 00000513 addi             x10, x0, 0          x10=00000000
13934710ns          258334 1c0089d4 00008067 jalr             x0, x1, 0            x1:1c008ae0
13934750ns          258336 1c008ae0 15f52c63 p.beqimm         x10, 344            x10:00000000
13934770ns          258337 1c008ae4 00140413 addi             x8, x8, 1            x8=00000013  x8:00000012
13934789ns          258338 1c008ae6 0004c503 lbu              x10, 0(x9)          x10=0000005f  x9:1c000167  PA:1c000167
13935088ns          258353 1c008aea 00148493 addi             x9, x9, 1            x9=1c000168  x9:1c000167
13935108ns          258354 1c008aec fe0514e3 bne              x10, x0, -24        x10:0000005f
13935167ns          258357 1c008ad4 02500793 addi             x15, x0, 37         x15=00000025
13935187ns          258358 1c008ad8 04f50763 beq              x10, x15, 78        x10:0000005f x15:00000025
13935207ns          258359 1c008adc 017005b3 add              x11, x0, x23        x11=00000002 x23:00000002
13935227ns          258360 1c008ade 000c80e7 jalr             x1, x25, 0           x1=1c008ae0 x25:1c0089d6
13935267ns          258362 1c0089d6 fd9ff06f jal              x0, -40            
13935307ns          258364 1c0089ae 000026b7 lui              x13, 0x2000         x13=00002000
13935326ns          258365 1c0089b0 f14027f3 csrrs            x15, x0, 0xf14      x15=00000007
13935346ns          258366 1c0089b4 f8068693 addi             x13, x13, -128      x13=00001f80 x13:00002000
13935366ns          258367 1c0089b8 00379713 slli             x14, x15, 0x3       x14=00000038 x15:00000007
13935386ns          258368 1c0089bc 00279793 slli             x15, x15, 0x2       x15=0000001c x15:00000007
13935406ns          258369 1c0089be 00d7f7b3 and              x15, x15, x13       x15=00000000 x15:0000001c x13:00001f80
13935426ns          258370 1c0089c0 ee873733 p.bclr           x14, x14, 23, 8     x14=00000038 x14:00000038
13935446ns          258371 1c0089c4 1a10f6b7 lui              x13, 0x1a10f000     x13=1a10f000
13935466ns          258372 1c0089c8 0ff57513 andi             x10, x10, 255       x10=0000005f x10:0000005f
13935486ns          258373 1c0089cc 00d70733 add              x14, x14, x13       x14=1a10f038 x14:00000038 x13:1a10f000
13935505ns          258374 1c0089ce 00a7e723 p.sw             x10, x0(x15)        x10:0000005f x15:00000000  PA:1a10f038
13935824ns          258390 1c0089d2 00000513 addi             x10, x0, 0          x10=00000000
13935844ns          258391 1c0089d4 00008067 jalr             x0, x1, 0            x1:1c008ae0
13935883ns          258393 1c008ae0 15f52c63 p.beqimm         x10, 344            x10:00000000
13935903ns          258394 1c008ae4 00140413 addi             x8, x8, 1            x8=00000014  x8:00000013
13935923ns          258395 1c008ae6 0004c503 lbu              x10, 0(x9)          x10=0000006c  x9:1c000168  PA:1c000168
13936221ns          258410 1c008aea 00148493 addi             x9, x9, 1            x9=1c000169  x9:1c000168
13936241ns          258411 1c008aec fe0514e3 bne              x10, x0, -24        x10:0000006c
13936301ns          258414 1c008ad4 02500793 addi             x15, x0, 37         x15=00000025
13936321ns          258415 1c008ad8 04f50763 beq              x10, x15, 78        x10:0000006c x15:00000025
13936341ns          258416 1c008adc 017005b3 add              x11, x0, x23        x11=00000002 x23:00000002
13936361ns          258417 1c008ade 000c80e7 jalr             x1, x25, 0           x1=1c008ae0 x25:1c0089d6
13936400ns          258419 1c0089d6 fd9ff06f jal              x0, -40            
13936440ns          258421 1c0089ae 000026b7 lui              x13, 0x2000         x13=00002000
13936460ns          258422 1c0089b0 f14027f3 csrrs            x15, x0, 0xf14      x15=00000007
13936480ns          258423 1c0089b4 f8068693 addi             x13, x13, -128      x13=00001f80 x13:00002000
13936500ns          258424 1c0089b8 00379713 slli             x14, x15, 0x3       x14=00000038 x15:00000007
13936520ns          258425 1c0089bc 00279793 slli             x15, x15, 0x2       x15=0000001c x15:00000007
13936540ns          258426 1c0089be 00d7f7b3 and              x15, x15, x13       x15=00000000 x15:0000001c x13:00001f80
13936560ns          258427 1c0089c0 ee873733 p.bclr           x14, x14, 23, 8     x14=00000038 x14:00000038
13936579ns          258428 1c0089c4 1a10f6b7 lui              x13, 0x1a10f000     x13=1a10f000
13936599ns          258429 1c0089c8 0ff57513 andi             x10, x10, 255       x10=0000006c x10:0000006c
13936619ns          258430 1c0089cc 00d70733 add              x14, x14, x13       x14=1a10f038 x14:00000038 x13:1a10f000
13936639ns          258431 1c0089ce 00a7e723 p.sw             x10, x0(x15)        x10:0000006c x15:00000000  PA:1a10f038
13936957ns          258447 1c0089d2 00000513 addi             x10, x0, 0          x10=00000000
13936977ns          258448 1c0089d4 00008067 jalr             x0, x1, 0            x1:1c008ae0
13937017ns          258450 1c008ae0 15f52c63 p.beqimm         x10, 344            x10:00000000
13937037ns          258451 1c008ae4 00140413 addi             x8, x8, 1            x8=00000015  x8:00000014
13937057ns          258452 1c008ae6 0004c503 lbu              x10, 0(x9)          x10=00000031  x9:1c000169  PA:1c000169
13937355ns          258467 1c008aea 00148493 addi             x9, x9, 1            x9=1c00016a  x9:1c000169
13937375ns          258468 1c008aec fe0514e3 bne              x10, x0, -24        x10:00000031
13937435ns          258471 1c008ad4 02500793 addi             x15, x0, 37         x15=00000025
13937454ns          258472 1c008ad8 04f50763 beq              x10, x15, 78        x10:00000031 x15:00000025
13937474ns          258473 1c008adc 017005b3 add              x11, x0, x23        x11=00000002 x23:00000002
13937494ns          258474 1c008ade 000c80e7 jalr             x1, x25, 0           x1=1c008ae0 x25:1c0089d6
13937534ns          258476 1c0089d6 fd9ff06f jal              x0, -40            
13937574ns          258478 1c0089ae 000026b7 lui              x13, 0x2000         x13=00002000
13937594ns          258479 1c0089b0 f14027f3 csrrs            x15, x0, 0xf14      x15=00000007
13937614ns          258480 1c0089b4 f8068693 addi             x13, x13, -128      x13=00001f80 x13:00002000
13937633ns          258481 1c0089b8 00379713 slli             x14, x15, 0x3       x14=00000038 x15:00000007
13937653ns          258482 1c0089bc 00279793 slli             x15, x15, 0x2       x15=0000001c x15:00000007
13937673ns          258483 1c0089be 00d7f7b3 and              x15, x15, x13       x15=00000000 x15:0000001c x13:00001f80
13937693ns          258484 1c0089c0 ee873733 p.bclr           x14, x14, 23, 8     x14=00000038 x14:00000038
13937713ns          258485 1c0089c4 1a10f6b7 lui              x13, 0x1a10f000     x13=1a10f000
13937733ns          258486 1c0089c8 0ff57513 andi             x10, x10, 255       x10=00000031 x10:00000031
13937753ns          258487 1c0089cc 00d70733 add              x14, x14, x13       x14=1a10f038 x14:00000038 x13:1a10f000
13937773ns          258488 1c0089ce 00a7e723 p.sw             x10, x0(x15)        x10:00000031 x15:00000000  PA:1a10f038
13938091ns          258504 1c0089d2 00000513 addi             x10, x0, 0          x10=00000000
13938111ns          258505 1c0089d4 00008067 jalr             x0, x1, 0            x1:1c008ae0
13938151ns          258507 1c008ae0 15f52c63 p.beqimm         x10, 344            x10:00000000
13938170ns          258508 1c008ae4 00140413 addi             x8, x8, 1            x8=00000016  x8:00000015
13938190ns          258509 1c008ae6 0004c503 lbu              x10, 0(x9)          x10=0000007c  x9:1c00016a  PA:1c00016a
13938509ns          258525 1c008aea 00148493 addi             x9, x9, 1            x9=1c00016b  x9:1c00016a
13938528ns          258526 1c008aec fe0514e3 bne              x10, x0, -24        x10:0000007c
13938588ns          258529 1c008ad4 02500793 addi             x15, x0, 37         x15=00000025
13938608ns          258530 1c008ad8 04f50763 beq              x10, x15, 78        x10:0000007c x15:00000025
13938628ns          258531 1c008adc 017005b3 add              x11, x0, x23        x11=00000002 x23:00000002
13938648ns          258532 1c008ade 000c80e7 jalr             x1, x25, 0           x1=1c008ae0 x25:1c0089d6
13938688ns          258534 1c0089d6 fd9ff06f jal              x0, -40            
13938727ns          258536 1c0089ae 000026b7 lui              x13, 0x2000         x13=00002000
13938747ns          258537 1c0089b0 f14027f3 csrrs            x15, x0, 0xf14      x15=00000007
13938767ns          258538 1c0089b4 f8068693 addi             x13, x13, -128      x13=00001f80 x13:00002000
13938787ns          258539 1c0089b8 00379713 slli             x14, x15, 0x3       x14=00000038 x15:00000007
13938807ns          258540 1c0089bc 00279793 slli             x15, x15, 0x2       x15=0000001c x15:00000007
13938827ns          258541 1c0089be 00d7f7b3 and              x15, x15, x13       x15=00000000 x15:0000001c x13:00001f80
13938847ns          258542 1c0089c0 ee873733 p.bclr           x14, x14, 23, 8     x14=00000038 x14:00000038
13938867ns          258543 1c0089c4 1a10f6b7 lui              x13, 0x1a10f000     x13=1a10f000
13938886ns          258544 1c0089c8 0ff57513 andi             x10, x10, 255       x10=0000007c x10:0000007c
13938906ns          258545 1c0089cc 00d70733 add              x14, x14, x13       x14=1a10f038 x14:00000038 x13:1a10f000
13938926ns          258546 1c0089ce 00a7e723 p.sw             x10, x0(x15)        x10:0000007c x15:00000000  PA:1a10f038
13939244ns          258562 1c0089d2 00000513 addi             x10, x0, 0          x10=00000000
13939264ns          258563 1c0089d4 00008067 jalr             x0, x1, 0            x1:1c008ae0
13939304ns          258565 1c008ae0 15f52c63 p.beqimm         x10, 344            x10:00000000
13939324ns          258566 1c008ae4 00140413 addi             x8, x8, 1            x8=00000017  x8:00000016
13939344ns          258567 1c008ae6 0004c503 lbu              x10, 0(x9)          x10=00000070  x9:1c00016b  PA:1c00016b
13939642ns          258582 1c008aea 00148493 addi             x9, x9, 1            x9=1c00016c  x9:1c00016b
13939662ns          258583 1c008aec fe0514e3 bne              x10, x0, -24        x10:00000070
13939722ns          258586 1c008ad4 02500793 addi             x15, x0, 37         x15=00000025
13939742ns          258587 1c008ad8 04f50763 beq              x10, x15, 78        x10:00000070 x15:00000025
13939761ns          258588 1c008adc 017005b3 add              x11, x0, x23        x11=00000002 x23:00000002
13939781ns          258589 1c008ade 000c80e7 jalr             x1, x25, 0           x1=1c008ae0 x25:1c0089d6
13939821ns          258591 1c0089d6 fd9ff06f jal              x0, -40            
13939861ns          258593 1c0089ae 000026b7 lui              x13, 0x2000         x13=00002000
13939881ns          258594 1c0089b0 f14027f3 csrrs            x15, x0, 0xf14      x15=00000007
13939901ns          258595 1c0089b4 f8068693 addi             x13, x13, -128      x13=00001f80 x13:00002000
13939921ns          258596 1c0089b8 00379713 slli             x14, x15, 0x3       x14=00000038 x15:00000007
13939940ns          258597 1c0089bc 00279793 slli             x15, x15, 0x2       x15=0000001c x15:00000007
13939960ns          258598 1c0089be 00d7f7b3 and              x15, x15, x13       x15=00000000 x15:0000001c x13:00001f80
13939980ns          258599 1c0089c0 ee873733 p.bclr           x14, x14, 23, 8     x14=00000038 x14:00000038
13940000ns          258600 1c0089c4 1a10f6b7 lui              x13, 0x1a10f000     x13=1a10f000
13940020ns          258601 1c0089c8 0ff57513 andi             x10, x10, 255       x10=00000070 x10:00000070
13940040ns          258602 1c0089cc 00d70733 add              x14, x14, x13       x14=1a10f038 x14:00000038 x13:1a10f000
13940060ns          258603 1c0089ce 00a7e723 p.sw             x10, x0(x15)        x10:00000070 x15:00000000  PA:1a10f038
13940378ns          258619 1c0089d2 00000513 addi             x10, x0, 0          x10=00000000
13940398ns          258620 1c0089d4 00008067 jalr             x0, x1, 0            x1:1c008ae0
13940438ns          258622 1c008ae0 15f52c63 p.beqimm         x10, 344            x10:00000000
13940458ns          258623 1c008ae4 00140413 addi             x8, x8, 1            x8=00000018  x8:00000017
13940477ns          258624 1c008ae6 0004c503 lbu              x10, 0(x9)          x10=00000065  x9:1c00016c  PA:1c00016c
13940776ns          258639 1c008aea 00148493 addi             x9, x9, 1            x9=1c00016d  x9:1c00016c
13940796ns          258640 1c008aec fe0514e3 bne              x10, x0, -24        x10:00000065
13940855ns          258643 1c008ad4 02500793 addi             x15, x0, 37         x15=00000025
13940875ns          258644 1c008ad8 04f50763 beq              x10, x15, 78        x10:00000065 x15:00000025
13940895ns          258645 1c008adc 017005b3 add              x11, x0, x23        x11=00000002 x23:00000002
13940915ns          258646 1c008ade 000c80e7 jalr             x1, x25, 0           x1=1c008ae0 x25:1c0089d6
13940955ns          258648 1c0089d6 fd9ff06f jal              x0, -40            
13940995ns          258650 1c0089ae 000026b7 lui              x13, 0x2000         x13=00002000
13941014ns          258651 1c0089b0 f14027f3 csrrs            x15, x0, 0xf14      x15=00000007
13941034ns          258652 1c0089b4 f8068693 addi             x13, x13, -128      x13=00001f80 x13:00002000
13941054ns          258653 1c0089b8 00379713 slli             x14, x15, 0x3       x14=00000038 x15:00000007
13941074ns          258654 1c0089bc 00279793 slli             x15, x15, 0x2       x15=0000001c x15:00000007
13941094ns          258655 1c0089be 00d7f7b3 and              x15, x15, x13       x15=00000000 x15:0000001c x13:00001f80
13941114ns          258656 1c0089c0 ee873733 p.bclr           x14, x14, 23, 8     x14=00000038 x14:00000038
13941134ns          258657 1c0089c4 1a10f6b7 lui              x13, 0x1a10f000     x13=1a10f000
13941154ns          258658 1c0089c8 0ff57513 andi             x10, x10, 255       x10=00000065 x10:00000065
13941174ns          258659 1c0089cc 00d70733 add              x14, x14, x13       x14=1a10f038 x14:00000038 x13:1a10f000
13941193ns          258660 1c0089ce 00a7e723 p.sw             x10, x0(x15)        x10:00000065 x15:00000000  PA:1a10f038
13941512ns          258676 1c0089d2 00000513 addi             x10, x0, 0          x10=00000000
13941532ns          258677 1c0089d4 00008067 jalr             x0, x1, 0            x1:1c008ae0
13941571ns          258679 1c008ae0 15f52c63 p.beqimm         x10, 344            x10:00000000
13941591ns          258680 1c008ae4 00140413 addi             x8, x8, 1            x8=00000019  x8:00000018
13941611ns          258681 1c008ae6 0004c503 lbu              x10, 0(x9)          x10=0000003d  x9:1c00016d  PA:1c00016d
13941949ns          258698 1c008aea 00148493 addi             x9, x9, 1            x9=1c00016e  x9:1c00016d
13941969ns          258699 1c008aec fe0514e3 bne              x10, x0, -24        x10:0000003d
13942029ns          258702 1c008ad4 02500793 addi             x15, x0, 37         x15=00000025
13942049ns          258703 1c008ad8 04f50763 beq              x10, x15, 78        x10:0000003d x15:00000025
13942068ns          258704 1c008adc 017005b3 add              x11, x0, x23        x11=00000002 x23:00000002
13942088ns          258705 1c008ade 000c80e7 jalr             x1, x25, 0           x1=1c008ae0 x25:1c0089d6
13942128ns          258707 1c0089d6 fd9ff06f jal              x0, -40            
13942168ns          258709 1c0089ae 000026b7 lui              x13, 0x2000         x13=00002000
13942188ns          258710 1c0089b0 f14027f3 csrrs            x15, x0, 0xf14      x15=00000007
13942208ns          258711 1c0089b4 f8068693 addi             x13, x13, -128      x13=00001f80 x13:00002000
13942228ns          258712 1c0089b8 00379713 slli             x14, x15, 0x3       x14=00000038 x15:00000007
13942247ns          258713 1c0089bc 00279793 slli             x15, x15, 0x2       x15=0000001c x15:00000007
13942267ns          258714 1c0089be 00d7f7b3 and              x15, x15, x13       x15=00000000 x15:0000001c x13:00001f80
13942287ns          258715 1c0089c0 ee873733 p.bclr           x14, x14, 23, 8     x14=00000038 x14:00000038
13942307ns          258716 1c0089c4 1a10f6b7 lui              x13, 0x1a10f000     x13=1a10f000
13942327ns          258717 1c0089c8 0ff57513 andi             x10, x10, 255       x10=0000003d x10:0000003d
13942347ns          258718 1c0089cc 00d70733 add              x14, x14, x13       x14=1a10f038 x14:00000038 x13:1a10f000
13942367ns          258719 1c0089ce 00a7e723 p.sw             x10, x0(x15)        x10:0000003d x15:00000000  PA:1a10f038
13942685ns          258735 1c0089d2 00000513 addi             x10, x0, 0          x10=00000000
13942705ns          258736 1c0089d4 00008067 jalr             x0, x1, 0            x1:1c008ae0
13942745ns          258738 1c008ae0 15f52c63 p.beqimm         x10, 344            x10:00000000
13942765ns          258739 1c008ae4 00140413 addi             x8, x8, 1            x8=0000001a  x8:00000019
13942784ns          258740 1c008ae6 0004c503 lbu              x10, 0(x9)          x10=00000025  x9:1c00016e  PA:1c00016e
13943083ns          258755 1c008aea 00148493 addi             x9, x9, 1            x9=1c00016f  x9:1c00016e
13943103ns          258756 1c008aec fe0514e3 bne              x10, x0, -24        x10:00000025
13943162ns          258759 1c008ad4 02500793 addi             x15, x0, 37         x15=00000025
13943182ns          258760 1c008ad8 04f50763 beq              x10, x15, 78        x10:00000025 x15:00000025
13943321ns          258767 1c008b26 0004cb03 lbu              x22, 0(x9)          x22=00000064  x9:1c00016f  PA:1c00016f
13943620ns          258782 1c008b2a 02000813 addi             x16, x0, 32         x16=00000020
13943640ns          258783 1c008b2e 00148a93 addi             x21, x9, 1          x21=1c000170  x9:1c00016f
13943660ns          258784 1c008b32 016005b3 add              x11, x0, x22        x11=00000064 x22:00000064
13943679ns          258785 1c008b34 2d8d8513 addi             x10, x27, 728       x10=1c0002d8 x27:1c000000
13943699ns          258786 1c008b38 01012823 sw               x16, 16(x2)         x16:00000020  x2:100081a8  PA:100081b8
13943719ns          258787 1c008b3a 00012c23 sw               x0, 24(x2)           x2:100081a8  PA:100081c0
13943739ns          258788 1c008b3c 00012a23 sw               x0, 20(x2)           x2:100081a8  PA:100081bc
13943759ns          258789 1c008b3e 00012e23 sw               x0, 28(x2)           x2:100081a8  PA:100081c4
13943779ns          258790 1c008b40 00012623 sw               x0, 12(x2)           x2:100081a8  PA:100081b4
13943799ns          258791 1c008b42 02300913 addi             x18, x0, 35         x18=00000023
13943819ns          258792 1c008b46 02d00a13 addi             x20, x0, 45         x20=0000002d
13943839ns          258793 1c008b4a 015009b3 add              x19, x0, x21        x19=1c000170 x21:1c000170
13943858ns          258794 1c008b4c de3ff0ef jal              x1, -542             x1=1c008b4e
13944057ns          258804 1c00892e 00054783 lbu              x15, 0(x10)         x15=0000002d x10:1c0002d8  PA:1c0002d8
13944376ns          258820 1c008932 0ff5f593 andi             x11, x11, 255       x11=00000064 x11:00000064
13944395ns          258821 1c008936 00b78c63 beq              x15, x11, 24        x15:0000002d x11:00000064
13944415ns          258822 1c00893a 00078b63 beq              x15, x0, 22         x15:0000002d
13944435ns          258823 1c00893c 00150793 addi             x15, x10, 1         x15=1c0002d9 x10:1c0002d8
13944475ns          258825 1c008940 0040006f jal              x0, 4              
13944515ns          258827 1c008944 00f00533 add              x10, x0, x15        x10=1c0002d9 x15:1c0002d9
13944535ns          258828 1c008946 0017c70b p.lbu            x14, 1(x15!)        x14=0000002b x15=1c0002da x15:1c0002d9  PA:1c0002d9
13944853ns          258844 1c00894a feb71ce3 bne              x14, x11, -8        x14:0000002b x11:00000064
13944912ns          258847 1c008942 00070763 beq              x14, x0, 14         x14:0000002b
13944932ns          258848 1c008944 00f00533 add              x10, x0, x15        x10=1c0002da x15:1c0002da
13944952ns          258849 1c008946 0017c70b p.lbu            x14, 1(x15!)        x14=00000020 x15=1c0002db x15:1c0002da  PA:1c0002da
13945290ns          258866 1c00894a feb71ce3 bne              x14, x11, -8        x14:00000020 x11:00000064
13945350ns          258869 1c008942 00070763 beq              x14, x0, 14         x14:00000020
13945370ns          258870 1c008944 00f00533 add              x10, x0, x15        x10=1c0002db x15:1c0002db
13945390ns          258871 1c008946 0017c70b p.lbu            x14, 1(x15!)        x14=00000023 x15=1c0002dc x15:1c0002db  PA:1c0002db
13945708ns          258887 1c00894a feb71ce3 bne              x14, x11, -8        x14:00000023 x11:00000064
13945768ns          258890 1c008942 00070763 beq              x14, x0, 14         x14:00000023
13945788ns          258891 1c008944 00f00533 add              x10, x0, x15        x10=1c0002dc x15:1c0002dc
13945807ns          258892 1c008946 0017c70b p.lbu            x14, 1(x15!)        x14=00000030 x15=1c0002dd x15:1c0002dc  PA:1c0002dc
13946126ns          258908 1c00894a feb71ce3 bne              x14, x11, -8        x14:00000030 x11:00000064
13946185ns          258911 1c008942 00070763 beq              x14, x0, 14         x14:00000030
13946205ns          258912 1c008944 00f00533 add              x10, x0, x15        x10=1c0002dd x15:1c0002dd
13946225ns          258913 1c008946 0017c70b p.lbu            x14, 1(x15!)        x14=00000000 x15=1c0002de x15:1c0002dd  PA:1c0002dd
13946543ns          258929 1c00894a feb71ce3 bne              x14, x11, -8        x14:00000000 x11:00000064
13946603ns          258932 1c008942 00070763 beq              x14, x0, 14         x14:00000000
13946663ns          258935 1c008950 0015b593 sltiu            x11, x11, 1         x11=00000000 x11:00000064
13946683ns          258936 1c008954 40b005b3 sub              x11, x0, x11        x11=00000000 x11:00000000
13946702ns          258937 1c008958 00b57533 and              x10, x10, x11       x10=00000000 x10:1c0002dd x11:00000000
13946722ns          258938 1c00895a 00008067 jalr             x0, x1, 0            x1:1c008b4e
13946822ns          258943 1c008b4e 02050a63 beq              x10, x0, 52         x10:00000000
13946961ns          258950 1c008b82 02a00613 addi             x12, x0, 42         x12=0000002a
13946981ns          258951 1c008b86 10cb0863 beq              x22, x12, 272       x22:00000064 x12:0000002a
13947001ns          258952 1c008b8a fd0b0613 addi             x12, x22, -48       x12=00000034 x22:00000064
13947021ns          258953 1c008b8e 00900593 addi             x11, x0, 9          x11=00000009
13947060ns          258955 1c008b90 00000a13 addi             x20, x0, 0          x20=00000000
13947100ns          258957 1c008b92 0ec5f263 bgeu             x11, x12, 228       x11:00000009 x12:00000034
13947120ns          258958 1c008b96 02e00713 addi             x14, x0, 46         x14=0000002e
13947140ns          258959 1c008b9a fff00a93 addi             x21, x0, -1         x21=ffffffff
13947160ns          258960 1c008b9c 14eb0563 beq              x22, x14, 330       x22:00000064 x14:0000002e
13947200ns          258962 1c008ba0 1c0007b7 lui              x15, 0x1c000000     x15=1c000000
13947239ns          258964 1c008ba4 016005b3 add              x11, x0, x22        x11=00000064 x22:00000064
13947259ns          258965 1c008ba6 2e078513 addi             x10, x15, 736       x10=1c0002e0 x15:1c000000
13947279ns          258966 1c008baa d85ff0ef jal              x1, -636             x1=1c008bac
13947398ns          258972 1c00892e 00054783 lbu              x15, 0(x10)         x15=00000068 x10:1c0002e0  PA:1c0002e0
13947697ns          258987 1c008932 0ff5f593 andi             x11, x11, 255       x11=00000064 x11:00000064
13947717ns          258988 1c008936 00b78c63 beq              x15, x11, 24        x15:00000068 x11:00000064
13947737ns          258989 1c00893a 00078b63 beq              x15, x0, 22         x15:00000068
13947756ns          258990 1c00893c 00150793 addi             x15, x10, 1         x15=1c0002e1 x10:1c0002e0
13947776ns          258991 1c008940 0040006f jal              x0, 4              
13947816ns          258993 1c008944 00f00533 add              x10, x0, x15        x10=1c0002e1 x15:1c0002e1
13947836ns          258994 1c008946 0017c70b p.lbu            x14, 1(x15!)        x14=0000006c x15=1c0002e2 x15:1c0002e1  PA:1c0002e1
13948154ns          259010 1c00894a feb71ce3 bne              x14, x11, -8        x14:0000006c x11:00000064
13948214ns          259013 1c008942 00070763 beq              x14, x0, 14         x14:0000006c
13948234ns          259014 1c008944 00f00533 add              x10, x0, x15        x10=1c0002e2 x15:1c0002e2
13948254ns          259015 1c008946 0017c70b p.lbu            x14, 1(x15!)        x14=0000004c x15=1c0002e3 x15:1c0002e2  PA:1c0002e2
13948592ns          259032 1c00894a feb71ce3 bne              x14, x11, -8        x14:0000004c x11:00000064
13948651ns          259035 1c008942 00070763 beq              x14, x0, 14         x14:0000004c
13948671ns          259036 1c008944 00f00533 add              x10, x0, x15        x10=1c0002e3 x15:1c0002e3
13948691ns          259037 1c008946 0017c70b p.lbu            x14, 1(x15!)        x14=0000007a x15=1c0002e4 x15:1c0002e3  PA:1c0002e3
13949029ns          259054 1c00894a feb71ce3 bne              x14, x11, -8        x14:0000007a x11:00000064
13949089ns          259057 1c008942 00070763 beq              x14, x0, 14         x14:0000007a
13949109ns          259058 1c008944 00f00533 add              x10, x0, x15        x10=1c0002e4 x15:1c0002e4
13949129ns          259059 1c008946 0017c70b p.lbu            x14, 1(x15!)        x14=00000000 x15=1c0002e5 x15:1c0002e4  PA:1c0002e4
13949447ns          259075 1c00894a feb71ce3 bne              x14, x11, -8        x14:00000000 x11:00000064
13949507ns          259078 1c008942 00070763 beq              x14, x0, 14         x14:00000000
13949566ns          259081 1c008950 0015b593 sltiu            x11, x11, 1         x11=00000000 x11:00000064
13949586ns          259082 1c008954 40b005b3 sub              x11, x0, x11        x11=00000000 x11:00000000
13949606ns          259083 1c008958 00b57533 and              x10, x10, x11       x10=00000000 x10:1c0002e4 x11:00000000
13949626ns          259084 1c00895a 00008067 jalr             x0, x1, 0            x1:1c008bac
13949666ns          259086 1c008bac 013004b3 add              x9, x0, x19          x9=1c000170 x19:1c000170
13949686ns          259087 1c008bae 00050563 beq              x10, x0, 10         x10:00000000
13949745ns          259090 1c008bb8 06700713 addi             x14, x0, 103        x14=00000067
13949765ns          259091 1c008bbc 0f675b63 bge              x14, x22, 246       x14:00000067 x22:00000064
13949944ns          259100 1c008cb2 06500713 addi             x14, x0, 101        x14=00000065
13949964ns          259101 1c008cb6 0ceb5863 bge              x22, x14, 208       x22:00000064 x14:00000065
13949984ns          259102 1c008cba 04700713 addi             x14, x0, 71         x14=00000047
13950044ns          259105 1c008cbe 4d674d63 blt              x14, x22, 1242      x14:00000047 x22:00000064
13950143ns          259110 1c009198 06300713 addi             x14, x0, 99         x14=00000063
13950183ns          259112 1c00919c 10eb0a63 beq              x22, x14, 276       x22:00000064 x14:00000063
13950242ns          259115 1c0091a0 0d674263 blt              x14, x22, 196       x14:00000063 x22:00000064
13950342ns          259120 1c009264 000c2583 lw               x11, 0(x24)         x11=00000007 x24:100082fc  PA:100082fc
13950382ns          259122 1c009268 004c0c13 addi             x24, x24, 4         x24=10008300 x24:100082fc
13950402ns          259123 1c00926a 1e05c963 blt              x11, x0, 498        x11:00000007
13950421ns          259124 1c00926e 01412783 lw               x15, 20(x2)         x15=00000000  x2:100081a8  PA:100081bc
13950461ns          259126 1c009270 18079663 bne              x15, x0, 396        x15:00000000
13950501ns          259128 1c009274 01812803 lw               x16, 24(x2)         x16=00000000  x2:100081a8  PA:100081c0
13950541ns          259130 1c009276 32080963 beq              x16, x0, 818        x16:00000000
13950680ns          259137 1c0095a8 015006b3 add              x13, x0, x21        x13=ffffffff x21:ffffffff
13950700ns          259138 1c0095aa 00a00613 addi             x12, x0, 10         x12=0000000a
13950720ns          259139 1c0095ac 01a00533 add              x10, x0, x26        x10=100081cc x26:100081cc
13950779ns          259142 1c0095ae c74ff0ef jal              x1, -2956            x1=1c0095b2
13950859ns          259146 1c008a22 00a00733 add              x14, x0, x10        x14=100081cc x10:100081cc
13950899ns          259148 1c008a24 00a007b3 add              x15, x0, x10        x15=100081cc x10:100081cc
13950919ns          259149 1c008a26 00900313 addi             x6, x0, 9            x6=00000009
13950939ns          259150 1c008a28 02c5f8b3 remu             x17, x11, x12       x17=00000007 x11:00000007 x12:0000000a
13951555ns          259181 1c008a2c 0ff8f813 andi             x16, x17, 255       x16=00000007 x17:00000007
13951575ns          259182 1c008a30 00000513 addi             x10, x0, 0          x10=00000000
13951595ns          259183 1c008a32 02c5d5b3 divu             x11, x11, x12       x11=00000000 x11:00000007 x12:0000000a
13952211ns          259214 1c008a36 03080813 addi             x16, x16, 48        x16=00000037 x16:00000007
13952231ns          259215 1c008a3a 01137463 bgeu             x6, x17, 8           x6:00000009 x17:00000007
13952291ns          259218 1c008a42 01050533 add              x10, x10, x16       x10=00000037 x10:00000000 x16:00000037
13952311ns          259219 1c008a44 00a780ab p.sb             x10, 1(x15!)        x15=100081cd x10:00000037 x15:100081cc  PA:100081cc
13952331ns          259220 1c008a48 fe0590e3 bne              x11, x0, -32        x11:00000000
13952351ns          259221 1c008a4a 40e78533 sub              x10, x15, x14       x10=00000001 x15:100081cd x14:100081cc
13952410ns          259224 1c008a4e 00d55d63 bge              x10, x13, 26        x10:00000001 x13:ffffffff
13952510ns          259229 1c008a68 fe078fab p.sb             x0, -1(x15!)        x15=100081cc x15:100081cd  PA:100081cd
13952549ns          259231 1c008a6c 00f77c63 bgeu             x14, x15, 24        x14:100081cc x15:100081cc
13952649ns          259236 1c008a84 00008067 jalr             x0, x1, 0            x1:1c0095b2
13952689ns          259238 1c0095b2 00a009b3 add              x19, x0, x10        x19=00000001 x10:00000001
13952709ns          259239 1c0095b4 00012623 sw               x0, 12(x2)           x2:100081a8  PA:100081b4
13952728ns          259240 1c0095b6 ce7ff06f jal              x0, -794           
13952808ns          259244 1c00929c e7faa7e3 p.beqimm         x21, -402           x21:ffffffff
13953007ns          259254 1c00910a 0c800793 addi             x15, x0, 200        x15=000000c8
13953067ns          259257 1c00910e b337c5e3 blt              x15, x19, -1238     x15:000000c8 x19:00000001
13953106ns          259259 1c009112 0f49c363 blt              x19, x20, 230       x19:00000001 x20:00000000
13953126ns          259260 1c009116 01300a33 add              x20, x0, x19        x20=00000001 x19:00000001
13953146ns          259261 1c009118 b00a11e3 bne              x20, x0, -1278      x20:00000001
13953285ns          259268 1c008c1a 01a00933 add              x18, x0, x26        x18=100081cc x26:100081cc
13953325ns          259270 1c008c1c 41a409b3 sub              x19, x8, x26        x19=efff7e4e  x8:0000001a x26:100081cc
13953385ns          259273 1c008c20 00a0006f jal              x0, 10             
13953444ns          259276 1c008c2a 0019450b p.lbu            x10, 1(x18!)        x10=00000037 x18=100081cd x18:100081cc  PA:100081cc
13953464ns          259277 1c008c2e 017005b3 add              x11, x0, x23        x11=00000002 x23:00000002
13953504ns          259279 1c008c30 000c80e7 jalr             x1, x25, 0           x1=1c008c32 x25:1c0089d6
13953584ns          259283 1c0089d6 fd9ff06f jal              x0, -40            
13953663ns          259287 1c0089ae 000026b7 lui              x13, 0x2000         x13=00002000
13953743ns          259291 1c0089b0 f14027f3 csrrs            x15, x0, 0xf14      x15=00000007
13953783ns          259293 1c0089b4 f8068693 addi             x13, x13, -128      x13=00001f80 x13:00002000
13953802ns          259294 1c0089b8 00379713 slli             x14, x15, 0x3       x14=00000038 x15:00000007
13953822ns          259295 1c0089bc 00279793 slli             x15, x15, 0x2       x15=0000001c x15:00000007
13953842ns          259296 1c0089be 00d7f7b3 and              x15, x15, x13       x15=00000000 x15:0000001c x13:00001f80
13953882ns          259298 1c0089c0 ee873733 p.bclr           x14, x14, 23, 8     x14=00000038 x14:00000038
13953922ns          259300 1c0089c4 1a10f6b7 lui              x13, 0x1a10f000     x13=1a10f000
13953942ns          259301 1c0089c8 0ff57513 andi             x10, x10, 255       x10=00000037 x10:00000037
13953962ns          259302 1c0089cc 00d70733 add              x14, x14, x13       x14=1a10f038 x14:00000038 x13:1a10f000
13953981ns          259303 1c0089ce 00a7e723 p.sw             x10, x0(x15)        x10:00000037 x15:00000000  PA:1a10f038
13954300ns          259319 1c0089d2 00000513 addi             x10, x0, 0          x10=00000000
13954320ns          259320 1c0089d4 00008067 jalr             x0, x1, 0            x1:1c008c32
13954359ns          259322 1c008c32 fffa0a13 addi             x20, x20, -1        x20=00000000 x20:00000001
13954379ns          259323 1c008c34 fff537e3 p.bneimm         x10, -18            x10:00000000
13954518ns          259330 1c008c22 01298433 add              x8, x19, x18         x8=0000001b x19:efff7e4e x18:100081cd
13954538ns          259331 1c008c26 ea0a03e3 beq              x20, x0, -346       x20:00000000
13954638ns          259336 1c008acc 0004c503 lbu              x10, 0(x9)          x10=0000007c  x9:1c000170  PA:1c000170
13954976ns          259353 1c008ad0 00148493 addi             x9, x9, 1            x9=1c000171  x9:1c000170
13954996ns          259354 1c008ad2 00050e63 beq              x10, x0, 28         x10:0000007c
13955016ns          259355 1c008ad4 02500793 addi             x15, x0, 37         x15=00000025
13955035ns          259356 1c008ad8 04f50763 beq              x10, x15, 78        x10:0000007c x15:00000025
13955055ns          259357 1c008adc 017005b3 add              x11, x0, x23        x11=00000002 x23:00000002
13955075ns          259358 1c008ade 000c80e7 jalr             x1, x25, 0           x1=1c008ae0 x25:1c0089d6
13955135ns          259361 1c0089d6 fd9ff06f jal              x0, -40            
13955175ns          259363 1c0089ae 000026b7 lui              x13, 0x2000         x13=00002000
13955195ns          259364 1c0089b0 f14027f3 csrrs            x15, x0, 0xf14      x15=00000007
13955214ns          259365 1c0089b4 f8068693 addi             x13, x13, -128      x13=00001f80 x13:00002000
13955234ns          259366 1c0089b8 00379713 slli             x14, x15, 0x3       x14=00000038 x15:00000007
13955254ns          259367 1c0089bc 00279793 slli             x15, x15, 0x2       x15=0000001c x15:00000007
13955274ns          259368 1c0089be 00d7f7b3 and              x15, x15, x13       x15=00000000 x15:0000001c x13:00001f80
13955314ns          259370 1c0089c0 ee873733 p.bclr           x14, x14, 23, 8     x14=00000038 x14:00000038
13955354ns          259372 1c0089c4 1a10f6b7 lui              x13, 0x1a10f000     x13=1a10f000
13955374ns          259373 1c0089c8 0ff57513 andi             x10, x10, 255       x10=0000007c x10:0000007c
13955393ns          259374 1c0089cc 00d70733 add              x14, x14, x13       x14=1a10f038 x14:00000038 x13:1a10f000
13955413ns          259375 1c0089ce 00a7e723 p.sw             x10, x0(x15)        x10:0000007c x15:00000000  PA:1a10f038
13955732ns          259391 1c0089d2 00000513 addi             x10, x0, 0          x10=00000000
13955751ns          259392 1c0089d4 00008067 jalr             x0, x1, 0            x1:1c008ae0
13955791ns          259394 1c008ae0 15f52c63 p.beqimm         x10, 344            x10:00000000
13955811ns          259395 1c008ae4 00140413 addi             x8, x8, 1            x8=0000001c  x8:0000001b
13955831ns          259396 1c008ae6 0004c503 lbu              x10, 0(x9)          x10=00000073  x9:1c000171  PA:1c000171
13956129ns          259411 1c008aea 00148493 addi             x9, x9, 1            x9=1c000172  x9:1c000171
13956149ns          259412 1c008aec fe0514e3 bne              x10, x0, -24        x10:00000073
13956209ns          259415 1c008ad4 02500793 addi             x15, x0, 37         x15=00000025
13956229ns          259416 1c008ad8 04f50763 beq              x10, x15, 78        x10:00000073 x15:00000025
13956249ns          259417 1c008adc 017005b3 add              x11, x0, x23        x11=00000002 x23:00000002
13956269ns          259418 1c008ade 000c80e7 jalr             x1, x25, 0           x1=1c008ae0 x25:1c0089d6
13956308ns          259420 1c0089d6 fd9ff06f jal              x0, -40            
13956348ns          259422 1c0089ae 000026b7 lui              x13, 0x2000         x13=00002000
13956368ns          259423 1c0089b0 f14027f3 csrrs            x15, x0, 0xf14      x15=00000007
13956388ns          259424 1c0089b4 f8068693 addi             x13, x13, -128      x13=00001f80 x13:00002000
13956408ns          259425 1c0089b8 00379713 slli             x14, x15, 0x3       x14=00000038 x15:00000007
13956428ns          259426 1c0089bc 00279793 slli             x15, x15, 0x2       x15=0000001c x15:00000007
13956448ns          259427 1c0089be 00d7f7b3 and              x15, x15, x13       x15=00000000 x15:0000001c x13:00001f80
13956467ns          259428 1c0089c0 ee873733 p.bclr           x14, x14, 23, 8     x14=00000038 x14:00000038
13956487ns          259429 1c0089c4 1a10f6b7 lui              x13, 0x1a10f000     x13=1a10f000
13956507ns          259430 1c0089c8 0ff57513 andi             x10, x10, 255       x10=00000073 x10:00000073
13956527ns          259431 1c0089cc 00d70733 add              x14, x14, x13       x14=1a10f038 x14:00000038 x13:1a10f000
13956547ns          259432 1c0089ce 00a7e723 p.sw             x10, x0(x15)        x10:00000073 x15:00000000  PA:1a10f038
13956865ns          259448 1c0089d2 00000513 addi             x10, x0, 0          x10=00000000
13956885ns          259449 1c0089d4 00008067 jalr             x0, x1, 0            x1:1c008ae0
13956925ns          259451 1c008ae0 15f52c63 p.beqimm         x10, 344            x10:00000000
13956945ns          259452 1c008ae4 00140413 addi             x8, x8, 1            x8=0000001d  x8:0000001c
13956965ns          259453 1c008ae6 0004c503 lbu              x10, 0(x9)          x10=00000065  x9:1c000172  PA:1c000172
13957283ns          259469 1c008aea 00148493 addi             x9, x9, 1            x9=1c000173  x9:1c000172
13957303ns          259470 1c008aec fe0514e3 bne              x10, x0, -24        x10:00000065
13957362ns          259473 1c008ad4 02500793 addi             x15, x0, 37         x15=00000025
13957382ns          259474 1c008ad8 04f50763 beq              x10, x15, 78        x10:00000065 x15:00000025
13957402ns          259475 1c008adc 017005b3 add              x11, x0, x23        x11=00000002 x23:00000002
13957422ns          259476 1c008ade 000c80e7 jalr             x1, x25, 0           x1=1c008ae0 x25:1c0089d6
13957462ns          259478 1c0089d6 fd9ff06f jal              x0, -40            
13957502ns          259480 1c0089ae 000026b7 lui              x13, 0x2000         x13=00002000
13957521ns          259481 1c0089b0 f14027f3 csrrs            x15, x0, 0xf14      x15=00000007
13957541ns          259482 1c0089b4 f8068693 addi             x13, x13, -128      x13=00001f80 x13:00002000
13957561ns          259483 1c0089b8 00379713 slli             x14, x15, 0x3       x14=00000038 x15:00000007
13957581ns          259484 1c0089bc 00279793 slli             x15, x15, 0x2       x15=0000001c x15:00000007
13957601ns          259485 1c0089be 00d7f7b3 and              x15, x15, x13       x15=00000000 x15:0000001c x13:00001f80
13957621ns          259486 1c0089c0 ee873733 p.bclr           x14, x14, 23, 8     x14=00000038 x14:00000038
13957641ns          259487 1c0089c4 1a10f6b7 lui              x13, 0x1a10f000     x13=1a10f000
13957661ns          259488 1c0089c8 0ff57513 andi             x10, x10, 255       x10=00000065 x10:00000065
13957681ns          259489 1c0089cc 00d70733 add              x14, x14, x13       x14=1a10f038 x14:00000038 x13:1a10f000
13957700ns          259490 1c0089ce 00a7e723 p.sw             x10, x0(x15)        x10:00000065 x15:00000000  PA:1a10f038
13958019ns          259506 1c0089d2 00000513 addi             x10, x0, 0          x10=00000000
13958039ns          259507 1c0089d4 00008067 jalr             x0, x1, 0            x1:1c008ae0
13958078ns          259509 1c008ae0 15f52c63 p.beqimm         x10, 344            x10:00000000
13958098ns          259510 1c008ae4 00140413 addi             x8, x8, 1            x8=0000001e  x8:0000001d
13958118ns          259511 1c008ae6 0004c503 lbu              x10, 0(x9)          x10=00000065  x9:1c000173  PA:1c000173
13958416ns          259526 1c008aea 00148493 addi             x9, x9, 1            x9=1c000174  x9:1c000173
13958436ns          259527 1c008aec fe0514e3 bne              x10, x0, -24        x10:00000065
13958496ns          259530 1c008ad4 02500793 addi             x15, x0, 37         x15=00000025
13958516ns          259531 1c008ad8 04f50763 beq              x10, x15, 78        x10:00000065 x15:00000025
13958536ns          259532 1c008adc 017005b3 add              x11, x0, x23        x11=00000002 x23:00000002
13958556ns          259533 1c008ade 000c80e7 jalr             x1, x25, 0           x1=1c008ae0 x25:1c0089d6
13958595ns          259535 1c0089d6 fd9ff06f jal              x0, -40            
13958635ns          259537 1c0089ae 000026b7 lui              x13, 0x2000         x13=00002000
13958655ns          259538 1c0089b0 f14027f3 csrrs            x15, x0, 0xf14      x15=00000007
13958675ns          259539 1c0089b4 f8068693 addi             x13, x13, -128      x13=00001f80 x13:00002000
13958695ns          259540 1c0089b8 00379713 slli             x14, x15, 0x3       x14=00000038 x15:00000007
13958715ns          259541 1c0089bc 00279793 slli             x15, x15, 0x2       x15=0000001c x15:00000007
13958735ns          259542 1c0089be 00d7f7b3 and              x15, x15, x13       x15=00000000 x15:0000001c x13:00001f80
13958755ns          259543 1c0089c0 ee873733 p.bclr           x14, x14, 23, 8     x14=00000038 x14:00000038
13958774ns          259544 1c0089c4 1a10f6b7 lui              x13, 0x1a10f000     x13=1a10f000
13958794ns          259545 1c0089c8 0ff57513 andi             x10, x10, 255       x10=00000065 x10:00000065
13958814ns          259546 1c0089cc 00d70733 add              x14, x14, x13       x14=1a10f038 x14:00000038 x13:1a10f000
13958834ns          259547 1c0089ce 00a7e723 p.sw             x10, x0(x15)        x10:00000065 x15:00000000  PA:1a10f038
13959172ns          259564 1c0089d2 00000513 addi             x10, x0, 0          x10=00000000
13959192ns          259565 1c0089d4 00008067 jalr             x0, x1, 0            x1:1c008ae0
13959232ns          259567 1c008ae0 15f52c63 p.beqimm         x10, 344            x10:00000000
13959252ns          259568 1c008ae4 00140413 addi             x8, x8, 1            x8=0000001f  x8:0000001e
13959272ns          259569 1c008ae6 0004c503 lbu              x10, 0(x9)          x10=0000006e  x9:1c000174  PA:1c000174
13959570ns          259584 1c008aea 00148493 addi             x9, x9, 1            x9=1c000175  x9:1c000174
13959590ns          259585 1c008aec fe0514e3 bne              x10, x0, -24        x10:0000006e
13959649ns          259588 1c008ad4 02500793 addi             x15, x0, 37         x15=00000025
13959669ns          259589 1c008ad8 04f50763 beq              x10, x15, 78        x10:0000006e x15:00000025
13959689ns          259590 1c008adc 017005b3 add              x11, x0, x23        x11=00000002 x23:00000002
13959709ns          259591 1c008ade 000c80e7 jalr             x1, x25, 0           x1=1c008ae0 x25:1c0089d6
13959749ns          259593 1c0089d6 fd9ff06f jal              x0, -40            
13959789ns          259595 1c0089ae 000026b7 lui              x13, 0x2000         x13=00002000
13959809ns          259596 1c0089b0 f14027f3 csrrs            x15, x0, 0xf14      x15=00000007
13959828ns          259597 1c0089b4 f8068693 addi             x13, x13, -128      x13=00001f80 x13:00002000
13959848ns          259598 1c0089b8 00379713 slli             x14, x15, 0x3       x14=00000038 x15:00000007
13959868ns          259599 1c0089bc 00279793 slli             x15, x15, 0x2       x15=0000001c x15:00000007
13959888ns          259600 1c0089be 00d7f7b3 and              x15, x15, x13       x15=00000000 x15:0000001c x13:00001f80
13959908ns          259601 1c0089c0 ee873733 p.bclr           x14, x14, 23, 8     x14=00000038 x14:00000038
13959928ns          259602 1c0089c4 1a10f6b7 lui              x13, 0x1a10f000     x13=1a10f000
13959948ns          259603 1c0089c8 0ff57513 andi             x10, x10, 255       x10=0000006e x10:0000006e
13959968ns          259604 1c0089cc 00d70733 add              x14, x14, x13       x14=1a10f038 x14:00000038 x13:1a10f000
13959988ns          259605 1c0089ce 00a7e723 p.sw             x10, x0(x15)        x10:0000006e x15:00000000  PA:1a10f038
13960306ns          259621 1c0089d2 00000513 addi             x10, x0, 0          x10=00000000
13960326ns          259622 1c0089d4 00008067 jalr             x0, x1, 0            x1:1c008ae0
13960365ns          259624 1c008ae0 15f52c63 p.beqimm         x10, 344            x10:00000000
13960385ns          259625 1c008ae4 00140413 addi             x8, x8, 1            x8=00000020  x8:0000001f
13960405ns          259626 1c008ae6 0004c503 lbu              x10, 0(x9)          x10=0000003d  x9:1c000175  PA:1c000175
13960723ns          259642 1c008aea 00148493 addi             x9, x9, 1            x9=1c000176  x9:1c000175
13960743ns          259643 1c008aec fe0514e3 bne              x10, x0, -24        x10:0000003d
13960803ns          259646 1c008ad4 02500793 addi             x15, x0, 37         x15=00000025
13960823ns          259647 1c008ad8 04f50763 beq              x10, x15, 78        x10:0000003d x15:00000025
13960843ns          259648 1c008adc 017005b3 add              x11, x0, x23        x11=00000002 x23:00000002
13960863ns          259649 1c008ade 000c80e7 jalr             x1, x25, 0           x1=1c008ae0 x25:1c0089d6
13960902ns          259651 1c0089d6 fd9ff06f jal              x0, -40            
13960942ns          259653 1c0089ae 000026b7 lui              x13, 0x2000         x13=00002000
13960962ns          259654 1c0089b0 f14027f3 csrrs            x15, x0, 0xf14      x15=00000007
13960982ns          259655 1c0089b4 f8068693 addi             x13, x13, -128      x13=00001f80 x13:00002000
13961002ns          259656 1c0089b8 00379713 slli             x14, x15, 0x3       x14=00000038 x15:00000007
13961022ns          259657 1c0089bc 00279793 slli             x15, x15, 0x2       x15=0000001c x15:00000007
13961042ns          259658 1c0089be 00d7f7b3 and              x15, x15, x13       x15=00000000 x15:0000001c x13:00001f80
13961062ns          259659 1c0089c0 ee873733 p.bclr           x14, x14, 23, 8     x14=00000038 x14:00000038
13961081ns          259660 1c0089c4 1a10f6b7 lui              x13, 0x1a10f000     x13=1a10f000
13961101ns          259661 1c0089c8 0ff57513 andi             x10, x10, 255       x10=0000003d x10:0000003d
13961121ns          259662 1c0089cc 00d70733 add              x14, x14, x13       x14=1a10f038 x14:00000038 x13:1a10f000
13961141ns          259663 1c0089ce 00a7e723 p.sw             x10, x0(x15)        x10:0000003d x15:00000000  PA:1a10f038
13961459ns          259679 1c0089d2 00000513 addi             x10, x0, 0          x10=00000000
13961479ns          259680 1c0089d4 00008067 jalr             x0, x1, 0            x1:1c008ae0
13961519ns          259682 1c008ae0 15f52c63 p.beqimm         x10, 344            x10:00000000
13961539ns          259683 1c008ae4 00140413 addi             x8, x8, 1            x8=00000021  x8:00000020
13961559ns          259684 1c008ae6 0004c503 lbu              x10, 0(x9)          x10=00000030  x9:1c000176  PA:1c000176
13961857ns          259699 1c008aea 00148493 addi             x9, x9, 1            x9=1c000177  x9:1c000176
13961877ns          259700 1c008aec fe0514e3 bne              x10, x0, -24        x10:00000030
13961937ns          259703 1c008ad4 02500793 addi             x15, x0, 37         x15=00000025
13961956ns          259704 1c008ad8 04f50763 beq              x10, x15, 78        x10:00000030 x15:00000025
13961976ns          259705 1c008adc 017005b3 add              x11, x0, x23        x11=00000002 x23:00000002
13961996ns          259706 1c008ade 000c80e7 jalr             x1, x25, 0           x1=1c008ae0 x25:1c0089d6
13962036ns          259708 1c0089d6 fd9ff06f jal              x0, -40            
13962076ns          259710 1c0089ae 000026b7 lui              x13, 0x2000         x13=00002000
13962096ns          259711 1c0089b0 f14027f3 csrrs            x15, x0, 0xf14      x15=00000007
13962116ns          259712 1c0089b4 f8068693 addi             x13, x13, -128      x13=00001f80 x13:00002000
13962135ns          259713 1c0089b8 00379713 slli             x14, x15, 0x3       x14=00000038 x15:00000007
13962155ns          259714 1c0089bc 00279793 slli             x15, x15, 0x2       x15=0000001c x15:00000007
13962175ns          259715 1c0089be 00d7f7b3 and              x15, x15, x13       x15=00000000 x15:0000001c x13:00001f80
13962195ns          259716 1c0089c0 ee873733 p.bclr           x14, x14, 23, 8     x14=00000038 x14:00000038
13962215ns          259717 1c0089c4 1a10f6b7 lui              x13, 0x1a10f000     x13=1a10f000
13962235ns          259718 1c0089c8 0ff57513 andi             x10, x10, 255       x10=00000030 x10:00000030
13962255ns          259719 1c0089cc 00d70733 add              x14, x14, x13       x14=1a10f038 x14:00000038 x13:1a10f000
13962275ns          259720 1c0089ce 00a7e723 p.sw             x10, x0(x15)        x10:00000030 x15:00000000  PA:1a10f038
13962593ns          259736 1c0089d2 00000513 addi             x10, x0, 0          x10=00000000
13962613ns          259737 1c0089d4 00008067 jalr             x0, x1, 0            x1:1c008ae0
13962653ns          259739 1c008ae0 15f52c63 p.beqimm         x10, 344            x10:00000000
13962672ns          259740 1c008ae4 00140413 addi             x8, x8, 1            x8=00000022  x8:00000021
13962692ns          259741 1c008ae6 0004c503 lbu              x10, 0(x9)          x10=00000078  x9:1c000177  PA:1c000177
13962991ns          259756 1c008aea 00148493 addi             x9, x9, 1            x9=1c000178  x9:1c000177
13963011ns          259757 1c008aec fe0514e3 bne              x10, x0, -24        x10:00000078
13963070ns          259760 1c008ad4 02500793 addi             x15, x0, 37         x15=00000025
13963090ns          259761 1c008ad8 04f50763 beq              x10, x15, 78        x10:00000078 x15:00000025
13963110ns          259762 1c008adc 017005b3 add              x11, x0, x23        x11=00000002 x23:00000002
13963130ns          259763 1c008ade 000c80e7 jalr             x1, x25, 0           x1=1c008ae0 x25:1c0089d6
13963170ns          259765 1c0089d6 fd9ff06f jal              x0, -40            
13963209ns          259767 1c0089ae 000026b7 lui              x13, 0x2000         x13=00002000
13963229ns          259768 1c0089b0 f14027f3 csrrs            x15, x0, 0xf14      x15=00000007
13963249ns          259769 1c0089b4 f8068693 addi             x13, x13, -128      x13=00001f80 x13:00002000
13963269ns          259770 1c0089b8 00379713 slli             x14, x15, 0x3       x14=00000038 x15:00000007
13963289ns          259771 1c0089bc 00279793 slli             x15, x15, 0x2       x15=0000001c x15:00000007
13963309ns          259772 1c0089be 00d7f7b3 and              x15, x15, x13       x15=00000000 x15:0000001c x13:00001f80
13963329ns          259773 1c0089c0 ee873733 p.bclr           x14, x14, 23, 8     x14=00000038 x14:00000038
13963349ns          259774 1c0089c4 1a10f6b7 lui              x13, 0x1a10f000     x13=1a10f000
13963369ns          259775 1c0089c8 0ff57513 andi             x10, x10, 255       x10=00000078 x10:00000078
13963388ns          259776 1c0089cc 00d70733 add              x14, x14, x13       x14=1a10f038 x14:00000038 x13:1a10f000
13963408ns          259777 1c0089ce 00a7e723 p.sw             x10, x0(x15)        x10:00000078 x15:00000000  PA:1a10f038
13963727ns          259793 1c0089d2 00000513 addi             x10, x0, 0          x10=00000000
13963746ns          259794 1c0089d4 00008067 jalr             x0, x1, 0            x1:1c008ae0
13963786ns          259796 1c008ae0 15f52c63 p.beqimm         x10, 344            x10:00000000
13963806ns          259797 1c008ae4 00140413 addi             x8, x8, 1            x8=00000023  x8:00000022
13963826ns          259798 1c008ae6 0004c503 lbu              x10, 0(x9)          x10=00000025  x9:1c000178  PA:1c000178
13964144ns          259814 1c008aea 00148493 addi             x9, x9, 1            x9=1c000179  x9:1c000178
13964164ns          259815 1c008aec fe0514e3 bne              x10, x0, -24        x10:00000025
13964224ns          259818 1c008ad4 02500793 addi             x15, x0, 37         x15=00000025
13964244ns          259819 1c008ad8 04f50763 beq              x10, x15, 78        x10:00000025 x15:00000025
13964383ns          259826 1c008b26 0004cb03 lbu              x22, 0(x9)          x22=00000030  x9:1c000179  PA:1c000179
13964681ns          259841 1c008b2a 02000813 addi             x16, x0, 32         x16=00000020
13964701ns          259842 1c008b2e 00148a93 addi             x21, x9, 1          x21=1c00017a  x9:1c000179
13964721ns          259843 1c008b32 016005b3 add              x11, x0, x22        x11=00000030 x22:00000030
13964741ns          259844 1c008b34 2d8d8513 addi             x10, x27, 728       x10=1c0002d8 x27:1c000000
13964761ns          259845 1c008b38 01012823 sw               x16, 16(x2)         x16:00000020  x2:100081a8  PA:100081b8
13964781ns          259846 1c008b3a 00012c23 sw               x0, 24(x2)           x2:100081a8  PA:100081c0
13964800ns          259847 1c008b3c 00012a23 sw               x0, 20(x2)           x2:100081a8  PA:100081bc
13964820ns          259848 1c008b3e 00012e23 sw               x0, 28(x2)           x2:100081a8  PA:100081c4
13964840ns          259849 1c008b40 00012623 sw               x0, 12(x2)           x2:100081a8  PA:100081b4
13964860ns          259850 1c008b42 02300913 addi             x18, x0, 35         x18=00000023
13964880ns          259851 1c008b46 02d00a13 addi             x20, x0, 45         x20=0000002d
13964900ns          259852 1c008b4a 015009b3 add              x19, x0, x21        x19=1c00017a x21:1c00017a
13964920ns          259853 1c008b4c de3ff0ef jal              x1, -542             x1=1c008b4e
13965119ns          259863 1c00892e 00054783 lbu              x15, 0(x10)         x15=0000002d x10:1c0002d8  PA:1c0002d8
13965437ns          259879 1c008932 0ff5f593 andi             x11, x11, 255       x11=00000030 x11:00000030
13965457ns          259880 1c008936 00b78c63 beq              x15, x11, 24        x15:0000002d x11:00000030
13965477ns          259881 1c00893a 00078b63 beq              x15, x0, 22         x15:0000002d
13965497ns          259882 1c00893c 00150793 addi             x15, x10, 1         x15=1c0002d9 x10:1c0002d8
13965536ns          259884 1c008940 0040006f jal              x0, 4              
13965576ns          259886 1c008944 00f00533 add              x10, x0, x15        x10=1c0002d9 x15:1c0002d9
13965596ns          259887 1c008946 0017c70b p.lbu            x14, 1(x15!)        x14=0000002b x15=1c0002da x15:1c0002d9  PA:1c0002d9
13965914ns          259903 1c00894a feb71ce3 bne              x14, x11, -8        x14:0000002b x11:00000030
13965974ns          259906 1c008942 00070763 beq              x14, x0, 14         x14:0000002b
13965994ns          259907 1c008944 00f00533 add              x10, x0, x15        x10=1c0002da x15:1c0002da
13966014ns          259908 1c008946 0017c70b p.lbu            x14, 1(x15!)        x14=00000020 x15=1c0002db x15:1c0002da  PA:1c0002da
13966332ns          259924 1c00894a feb71ce3 bne              x14, x11, -8        x14:00000020 x11:00000030
13966392ns          259927 1c008942 00070763 beq              x14, x0, 14         x14:00000020
13966411ns          259928 1c008944 00f00533 add              x10, x0, x15        x10=1c0002db x15:1c0002db
13966431ns          259929 1c008946 0017c70b p.lbu            x14, 1(x15!)        x14=00000023 x15=1c0002dc x15:1c0002db  PA:1c0002db
13966750ns          259945 1c00894a feb71ce3 bne              x14, x11, -8        x14:00000023 x11:00000030
13966809ns          259948 1c008942 00070763 beq              x14, x0, 14         x14:00000023
13966829ns          259949 1c008944 00f00533 add              x10, x0, x15        x10=1c0002dc x15:1c0002dc
13966849ns          259950 1c008946 0017c70b p.lbu            x14, 1(x15!)        x14=00000030 x15=1c0002dd x15:1c0002dc  PA:1c0002dc
13967167ns          259966 1c00894a feb71ce3 bne              x14, x11, -8        x14:00000030 x11:00000030
13967187ns          259967 1c00894e 00008067 jalr             x0, x1, 0            x1:1c008b4e
13967227ns          259969 1c008b4e 02050a63 beq              x10, x0, 52         x10:1c0002dc
13967286ns          259972 1c008b50 112b0d63 beq              x22, x18, 282       x22:00000030 x18:00000023
13967326ns          259974 1c008b54 0f697463 bgeu             x18, x22, 232       x18:00000023 x22:00000030
13967346ns          259975 1c008b58 114b0563 beq              x22, x20, 266       x22:00000030 x20:0000002d
13967366ns          259976 1c008b5c 03000613 addi             x12, x0, 48         x12=00000030
13967426ns          259979 1c008b60 0ecb0c63 beq              x22, x12, 248       x22:00000030 x12:00000030
13967525ns          259984 1c008c58 03000713 addi             x14, x0, 48         x14=00000030
13967565ns          259986 1c008c5c 00e12823 sw               x14, 16(x2)         x14:00000030  x2:100081a8  PA:100081b8
13967585ns          259987 1c008c5e 015004b3 add              x9, x0, x21          x9=1c00017a x21:1c00017a
13967625ns          259989 1c008c60 f0fff06f jal              x0, -242           
13967724ns          259994 1c008b6e 0004cb03 lbu              x22, 0(x9)          x22=00000038  x9:1c00017a  PA:1c00017a
13968042ns          260010 1c008b72 00148a93 addi             x21, x9, 1          x21=1c00017b  x9:1c00017a
13968062ns          260011 1c008b76 016005b3 add              x11, x0, x22        x11=00000038 x22:00000038
13968082ns          260012 1c008b78 2d8d8513 addi             x10, x27, 728       x10=1c0002d8 x27:1c000000
13968102ns          260013 1c008b7c 015009b3 add              x19, x0, x21        x19=1c00017b x21:1c00017b
13968122ns          260014 1c008b7e db1ff0ef jal              x1, -592             x1=1c008b80
13968201ns          260018 1c00892e 00054783 lbu              x15, 0(x10)         x15=0000002d x10:1c0002d8  PA:1c0002d8
13968500ns          260033 1c008932 0ff5f593 andi             x11, x11, 255       x11=00000038 x11:00000038
13968520ns          260034 1c008936 00b78c63 beq              x15, x11, 24        x15:0000002d x11:00000038
13968539ns          260035 1c00893a 00078b63 beq              x15, x0, 22         x15:0000002d
13968559ns          260036 1c00893c 00150793 addi             x15, x10, 1         x15=1c0002d9 x10:1c0002d8
13968579ns          260037 1c008940 0040006f jal              x0, 4              
13968619ns          260039 1c008944 00f00533 add              x10, x0, x15        x10=1c0002d9 x15:1c0002d9
13968639ns          260040 1c008946 0017c70b p.lbu            x14, 1(x15!)        x14=0000002b x15=1c0002da x15:1c0002d9  PA:1c0002d9
13968957ns          260056 1c00894a feb71ce3 bne              x14, x11, -8        x14:0000002b x11:00000038
13969017ns          260059 1c008942 00070763 beq              x14, x0, 14         x14:0000002b
13969037ns          260060 1c008944 00f00533 add              x10, x0, x15        x10=1c0002da x15:1c0002da
13969057ns          260061 1c008946 0017c70b p.lbu            x14, 1(x15!)        x14=00000020 x15=1c0002db x15:1c0002da  PA:1c0002da
13969375ns          260077 1c00894a feb71ce3 bne              x14, x11, -8        x14:00000020 x11:00000038
13969434ns          260080 1c008942 00070763 beq              x14, x0, 14         x14:00000020
13969454ns          260081 1c008944 00f00533 add              x10, x0, x15        x10=1c0002db x15:1c0002db
13969474ns          260082 1c008946 0017c70b p.lbu            x14, 1(x15!)        x14=00000023 x15=1c0002dc x15:1c0002db  PA:1c0002db
13969792ns          260098 1c00894a feb71ce3 bne              x14, x11, -8        x14:00000023 x11:00000038
13969852ns          260101 1c008942 00070763 beq              x14, x0, 14         x14:00000023
13969872ns          260102 1c008944 00f00533 add              x10, x0, x15        x10=1c0002dc x15:1c0002dc
13969892ns          260103 1c008946 0017c70b p.lbu            x14, 1(x15!)        x14=00000030 x15=1c0002dd x15:1c0002dc  PA:1c0002dc
13970230ns          260120 1c00894a feb71ce3 bne              x14, x11, -8        x14:00000030 x11:00000038
13970290ns          260123 1c008942 00070763 beq              x14, x0, 14         x14:00000030
13970309ns          260124 1c008944 00f00533 add              x10, x0, x15        x10=1c0002dd x15:1c0002dd
13970329ns          260125 1c008946 0017c70b p.lbu            x14, 1(x15!)        x14=00000000 x15=1c0002de x15:1c0002dd  PA:1c0002dd
13970648ns          260141 1c00894a feb71ce3 bne              x14, x11, -8        x14:00000000 x11:00000038
13970707ns          260144 1c008942 00070763 beq              x14, x0, 14         x14:00000000
13970767ns          260147 1c008950 0015b593 sltiu            x11, x11, 1         x11=00000000 x11:00000038
13970787ns          260148 1c008954 40b005b3 sub              x11, x0, x11        x11=00000000 x11:00000000
13970807ns          260149 1c008958 00b57533 and              x10, x10, x11       x10=00000000 x10:1c0002dd x11:00000000
13970827ns          260150 1c00895a 00008067 jalr             x0, x1, 0            x1:1c008b80
13970926ns          260155 1c008b80 fc0518e3 bne              x10, x0, -48        x10:00000000
13970946ns          260156 1c008b82 02a00613 addi             x12, x0, 42         x12=0000002a
13970966ns          260157 1c008b86 10cb0863 beq              x22, x12, 272       x22:00000038 x12:0000002a
13970986ns          260158 1c008b8a fd0b0613 addi             x12, x22, -48       x12=00000008 x22:00000038
13971006ns          260159 1c008b8e 00900593 addi             x11, x0, 9          x11=00000009
13971045ns          260161 1c008b90 00000a13 addi             x20, x0, 0          x20=00000000
13971085ns          260163 1c008b92 0ec5f263 bgeu             x11, x12, 228       x11:00000009 x12:00000008
13971224ns          260170 1c008c76 002a1793 slli             x15, x20, 0x2       x15=00000000 x20:00000000
13971244ns          260171 1c008c7a 014787b3 add              x15, x15, x20       x15=00000000 x15:00000000 x20:00000000
13971264ns          260172 1c008c7c 00179793 slli             x15, x15, 0x1       x15=00000000 x15:00000000
13971284ns          260173 1c008c7e 016787b3 add              x15, x15, x22       x15=00000038 x15:00000000 x22:00000038
13971304ns          260174 1c008c80 000acb03 lbu              x22, 0(x21)         x22=00000078 x21:1c00017b  PA:1c00017b
13971642ns          260191 1c008c84 fd078a13 addi             x20, x15, -48       x20=00000008 x15:00000038
13971662ns          260192 1c008c88 fd0b0793 addi             x15, x22, -48       x15=00000048 x22:00000078
13971682ns          260193 1c008c8c fef5f3e3 bgeu             x11, x15, -26       x11:00000009 x15:00000048
13971702ns          260194 1c008c90 00248993 addi             x19, x9, 2          x19=1c00017c  x9:1c00017a
13971722ns          260195 1c008c94 0140006f jal              x0, 20             
13971801ns          260199 1c008ca8 0c800713 addi             x14, x0, 200        x14=000000c8
13971841ns          260201 1c008cac 04ea5a33 p.minu           x20, x20, x14       x20=00000008 x20:00000008 x14:000000c8
13971900ns          260204 1c008cb0 ee7ff06f jal              x0, -282           
13972020ns          260210 1c008b96 02e00713 addi             x14, x0, 46         x14=0000002e
13972040ns          260211 1c008b9a fff00a93 addi             x21, x0, -1         x21=ffffffff
13972060ns          260212 1c008b9c 14eb0563 beq              x22, x14, 330       x22:00000078 x14:0000002e
13972099ns          260214 1c008ba0 1c0007b7 lui              x15, 0x1c000000     x15=1c000000
13972139ns          260216 1c008ba4 016005b3 add              x11, x0, x22        x11=00000078 x22:00000078
13972159ns          260217 1c008ba6 2e078513 addi             x10, x15, 736       x10=1c0002e0 x15:1c000000
13972179ns          260218 1c008baa d85ff0ef jal              x1, -636             x1=1c008bac
13972398ns          260229 1c00892e 00054783 lbu              x15, 0(x10)         x15=00000068 x10:1c0002e0  PA:1c0002e0
13972716ns          260245 1c008932 0ff5f593 andi             x11, x11, 255       x11=00000078 x11:00000078
13972736ns          260246 1c008936 00b78c63 beq              x15, x11, 24        x15:00000068 x11:00000078
13972756ns          260247 1c00893a 00078b63 beq              x15, x0, 22         x15:00000068
13972776ns          260248 1c00893c 00150793 addi             x15, x10, 1         x15=1c0002e1 x10:1c0002e0
13972795ns          260249 1c008940 0040006f jal              x0, 4              
13972835ns          260251 1c008944 00f00533 add              x10, x0, x15        x10=1c0002e1 x15:1c0002e1
13972855ns          260252 1c008946 0017c70b p.lbu            x14, 1(x15!)        x14=0000006c x15=1c0002e2 x15:1c0002e1  PA:1c0002e1
13973173ns          260268 1c00894a feb71ce3 bne              x14, x11, -8        x14:0000006c x11:00000078
13973233ns          260271 1c008942 00070763 beq              x14, x0, 14         x14:0000006c
13973253ns          260272 1c008944 00f00533 add              x10, x0, x15        x10=1c0002e2 x15:1c0002e2
13973273ns          260273 1c008946 0017c70b p.lbu            x14, 1(x15!)        x14=0000004c x15=1c0002e3 x15:1c0002e2  PA:1c0002e2
13973591ns          260289 1c00894a feb71ce3 bne              x14, x11, -8        x14:0000004c x11:00000078
13973651ns          260292 1c008942 00070763 beq              x14, x0, 14         x14:0000004c
13973671ns          260293 1c008944 00f00533 add              x10, x0, x15        x10=1c0002e3 x15:1c0002e3
13973690ns          260294 1c008946 0017c70b p.lbu            x14, 1(x15!)        x14=0000007a x15=1c0002e4 x15:1c0002e3  PA:1c0002e3
13974009ns          260310 1c00894a feb71ce3 bne              x14, x11, -8        x14:0000007a x11:00000078
13974068ns          260313 1c008942 00070763 beq              x14, x0, 14         x14:0000007a
13974088ns          260314 1c008944 00f00533 add              x10, x0, x15        x10=1c0002e4 x15:1c0002e4
13974108ns          260315 1c008946 0017c70b p.lbu            x14, 1(x15!)        x14=00000000 x15=1c0002e5 x15:1c0002e4  PA:1c0002e4
13974426ns          260331 1c00894a feb71ce3 bne              x14, x11, -8        x14:00000000 x11:00000078
13974486ns          260334 1c008942 00070763 beq              x14, x0, 14         x14:00000000
13974546ns          260337 1c008950 0015b593 sltiu            x11, x11, 1         x11=00000000 x11:00000078
13974565ns          260338 1c008954 40b005b3 sub              x11, x0, x11        x11=00000000 x11:00000000
13974585ns          260339 1c008958 00b57533 and              x10, x10, x11       x10=00000000 x10:1c0002e4 x11:00000000
13974605ns          260340 1c00895a 00008067 jalr             x0, x1, 0            x1:1c008bac
13974645ns          260342 1c008bac 013004b3 add              x9, x0, x19          x9=1c00017c x19:1c00017c
13974665ns          260343 1c008bae 00050563 beq              x10, x0, 10         x10:00000000
13974725ns          260346 1c008bb8 06700713 addi             x14, x0, 103        x14=00000067
13974744ns          260347 1c008bbc 0f675b63 bge              x14, x22, 246       x14:00000067 x22:00000078
13974804ns          260350 1c008bc0 07000713 addi             x14, x0, 112        x14=00000070
13974844ns          260352 1c008bc4 72eb0a63 beq              x22, x14, 1844      x22:00000078 x14:00000070
13974864ns          260353 1c008bc8 15675363 bge              x14, x22, 326       x14:00000070 x22:00000078
13974884ns          260354 1c008bcc 07500713 addi             x14, x0, 117        x14=00000075
13974943ns          260357 1c008bd0 6eeb0963 beq              x22, x14, 1778      x22:00000078 x14:00000075
13974983ns          260359 1c008bd4 07800713 addi             x14, x0, 120        x14=00000078
13975003ns          260360 1c008bd8 5ceb0a63 beq              x22, x14, 1492      x22:00000078 x14:00000078
13975162ns          260368 1c0091ac 00c12803 lw               x16, 12(x2)         x16=00000000  x2:100081a8  PA:100081b4
13975242ns          260372 1c0091ae 004c0913 addi             x18, x24, 4         x18=10008304 x24:10008300
13975281ns          260374 1c0091b2 000c2583 lw               x11, 0(x24)         x11=c0de0007 x24:10008300  PA:10008300
13975301ns          260375 1c0091b6 015006b3 add              x13, x0, x21        x13=ffffffff x21:ffffffff
13975321ns          260376 1c0091b8 01000613 addi             x12, x0, 16         x12=00000010
13975341ns          260377 1c0091ba 18080e63 beq              x16, x0, 412        x16:00000000
13975460ns          260383 1c009356 01a00533 add              x10, x0, x26        x10=100081cc x26:100081cc
13975500ns          260385 1c009358 ecaff0ef jal              x1, -2358            x1=1c00935c
13975580ns          260389 1c008a22 00a00733 add              x14, x0, x10        x14=100081cc x10:100081cc
13975620ns          260391 1c008a24 00a007b3 add              x15, x0, x10        x15=100081cc x10:100081cc
13975639ns          260392 1c008a26 00900313 addi             x6, x0, 9            x6=00000009
13975659ns          260393 1c008a28 02c5f8b3 remu             x17, x11, x12       x17=00000007 x11:c0de0007 x12:00000010
13976256ns          260423 1c008a2c 0ff8f813 andi             x16, x17, 255       x16=00000007 x17:00000007
13976276ns          260424 1c008a30 00000513 addi             x10, x0, 0          x10=00000000
13976296ns          260425 1c008a32 02c5d5b3 divu             x11, x11, x12       x11=0c0de000 x11:c0de0007 x12:00000010
13976892ns          260455 1c008a36 03080813 addi             x16, x16, 48        x16=00000037 x16:00000007
13976912ns          260456 1c008a3a 01137463 bgeu             x6, x17, 8           x6:00000009 x17:00000007
13976972ns          260459 1c008a42 01050533 add              x10, x10, x16       x10=00000037 x10:00000000 x16:00000037
13976992ns          260460 1c008a44 00a780ab p.sb             x10, 1(x15!)        x15=100081cd x10:00000037 x15:100081cc  PA:100081cc
13977012ns          260461 1c008a48 fe0590e3 bne              x11, x0, -32        x11:0c0de000
13977131ns          260467 1c008a28 02c5f8b3 remu             x17, x11, x12       x17=00000000 x11:0c0de000 x12:00000010
13977728ns          260497 1c008a2c 0ff8f813 andi             x16, x17, 255       x16=00000000 x17:00000000
13977748ns          260498 1c008a30 00000513 addi             x10, x0, 0          x10=00000000
13977767ns          260499 1c008a32 02c5d5b3 divu             x11, x11, x12       x11=00c0de00 x11:0c0de000 x12:00000010
13978364ns          260529 1c008a36 03080813 addi             x16, x16, 48        x16=00000030 x16:00000000
13978384ns          260530 1c008a3a 01137463 bgeu             x6, x17, 8           x6:00000009 x17:00000000
13978444ns          260533 1c008a42 01050533 add              x10, x10, x16       x10=00000030 x10:00000000 x16:00000030
13978464ns          260534 1c008a44 00a780ab p.sb             x10, 1(x15!)        x15=100081ce x10:00000030 x15:100081cd  PA:100081cd
13978483ns          260535 1c008a48 fe0590e3 bne              x11, x0, -32        x11:00c0de00
13978543ns          260538 1c008a28 02c5f8b3 remu             x17, x11, x12       x17=00000000 x11:00c0de00 x12:00000010
13979140ns          260568 1c008a2c 0ff8f813 andi             x16, x17, 255       x16=00000000 x17:00000000
13979160ns          260569 1c008a30 00000513 addi             x10, x0, 0          x10=00000000
13979180ns          260570 1c008a32 02c5d5b3 divu             x11, x11, x12       x11=000c0de0 x11:00c0de00 x12:00000010
13979776ns          260600 1c008a36 03080813 addi             x16, x16, 48        x16=00000030 x16:00000000
13979796ns          260601 1c008a3a 01137463 bgeu             x6, x17, 8           x6:00000009 x17:00000000
13979856ns          260604 1c008a42 01050533 add              x10, x10, x16       x10=00000030 x10:00000000 x16:00000030
13979876ns          260605 1c008a44 00a780ab p.sb             x10, 1(x15!)        x15=100081cf x10:00000030 x15:100081ce  PA:100081ce
13979895ns          260606 1c008a48 fe0590e3 bne              x11, x0, -32        x11:000c0de0
13979955ns          260609 1c008a28 02c5f8b3 remu             x17, x11, x12       x17=00000000 x11:000c0de0 x12:00000010
13980552ns          260639 1c008a2c 0ff8f813 andi             x16, x17, 255       x16=00000000 x17:00000000
13980572ns          260640 1c008a30 00000513 addi             x10, x0, 0          x10=00000000
13980592ns          260641 1c008a32 02c5d5b3 divu             x11, x11, x12       x11=0000c0de x11:000c0de0 x12:00000010
13981188ns          260671 1c008a36 03080813 addi             x16, x16, 48        x16=00000030 x16:00000000
13981208ns          260672 1c008a3a 01137463 bgeu             x6, x17, 8           x6:00000009 x17:00000000
13981268ns          260675 1c008a42 01050533 add              x10, x10, x16       x10=00000030 x10:00000000 x16:00000030
13981288ns          260676 1c008a44 00a780ab p.sb             x10, 1(x15!)        x15=100081d0 x10:00000030 x15:100081cf  PA:100081cf
13981308ns          260677 1c008a48 fe0590e3 bne              x11, x0, -32        x11:0000c0de
13981367ns          260680 1c008a28 02c5f8b3 remu             x17, x11, x12       x17=0000000e x11:0000c0de x12:00000010
13981964ns          260710 1c008a2c 0ff8f813 andi             x16, x17, 255       x16=0000000e x17:0000000e
13981984ns          260711 1c008a30 00000513 addi             x10, x0, 0          x10=00000000
13982004ns          260712 1c008a32 02c5d5b3 divu             x11, x11, x12       x11=00000c0d x11:0000c0de x12:00000010
13982600ns          260742 1c008a36 03080813 addi             x16, x16, 48        x16=0000003e x16:0000000e
13982620ns          260743 1c008a3a 01137463 bgeu             x6, x17, 8           x6:00000009 x17:0000000e
13982640ns          260744 1c008a3e 02700513 addi             x10, x0, 39         x10=00000027
13982660ns          260745 1c008a42 01050533 add              x10, x10, x16       x10=00000065 x10:00000027 x16:0000003e
13982680ns          260746 1c008a44 00a780ab p.sb             x10, 1(x15!)        x15=100081d1 x10:00000065 x15:100081d0  PA:100081d0
13982700ns          260747 1c008a48 fe0590e3 bne              x11, x0, -32        x11:00000c0d
13982759ns          260750 1c008a28 02c5f8b3 remu             x17, x11, x12       x17=0000000d x11:00000c0d x12:00000010
13983356ns          260780 1c008a2c 0ff8f813 andi             x16, x17, 255       x16=0000000d x17:0000000d
13983376ns          260781 1c008a30 00000513 addi             x10, x0, 0          x10=00000000
13983396ns          260782 1c008a32 02c5d5b3 divu             x11, x11, x12       x11=000000c0 x11:00000c0d x12:00000010
13983992ns          260812 1c008a36 03080813 addi             x16, x16, 48        x16=0000003d x16:0000000d
13984012ns          260813 1c008a3a 01137463 bgeu             x6, x17, 8           x6:00000009 x17:0000000d
13984032ns          260814 1c008a3e 02700513 addi             x10, x0, 39         x10=00000027
13984052ns          260815 1c008a42 01050533 add              x10, x10, x16       x10=00000064 x10:00000027 x16:0000003d
13984072ns          260816 1c008a44 00a780ab p.sb             x10, 1(x15!)        x15=100081d2 x10:00000064 x15:100081d1  PA:100081d1
13984092ns          260817 1c008a48 fe0590e3 bne              x11, x0, -32        x11:000000c0
13984152ns          260820 1c008a28 02c5f8b3 remu             x17, x11, x12       x17=00000000 x11:000000c0 x12:00000010
13984748ns          260850 1c008a2c 0ff8f813 andi             x16, x17, 255       x16=00000000 x17:00000000
13984768ns          260851 1c008a30 00000513 addi             x10, x0, 0          x10=00000000
13984788ns          260852 1c008a32 02c5d5b3 divu             x11, x11, x12       x11=0000000c x11:000000c0 x12:00000010
13985385ns          260882 1c008a36 03080813 addi             x16, x16, 48        x16=00000030 x16:00000000
13985404ns          260883 1c008a3a 01137463 bgeu             x6, x17, 8           x6:00000009 x17:00000000
13985464ns          260886 1c008a42 01050533 add              x10, x10, x16       x10=00000030 x10:00000000 x16:00000030
13985484ns          260887 1c008a44 00a780ab p.sb             x10, 1(x15!)        x15=100081d3 x10:00000030 x15:100081d2  PA:100081d2
13985504ns          260888 1c008a48 fe0590e3 bne              x11, x0, -32        x11:0000000c
13985564ns          260891 1c008a28 02c5f8b3 remu             x17, x11, x12       x17=0000000c x11:0000000c x12:00000010
13986160ns          260921 1c008a2c 0ff8f813 andi             x16, x17, 255       x16=0000000c x17:0000000c
13986180ns          260922 1c008a30 00000513 addi             x10, x0, 0          x10=00000000
13986200ns          260923 1c008a32 02c5d5b3 divu             x11, x11, x12       x11=00000000 x11:0000000c x12:00000010
13986797ns          260953 1c008a36 03080813 addi             x16, x16, 48        x16=0000003c x16:0000000c
13986816ns          260954 1c008a3a 01137463 bgeu             x6, x17, 8           x6:00000009 x17:0000000c
13986836ns          260955 1c008a3e 02700513 addi             x10, x0, 39         x10=00000027
13986856ns          260956 1c008a42 01050533 add              x10, x10, x16       x10=00000063 x10:00000027 x16:0000003c
13986876ns          260957 1c008a44 00a780ab p.sb             x10, 1(x15!)        x15=100081d4 x10:00000063 x15:100081d3  PA:100081d3
13986896ns          260958 1c008a48 fe0590e3 bne              x11, x0, -32        x11:00000000
13986916ns          260959 1c008a4a 40e78533 sub              x10, x15, x14       x10=00000008 x15:100081d4 x14:100081cc
13986936ns          260960 1c008a4e 00d55d63 bge              x10, x13, 26        x10:00000008 x13:ffffffff
13987035ns          260965 1c008a68 fe078fab p.sb             x0, -1(x15!)        x15=100081d3 x15:100081d4  PA:100081d4
13987075ns          260967 1c008a6c 00f77c63 bgeu             x14, x15, 24        x14:100081cc x15:100081d3
13987135ns          260970 1c008a70 00074603 lbu              x12, 0(x14)         x12=00000037 x14:100081cc  PA:100081cc
13987174ns          260972 1c008a74 0007c683 lbu              x13, 0(x15)         x13=00000063 x15:100081d3  PA:100081d3
13987194ns          260973 1c008a78 fec78fab p.sb             x12, -1(x15!)       x15=100081d2 x12:00000037 x15:100081d3  PA:100081d3
13987214ns          260974 1c008a7c 00d700ab p.sb             x13, 1(x14!)        x14=100081cd x13:00000063 x14:100081cc  PA:100081cc
13987234ns          260975 1c008a80 fef768e3 bltu             x14, x15, -16       x14:100081cd x15:100081d2
13987294ns          260978 1c008a70 00074603 lbu              x12, 0(x14)         x12=00000030 x14:100081cd  PA:100081cd
13987314ns          260979 1c008a74 0007c683 lbu              x13, 0(x15)         x13=00000030 x15:100081d2  PA:100081d2
13987334ns          260980 1c008a78 fec78fab p.sb             x12, -1(x15!)       x15=100081d1 x12:00000030 x15:100081d2  PA:100081d2
13987353ns          260981 1c008a7c 00d700ab p.sb             x13, 1(x14!)        x14=100081ce x13:00000030 x14:100081cd  PA:100081cd
13987373ns          260982 1c008a80 fef768e3 bltu             x14, x15, -16       x14:100081ce x15:100081d1
13987433ns          260985 1c008a70 00074603 lbu              x12, 0(x14)         x12=00000030 x14:100081ce  PA:100081ce
13987453ns          260986 1c008a74 0007c683 lbu              x13, 0(x15)         x13=00000064 x15:100081d1  PA:100081d1
13987473ns          260987 1c008a78 fec78fab p.sb             x12, -1(x15!)       x15=100081d0 x12:00000030 x15:100081d1  PA:100081d1
13987493ns          260988 1c008a7c 00d700ab p.sb             x13, 1(x14!)        x14=100081cf x13:00000064 x14:100081ce  PA:100081ce
13987513ns          260989 1c008a80 fef768e3 bltu             x14, x15, -16       x14:100081cf x15:100081d0
13987572ns          260992 1c008a70 00074603 lbu              x12, 0(x14)         x12=00000030 x14:100081cf  PA:100081cf
13987592ns          260993 1c008a74 0007c683 lbu              x13, 0(x15)         x13=00000065 x15:100081d0  PA:100081d0
13987612ns          260994 1c008a78 fec78fab p.sb             x12, -1(x15!)       x15=100081cf x12:00000030 x15:100081d0  PA:100081d0
13987632ns          260995 1c008a7c 00d700ab p.sb             x13, 1(x14!)        x14=100081d0 x13:00000065 x14:100081cf  PA:100081cf
13987652ns          260996 1c008a80 fef768e3 bltu             x14, x15, -16       x14:100081d0 x15:100081cf
13987672ns          260997 1c008a84 00008067 jalr             x0, x1, 0            x1:1c00935c
13987711ns          260999 1c00935c 05800713 addi             x14, x0, 88         x14=00000058
13987771ns          261002 1c009360 00a009b3 add              x19, x0, x10        x19=00000008 x10:00000008
13987811ns          261004 1c009362 e6eb1fe3 bne              x22, x14, -386      x22:00000078 x14:00000058
13987910ns          261009 1c0091e0 0c800793 addi             x15, x0, 200        x15=000000c8
13987950ns          261011 1c0091e4 1bfaac63 p.beqimm         x21, 440            x21:ffffffff
13988050ns          261016 1c00939c 8937cee3 blt              x15, x19, -1892     x15:000000c8 x19:00000008
13988129ns          261020 1c0093a0 01200c33 add              x24, x0, x18        x24=10008304 x18:10008304
13988149ns          261021 1c0093a2 d71ff06f jal              x0, -656           
13988268ns          261027 1c009112 0f49c363 blt              x19, x20, 230       x19:00000008 x20:00000008
13988288ns          261028 1c009116 01300a33 add              x20, x0, x19        x20=00000008 x19:00000008
13988308ns          261029 1c009118 b00a11e3 bne              x20, x0, -1278      x20:00000008
13988447ns          261036 1c008c1a 01a00933 add              x18, x0, x26        x18=100081cc x26:100081cc
13988487ns          261038 1c008c1c 41a409b3 sub              x19, x8, x26        x19=efff7e57  x8:00000023 x26:100081cc
13988507ns          261039 1c008c20 00a0006f jal              x0, 10             
13988567ns          261042 1c008c2a 0019450b p.lbu            x10, 1(x18!)        x10=00000063 x18=100081cd x18:100081cc  PA:100081cc
13988587ns          261043 1c008c2e 017005b3 add              x11, x0, x23        x11=00000002 x23:00000002
13988626ns          261045 1c008c30 000c80e7 jalr             x1, x25, 0           x1=1c008c32 x25:1c0089d6
13988666ns          261047 1c0089d6 fd9ff06f jal              x0, -40            
13988746ns          261051 1c0089ae 000026b7 lui              x13, 0x2000         x13=00002000
13988825ns          261055 1c0089b0 f14027f3 csrrs            x15, x0, 0xf14      x15=00000007
13988865ns          261057 1c0089b4 f8068693 addi             x13, x13, -128      x13=00001f80 x13:00002000
13988885ns          261058 1c0089b8 00379713 slli             x14, x15, 0x3       x14=00000038 x15:00000007
13988905ns          261059 1c0089bc 00279793 slli             x15, x15, 0x2       x15=0000001c x15:00000007
13988925ns          261060 1c0089be 00d7f7b3 and              x15, x15, x13       x15=00000000 x15:0000001c x13:00001f80
13988964ns          261062 1c0089c0 ee873733 p.bclr           x14, x14, 23, 8     x14=00000038 x14:00000038
13989004ns          261064 1c0089c4 1a10f6b7 lui              x13, 0x1a10f000     x13=1a10f000
13989024ns          261065 1c0089c8 0ff57513 andi             x10, x10, 255       x10=00000063 x10:00000063
13989044ns          261066 1c0089cc 00d70733 add              x14, x14, x13       x14=1a10f038 x14:00000038 x13:1a10f000
13989064ns          261067 1c0089ce 00a7e723 p.sw             x10, x0(x15)        x10:00000063 x15:00000000  PA:1a10f038
13989382ns          261083 1c0089d2 00000513 addi             x10, x0, 0          x10=00000000
13989402ns          261084 1c0089d4 00008067 jalr             x0, x1, 0            x1:1c008c32
13989442ns          261086 1c008c32 fffa0a13 addi             x20, x20, -1        x20=00000007 x20:00000008
13989462ns          261087 1c008c34 fff537e3 p.bneimm         x10, -18            x10:00000000
13989601ns          261094 1c008c22 01298433 add              x8, x19, x18         x8=00000024 x19:efff7e57 x18:100081cd
13989621ns          261095 1c008c26 ea0a03e3 beq              x20, x0, -346       x20:00000007
13989641ns          261096 1c008c2a 0019450b p.lbu            x10, 1(x18!)        x10=00000030 x18=100081ce x18:100081cd  PA:100081cd
13989660ns          261097 1c008c2e 017005b3 add              x11, x0, x23        x11=00000002 x23:00000002
13989680ns          261098 1c008c30 000c80e7 jalr             x1, x25, 0           x1=1c008c32 x25:1c0089d6
13989720ns          261100 1c0089d6 fd9ff06f jal              x0, -40            
13989760ns          261102 1c0089ae 000026b7 lui              x13, 0x2000         x13=00002000
13989780ns          261103 1c0089b0 f14027f3 csrrs            x15, x0, 0xf14      x15=00000007
13989800ns          261104 1c0089b4 f8068693 addi             x13, x13, -128      x13=00001f80 x13:00002000
13989820ns          261105 1c0089b8 00379713 slli             x14, x15, 0x3       x14=00000038 x15:00000007
13989839ns          261106 1c0089bc 00279793 slli             x15, x15, 0x2       x15=0000001c x15:00000007
13989859ns          261107 1c0089be 00d7f7b3 and              x15, x15, x13       x15=00000000 x15:0000001c x13:00001f80
13989879ns          261108 1c0089c0 ee873733 p.bclr           x14, x14, 23, 8     x14=00000038 x14:00000038
13989899ns          261109 1c0089c4 1a10f6b7 lui              x13, 0x1a10f000     x13=1a10f000
13989919ns          261110 1c0089c8 0ff57513 andi             x10, x10, 255       x10=00000030 x10:00000030
13989939ns          261111 1c0089cc 00d70733 add              x14, x14, x13       x14=1a10f038 x14:00000038 x13:1a10f000
13989959ns          261112 1c0089ce 00a7e723 p.sw             x10, x0(x15)        x10:00000030 x15:00000000  PA:1a10f038
13990277ns          261128 1c0089d2 00000513 addi             x10, x0, 0          x10=00000000
13990297ns          261129 1c0089d4 00008067 jalr             x0, x1, 0            x1:1c008c32
13990337ns          261131 1c008c32 fffa0a13 addi             x20, x20, -1        x20=00000006 x20:00000007
13990357ns          261132 1c008c34 fff537e3 p.bneimm         x10, -18            x10:00000000
13990436ns          261136 1c008c22 01298433 add              x8, x19, x18         x8=00000025 x19:efff7e57 x18:100081ce
13990456ns          261137 1c008c26 ea0a03e3 beq              x20, x0, -346       x20:00000006
13990476ns          261138 1c008c2a 0019450b p.lbu            x10, 1(x18!)        x10=00000064 x18=100081cf x18:100081ce  PA:100081ce
13990496ns          261139 1c008c2e 017005b3 add              x11, x0, x23        x11=00000002 x23:00000002
13990516ns          261140 1c008c30 000c80e7 jalr             x1, x25, 0           x1=1c008c32 x25:1c0089d6
13990555ns          261142 1c0089d6 fd9ff06f jal              x0, -40            
13990595ns          261144 1c0089ae 000026b7 lui              x13, 0x2000         x13=00002000
13990615ns          261145 1c0089b0 f14027f3 csrrs            x15, x0, 0xf14      x15=00000007
13990635ns          261146 1c0089b4 f8068693 addi             x13, x13, -128      x13=00001f80 x13:00002000
13990655ns          261147 1c0089b8 00379713 slli             x14, x15, 0x3       x14=00000038 x15:00000007
13990675ns          261148 1c0089bc 00279793 slli             x15, x15, 0x2       x15=0000001c x15:00000007
13990695ns          261149 1c0089be 00d7f7b3 and              x15, x15, x13       x15=00000000 x15:0000001c x13:00001f80
13990715ns          261150 1c0089c0 ee873733 p.bclr           x14, x14, 23, 8     x14=00000038 x14:00000038
13990734ns          261151 1c0089c4 1a10f6b7 lui              x13, 0x1a10f000     x13=1a10f000
13990754ns          261152 1c0089c8 0ff57513 andi             x10, x10, 255       x10=00000064 x10:00000064
13990774ns          261153 1c0089cc 00d70733 add              x14, x14, x13       x14=1a10f038 x14:00000038 x13:1a10f000
13990794ns          261154 1c0089ce 00a7e723 p.sw             x10, x0(x15)        x10:00000064 x15:00000000  PA:1a10f038
13991112ns          261170 1c0089d2 00000513 addi             x10, x0, 0          x10=00000000
13991132ns          261171 1c0089d4 00008067 jalr             x0, x1, 0            x1:1c008c32
13991172ns          261173 1c008c32 fffa0a13 addi             x20, x20, -1        x20=00000005 x20:00000006
13991192ns          261174 1c008c34 fff537e3 p.bneimm         x10, -18            x10:00000000
13991271ns          261178 1c008c22 01298433 add              x8, x19, x18         x8=00000026 x19:efff7e57 x18:100081cf
13991291ns          261179 1c008c26 ea0a03e3 beq              x20, x0, -346       x20:00000005
13991311ns          261180 1c008c2a 0019450b p.lbu            x10, 1(x18!)        x10=00000065 x18=100081d0 x18:100081cf  PA:100081cf
13991331ns          261181 1c008c2e 017005b3 add              x11, x0, x23        x11=00000002 x23:00000002
13991351ns          261182 1c008c30 000c80e7 jalr             x1, x25, 0           x1=1c008c32 x25:1c0089d6
13991391ns          261184 1c0089d6 fd9ff06f jal              x0, -40            
13991431ns          261186 1c0089ae 000026b7 lui              x13, 0x2000         x13=00002000
13991450ns          261187 1c0089b0 f14027f3 csrrs            x15, x0, 0xf14      x15=00000007
13991470ns          261188 1c0089b4 f8068693 addi             x13, x13, -128      x13=00001f80 x13:00002000
13991490ns          261189 1c0089b8 00379713 slli             x14, x15, 0x3       x14=00000038 x15:00000007
13991510ns          261190 1c0089bc 00279793 slli             x15, x15, 0x2       x15=0000001c x15:00000007
13991530ns          261191 1c0089be 00d7f7b3 and              x15, x15, x13       x15=00000000 x15:0000001c x13:00001f80
13991550ns          261192 1c0089c0 ee873733 p.bclr           x14, x14, 23, 8     x14=00000038 x14:00000038
13991570ns          261193 1c0089c4 1a10f6b7 lui              x13, 0x1a10f000     x13=1a10f000
13991590ns          261194 1c0089c8 0ff57513 andi             x10, x10, 255       x10=00000065 x10:00000065
13991610ns          261195 1c0089cc 00d70733 add              x14, x14, x13       x14=1a10f038 x14:00000038 x13:1a10f000
13991629ns          261196 1c0089ce 00a7e723 p.sw             x10, x0(x15)        x10:00000065 x15:00000000  PA:1a10f038
13991948ns          261212 1c0089d2 00000513 addi             x10, x0, 0          x10=00000000
13991967ns          261213 1c0089d4 00008067 jalr             x0, x1, 0            x1:1c008c32
13992007ns          261215 1c008c32 fffa0a13 addi             x20, x20, -1        x20=00000004 x20:00000005
13992027ns          261216 1c008c34 fff537e3 p.bneimm         x10, -18            x10:00000000
13992107ns          261220 1c008c22 01298433 add              x8, x19, x18         x8=00000027 x19:efff7e57 x18:100081d0
13992127ns          261221 1c008c26 ea0a03e3 beq              x20, x0, -346       x20:00000004
13992146ns          261222 1c008c2a 0019450b p.lbu            x10, 1(x18!)        x10=00000030 x18=100081d1 x18:100081d0  PA:100081d0
13992166ns          261223 1c008c2e 017005b3 add              x11, x0, x23        x11=00000002 x23:00000002
13992186ns          261224 1c008c30 000c80e7 jalr             x1, x25, 0           x1=1c008c32 x25:1c0089d6
13992226ns          261226 1c0089d6 fd9ff06f jal              x0, -40            
13992266ns          261228 1c0089ae 000026b7 lui              x13, 0x2000         x13=00002000
13992286ns          261229 1c0089b0 f14027f3 csrrs            x15, x0, 0xf14      x15=00000007
13992306ns          261230 1c0089b4 f8068693 addi             x13, x13, -128      x13=00001f80 x13:00002000
13992325ns          261231 1c0089b8 00379713 slli             x14, x15, 0x3       x14=00000038 x15:00000007
13992345ns          261232 1c0089bc 00279793 slli             x15, x15, 0x2       x15=0000001c x15:00000007
13992365ns          261233 1c0089be 00d7f7b3 and              x15, x15, x13       x15=00000000 x15:0000001c x13:00001f80
13992385ns          261234 1c0089c0 ee873733 p.bclr           x14, x14, 23, 8     x14=00000038 x14:00000038
13992405ns          261235 1c0089c4 1a10f6b7 lui              x13, 0x1a10f000     x13=1a10f000
13992425ns          261236 1c0089c8 0ff57513 andi             x10, x10, 255       x10=00000030 x10:00000030
13992445ns          261237 1c0089cc 00d70733 add              x14, x14, x13       x14=1a10f038 x14:00000038 x13:1a10f000
13992465ns          261238 1c0089ce 00a7e723 p.sw             x10, x0(x15)        x10:00000030 x15:00000000  PA:1a10f038
13992783ns          261254 1c0089d2 00000513 addi             x10, x0, 0          x10=00000000
13992803ns          261255 1c0089d4 00008067 jalr             x0, x1, 0            x1:1c008c32
13992843ns          261257 1c008c32 fffa0a13 addi             x20, x20, -1        x20=00000003 x20:00000004
13992862ns          261258 1c008c34 fff537e3 p.bneimm         x10, -18            x10:00000000
13992942ns          261262 1c008c22 01298433 add              x8, x19, x18         x8=00000028 x19:efff7e57 x18:100081d1
13992962ns          261263 1c008c26 ea0a03e3 beq              x20, x0, -346       x20:00000003
13992982ns          261264 1c008c2a 0019450b p.lbu            x10, 1(x18!)        x10=00000030 x18=100081d2 x18:100081d1  PA:100081d1
13993002ns          261265 1c008c2e 017005b3 add              x11, x0, x23        x11=00000002 x23:00000002
13993022ns          261266 1c008c30 000c80e7 jalr             x1, x25, 0           x1=1c008c32 x25:1c0089d6
13993061ns          261268 1c0089d6 fd9ff06f jal              x0, -40            
13993101ns          261270 1c0089ae 000026b7 lui              x13, 0x2000         x13=00002000
13993121ns          261271 1c0089b0 f14027f3 csrrs            x15, x0, 0xf14      x15=00000007
13993141ns          261272 1c0089b4 f8068693 addi             x13, x13, -128      x13=00001f80 x13:00002000
13993161ns          261273 1c0089b8 00379713 slli             x14, x15, 0x3       x14=00000038 x15:00000007
13993181ns          261274 1c0089bc 00279793 slli             x15, x15, 0x2       x15=0000001c x15:00000007
13993201ns          261275 1c0089be 00d7f7b3 and              x15, x15, x13       x15=00000000 x15:0000001c x13:00001f80
13993220ns          261276 1c0089c0 ee873733 p.bclr           x14, x14, 23, 8     x14=00000038 x14:00000038
13993240ns          261277 1c0089c4 1a10f6b7 lui              x13, 0x1a10f000     x13=1a10f000
13993260ns          261278 1c0089c8 0ff57513 andi             x10, x10, 255       x10=00000030 x10:00000030
13993280ns          261279 1c0089cc 00d70733 add              x14, x14, x13       x14=1a10f038 x14:00000038 x13:1a10f000
13993300ns          261280 1c0089ce 00a7e723 p.sw             x10, x0(x15)        x10:00000030 x15:00000000  PA:1a10f038
13993618ns          261296 1c0089d2 00000513 addi             x10, x0, 0          x10=00000000
13993638ns          261297 1c0089d4 00008067 jalr             x0, x1, 0            x1:1c008c32
13993678ns          261299 1c008c32 fffa0a13 addi             x20, x20, -1        x20=00000002 x20:00000003
13993698ns          261300 1c008c34 fff537e3 p.bneimm         x10, -18            x10:00000000
13993777ns          261304 1c008c22 01298433 add              x8, x19, x18         x8=00000029 x19:efff7e57 x18:100081d2
13993797ns          261305 1c008c26 ea0a03e3 beq              x20, x0, -346       x20:00000002
13993817ns          261306 1c008c2a 0019450b p.lbu            x10, 1(x18!)        x10=00000030 x18=100081d3 x18:100081d2  PA:100081d2
13993837ns          261307 1c008c2e 017005b3 add              x11, x0, x23        x11=00000002 x23:00000002
13993857ns          261308 1c008c30 000c80e7 jalr             x1, x25, 0           x1=1c008c32 x25:1c0089d6
13993897ns          261310 1c0089d6 fd9ff06f jal              x0, -40            
13993936ns          261312 1c0089ae 000026b7 lui              x13, 0x2000         x13=00002000
13993956ns          261313 1c0089b0 f14027f3 csrrs            x15, x0, 0xf14      x15=00000007
13993976ns          261314 1c0089b4 f8068693 addi             x13, x13, -128      x13=00001f80 x13:00002000
13993996ns          261315 1c0089b8 00379713 slli             x14, x15, 0x3       x14=00000038 x15:00000007
13994016ns          261316 1c0089bc 00279793 slli             x15, x15, 0x2       x15=0000001c x15:00000007
13994036ns          261317 1c0089be 00d7f7b3 and              x15, x15, x13       x15=00000000 x15:0000001c x13:00001f80
13994056ns          261318 1c0089c0 ee873733 p.bclr           x14, x14, 23, 8     x14=00000038 x14:00000038
13994076ns          261319 1c0089c4 1a10f6b7 lui              x13, 0x1a10f000     x13=1a10f000
13994096ns          261320 1c0089c8 0ff57513 andi             x10, x10, 255       x10=00000030 x10:00000030
13994115ns          261321 1c0089cc 00d70733 add              x14, x14, x13       x14=1a10f038 x14:00000038 x13:1a10f000
13994135ns          261322 1c0089ce 00a7e723 p.sw             x10, x0(x15)        x10:00000030 x15:00000000  PA:1a10f038
13994453ns          261338 1c0089d2 00000513 addi             x10, x0, 0          x10=00000000
13994473ns          261339 1c0089d4 00008067 jalr             x0, x1, 0            x1:1c008c32
13994513ns          261341 1c008c32 fffa0a13 addi             x20, x20, -1        x20=00000001 x20:00000002
13994533ns          261342 1c008c34 fff537e3 p.bneimm         x10, -18            x10:00000000
13994613ns          261346 1c008c22 01298433 add              x8, x19, x18         x8=0000002a x19:efff7e57 x18:100081d3
13994632ns          261347 1c008c26 ea0a03e3 beq              x20, x0, -346       x20:00000001
13994652ns          261348 1c008c2a 0019450b p.lbu            x10, 1(x18!)        x10=00000037 x18=100081d4 x18:100081d3  PA:100081d3
13994672ns          261349 1c008c2e 017005b3 add              x11, x0, x23        x11=00000002 x23:00000002
13994692ns          261350 1c008c30 000c80e7 jalr             x1, x25, 0           x1=1c008c32 x25:1c0089d6
13994732ns          261352 1c0089d6 fd9ff06f jal              x0, -40            
13994772ns          261354 1c0089ae 000026b7 lui              x13, 0x2000         x13=00002000
13994792ns          261355 1c0089b0 f14027f3 csrrs            x15, x0, 0xf14      x15=00000007
13994811ns          261356 1c0089b4 f8068693 addi             x13, x13, -128      x13=00001f80 x13:00002000
13994831ns          261357 1c0089b8 00379713 slli             x14, x15, 0x3       x14=00000038 x15:00000007
13994851ns          261358 1c0089bc 00279793 slli             x15, x15, 0x2       x15=0000001c x15:00000007
13994871ns          261359 1c0089be 00d7f7b3 and              x15, x15, x13       x15=00000000 x15:0000001c x13:00001f80
13994891ns          261360 1c0089c0 ee873733 p.bclr           x14, x14, 23, 8     x14=00000038 x14:00000038
13994911ns          261361 1c0089c4 1a10f6b7 lui              x13, 0x1a10f000     x13=1a10f000
13994931ns          261362 1c0089c8 0ff57513 andi             x10, x10, 255       x10=00000037 x10:00000037
13994951ns          261363 1c0089cc 00d70733 add              x14, x14, x13       x14=1a10f038 x14:00000038 x13:1a10f000
13994971ns          261364 1c0089ce 00a7e723 p.sw             x10, x0(x15)        x10:00000037 x15:00000000  PA:1a10f038
13995289ns          261380 1c0089d2 00000513 addi             x10, x0, 0          x10=00000000
13995309ns          261381 1c0089d4 00008067 jalr             x0, x1, 0            x1:1c008c32
13995348ns          261383 1c008c32 fffa0a13 addi             x20, x20, -1        x20=00000000 x20:00000001
13995368ns          261384 1c008c34 fff537e3 p.bneimm         x10, -18            x10:00000000
13995448ns          261388 1c008c22 01298433 add              x8, x19, x18         x8=0000002b x19:efff7e57 x18:100081d4
13995468ns          261389 1c008c26 ea0a03e3 beq              x20, x0, -346       x20:00000000
13995567ns          261394 1c008acc 0004c503 lbu              x10, 0(x9)          x10=0000000a  x9:1c00017c  PA:1c00017c
13995885ns          261410 1c008ad0 00148493 addi             x9, x9, 1            x9=1c00017d  x9:1c00017c
13995905ns          261411 1c008ad2 00050e63 beq              x10, x0, 28         x10:0000000a
13995925ns          261412 1c008ad4 02500793 addi             x15, x0, 37         x15=00000025
13995945ns          261413 1c008ad8 04f50763 beq              x10, x15, 78        x10:0000000a x15:00000025
13995965ns          261414 1c008adc 017005b3 add              x11, x0, x23        x11=00000002 x23:00000002
13995985ns          261415 1c008ade 000c80e7 jalr             x1, x25, 0           x1=1c008ae0 x25:1c0089d6
13996045ns          261418 1c0089d6 fd9ff06f jal              x0, -40            
13996084ns          261420 1c0089ae 000026b7 lui              x13, 0x2000         x13=00002000
13996104ns          261421 1c0089b0 f14027f3 csrrs            x15, x0, 0xf14      x15=00000007
13996124ns          261422 1c0089b4 f8068693 addi             x13, x13, -128      x13=00001f80 x13:00002000
13996144ns          261423 1c0089b8 00379713 slli             x14, x15, 0x3       x14=00000038 x15:00000007
13996164ns          261424 1c0089bc 00279793 slli             x15, x15, 0x2       x15=0000001c x15:00000007
13996184ns          261425 1c0089be 00d7f7b3 and              x15, x15, x13       x15=00000000 x15:0000001c x13:00001f80
13996204ns          261426 1c0089c0 ee873733 p.bclr           x14, x14, 23, 8     x14=00000038 x14:00000038
13996224ns          261427 1c0089c4 1a10f6b7 lui              x13, 0x1a10f000     x13=1a10f000
13996243ns          261428 1c0089c8 0ff57513 andi             x10, x10, 255       x10=0000000a x10:0000000a
13996263ns          261429 1c0089cc 00d70733 add              x14, x14, x13       x14=1a10f038 x14:00000038 x13:1a10f000
13996283ns          261430 1c0089ce 00a7e723 p.sw             x10, x0(x15)        x10:0000000a x15:00000000  PA:1a10f038
13996601ns          261446 1c0089d2 00000513 addi             x10, x0, 0          x10=00000000
13996621ns          261447 1c0089d4 00008067 jalr             x0, x1, 0            x1:1c008ae0
13996661ns          261449 1c008ae0 15f52c63 p.beqimm         x10, 344            x10:00000000
13996681ns          261450 1c008ae4 00140413 addi             x8, x8, 1            x8=0000002c  x8:0000002b
13996701ns          261451 1c008ae6 0004c503 lbu              x10, 0(x9)          x10=00000000  x9:1c00017d  PA:1c00017d
13996999ns          261466 1c008aea 00148493 addi             x9, x9, 1            x9=1c00017e  x9:1c00017d
13997019ns          261467 1c008aec fe0514e3 bne              x10, x0, -24        x10:00000000
13997039ns          261468 1c008aee 00800533 add              x10, x0, x8         x10=0000002c  x8:0000002c
13997059ns          261469 1c008af0 12c12083 lw               x1, 300(x2)          x1=1c008a1c  x2:100081a8  PA:100082d4
13997079ns          261470 1c008af4 12812403 lw               x8, 296(x2)          x8=00000007  x2:100081a8  PA:100082d0
13997099ns          261471 1c008af8 12412483 lw               x9, 292(x2)          x9=002040c0  x2:100081a8  PA:100082cc
13997118ns          261472 1c008afc 12012903 lw               x18, 288(x2)        x18=xxxxxxxx  x2:100081a8  PA:100082c8
13997158ns          261474 1c008b00 11c12983 lw               x19, 284(x2)        x19=xxxxxxxx  x2:100081a8  PA:100082c4
13997198ns          261476 1c008b04 11812a03 lw               x20, 280(x2)        x20=xxxxxxxx  x2:100081a8  PA:100082c0
13997218ns          261477 1c008b08 11412a83 lw               x21, 276(x2)        x21=xxxxxxxx  x2:100081a8  PA:100082bc
13997238ns          261478 1c008b0c 11012b03 lw               x22, 272(x2)        x22=xxxxxxxx  x2:100081a8  PA:100082b8
13997297ns          261481 1c008b10 10c12b83 lw               x23, 268(x2)        x23=xxxxxxxx  x2:100081a8  PA:100082b4
13997337ns          261483 1c008b14 10812c03 lw               x24, 264(x2)        x24=xxxxxxxx  x2:100081a8  PA:100082b0
13997357ns          261484 1c008b18 10412c83 lw               x25, 260(x2)        x25=xxxxxxxx  x2:100081a8  PA:100082ac
13997377ns          261485 1c008b1c 10012d03 lw               x26, 256(x2)        x26=xxxxxxxx  x2:100081a8  PA:100082a8
13997437ns          261488 1c008b20 0fc12d83 lw               x27, 252(x2)        x27=xxxxxxxx  x2:100081a8  PA:100082a4
13997457ns          261489 1c008b22 13010113 addi             x2, x2, 304          x2=100082d8  x2:100081a8
13997476ns          261490 1c008b24 00008067 jalr             x0, x1, 0            x1:1c008a1c
13997556ns          261494 1c008a1c 01c12083 lw               x1, 28(x2)           x1=1c00832c  x2:100082d8  PA:100082f4
13997576ns          261495 1c008a1e 04010113 addi             x2, x2, 64           x2=10008318  x2:100082d8
13997636ns          261498 1c008a20 00008067 jalr             x0, x1, 0            x1:1c00832c
13997715ns          261502 1c00832c 0004a023 sw               x0, 0(x9)            x9:002040c0  PA:002040c0
13997795ns          261506 1c008330 6b6010ef jal              x1, 5814             x1=1c008334
13997914ns          261512 1c0099e6 f14027f3 csrrs            x15, x0, 0xf14      x15=00000007
13997934ns          261513 1c0099ea 01f00713 addi             x14, x0, 31         x14=0000001f
13997954ns          261514 1c0099ec ca5797b3 p.extractu       x15, x15, 5, 5      x15=00000000 x15:00000007
13997974ns          261515 1c0099f0 00e78863 beq              x15, x14, 16        x15:00000000 x14:0000001f
13997994ns          261516 1c0099f4 002047b7 lui              x15, 0x204000       x15=00204000
13998013ns          261517 1c0099f8 20078793 addi             x15, x15, 512       x15=00204200 x15:00204000
13998033ns          261518 1c0099fc 01c7e703 p.elw            x14, 28(x15)        x14=00010000 x15:00204200  PA:0020421c
13998153ns          261524 1c009a00 00008067 jalr             x0, x1, 0            x1:1c008334
13998192ns          261526 1c008334 00041b63 bne              x8, x0, 22           x8:00000007
13998710ns          261552 1c00834a 00c12083 lw               x1, 12(x2)           x1=1c0086e2  x2:10008318  PA:10008324
13998749ns          261554 1c00834c 00812403 lw               x8, 8(x2)            x8=00000007  x2:10008318  PA:10008320
13998769ns          261555 1c00834e 00412483 lw               x9, 4(x2)            x9=xxxxxxxx  x2:10008318  PA:1000831c
13998809ns          261557 1c008350 00000513 addi             x10, x0, 0          x10=00000000
13998829ns          261558 1c008352 01010113 addi             x2, x2, 16           x2=10008328  x2:10008318
13998849ns          261559 1c008354 00008067 jalr             x0, x1, 0            x1:1c0086e2
13999306ns          261582 1c0086e2 00800533 add              x10, x0, x8         x10=00000007  x8:00000007
13999346ns          261584 1c0086e4 eedff0ef jal              x1, -276             x1=1c0086e6
13999803ns          261607 1c0085d0 ff010113 addi             x2, x2, -16          x2=10008318  x2:10008328
13999823ns          261608 1c0085d2 00912223 sw               x9, 4(x2)            x9:xxxxxxxx  x2:10008318  PA:1000831c
13999843ns          261609 1c0085d4 00112623 sw               x1, 12(x2)           x1:1c0086e6  x2:10008318  PA:10008324
13999863ns          261610 1c0085d6 00812423 sw               x8, 8(x2)            x8:00000007  x2:10008318  PA:10008320
13999883ns          261611 1c0085d8 01212023 sw               x18, 0(x2)          x18:xxxxxxxx  x2:10008318  PA:10008318
13999903ns          261612 1c0085da 00a004b3 add              x9, x0, x10          x9=00000007 x10:00000007
13999923ns          261613 1c0085dc 08050663 beq              x10, x0, 140        x10:00000007
14000340ns          261634 1c0085de 408010ef jal              x1, 5128             x1=1c0085e2
14000559ns          261645 1c0099e6 f14027f3 csrrs            x15, x0, 0xf14      x15=00000007
14000579ns          261646 1c0099ea 01f00713 addi             x14, x0, 31         x14=0000001f
14000599ns          261647 1c0099ec ca5797b3 p.extractu       x15, x15, 5, 5      x15=00000000 x15:00000007
14000619ns          261648 1c0099f0 00e78863 beq              x15, x14, 16        x15:00000000 x14:0000001f
14000639ns          261649 1c0099f4 002047b7 lui              x15, 0x204000       x15=00204000
14000659ns          261650 1c0099f8 20078793 addi             x15, x15, 512       x15=00204200 x15:00204000
14000678ns          261651 1c0099fc 01c7e703 p.elw            x14, 28(x15)        x14=00010000 x15:00204200  PA:0020421c
14143567ns          268789 1c009a00 00008067 jalr             x0, x1, 0            x1:1c0085e2
14143627ns          268792 1c0085e2 00148713 addi             x14, x9, 1          x14=00000008  x9:00000007
14143647ns          268793 1c0085e6 f8373733 p.bclr           x14, x14, 28, 3     x14=00000000 x14:00000008
14143667ns          268794 1c0085ea 10000437 lui              x8, 0x10000000       x8=10000000
14144209ns          268821 1c0085ee 01871513 slli             x10, x14, 0x18      x10=00000000 x14:00000000
14144249ns          268823 1c0085f2 005a06b7 lui              x13, 0x5a0000       x13=005a0000
14144269ns          268824 1c0085f6 02040413 addi             x8, x8, 32           x8=10000020  x8:10000000
14144289ns          268825 1c0085fa 0105d0fb lp.setupi        0x1, 0x10, 0xb     
14144750ns          268848 1c0085fe 00271793 slli             x15, x14, 0x2       x15=00000000 x14:00000000
14144770ns          268849 1c008602 008787b3 add              x15, x15, x8        x15=10000020 x15:00000000  x8:10000020
14144790ns          268850 1c008604 0207a583 lw               x11, 32(x15)        x11=005a0000 x15:10000020  PA:10000040
14144811ns          268851 1c008606 00d567b3 or               x15, x10, x13       x15=005a0000 x10:00000000 x13:005a0000
14144831ns          268852 1c00860a 00f59663 bne              x11, x15, 12        x11:005a0000 x15:005a0000
14144851ns          268853 1c00860e 00168693 addi             x13, x13, 1         x13=005a0001 x13:005a0000
14145252ns          268873 1c008610 00870713 addi             x14, x14, 8         x14=00000008 x14:00000000
14145312ns          268876 1c0085fe 00271793 slli             x15, x14, 0x2       x15=00000020 x14:00000008
14145332ns          268877 1c008602 008787b3 add              x15, x15, x8        x15=10000040 x15:00000020  x8:10000020
14145352ns          268878 1c008604 0207a583 lw               x11, 32(x15)        x11=005a0001 x15:10000040  PA:10000060
14145372ns          268879 1c008606 00d567b3 or               x15, x10, x13       x15=005a0001 x10:00000000 x13:005a0001
14145392ns          268880 1c00860a 00f59663 bne              x11, x15, 12        x11:005a0001 x15:005a0001
14145412ns          268881 1c00860e 00168693 addi             x13, x13, 1         x13=005a0002 x13:005a0001
14145433ns          268882 1c008610 00870713 addi             x14, x14, 8         x14=00000010 x14:00000008
14145473ns          268884 1c0085fe 00271793 slli             x15, x14, 0x2       x15=00000040 x14:00000010
14145493ns          268885 1c008602 008787b3 add              x15, x15, x8        x15=10000060 x15:00000040  x8:10000020
14145513ns          268886 1c008604 0207a583 lw               x11, 32(x15)        x11=005a0002 x15:10000060  PA:10000080
14145533ns          268887 1c008606 00d567b3 or               x15, x10, x13       x15=005a0002 x10:00000000 x13:005a0002
14145553ns          268888 1c00860a 00f59663 bne              x11, x15, 12        x11:005a0002 x15:005a0002
14145573ns          268889 1c00860e 00168693 addi             x13, x13, 1         x13=005a0003 x13:005a0002
14145593ns          268890 1c008610 00870713 addi             x14, x14, 8         x14=00000018 x14:00000010
14145633ns          268892 1c0085fe 00271793 slli             x15, x14, 0x2       x15=00000060 x14:00000018
14145653ns          268893 1c008602 008787b3 add              x15, x15, x8        x15=10000080 x15:00000060  x8:10000020
14145673ns          268894 1c008604 0207a583 lw               x11, 32(x15)        x11=005a0003 x15:10000080  PA:100000a0
14145693ns          268895 1c008606 00d567b3 or               x15, x10, x13       x15=005a0003 x10:00000000 x13:005a0003
14145713ns          268896 1c00860a 00f59663 bne              x11, x15, 12        x11:005a0003 x15:005a0003
14145733ns          268897 1c00860e 00168693 addi             x13, x13, 1         x13=005a0004 x13:005a0003
14145754ns          268898 1c008610 00870713 addi             x14, x14, 8         x14=00000020 x14:00000018
14145794ns          268900 1c0085fe 00271793 slli             x15, x14, 0x2       x15=00000080 x14:00000020
14145814ns          268901 1c008602 008787b3 add              x15, x15, x8        x15=100000a0 x15:00000080  x8:10000020
14145834ns          268902 1c008604 0207a583 lw               x11, 32(x15)        x11=005a0004 x15:100000a0  PA:100000c0
14145854ns          268903 1c008606 00d567b3 or               x15, x10, x13       x15=005a0004 x10:00000000 x13:005a0004
14145874ns          268904 1c00860a 00f59663 bne              x11, x15, 12        x11:005a0004 x15:005a0004
14145894ns          268905 1c00860e 00168693 addi             x13, x13, 1         x13=005a0005 x13:005a0004
14145914ns          268906 1c008610 00870713 addi             x14, x14, 8         x14=00000028 x14:00000020
14145954ns          268908 1c0085fe 00271793 slli             x15, x14, 0x2       x15=000000a0 x14:00000028
14145974ns          268909 1c008602 008787b3 add              x15, x15, x8        x15=100000c0 x15:000000a0  x8:10000020
14145994ns          268910 1c008604 0207a583 lw               x11, 32(x15)        x11=005a0005 x15:100000c0  PA:100000e0
14146014ns          268911 1c008606 00d567b3 or               x15, x10, x13       x15=005a0005 x10:00000000 x13:005a0005
14146034ns          268912 1c00860a 00f59663 bne              x11, x15, 12        x11:005a0005 x15:005a0005
14146055ns          268913 1c00860e 00168693 addi             x13, x13, 1         x13=005a0006 x13:005a0005
14146075ns          268914 1c008610 00870713 addi             x14, x14, 8         x14=00000030 x14:00000028
14146115ns          268916 1c0085fe 00271793 slli             x15, x14, 0x2       x15=000000c0 x14:00000030
14146135ns          268917 1c008602 008787b3 add              x15, x15, x8        x15=100000e0 x15:000000c0  x8:10000020
14146155ns          268918 1c008604 0207a583 lw               x11, 32(x15)        x11=005a0006 x15:100000e0  PA:10000100
14146175ns          268919 1c008606 00d567b3 or               x15, x10, x13       x15=005a0006 x10:00000000 x13:005a0006
14146195ns          268920 1c00860a 00f59663 bne              x11, x15, 12        x11:005a0006 x15:005a0006
14146215ns          268921 1c00860e 00168693 addi             x13, x13, 1         x13=005a0007 x13:005a0006
14146235ns          268922 1c008610 00870713 addi             x14, x14, 8         x14=00000038 x14:00000030
14146275ns          268924 1c0085fe 00271793 slli             x15, x14, 0x2       x15=000000e0 x14:00000038
14146295ns          268925 1c008602 008787b3 add              x15, x15, x8        x15=10000100 x15:000000e0  x8:10000020
14146315ns          268926 1c008604 0207a583 lw               x11, 32(x15)        x11=005a0007 x15:10000100  PA:10000120
14146335ns          268927 1c008606 00d567b3 or               x15, x10, x13       x15=005a0007 x10:00000000 x13:005a0007
14146355ns          268928 1c00860a 00f59663 bne              x11, x15, 12        x11:005a0007 x15:005a0007
14146376ns          268929 1c00860e 00168693 addi             x13, x13, 1         x13=005a0008 x13:005a0007
14146396ns          268930 1c008610 00870713 addi             x14, x14, 8         x14=00000040 x14:00000038
14146436ns          268932 1c0085fe 00271793 slli             x15, x14, 0x2       x15=00000100 x14:00000040
14146456ns          268933 1c008602 008787b3 add              x15, x15, x8        x15=10000120 x15:00000100  x8:10000020
14146476ns          268934 1c008604 0207a583 lw               x11, 32(x15)        x11=005a0008 x15:10000120  PA:10000140
14146496ns          268935 1c008606 00d567b3 or               x15, x10, x13       x15=005a0008 x10:00000000 x13:005a0008
14146516ns          268936 1c00860a 00f59663 bne              x11, x15, 12        x11:005a0008 x15:005a0008
14146536ns          268937 1c00860e 00168693 addi             x13, x13, 1         x13=005a0009 x13:005a0008
14146556ns          268938 1c008610 00870713 addi             x14, x14, 8         x14=00000048 x14:00000040
14146596ns          268940 1c0085fe 00271793 slli             x15, x14, 0x2       x15=00000120 x14:00000048
14146616ns          268941 1c008602 008787b3 add              x15, x15, x8        x15=10000140 x15:00000120  x8:10000020
14146636ns          268942 1c008604 0207a583 lw               x11, 32(x15)        x11=005a0009 x15:10000140  PA:10000160
14146656ns          268943 1c008606 00d567b3 or               x15, x10, x13       x15=005a0009 x10:00000000 x13:005a0009
14146676ns          268944 1c00860a 00f59663 bne              x11, x15, 12        x11:005a0009 x15:005a0009
14146697ns          268945 1c00860e 00168693 addi             x13, x13, 1         x13=005a000a x13:005a0009
14146717ns          268946 1c008610 00870713 addi             x14, x14, 8         x14=00000050 x14:00000048
14146757ns          268948 1c0085fe 00271793 slli             x15, x14, 0x2       x15=00000140 x14:00000050
14146777ns          268949 1c008602 008787b3 add              x15, x15, x8        x15=10000160 x15:00000140  x8:10000020
14146797ns          268950 1c008604 0207a583 lw               x11, 32(x15)        x11=005a000a x15:10000160  PA:10000180
14146817ns          268951 1c008606 00d567b3 or               x15, x10, x13       x15=005a000a x10:00000000 x13:005a000a
14146837ns          268952 1c00860a 00f59663 bne              x11, x15, 12        x11:005a000a x15:005a000a
14146857ns          268953 1c00860e 00168693 addi             x13, x13, 1         x13=005a000b x13:005a000a
14146877ns          268954 1c008610 00870713 addi             x14, x14, 8         x14=00000058 x14:00000050
14146917ns          268956 1c0085fe 00271793 slli             x15, x14, 0x2       x15=00000160 x14:00000058
14146937ns          268957 1c008602 008787b3 add              x15, x15, x8        x15=10000180 x15:00000160  x8:10000020
14146957ns          268958 1c008604 0207a583 lw               x11, 32(x15)        x11=005a000b x15:10000180  PA:100001a0
14146977ns          268959 1c008606 00d567b3 or               x15, x10, x13       x15=005a000b x10:00000000 x13:005a000b
14146998ns          268960 1c00860a 00f59663 bne              x11, x15, 12        x11:005a000b x15:005a000b
14147018ns          268961 1c00860e 00168693 addi             x13, x13, 1         x13=005a000c x13:005a000b
14147038ns          268962 1c008610 00870713 addi             x14, x14, 8         x14=00000060 x14:00000058
14147078ns          268964 1c0085fe 00271793 slli             x15, x14, 0x2       x15=00000180 x14:00000060
14147098ns          268965 1c008602 008787b3 add              x15, x15, x8        x15=100001a0 x15:00000180  x8:10000020
14147118ns          268966 1c008604 0207a583 lw               x11, 32(x15)        x11=005a000c x15:100001a0  PA:100001c0
14147138ns          268967 1c008606 00d567b3 or               x15, x10, x13       x15=005a000c x10:00000000 x13:005a000c
14147158ns          268968 1c00860a 00f59663 bne              x11, x15, 12        x11:005a000c x15:005a000c
14147178ns          268969 1c00860e 00168693 addi             x13, x13, 1         x13=005a000d x13:005a000c
14147198ns          268970 1c008610 00870713 addi             x14, x14, 8         x14=00000068 x14:00000060
14147238ns          268972 1c0085fe 00271793 slli             x15, x14, 0x2       x15=000001a0 x14:00000068
14147258ns          268973 1c008602 008787b3 add              x15, x15, x8        x15=100001c0 x15:000001a0  x8:10000020
14147278ns          268974 1c008604 0207a583 lw               x11, 32(x15)        x11=005a000d x15:100001c0  PA:100001e0
14147298ns          268975 1c008606 00d567b3 or               x15, x10, x13       x15=005a000d x10:00000000 x13:005a000d
14147319ns          268976 1c00860a 00f59663 bne              x11, x15, 12        x11:005a000d x15:005a000d
14147339ns          268977 1c00860e 00168693 addi             x13, x13, 1         x13=005a000e x13:005a000d
14147359ns          268978 1c008610 00870713 addi             x14, x14, 8         x14=00000070 x14:00000068
14147399ns          268980 1c0085fe 00271793 slli             x15, x14, 0x2       x15=000001c0 x14:00000070
14147419ns          268981 1c008602 008787b3 add              x15, x15, x8        x15=100001e0 x15:000001c0  x8:10000020
14147439ns          268982 1c008604 0207a583 lw               x11, 32(x15)        x11=005a000e x15:100001e0  PA:10000200
14147459ns          268983 1c008606 00d567b3 or               x15, x10, x13       x15=005a000e x10:00000000 x13:005a000e
14147479ns          268984 1c00860a 00f59663 bne              x11, x15, 12        x11:005a000e x15:005a000e
14147499ns          268985 1c00860e 00168693 addi             x13, x13, 1         x13=005a000f x13:005a000e
14147519ns          268986 1c008610 00870713 addi             x14, x14, 8         x14=00000078 x14:00000070
14147559ns          268988 1c0085fe 00271793 slli             x15, x14, 0x2       x15=000001e0 x14:00000078
14147579ns          268989 1c008602 008787b3 add              x15, x15, x8        x15=10000200 x15:000001e0  x8:10000020
14147599ns          268990 1c008604 0207a583 lw               x11, 32(x15)        x11=005a000f x15:10000200  PA:10000220
14147619ns          268991 1c008606 00d567b3 or               x15, x10, x13       x15=005a000f x10:00000000 x13:005a000f
14147640ns          268992 1c00860a 00f59663 bne              x11, x15, 12        x11:005a000f x15:005a000f
14147660ns          268993 1c00860e 00168693 addi             x13, x13, 1         x13=005a0010 x13:005a000f
14147680ns          268994 1c008610 00870713 addi             x14, x14, 8         x14=00000080 x14:00000078
14147700ns          268995 1c008612 00000913 addi             x18, x0, 0          x18=00000000
14147720ns          268996 1c008614 01e0006f jal              x0, 30             
14148282ns          269024 1c008632 3b4010ef jal              x1, 5044             x1=1c008636
14148342ns          269027 1c0099e6 f14027f3 csrrs            x15, x0, 0xf14      x15=00000007
14148362ns          269028 1c0099ea 01f00713 addi             x14, x0, 31         x14=0000001f
14148382ns          269029 1c0099ec ca5797b3 p.extractu       x15, x15, 5, 5      x15=00000000 x15:00000007
14148402ns          269030 1c0099f0 00e78863 beq              x15, x14, 16        x15:00000000 x14:0000001f
14148422ns          269031 1c0099f4 002047b7 lui              x15, 0x204000       x15=00204000
14148442ns          269032 1c0099f8 20078793 addi             x15, x15, 512       x15=00204200 x15:00204000
14148462ns          269033 1c0099fc 01c7e703 p.elw            x14, 28(x15)        x14=00010000 x15:00204200  PA:0020421c
14148603ns          269040 1c009a00 00008067 jalr             x0, x1, 0            x1:1c008636
14148643ns          269042 1c008636 02049263 bne              x9, x0, 36           x9:00000007
14149124ns          269066 1c00865a 00c12083 lw               x1, 12(x2)           x1=1c0086e6  x2:10008318  PA:10008324
14149164ns          269068 1c00865c 00812403 lw               x8, 8(x2)            x8=00000007  x2:10008318  PA:10008320
14149184ns          269069 1c00865e 01200533 add              x10, x0, x18        x10=00000000 x18:00000000
14149606ns          269090 1c008660 00412483 lw               x9, 4(x2)            x9=xxxxxxxx  x2:10008318  PA:1000831c
14149626ns          269091 1c008662 00012903 lw               x18, 0(x2)          x18=xxxxxxxx  x2:10008318  PA:10008318
14149646ns          269092 1c008664 01010113 addi             x2, x2, 16           x2=10008328  x2:10008318
14149666ns          269093 1c008666 00008067 jalr             x0, x1, 0            x1:1c0086e6
14149786ns          269099 1c0086e6 300010ef jal              x1, 4864             x1=1c0086ea
14149847ns          269102 1c0099e6 f14027f3 csrrs            x15, x0, 0xf14      x15=00000007
14149867ns          269103 1c0099ea 01f00713 addi             x14, x0, 31         x14=0000001f
14149887ns          269104 1c0099ec ca5797b3 p.extractu       x15, x15, 5, 5      x15=00000000 x15:00000007
14149907ns          269105 1c0099f0 00e78863 beq              x15, x14, 16        x15:00000000 x14:0000001f
14149927ns          269106 1c0099f4 002047b7 lui              x15, 0x204000       x15=00204000
14149947ns          269107 1c0099f8 20078793 addi             x15, x15, 512       x15=00204200 x15:00204000
14149967ns          269108 1c0099fc 01c7e703 p.elw            x14, 28(x15)        x14=00010000 x15:00204200  PA:0020421c
14675624ns          295307 1c009a00 00008067 jalr             x0, x1, 0            x1:1c0086ea
14675664ns          295309 1c0086ea 00000513 addi             x10, x0, 0          x10=00000000
14675684ns          295310 1c0086ec 00c12083 lw               x1, 12(x2)           x1=1c0098fe  x2:10008328  PA:10008334
14675824ns          295317 1c0086ee 00812403 lw               x8, 8(x2)            x8=xxxxxxxx  x2:10008328  PA:10008330
14676125ns          295332 1c0086f0 00412483 lw               x9, 4(x2)            x9=xxxxxxxx  x2:10008328  PA:1000832c
14676145ns          295333 1c0086f2 01010113 addi             x2, x2, 16           x2=10008338  x2:10008328
14676165ns          295334 1c0086f4 00008067 jalr             x0, x1, 0            x1:1c0098fe
14677149ns          295383 1c0098fe f14027f3 csrrs            x15, x0, 0xf14      x15=00000007
14677189ns          295385 1c009902 f457b7b3 p.bclr           x15, x15, 26, 5     x15=00000007 x15:00000007
14677209ns          295386 1c009906 00079963 bne              x15, x0, 18         x15:00000007
14677710ns          295411 1c009918 002047b7 lui              x15, 0x204000       x15=00204000
14677730ns          295412 1c00991c fff00713 addi             x14, x0, -1         x14=ffffffff
14677751ns          295413 1c00991e 00e7a223 sw               x14, 4(x15)         x14:ffffffff x15:00204000  PA:00204004
