                Time          Cycles PC       Instr    Mnemonic
13191356ns          220957 1c008080 0600006f jal              x0, 96             
13191833ns          220981 1c0080e0 f1402573 csrrs            x10, x0, 0xf14      x10=00000001
13191873ns          220983 1c0080e4 01f57593 andi             x11, x10, 31        x11=00000001 x10:00000001
13191893ns          220984 1c0080e8 00555513 srli             x10, x10, 0x5       x10=00000000 x10:00000001
13191913ns          220985 1c0080ea 01f00613 addi             x12, x0, 31         x12=0000001f
13191933ns          220986 1c0080ec 00c50463 beq              x10, x12, 8         x10:00000000 x12:0000001f
13192351ns          221007 1c0080f0 fa5ff06f jal              x0, -92            
13192808ns          221030 1c008094 f3ff8117 auipc            x2, 0xf3ff8000       x2=10000094
13192848ns          221032 1c008098 2b010113 addi             x2, x2, 688          x2=10000344  x2:10000094
13192868ns          221033 1c00809c 00012103 lw               x2, 0(x2)            x2=10000348  x2:10000344  PA:10000344
13193305ns          221055 1c0080a0 000011b7 lui              x3, 0x1000           x3=00001000
13193345ns          221057 1c0080a4 00158593 addi             x11, x11, 1         x11=00000002 x11:00000001
13193365ns          221058 1c0080a8 02b180b3 mul              x1, x3, x11          x1=00002000  x3:00001000 x11:00000002
13193385ns          221059 1c0080ac 00110133 add              x2, x2, x1           x2=10002348  x2:10000348  x1:00002000
13193822ns          221081 1c0080b0 0270106f jal              x0, 6182           
13194280ns          221104 1c0098d6 ff010113 addi             x2, x2, -16          x2=10002338  x2:10002348
13194319ns          221106 1c0098d8 00112623 sw               x1, 12(x2)           x1:00002000  x2:10002338  PA:10002344
13194339ns          221107 1c0098da 002047b7 lui              x15, 0x204000       x15=00204000
13194777ns          221129 1c0098de 00070737 lui              x14, 0x70000        x14=00070000
13194797ns          221130 1c0098e2 00e7a423 sw               x14, 8(x15)         x14:00070000 x15:00204000  PA:00204008
13194817ns          221131 1c0098e4 0ff00713 addi             x14, x0, 255        x14=000000ff
13194837ns          221132 1c0098e8 20078793 addi             x15, x15, 512       x15=00204200 x15:00204000
13194856ns          221133 1c0098ec 00e7a023 sw               x14, 0(x15)         x14:000000ff x15:00204200  PA:00204200
13195294ns          221155 1c0098f0 00e7a623 sw               x14, 12(x15)        x14:000000ff x15:00204200  PA:0020420c
13195334ns          221157 1c0098f4 1c0017b7 lui              x15, 0x1c001000     x15=1c001000
13195354ns          221158 1c0098f8 b247a783 lw               x15, -1244(x15)     x15=1c00867e x15:1c001000  PA:1c000b24
13195831ns          221182 1c0098fc 000780e7 jalr             x1, x15, 0           x1=1c0098fe x15:1c00867e
13196288ns          221205 1c00867e ff010113 addi             x2, x2, -16          x2=10002328  x2:10002338
13196746ns          221228 1c008680 f1402573 csrrs            x10, x0, 0xf14      x10=00000001
13196786ns          221230 1c008684 00112623 sw               x1, 12(x2)           x1:1c0098fe  x2:10002328  PA:10002334
13196805ns          221231 1c008686 00812423 sw               x8, 8(x2)            x8:xxxxxxxx  x2:10002328  PA:10002330
13196825ns          221232 1c008688 00912223 sw               x9, 4(x2)            x9:xxxxxxxx  x2:10002328  PA:1000232c
13196845ns          221233 1c00868a ca5517b3 p.extractu       x15, x10, 5, 5      x15=00000000 x10:00000001
13196865ns          221234 1c00868e 06079463 bne              x15, x0, 104        x15:00000000
13197263ns          221254 1c008690 f4553433 p.bclr           x8, x10, 26, 5       x8=00000001 x10:00000001
13197303ns          221256 1c008694 04041363 bne              x8, x0, 70           x8:00000001
13197899ns          221286 1c0086da 30c010ef jal              x1, 4876             x1=1c0086de
13198953ns          221339 1c0099e6 f14027f3 csrrs            x15, x0, 0xf14      x15=00000001
13198973ns          221340 1c0099ea 01f00713 addi             x14, x0, 31         x14=0000001f
13198993ns          221341 1c0099ec ca5797b3 p.extractu       x15, x15, 5, 5      x15=00000000 x15:00000001
13199411ns          221362 1c0099f0 00e78863 beq              x15, x14, 16        x15:00000000 x14:0000001f
13199451ns          221364 1c0099f4 002047b7 lui              x15, 0x204000       x15=00204000
13199470ns          221365 1c0099f8 20078793 addi             x15, x15, 512       x15=00204200 x15:00204000
13199490ns          221366 1c0099fc 01c7e703 p.elw            x14, 28(x15)        x14=00010000 x15:00204200  PA:0020421c
13199928ns          221388 1c009a00 00008067 jalr             x0, x1, 0            x1:1c0086de
13199968ns          221390 1c0086de 00800533 add              x10, x0, x8         x10=00000001  x8:00000001
13199988ns          221391 1c0086e0 bedff0ef jal              x1, -1044            x1=1c0086e2
13200445ns          221414 1c0082cc ff010113 addi             x2, x2, -16          x2=10002318  x2:10002328
13200465ns          221415 1c0082ce 00812423 sw               x8, 8(x2)            x8:00000001  x2:10002318  PA:10002320
13200922ns          221438 1c0082d0 00112623 sw               x1, 12(x2)           x1:1c0086e2  x2:10002318  PA:10002324
13200942ns          221439 1c0082d2 00912223 sw               x9, 4(x2)            x9:xxxxxxxx  x2:10002318  PA:1000231c
13200962ns          221440 1c0082d4 00a00433 add              x8, x0, x10          x8=00000001 x10:00000001
13200982ns          221441 1c0082d6 08050063 beq              x10, x0, 128        x10:00000001
13201002ns          221442 1c0082d8 70e010ef jal              x1, 5902             x1=1c0082dc
13201559ns          221470 1c0099e6 f14027f3 csrrs            x15, x0, 0xf14      x15=00000001
13201579ns          221471 1c0099ea 01f00713 addi             x14, x0, 31         x14=0000001f
13201598ns          221472 1c0099ec ca5797b3 p.extractu       x15, x15, 5, 5      x15=00000000 x15:00000001
13201618ns          221473 1c0099f0 00e78863 beq              x15, x14, 16        x15:00000000 x14:0000001f
13201638ns          221474 1c0099f4 002047b7 lui              x15, 0x204000       x15=00204000
13201658ns          221475 1c0099f8 20078793 addi             x15, x15, 512       x15=00204200 x15:00204000
13201678ns          221476 1c0099fc 01c7e703 p.elw            x14, 28(x15)        x14=00010000 x15:00204200  PA:0020421c
13294316ns          226134 1c009a00 00008067 jalr             x0, x1, 0            x1:1c0082dc
13294356ns          226136 1c0082dc c0de07b7 lui              x15, 0xc0de0000     x15=c0de0000
13294376ns          226137 1c0082e0 10000637 lui              x12, 0x10000000     x12=10000000
13294396ns          226138 1c0082e4 0087e7b3 or               x15, x15, x8        x15=c0de0001 x15:c0de0000  x8:00000001
13294416ns          226139 1c0082e6 02060613 addi             x12, x12, 32        x12=10000020 x12:10000000
13294436ns          226140 1c0082ea 00241893 slli             x17, x8, 0x2        x17=00000004  x8:00000001
13294456ns          226141 1c0082ee 008005b3 add              x11, x0, x8         x11=00000001  x8:00000001
13294893ns          226163 1c0082f0 00f668a3 p.sw             x15, x0(x12)        x15:c0de0001 x12:10000020  PA:10000024
13294933ns          226165 1c0082f4 01841813 slli             x16, x8, 0x18       x16=01000000  x8:00000001
13294953ns          226166 1c0082f8 005a06b7 lui              x13, 0x5a0000       x13=005a0000
13294973ns          226167 1c0082fc 0104d0fb lp.setupi        0x1, 0x10, 0x9     
13295410ns          226189 1c008300 00259793 slli             x15, x11, 0x2       x15=00000004 x11:00000001
13295450ns          226191 1c008304 00d86533 or               x10, x16, x13       x10=015a0000 x16:01000000 x13:005a0000
13295470ns          226192 1c008308 00c787b3 add              x15, x15, x12       x15=10000024 x15:00000004 x12:10000020
13295490ns          226193 1c00830a 02a7a023 sw               x10, 32(x15)        x10:015a0000 x15:10000024  PA:10000044
13295510ns          226194 1c00830c 00168693 addi             x13, x13, 1         x13=005a0001 x13:005a0000
13295530ns          226195 1c00830e 00858593 addi             x11, x11, 8         x11=00000009 x11:00000001
13295967ns          226217 1c008300 00259793 slli             x15, x11, 0x2       x15=00000024 x11:00000009
13295987ns          226218 1c008304 00d86533 or               x10, x16, x13       x10=015a0001 x16:01000000 x13:005a0001
13296007ns          226219 1c008308 00c787b3 add              x15, x15, x12       x15=10000044 x15:00000024 x12:10000020
13296027ns          226220 1c00830a 02a7a023 sw               x10, 32(x15)        x10:015a0001 x15:10000044  PA:10000064
13296047ns          226221 1c00830c 00168693 addi             x13, x13, 1         x13=005a0002 x13:005a0001
13296066ns          226222 1c00830e 00858593 addi             x11, x11, 8         x11=00000011 x11:00000009
13296086ns          226223 1c008300 00259793 slli             x15, x11, 0x2       x15=00000044 x11:00000011
13296106ns          226224 1c008304 00d86533 or               x10, x16, x13       x10=015a0002 x16:01000000 x13:005a0002
13296126ns          226225 1c008308 00c787b3 add              x15, x15, x12       x15=10000064 x15:00000044 x12:10000020
13296146ns          226226 1c00830a 02a7a023 sw               x10, 32(x15)        x10:015a0002 x15:10000064  PA:10000084
13296166ns          226227 1c00830c 00168693 addi             x13, x13, 1         x13=005a0003 x13:005a0002
13296186ns          226228 1c00830e 00858593 addi             x11, x11, 8         x11=00000019 x11:00000011
13296206ns          226229 1c008300 00259793 slli             x15, x11, 0x2       x15=00000064 x11:00000019
13296226ns          226230 1c008304 00d86533 or               x10, x16, x13       x10=015a0003 x16:01000000 x13:005a0003
13296245ns          226231 1c008308 00c787b3 add              x15, x15, x12       x15=10000084 x15:00000064 x12:10000020
13296265ns          226232 1c00830a 02a7a023 sw               x10, 32(x15)        x10:015a0003 x15:10000084  PA:100000a4
13296285ns          226233 1c00830c 00168693 addi             x13, x13, 1         x13=005a0004 x13:005a0003
13296305ns          226234 1c00830e 00858593 addi             x11, x11, 8         x11=00000021 x11:00000019
13296325ns          226235 1c008300 00259793 slli             x15, x11, 0x2       x15=00000084 x11:00000021
13296345ns          226236 1c008304 00d86533 or               x10, x16, x13       x10=015a0004 x16:01000000 x13:005a0004
13296365ns          226237 1c008308 00c787b3 add              x15, x15, x12       x15=100000a4 x15:00000084 x12:10000020
13296385ns          226238 1c00830a 02a7a023 sw               x10, 32(x15)        x10:015a0004 x15:100000a4  PA:100000c4
13296405ns          226239 1c00830c 00168693 addi             x13, x13, 1         x13=005a0005 x13:005a0004
13296424ns          226240 1c00830e 00858593 addi             x11, x11, 8         x11=00000029 x11:00000021
13296444ns          226241 1c008300 00259793 slli             x15, x11, 0x2       x15=000000a4 x11:00000029
13296464ns          226242 1c008304 00d86533 or               x10, x16, x13       x10=015a0005 x16:01000000 x13:005a0005
13296484ns          226243 1c008308 00c787b3 add              x15, x15, x12       x15=100000c4 x15:000000a4 x12:10000020
13296504ns          226244 1c00830a 02a7a023 sw               x10, 32(x15)        x10:015a0005 x15:100000c4  PA:100000e4
13296524ns          226245 1c00830c 00168693 addi             x13, x13, 1         x13=005a0006 x13:005a0005
13296544ns          226246 1c00830e 00858593 addi             x11, x11, 8         x11=00000031 x11:00000029
13296564ns          226247 1c008300 00259793 slli             x15, x11, 0x2       x15=000000c4 x11:00000031
13296584ns          226248 1c008304 00d86533 or               x10, x16, x13       x10=015a0006 x16:01000000 x13:005a0006
13296603ns          226249 1c008308 00c787b3 add              x15, x15, x12       x15=100000e4 x15:000000c4 x12:10000020
13296623ns          226250 1c00830a 02a7a023 sw               x10, 32(x15)        x10:015a0006 x15:100000e4  PA:10000104
13296643ns          226251 1c00830c 00168693 addi             x13, x13, 1         x13=005a0007 x13:005a0006
13296663ns          226252 1c00830e 00858593 addi             x11, x11, 8         x11=00000039 x11:00000031
13296683ns          226253 1c008300 00259793 slli             x15, x11, 0x2       x15=000000e4 x11:00000039
13296703ns          226254 1c008304 00d86533 or               x10, x16, x13       x10=015a0007 x16:01000000 x13:005a0007
13296723ns          226255 1c008308 00c787b3 add              x15, x15, x12       x15=10000104 x15:000000e4 x12:10000020
13296743ns          226256 1c00830a 02a7a023 sw               x10, 32(x15)        x10:015a0007 x15:10000104  PA:10000124
13296763ns          226257 1c00830c 00168693 addi             x13, x13, 1         x13=005a0008 x13:005a0007
13296782ns          226258 1c00830e 00858593 addi             x11, x11, 8         x11=00000041 x11:00000039
13296802ns          226259 1c008300 00259793 slli             x15, x11, 0x2       x15=00000104 x11:00000041
13296822ns          226260 1c008304 00d86533 or               x10, x16, x13       x10=015a0008 x16:01000000 x13:005a0008
13296842ns          226261 1c008308 00c787b3 add              x15, x15, x12       x15=10000124 x15:00000104 x12:10000020
13296862ns          226262 1c00830a 02a7a023 sw               x10, 32(x15)        x10:015a0008 x15:10000124  PA:10000144
13296882ns          226263 1c00830c 00168693 addi             x13, x13, 1         x13=005a0009 x13:005a0008
13296902ns          226264 1c00830e 00858593 addi             x11, x11, 8         x11=00000049 x11:00000041
13296922ns          226265 1c008300 00259793 slli             x15, x11, 0x2       x15=00000124 x11:00000049
13296942ns          226266 1c008304 00d86533 or               x10, x16, x13       x10=015a0009 x16:01000000 x13:005a0009
13296961ns          226267 1c008308 00c787b3 add              x15, x15, x12       x15=10000144 x15:00000124 x12:10000020
13296981ns          226268 1c00830a 02a7a023 sw               x10, 32(x15)        x10:015a0009 x15:10000144  PA:10000164
13297001ns          226269 1c00830c 00168693 addi             x13, x13, 1         x13=005a000a x13:005a0009
13297021ns          226270 1c00830e 00858593 addi             x11, x11, 8         x11=00000051 x11:00000049
13297041ns          226271 1c008300 00259793 slli             x15, x11, 0x2       x15=00000144 x11:00000051
13297061ns          226272 1c008304 00d86533 or               x10, x16, x13       x10=015a000a x16:01000000 x13:005a000a
13297081ns          226273 1c008308 00c787b3 add              x15, x15, x12       x15=10000164 x15:00000144 x12:10000020
13297101ns          226274 1c00830a 02a7a023 sw               x10, 32(x15)        x10:015a000a x15:10000164  PA:10000184
13297121ns          226275 1c00830c 00168693 addi             x13, x13, 1         x13=005a000b x13:005a000a
13297140ns          226276 1c00830e 00858593 addi             x11, x11, 8         x11=00000059 x11:00000051
13297160ns          226277 1c008300 00259793 slli             x15, x11, 0x2       x15=00000164 x11:00000059
13297180ns          226278 1c008304 00d86533 or               x10, x16, x13       x10=015a000b x16:01000000 x13:005a000b
13297200ns          226279 1c008308 00c787b3 add              x15, x15, x12       x15=10000184 x15:00000164 x12:10000020
13297220ns          226280 1c00830a 02a7a023 sw               x10, 32(x15)        x10:015a000b x15:10000184  PA:100001a4
13297240ns          226281 1c00830c 00168693 addi             x13, x13, 1         x13=005a000c x13:005a000b
13297260ns          226282 1c00830e 00858593 addi             x11, x11, 8         x11=00000061 x11:00000059
13297280ns          226283 1c008300 00259793 slli             x15, x11, 0x2       x15=00000184 x11:00000061
13297300ns          226284 1c008304 00d86533 or               x10, x16, x13       x10=015a000c x16:01000000 x13:005a000c
13297319ns          226285 1c008308 00c787b3 add              x15, x15, x12       x15=100001a4 x15:00000184 x12:10000020
13297339ns          226286 1c00830a 02a7a023 sw               x10, 32(x15)        x10:015a000c x15:100001a4  PA:100001c4
13297359ns          226287 1c00830c 00168693 addi             x13, x13, 1         x13=005a000d x13:005a000c
13297379ns          226288 1c00830e 00858593 addi             x11, x11, 8         x11=00000069 x11:00000061
13297399ns          226289 1c008300 00259793 slli             x15, x11, 0x2       x15=000001a4 x11:00000069
13297419ns          226290 1c008304 00d86533 or               x10, x16, x13       x10=015a000d x16:01000000 x13:005a000d
13297439ns          226291 1c008308 00c787b3 add              x15, x15, x12       x15=100001c4 x15:000001a4 x12:10000020
13297459ns          226292 1c00830a 02a7a023 sw               x10, 32(x15)        x10:015a000d x15:100001c4  PA:100001e4
13297479ns          226293 1c00830c 00168693 addi             x13, x13, 1         x13=005a000e x13:005a000d
13297498ns          226294 1c00830e 00858593 addi             x11, x11, 8         x11=00000071 x11:00000069
13297518ns          226295 1c008300 00259793 slli             x15, x11, 0x2       x15=000001c4 x11:00000071
13297538ns          226296 1c008304 00d86533 or               x10, x16, x13       x10=015a000e x16:01000000 x13:005a000e
13297558ns          226297 1c008308 00c787b3 add              x15, x15, x12       x15=100001e4 x15:000001c4 x12:10000020
13297578ns          226298 1c00830a 02a7a023 sw               x10, 32(x15)        x10:015a000e x15:100001e4  PA:10000204
13297598ns          226299 1c00830c 00168693 addi             x13, x13, 1         x13=005a000f x13:005a000e
13297618ns          226300 1c00830e 00858593 addi             x11, x11, 8         x11=00000079 x11:00000071
13297638ns          226301 1c008300 00259793 slli             x15, x11, 0x2       x15=000001e4 x11:00000079
13297658ns          226302 1c008304 00d86533 or               x10, x16, x13       x10=015a000f x16:01000000 x13:005a000f
13297677ns          226303 1c008308 00c787b3 add              x15, x15, x12       x15=10000204 x15:000001e4 x12:10000020
13297697ns          226304 1c00830a 02a7a023 sw               x10, 32(x15)        x10:015a000f x15:10000204  PA:10000224
13297717ns          226305 1c00830c 00168693 addi             x13, x13, 1         x13=005a0010 x13:005a000f
13297737ns          226306 1c00830e 00858593 addi             x11, x11, 8         x11=00000081 x11:00000079
13297757ns          226307 1c008310 002044b7 lui              x9, 0x204000         x9=00204000
13297777ns          226308 1c008314 0c048493 addi             x9, x9, 192          x9=002040c0  x9:00204000
13297797ns          226309 1c008318 0004e783 p.elw            x15, 0(x9)          x15=00000000  x9:002040c0  PA:002040c0
13297896ns          226314 1c00831c 1c000537 lui              x10, 0x1c000000     x10=1c000000
13298214ns          226330 1c008320 21167603 lw               x12, x17(x12)       x12=c0de0001 x17:00000004 x12:10000020  PA:10000024
13298274ns          226333 1c008324 008005b3 add              x11, x0, x8         x11=00000001  x8:00000001
13298294ns          226334 1c008326 15450513 addi             x10, x10, 340       x10=1c000154 x10:1c000000
13298314ns          226335 1c00832a 6ca000ef jal              x1, 1738             x1=1c00832c
13298831ns          226361 1c0089f4 fc010113 addi             x2, x2, -64          x2=100022d8  x2:10002318
13298871ns          226363 1c0089f6 02410313 addi             x6, x2, 36           x6=100022fc  x2:100022d8
13298891ns          226364 1c0089fa 02c12423 sw               x12, 40(x2)         x12:c0de0001  x2:100022d8  PA:10002300
13298910ns          226365 1c0089fc 00a00633 add              x12, x0, x10        x12=1c000154 x10:1c000154
13298950ns          226367 1c0089fe 1c009537 lui              x10, 0x1c009000     x10=1c009000
13298970ns          226368 1c008a02 02b12223 sw               x11, 36(x2)         x11:00000001  x2:100022d8  PA:100022fc
13298990ns          226369 1c008a04 02d12623 sw               x13, 44(x2)         x13:005a0010  x2:100022d8  PA:10002304
13299010ns          226370 1c008a06 00200593 addi             x11, x0, 2          x11=00000002
13299030ns          226371 1c008a08 006006b3 add              x13, x0, x6         x13=100022fc  x6:100022fc
13299050ns          226372 1c008a0a 9d650513 addi             x10, x10, -1578     x10=1c0089d6 x10:1c009000
13299070ns          226373 1c008a0e 00112e23 sw               x1, 28(x2)           x1:1c00832c  x2:100022d8  PA:100022f4
13299089ns          226374 1c008a10 02e12823 sw               x14, 48(x2)         x14:00010000  x2:100022d8  PA:10002308
13299109ns          226375 1c008a12 02f12a23 sw               x15, 52(x2)         x15:00000000  x2:100022d8  PA:1000230c
13299129ns          226376 1c008a14 03012c23 sw               x16, 56(x2)         x16:01000000  x2:100022d8  PA:10002310
13299149ns          226377 1c008a16 03112e23 sw               x17, 60(x2)         x17:00000004  x2:100022d8  PA:10002314
13299169ns          226378 1c008a18 00612623 sw               x6, 12(x2)           x6:100022fc  x2:100022d8  PA:100022e4
13299189ns          226379 1c008a1a fbfff0ef jal              x1, -66              x1=1c008a1c
13299308ns          226385 1c0089d8 0ae0006f jal              x0, 174            
13299766ns          226408 1c008a86 ed010113 addi             x2, x2, -304         x2=100021a8  x2:100022d8
13299805ns          226410 1c008a88 12812423 sw               x8, 296(x2)          x8:00000001  x2:100021a8  PA:100022d0
13299825ns          226411 1c008a8c 12912223 sw               x9, 292(x2)          x9:002040c0  x2:100021a8  PA:100022cc
13299885ns          226414 1c008a90 11712623 sw               x23, 268(x2)        x23:xxxxxxxx  x2:100021a8  PA:100022b4
13299925ns          226416 1c008a94 11812423 sw               x24, 264(x2)        x24:xxxxxxxx  x2:100021a8  PA:100022b0
13299945ns          226417 1c008a98 11912223 sw               x25, 260(x2)        x25:xxxxxxxx  x2:100021a8  PA:100022ac
13299965ns          226418 1c008a9c 11a12023 sw               x26, 256(x2)        x26:xxxxxxxx  x2:100021a8  PA:100022a8
13300402ns          226440 1c008aa0 0fb12e23 sw               x27, 252(x2)        x27:xxxxxxxx  x2:100021a8  PA:100022a4
13300442ns          226442 1c008aa2 12112623 sw               x1, 300(x2)          x1:1c008a1c  x2:100021a8  PA:100022d4
13300462ns          226443 1c008aa6 13212023 sw               x18, 288(x2)        x18:xxxxxxxx  x2:100021a8  PA:100022c8
13300482ns          226444 1c008aaa 11312e23 sw               x19, 284(x2)        x19:xxxxxxxx  x2:100021a8  PA:100022c4
13300541ns          226447 1c008aae 11412c23 sw               x20, 280(x2)        x20:xxxxxxxx  x2:100021a8  PA:100022c0
13300581ns          226449 1c008ab2 11512a23 sw               x21, 276(x2)        x21:xxxxxxxx  x2:100021a8  PA:100022bc
13300601ns          226450 1c008ab6 11612823 sw               x22, 272(x2)        x22:xxxxxxxx  x2:100021a8  PA:100022b8
13300621ns          226451 1c008aba 00a00cb3 add              x25, x0, x10        x25=1c0089d6 x10:1c0089d6
13300641ns          226452 1c008abc 00b00bb3 add              x23, x0, x11        x23=00000002 x11:00000002
13300661ns          226453 1c008abe 00c004b3 add              x9, x0, x12          x9=1c000154 x12:1c000154
13300680ns          226454 1c008ac0 00d00c33 add              x24, x0, x13        x24=100022fc x13:100022fc
13300700ns          226455 1c008ac2 00000413 addi             x8, x0, 0            x8=00000000
13300720ns          226456 1c008ac4 1c000db7 lui              x27, 0x1c000000     x27=1c000000
13300740ns          226457 1c008ac8 02410d13 addi             x26, x2, 36         x26=100021cc  x2:100021a8
13300760ns          226458 1c008acc 0004c503 lbu              x10, 0(x9)          x10=00000046  x9:1c000154  PA:1c000154
13301217ns          226481 1c008ad0 00148493 addi             x9, x9, 1            x9=1c000155  x9:1c000154
13301237ns          226482 1c008ad2 00050e63 beq              x10, x0, 28         x10:00000046
13301257ns          226483 1c008ad4 02500793 addi             x15, x0, 37         x15=00000025
13301277ns          226484 1c008ad8 04f50763 beq              x10, x15, 78        x10:00000046 x15:00000025
13301297ns          226485 1c008adc 017005b3 add              x11, x0, x23        x11=00000002 x23:00000002
13301317ns          226486 1c008ade 000c80e7 jalr             x1, x25, 0           x1=1c008ae0 x25:1c0089d6
13301377ns          226489 1c0089d6 fd9ff06f jal              x0, -40            
13301456ns          226493 1c0089ae 000026b7 lui              x13, 0x2000         x13=00002000
13301536ns          226497 1c0089b0 f14027f3 csrrs            x15, x0, 0xf14      x15=00000001
13301575ns          226499 1c0089b4 f8068693 addi             x13, x13, -128      x13=00001f80 x13:00002000
13301595ns          226500 1c0089b8 00379713 slli             x14, x15, 0x3       x14=00000008 x15:00000001
13301615ns          226501 1c0089bc 00279793 slli             x15, x15, 0x2       x15=00000004 x15:00000001
13301635ns          226502 1c0089be 00d7f7b3 and              x15, x15, x13       x15=00000000 x15:00000004 x13:00001f80
13301675ns          226504 1c0089c0 ee873733 p.bclr           x14, x14, 23, 8     x14=00000008 x14:00000008
13301715ns          226506 1c0089c4 1a10f6b7 lui              x13, 0x1a10f000     x13=1a10f000
13301735ns          226507 1c0089c8 0ff57513 andi             x10, x10, 255       x10=00000046 x10:00000046
13301754ns          226508 1c0089cc 00d70733 add              x14, x14, x13       x14=1a10f008 x14:00000008 x13:1a10f000
13301774ns          226509 1c0089ce 00a7e723 p.sw             x10, x0(x15)        x10:00000046 x15:00000000  PA:1a10f008
13302093ns          226525 1c0089d2 00000513 addi             x10, x0, 0          x10=00000000
13302112ns          226526 1c0089d4 00008067 jalr             x0, x1, 0            x1:1c008ae0
13302192ns          226530 1c008ae0 15f52c63 p.beqimm         x10, 344            x10:00000000
13302232ns          226532 1c008ae4 00140413 addi             x8, x8, 1            x8=00000001  x8:00000000
13302252ns          226533 1c008ae6 0004c503 lbu              x10, 0(x9)          x10=0000004c  x9:1c000155  PA:1c000155
13302570ns          226549 1c008aea 00148493 addi             x9, x9, 1            x9=1c000156  x9:1c000155
13302590ns          226550 1c008aec fe0514e3 bne              x10, x0, -24        x10:0000004c
13302649ns          226553 1c008ad4 02500793 addi             x15, x0, 37         x15=00000025
13302669ns          226554 1c008ad8 04f50763 beq              x10, x15, 78        x10:0000004c x15:00000025
13302689ns          226555 1c008adc 017005b3 add              x11, x0, x23        x11=00000002 x23:00000002
13302709ns          226556 1c008ade 000c80e7 jalr             x1, x25, 0           x1=1c008ae0 x25:1c0089d6
13302749ns          226558 1c0089d6 fd9ff06f jal              x0, -40            
13302789ns          226560 1c0089ae 000026b7 lui              x13, 0x2000         x13=00002000
13302809ns          226561 1c0089b0 f14027f3 csrrs            x15, x0, 0xf14      x15=00000001
13302828ns          226562 1c0089b4 f8068693 addi             x13, x13, -128      x13=00001f80 x13:00002000
13302848ns          226563 1c0089b8 00379713 slli             x14, x15, 0x3       x14=00000008 x15:00000001
13302868ns          226564 1c0089bc 00279793 slli             x15, x15, 0x2       x15=00000004 x15:00000001
13302888ns          226565 1c0089be 00d7f7b3 and              x15, x15, x13       x15=00000000 x15:00000004 x13:00001f80
13302908ns          226566 1c0089c0 ee873733 p.bclr           x14, x14, 23, 8     x14=00000008 x14:00000008
13302928ns          226567 1c0089c4 1a10f6b7 lui              x13, 0x1a10f000     x13=1a10f000
13302948ns          226568 1c0089c8 0ff57513 andi             x10, x10, 255       x10=0000004c x10:0000004c
13302968ns          226569 1c0089cc 00d70733 add              x14, x14, x13       x14=1a10f008 x14:00000008 x13:1a10f000
13302988ns          226570 1c0089ce 00a7e723 p.sw             x10, x0(x15)        x10:0000004c x15:00000000  PA:1a10f008
13303306ns          226586 1c0089d2 00000513 addi             x10, x0, 0          x10=00000000
13303326ns          226587 1c0089d4 00008067 jalr             x0, x1, 0            x1:1c008ae0
13303365ns          226589 1c008ae0 15f52c63 p.beqimm         x10, 344            x10:00000000
13303385ns          226590 1c008ae4 00140413 addi             x8, x8, 1            x8=00000002  x8:00000001
13303405ns          226591 1c008ae6 0004c503 lbu              x10, 0(x9)          x10=0000004f  x9:1c000156  PA:1c000156
13303723ns          226607 1c008aea 00148493 addi             x9, x9, 1            x9=1c000157  x9:1c000156
13303743ns          226608 1c008aec fe0514e3 bne              x10, x0, -24        x10:0000004f
13303803ns          226611 1c008ad4 02500793 addi             x15, x0, 37         x15=00000025
13303823ns          226612 1c008ad8 04f50763 beq              x10, x15, 78        x10:0000004f x15:00000025
13303843ns          226613 1c008adc 017005b3 add              x11, x0, x23        x11=00000002 x23:00000002
13303863ns          226614 1c008ade 000c80e7 jalr             x1, x25, 0           x1=1c008ae0 x25:1c0089d6
13303902ns          226616 1c0089d6 fd9ff06f jal              x0, -40            
13303942ns          226618 1c0089ae 000026b7 lui              x13, 0x2000         x13=00002000
13303962ns          226619 1c0089b0 f14027f3 csrrs            x15, x0, 0xf14      x15=00000001
13303982ns          226620 1c0089b4 f8068693 addi             x13, x13, -128      x13=00001f80 x13:00002000
13304002ns          226621 1c0089b8 00379713 slli             x14, x15, 0x3       x14=00000008 x15:00000001
13304022ns          226622 1c0089bc 00279793 slli             x15, x15, 0x2       x15=00000004 x15:00000001
13304042ns          226623 1c0089be 00d7f7b3 and              x15, x15, x13       x15=00000000 x15:00000004 x13:00001f80
13304061ns          226624 1c0089c0 ee873733 p.bclr           x14, x14, 23, 8     x14=00000008 x14:00000008
13304081ns          226625 1c0089c4 1a10f6b7 lui              x13, 0x1a10f000     x13=1a10f000
13304101ns          226626 1c0089c8 0ff57513 andi             x10, x10, 255       x10=0000004f x10:0000004f
13304121ns          226627 1c0089cc 00d70733 add              x14, x14, x13       x14=1a10f008 x14:00000008 x13:1a10f000
13304141ns          226628 1c0089ce 00a7e723 p.sw             x10, x0(x15)        x10:0000004f x15:00000000  PA:1a10f008
13304459ns          226644 1c0089d2 00000513 addi             x10, x0, 0          x10=00000000
13304479ns          226645 1c0089d4 00008067 jalr             x0, x1, 0            x1:1c008ae0
13304519ns          226647 1c008ae0 15f52c63 p.beqimm         x10, 344            x10:00000000
13304539ns          226648 1c008ae4 00140413 addi             x8, x8, 1            x8=00000003  x8:00000002
13304559ns          226649 1c008ae6 0004c503 lbu              x10, 0(x9)          x10=00000057  x9:1c000157  PA:1c000157
13304857ns          226664 1c008aea 00148493 addi             x9, x9, 1            x9=1c000158  x9:1c000157
13304877ns          226665 1c008aec fe0514e3 bne              x10, x0, -24        x10:00000057
13304937ns          226668 1c008ad4 02500793 addi             x15, x0, 37         x15=00000025
13304956ns          226669 1c008ad8 04f50763 beq              x10, x15, 78        x10:00000057 x15:00000025
13304976ns          226670 1c008adc 017005b3 add              x11, x0, x23        x11=00000002 x23:00000002
13304996ns          226671 1c008ade 000c80e7 jalr             x1, x25, 0           x1=1c008ae0 x25:1c0089d6
13305036ns          226673 1c0089d6 fd9ff06f jal              x0, -40            
13305076ns          226675 1c0089ae 000026b7 lui              x13, 0x2000         x13=00002000
13305096ns          226676 1c0089b0 f14027f3 csrrs            x15, x0, 0xf14      x15=00000001
13305116ns          226677 1c0089b4 f8068693 addi             x13, x13, -128      x13=00001f80 x13:00002000
13305135ns          226678 1c0089b8 00379713 slli             x14, x15, 0x3       x14=00000008 x15:00000001
13305155ns          226679 1c0089bc 00279793 slli             x15, x15, 0x2       x15=00000004 x15:00000001
13305175ns          226680 1c0089be 00d7f7b3 and              x15, x15, x13       x15=00000000 x15:00000004 x13:00001f80
13305195ns          226681 1c0089c0 ee873733 p.bclr           x14, x14, 23, 8     x14=00000008 x14:00000008
13305215ns          226682 1c0089c4 1a10f6b7 lui              x13, 0x1a10f000     x13=1a10f000
13305235ns          226683 1c0089c8 0ff57513 andi             x10, x10, 255       x10=00000057 x10:00000057
13305255ns          226684 1c0089cc 00d70733 add              x14, x14, x13       x14=1a10f008 x14:00000008 x13:1a10f000
13305275ns          226685 1c0089ce 00a7e723 p.sw             x10, x0(x15)        x10:00000057 x15:00000000  PA:1a10f008
13305593ns          226701 1c0089d2 00000513 addi             x10, x0, 0          x10=00000000
13305613ns          226702 1c0089d4 00008067 jalr             x0, x1, 0            x1:1c008ae0
13305652ns          226704 1c008ae0 15f52c63 p.beqimm         x10, 344            x10:00000000
13305672ns          226705 1c008ae4 00140413 addi             x8, x8, 1            x8=00000004  x8:00000003
13305692ns          226706 1c008ae6 0004c503 lbu              x10, 0(x9)          x10=0000007c  x9:1c000158  PA:1c000158
13305991ns          226721 1c008aea 00148493 addi             x9, x9, 1            x9=1c000159  x9:1c000158
13306010ns          226722 1c008aec fe0514e3 bne              x10, x0, -24        x10:0000007c
13306070ns          226725 1c008ad4 02500793 addi             x15, x0, 37         x15=00000025
13306090ns          226726 1c008ad8 04f50763 beq              x10, x15, 78        x10:0000007c x15:00000025
13306110ns          226727 1c008adc 017005b3 add              x11, x0, x23        x11=00000002 x23:00000002
13306130ns          226728 1c008ade 000c80e7 jalr             x1, x25, 0           x1=1c008ae0 x25:1c0089d6
13306170ns          226730 1c0089d6 fd9ff06f jal              x0, -40            
13306209ns          226732 1c0089ae 000026b7 lui              x13, 0x2000         x13=00002000
13306229ns          226733 1c0089b0 f14027f3 csrrs            x15, x0, 0xf14      x15=00000001
13306249ns          226734 1c0089b4 f8068693 addi             x13, x13, -128      x13=00001f80 x13:00002000
13306269ns          226735 1c0089b8 00379713 slli             x14, x15, 0x3       x14=00000008 x15:00000001
13306289ns          226736 1c0089bc 00279793 slli             x15, x15, 0x2       x15=00000004 x15:00000001
13306309ns          226737 1c0089be 00d7f7b3 and              x15, x15, x13       x15=00000000 x15:00000004 x13:00001f80
13306329ns          226738 1c0089c0 ee873733 p.bclr           x14, x14, 23, 8     x14=00000008 x14:00000008
13306349ns          226739 1c0089c4 1a10f6b7 lui              x13, 0x1a10f000     x13=1a10f000
13306368ns          226740 1c0089c8 0ff57513 andi             x10, x10, 255       x10=0000007c x10:0000007c
13306388ns          226741 1c0089cc 00d70733 add              x14, x14, x13       x14=1a10f008 x14:00000008 x13:1a10f000
13306408ns          226742 1c0089ce 00a7e723 p.sw             x10, x0(x15)        x10:0000007c x15:00000000  PA:1a10f008
13306726ns          226758 1c0089d2 00000513 addi             x10, x0, 0          x10=00000000
13306746ns          226759 1c0089d4 00008067 jalr             x0, x1, 0            x1:1c008ae0
13306786ns          226761 1c008ae0 15f52c63 p.beqimm         x10, 344            x10:00000000
13306806ns          226762 1c008ae4 00140413 addi             x8, x8, 1            x8=00000005  x8:00000004
13306826ns          226763 1c008ae6 0004c503 lbu              x10, 0(x9)          x10=00000033  x9:1c000159  PA:1c000159
13307124ns          226778 1c008aea 00148493 addi             x9, x9, 1            x9=1c00015a  x9:1c000159
13307144ns          226779 1c008aec fe0514e3 bne              x10, x0, -24        x10:00000033
13307204ns          226782 1c008ad4 02500793 addi             x15, x0, 37         x15=00000025
13307224ns          226783 1c008ad8 04f50763 beq              x10, x15, 78        x10:00000033 x15:00000025
13307244ns          226784 1c008adc 017005b3 add              x11, x0, x23        x11=00000002 x23:00000002
13307263ns          226785 1c008ade 000c80e7 jalr             x1, x25, 0           x1=1c008ae0 x25:1c0089d6
13307303ns          226787 1c0089d6 fd9ff06f jal              x0, -40            
13307343ns          226789 1c0089ae 000026b7 lui              x13, 0x2000         x13=00002000
13307363ns          226790 1c0089b0 f14027f3 csrrs            x15, x0, 0xf14      x15=00000001
13307383ns          226791 1c0089b4 f8068693 addi             x13, x13, -128      x13=00001f80 x13:00002000
13307403ns          226792 1c0089b8 00379713 slli             x14, x15, 0x3       x14=00000008 x15:00000001
13307423ns          226793 1c0089bc 00279793 slli             x15, x15, 0x2       x15=00000004 x15:00000001
13307442ns          226794 1c0089be 00d7f7b3 and              x15, x15, x13       x15=00000000 x15:00000004 x13:00001f80
13307462ns          226795 1c0089c0 ee873733 p.bclr           x14, x14, 23, 8     x14=00000008 x14:00000008
13307482ns          226796 1c0089c4 1a10f6b7 lui              x13, 0x1a10f000     x13=1a10f000
13307502ns          226797 1c0089c8 0ff57513 andi             x10, x10, 255       x10=00000033 x10:00000033
13307522ns          226798 1c0089cc 00d70733 add              x14, x14, x13       x14=1a10f008 x14:00000008 x13:1a10f000
13307542ns          226799 1c0089ce 00a7e723 p.sw             x10, x0(x15)        x10:00000033 x15:00000000  PA:1a10f008
13307880ns          226816 1c0089d2 00000513 addi             x10, x0, 0          x10=00000000
13307900ns          226817 1c0089d4 00008067 jalr             x0, x1, 0            x1:1c008ae0
13307940ns          226819 1c008ae0 15f52c63 p.beqimm         x10, 344            x10:00000000
13307960ns          226820 1c008ae4 00140413 addi             x8, x8, 1            x8=00000006  x8:00000005
13307979ns          226821 1c008ae6 0004c503 lbu              x10, 0(x9)          x10=0000007c  x9:1c00015a  PA:1c00015a
13308278ns          226836 1c008aea 00148493 addi             x9, x9, 1            x9=1c00015b  x9:1c00015a
13308298ns          226837 1c008aec fe0514e3 bne              x10, x0, -24        x10:0000007c
13308357ns          226840 1c008ad4 02500793 addi             x15, x0, 37         x15=00000025
13308377ns          226841 1c008ad8 04f50763 beq              x10, x15, 78        x10:0000007c x15:00000025
13308397ns          226842 1c008adc 017005b3 add              x11, x0, x23        x11=00000002 x23:00000002
13308417ns          226843 1c008ade 000c80e7 jalr             x1, x25, 0           x1=1c008ae0 x25:1c0089d6
13308457ns          226845 1c0089d6 fd9ff06f jal              x0, -40            
13308496ns          226847 1c0089ae 000026b7 lui              x13, 0x2000         x13=00002000
13308516ns          226848 1c0089b0 f14027f3 csrrs            x15, x0, 0xf14      x15=00000001
13308536ns          226849 1c0089b4 f8068693 addi             x13, x13, -128      x13=00001f80 x13:00002000
13308556ns          226850 1c0089b8 00379713 slli             x14, x15, 0x3       x14=00000008 x15:00000001
13308576ns          226851 1c0089bc 00279793 slli             x15, x15, 0x2       x15=00000004 x15:00000001
13308596ns          226852 1c0089be 00d7f7b3 and              x15, x15, x13       x15=00000000 x15:00000004 x13:00001f80
13308616ns          226853 1c0089c0 ee873733 p.bclr           x14, x14, 23, 8     x14=00000008 x14:00000008
13308636ns          226854 1c0089c4 1a10f6b7 lui              x13, 0x1a10f000     x13=1a10f000
13308656ns          226855 1c0089c8 0ff57513 andi             x10, x10, 255       x10=0000007c x10:0000007c
13308675ns          226856 1c0089cc 00d70733 add              x14, x14, x13       x14=1a10f008 x14:00000008 x13:1a10f000
13308695ns          226857 1c0089ce 00a7e723 p.sw             x10, x0(x15)        x10:0000007c x15:00000000  PA:1a10f008
13309014ns          226873 1c0089d2 00000513 addi             x10, x0, 0          x10=00000000
13309033ns          226874 1c0089d4 00008067 jalr             x0, x1, 0            x1:1c008ae0
13309073ns          226876 1c008ae0 15f52c63 p.beqimm         x10, 344            x10:00000000
13309093ns          226877 1c008ae4 00140413 addi             x8, x8, 1            x8=00000007  x8:00000006
13309113ns          226878 1c008ae6 0004c503 lbu              x10, 0(x9)          x10=00000043  x9:1c00015b  PA:1c00015b
13309411ns          226893 1c008aea 00148493 addi             x9, x9, 1            x9=1c00015c  x9:1c00015b
13309431ns          226894 1c008aec fe0514e3 bne              x10, x0, -24        x10:00000043
13309491ns          226897 1c008ad4 02500793 addi             x15, x0, 37         x15=00000025
13309511ns          226898 1c008ad8 04f50763 beq              x10, x15, 78        x10:00000043 x15:00000025
13309531ns          226899 1c008adc 017005b3 add              x11, x0, x23        x11=00000002 x23:00000002
13309551ns          226900 1c008ade 000c80e7 jalr             x1, x25, 0           x1=1c008ae0 x25:1c0089d6
13309590ns          226902 1c0089d6 fd9ff06f jal              x0, -40            
13309630ns          226904 1c0089ae 000026b7 lui              x13, 0x2000         x13=00002000
13309650ns          226905 1c0089b0 f14027f3 csrrs            x15, x0, 0xf14      x15=00000001
13309670ns          226906 1c0089b4 f8068693 addi             x13, x13, -128      x13=00001f80 x13:00002000
13309690ns          226907 1c0089b8 00379713 slli             x14, x15, 0x3       x14=00000008 x15:00000001
13309710ns          226908 1c0089bc 00279793 slli             x15, x15, 0x2       x15=00000004 x15:00000001
13309730ns          226909 1c0089be 00d7f7b3 and              x15, x15, x13       x15=00000000 x15:00000004 x13:00001f80
13309749ns          226910 1c0089c0 ee873733 p.bclr           x14, x14, 23, 8     x14=00000008 x14:00000008
13309769ns          226911 1c0089c4 1a10f6b7 lui              x13, 0x1a10f000     x13=1a10f000
13309789ns          226912 1c0089c8 0ff57513 andi             x10, x10, 255       x10=00000043 x10:00000043
13309809ns          226913 1c0089cc 00d70733 add              x14, x14, x13       x14=1a10f008 x14:00000008 x13:1a10f000
13309829ns          226914 1c0089ce 00a7e723 p.sw             x10, x0(x15)        x10:00000043 x15:00000000  PA:1a10f008
13310147ns          226930 1c0089d2 00000513 addi             x10, x0, 0          x10=00000000
13310167ns          226931 1c0089d4 00008067 jalr             x0, x1, 0            x1:1c008ae0
13310207ns          226933 1c008ae0 15f52c63 p.beqimm         x10, 344            x10:00000000
13310227ns          226934 1c008ae4 00140413 addi             x8, x8, 1            x8=00000008  x8:00000007
13310247ns          226935 1c008ae6 0004c503 lbu              x10, 0(x9)          x10=0000004f  x9:1c00015c  PA:1c00015c
13310565ns          226951 1c008aea 00148493 addi             x9, x9, 1            x9=1c00015d  x9:1c00015c
13310585ns          226952 1c008aec fe0514e3 bne              x10, x0, -24        x10:0000004f
13310644ns          226955 1c008ad4 02500793 addi             x15, x0, 37         x15=00000025
13310664ns          226956 1c008ad8 04f50763 beq              x10, x15, 78        x10:0000004f x15:00000025
13310684ns          226957 1c008adc 017005b3 add              x11, x0, x23        x11=00000002 x23:00000002
13310704ns          226958 1c008ade 000c80e7 jalr             x1, x25, 0           x1=1c008ae0 x25:1c0089d6
13310744ns          226960 1c0089d6 fd9ff06f jal              x0, -40            
13310784ns          226962 1c0089ae 000026b7 lui              x13, 0x2000         x13=00002000
13310803ns          226963 1c0089b0 f14027f3 csrrs            x15, x0, 0xf14      x15=00000001
13310823ns          226964 1c0089b4 f8068693 addi             x13, x13, -128      x13=00001f80 x13:00002000
13310843ns          226965 1c0089b8 00379713 slli             x14, x15, 0x3       x14=00000008 x15:00000001
13310863ns          226966 1c0089bc 00279793 slli             x15, x15, 0x2       x15=00000004 x15:00000001
13310883ns          226967 1c0089be 00d7f7b3 and              x15, x15, x13       x15=00000000 x15:00000004 x13:00001f80
13310903ns          226968 1c0089c0 ee873733 p.bclr           x14, x14, 23, 8     x14=00000008 x14:00000008
13310923ns          226969 1c0089c4 1a10f6b7 lui              x13, 0x1a10f000     x13=1a10f000
13310943ns          226970 1c0089c8 0ff57513 andi             x10, x10, 255       x10=0000004f x10:0000004f
13310963ns          226971 1c0089cc 00d70733 add              x14, x14, x13       x14=1a10f008 x14:00000008 x13:1a10f000
13310982ns          226972 1c0089ce 00a7e723 p.sw             x10, x0(x15)        x10:0000004f x15:00000000  PA:1a10f008
13311301ns          226988 1c0089d2 00000513 addi             x10, x0, 0          x10=00000000
13311321ns          226989 1c0089d4 00008067 jalr             x0, x1, 0            x1:1c008ae0
13311360ns          226991 1c008ae0 15f52c63 p.beqimm         x10, 344            x10:00000000
13311380ns          226992 1c008ae4 00140413 addi             x8, x8, 1            x8=00000009  x8:00000008
13311400ns          226993 1c008ae6 0004c503 lbu              x10, 0(x9)          x10=00000052  x9:1c00015d  PA:1c00015d
13311698ns          227008 1c008aea 00148493 addi             x9, x9, 1            x9=1c00015e  x9:1c00015d
13311718ns          227009 1c008aec fe0514e3 bne              x10, x0, -24        x10:00000052
13311778ns          227012 1c008ad4 02500793 addi             x15, x0, 37         x15=00000025
13311798ns          227013 1c008ad8 04f50763 beq              x10, x15, 78        x10:00000052 x15:00000025
13311818ns          227014 1c008adc 017005b3 add              x11, x0, x23        x11=00000002 x23:00000002
13311838ns          227015 1c008ade 000c80e7 jalr             x1, x25, 0           x1=1c008ae0 x25:1c0089d6
13311877ns          227017 1c0089d6 fd9ff06f jal              x0, -40            
13311917ns          227019 1c0089ae 000026b7 lui              x13, 0x2000         x13=00002000
13311937ns          227020 1c0089b0 f14027f3 csrrs            x15, x0, 0xf14      x15=00000001
13311957ns          227021 1c0089b4 f8068693 addi             x13, x13, -128      x13=00001f80 x13:00002000
13311977ns          227022 1c0089b8 00379713 slli             x14, x15, 0x3       x14=00000008 x15:00000001
13311997ns          227023 1c0089bc 00279793 slli             x15, x15, 0x2       x15=00000004 x15:00000001
13312017ns          227024 1c0089be 00d7f7b3 and              x15, x15, x13       x15=00000000 x15:00000004 x13:00001f80
13312037ns          227025 1c0089c0 ee873733 p.bclr           x14, x14, 23, 8     x14=00000008 x14:00000008
13312056ns          227026 1c0089c4 1a10f6b7 lui              x13, 0x1a10f000     x13=1a10f000
13312076ns          227027 1c0089c8 0ff57513 andi             x10, x10, 255       x10=00000052 x10:00000052
13312096ns          227028 1c0089cc 00d70733 add              x14, x14, x13       x14=1a10f008 x14:00000008 x13:1a10f000
13312116ns          227029 1c0089ce 00a7e723 p.sw             x10, x0(x15)        x10:00000052 x15:00000000  PA:1a10f008
13312434ns          227045 1c0089d2 00000513 addi             x10, x0, 0          x10=00000000
13312454ns          227046 1c0089d4 00008067 jalr             x0, x1, 0            x1:1c008ae0
13312494ns          227048 1c008ae0 15f52c63 p.beqimm         x10, 344            x10:00000000
13312514ns          227049 1c008ae4 00140413 addi             x8, x8, 1            x8=0000000a  x8:00000009
13312534ns          227050 1c008ae6 0004c503 lbu              x10, 0(x9)          x10=00000045  x9:1c00015e  PA:1c00015e
13312832ns          227065 1c008aea 00148493 addi             x9, x9, 1            x9=1c00015f  x9:1c00015e
13312852ns          227066 1c008aec fe0514e3 bne              x10, x0, -24        x10:00000045
13312912ns          227069 1c008ad4 02500793 addi             x15, x0, 37         x15=00000025
13312932ns          227070 1c008ad8 04f50763 beq              x10, x15, 78        x10:00000045 x15:00000025
13312951ns          227071 1c008adc 017005b3 add              x11, x0, x23        x11=00000002 x23:00000002
13312971ns          227072 1c008ade 000c80e7 jalr             x1, x25, 0           x1=1c008ae0 x25:1c0089d6
13313011ns          227074 1c0089d6 fd9ff06f jal              x0, -40            
13313051ns          227076 1c0089ae 000026b7 lui              x13, 0x2000         x13=00002000
13313071ns          227077 1c0089b0 f14027f3 csrrs            x15, x0, 0xf14      x15=00000001
13313091ns          227078 1c0089b4 f8068693 addi             x13, x13, -128      x13=00001f80 x13:00002000
13313110ns          227079 1c0089b8 00379713 slli             x14, x15, 0x3       x14=00000008 x15:00000001
13313130ns          227080 1c0089bc 00279793 slli             x15, x15, 0x2       x15=00000004 x15:00000001
13313150ns          227081 1c0089be 00d7f7b3 and              x15, x15, x13       x15=00000000 x15:00000004 x13:00001f80
13313170ns          227082 1c0089c0 ee873733 p.bclr           x14, x14, 23, 8     x14=00000008 x14:00000008
13313190ns          227083 1c0089c4 1a10f6b7 lui              x13, 0x1a10f000     x13=1a10f000
13313210ns          227084 1c0089c8 0ff57513 andi             x10, x10, 255       x10=00000045 x10:00000045
13313230ns          227085 1c0089cc 00d70733 add              x14, x14, x13       x14=1a10f008 x14:00000008 x13:1a10f000
13313250ns          227086 1c0089ce 00a7e723 p.sw             x10, x0(x15)        x10:00000045 x15:00000000  PA:1a10f008
13313568ns          227102 1c0089d2 00000513 addi             x10, x0, 0          x10=00000000
13313588ns          227103 1c0089d4 00008067 jalr             x0, x1, 0            x1:1c008ae0
13313628ns          227105 1c008ae0 15f52c63 p.beqimm         x10, 344            x10:00000000
13313647ns          227106 1c008ae4 00140413 addi             x8, x8, 1            x8=0000000b  x8:0000000a
13313667ns          227107 1c008ae6 0004c503 lbu              x10, 0(x9)          x10=0000007c  x9:1c00015f  PA:1c00015f
13313966ns          227122 1c008aea 00148493 addi             x9, x9, 1            x9=1c000160  x9:1c00015f
13313986ns          227123 1c008aec fe0514e3 bne              x10, x0, -24        x10:0000007c
13314045ns          227126 1c008ad4 02500793 addi             x15, x0, 37         x15=00000025
13314065ns          227127 1c008ad8 04f50763 beq              x10, x15, 78        x10:0000007c x15:00000025
13314085ns          227128 1c008adc 017005b3 add              x11, x0, x23        x11=00000002 x23:00000002
13314105ns          227129 1c008ade 000c80e7 jalr             x1, x25, 0           x1=1c008ae0 x25:1c0089d6
13314145ns          227131 1c0089d6 fd9ff06f jal              x0, -40            
13314184ns          227133 1c0089ae 000026b7 lui              x13, 0x2000         x13=00002000
13314204ns          227134 1c0089b0 f14027f3 csrrs            x15, x0, 0xf14      x15=00000001
13314224ns          227135 1c0089b4 f8068693 addi             x13, x13, -128      x13=00001f80 x13:00002000
13314244ns          227136 1c0089b8 00379713 slli             x14, x15, 0x3       x14=00000008 x15:00000001
13314264ns          227137 1c0089bc 00279793 slli             x15, x15, 0x2       x15=00000004 x15:00000001
13314284ns          227138 1c0089be 00d7f7b3 and              x15, x15, x13       x15=00000000 x15:00000004 x13:00001f80
13314304ns          227139 1c0089c0 ee873733 p.bclr           x14, x14, 23, 8     x14=00000008 x14:00000008
13314324ns          227140 1c0089c4 1a10f6b7 lui              x13, 0x1a10f000     x13=1a10f000
13314344ns          227141 1c0089c8 0ff57513 andi             x10, x10, 255       x10=0000007c x10:0000007c
13314363ns          227142 1c0089cc 00d70733 add              x14, x14, x13       x14=1a10f008 x14:00000008 x13:1a10f000
13314383ns          227143 1c0089ce 00a7e723 p.sw             x10, x0(x15)        x10:0000007c x15:00000000  PA:1a10f008
13314702ns          227159 1c0089d2 00000513 addi             x10, x0, 0          x10=00000000
13314721ns          227160 1c0089d4 00008067 jalr             x0, x1, 0            x1:1c008ae0
13314761ns          227162 1c008ae0 15f52c63 p.beqimm         x10, 344            x10:00000000
13314781ns          227163 1c008ae4 00140413 addi             x8, x8, 1            x8=0000000c  x8:0000000b
13314801ns          227164 1c008ae6 0004c503 lbu              x10, 0(x9)          x10=00000063  x9:1c000160  PA:1c000160
13315099ns          227179 1c008aea 00148493 addi             x9, x9, 1            x9=1c000161  x9:1c000160
13315119ns          227180 1c008aec fe0514e3 bne              x10, x0, -24        x10:00000063
13315179ns          227183 1c008ad4 02500793 addi             x15, x0, 37         x15=00000025
13315199ns          227184 1c008ad8 04f50763 beq              x10, x15, 78        x10:00000063 x15:00000025
13315219ns          227185 1c008adc 017005b3 add              x11, x0, x23        x11=00000002 x23:00000002
13315239ns          227186 1c008ade 000c80e7 jalr             x1, x25, 0           x1=1c008ae0 x25:1c0089d6
13315278ns          227188 1c0089d6 fd9ff06f jal              x0, -40            
13315318ns          227190 1c0089ae 000026b7 lui              x13, 0x2000         x13=00002000
13315338ns          227191 1c0089b0 f14027f3 csrrs            x15, x0, 0xf14      x15=00000001
13315358ns          227192 1c0089b4 f8068693 addi             x13, x13, -128      x13=00001f80 x13:00002000
13315378ns          227193 1c0089b8 00379713 slli             x14, x15, 0x3       x14=00000008 x15:00000001
13315398ns          227194 1c0089bc 00279793 slli             x15, x15, 0x2       x15=00000004 x15:00000001
13315418ns          227195 1c0089be 00d7f7b3 and              x15, x15, x13       x15=00000000 x15:00000004 x13:00001f80
13315437ns          227196 1c0089c0 ee873733 p.bclr           x14, x14, 23, 8     x14=00000008 x14:00000008
13315457ns          227197 1c0089c4 1a10f6b7 lui              x13, 0x1a10f000     x13=1a10f000
13315477ns          227198 1c0089c8 0ff57513 andi             x10, x10, 255       x10=00000063 x10:00000063
13315497ns          227199 1c0089cc 00d70733 add              x14, x14, x13       x14=1a10f008 x14:00000008 x13:1a10f000
13315517ns          227200 1c0089ce 00a7e723 p.sw             x10, x0(x15)        x10:00000063 x15:00000000  PA:1a10f008
13315855ns          227217 1c0089d2 00000513 addi             x10, x0, 0          x10=00000000
13315875ns          227218 1c0089d4 00008067 jalr             x0, x1, 0            x1:1c008ae0
13315915ns          227220 1c008ae0 15f52c63 p.beqimm         x10, 344            x10:00000000
13315935ns          227221 1c008ae4 00140413 addi             x8, x8, 1            x8=0000000d  x8:0000000c
13315954ns          227222 1c008ae6 0004c503 lbu              x10, 0(x9)          x10=0000006c  x9:1c000161  PA:1c000161
13316253ns          227237 1c008aea 00148493 addi             x9, x9, 1            x9=1c000162  x9:1c000161
13316273ns          227238 1c008aec fe0514e3 bne              x10, x0, -24        x10:0000006c
13316332ns          227241 1c008ad4 02500793 addi             x15, x0, 37         x15=00000025
13316352ns          227242 1c008ad8 04f50763 beq              x10, x15, 78        x10:0000006c x15:00000025
13316372ns          227243 1c008adc 017005b3 add              x11, x0, x23        x11=00000002 x23:00000002
13316392ns          227244 1c008ade 000c80e7 jalr             x1, x25, 0           x1=1c008ae0 x25:1c0089d6
13316432ns          227246 1c0089d6 fd9ff06f jal              x0, -40            
13316472ns          227248 1c0089ae 000026b7 lui              x13, 0x2000         x13=00002000
13316491ns          227249 1c0089b0 f14027f3 csrrs            x15, x0, 0xf14      x15=00000001
13316511ns          227250 1c0089b4 f8068693 addi             x13, x13, -128      x13=00001f80 x13:00002000
13316531ns          227251 1c0089b8 00379713 slli             x14, x15, 0x3       x14=00000008 x15:00000001
13316551ns          227252 1c0089bc 00279793 slli             x15, x15, 0x2       x15=00000004 x15:00000001
13316571ns          227253 1c0089be 00d7f7b3 and              x15, x15, x13       x15=00000000 x15:00000004 x13:00001f80
13316591ns          227254 1c0089c0 ee873733 p.bclr           x14, x14, 23, 8     x14=00000008 x14:00000008
13316611ns          227255 1c0089c4 1a10f6b7 lui              x13, 0x1a10f000     x13=1a10f000
13316631ns          227256 1c0089c8 0ff57513 andi             x10, x10, 255       x10=0000006c x10:0000006c
13316651ns          227257 1c0089cc 00d70733 add              x14, x14, x13       x14=1a10f008 x14:00000008 x13:1a10f000
13316670ns          227258 1c0089ce 00a7e723 p.sw             x10, x0(x15)        x10:0000006c x15:00000000  PA:1a10f008
13316989ns          227274 1c0089d2 00000513 addi             x10, x0, 0          x10=00000000
13317009ns          227275 1c0089d4 00008067 jalr             x0, x1, 0            x1:1c008ae0
13317048ns          227277 1c008ae0 15f52c63 p.beqimm         x10, 344            x10:00000000
13317068ns          227278 1c008ae4 00140413 addi             x8, x8, 1            x8=0000000e  x8:0000000d
13317088ns          227279 1c008ae6 0004c503 lbu              x10, 0(x9)          x10=00000075  x9:1c000162  PA:1c000162
13317386ns          227294 1c008aea 00148493 addi             x9, x9, 1            x9=1c000163  x9:1c000162
13317406ns          227295 1c008aec fe0514e3 bne              x10, x0, -24        x10:00000075
13317466ns          227298 1c008ad4 02500793 addi             x15, x0, 37         x15=00000025
13317486ns          227299 1c008ad8 04f50763 beq              x10, x15, 78        x10:00000075 x15:00000025
13317506ns          227300 1c008adc 017005b3 add              x11, x0, x23        x11=00000002 x23:00000002
13317526ns          227301 1c008ade 000c80e7 jalr             x1, x25, 0           x1=1c008ae0 x25:1c0089d6
13317565ns          227303 1c0089d6 fd9ff06f jal              x0, -40            
13317605ns          227305 1c0089ae 000026b7 lui              x13, 0x2000         x13=00002000
13317625ns          227306 1c0089b0 f14027f3 csrrs            x15, x0, 0xf14      x15=00000001
13317645ns          227307 1c0089b4 f8068693 addi             x13, x13, -128      x13=00001f80 x13:00002000
13317665ns          227308 1c0089b8 00379713 slli             x14, x15, 0x3       x14=00000008 x15:00000001
13317685ns          227309 1c0089bc 00279793 slli             x15, x15, 0x2       x15=00000004 x15:00000001
13317705ns          227310 1c0089be 00d7f7b3 and              x15, x15, x13       x15=00000000 x15:00000004 x13:00001f80
13317725ns          227311 1c0089c0 ee873733 p.bclr           x14, x14, 23, 8     x14=00000008 x14:00000008
13317744ns          227312 1c0089c4 1a10f6b7 lui              x13, 0x1a10f000     x13=1a10f000
13317764ns          227313 1c0089c8 0ff57513 andi             x10, x10, 255       x10=00000075 x10:00000075
13317784ns          227314 1c0089cc 00d70733 add              x14, x14, x13       x14=1a10f008 x14:00000008 x13:1a10f000
13317804ns          227315 1c0089ce 00a7e723 p.sw             x10, x0(x15)        x10:00000075 x15:00000000  PA:1a10f008
13318122ns          227331 1c0089d2 00000513 addi             x10, x0, 0          x10=00000000
13318142ns          227332 1c0089d4 00008067 jalr             x0, x1, 0            x1:1c008ae0
13318182ns          227334 1c008ae0 15f52c63 p.beqimm         x10, 344            x10:00000000
13318202ns          227335 1c008ae4 00140413 addi             x8, x8, 1            x8=0000000f  x8:0000000e
13318222ns          227336 1c008ae6 0004c503 lbu              x10, 0(x9)          x10=00000073  x9:1c000163  PA:1c000163
13318540ns          227352 1c008aea 00148493 addi             x9, x9, 1            x9=1c000164  x9:1c000163
13318560ns          227353 1c008aec fe0514e3 bne              x10, x0, -24        x10:00000073
13318619ns          227356 1c008ad4 02500793 addi             x15, x0, 37         x15=00000025
13318639ns          227357 1c008ad8 04f50763 beq              x10, x15, 78        x10:00000073 x15:00000025
13318659ns          227358 1c008adc 017005b3 add              x11, x0, x23        x11=00000002 x23:00000002
13318679ns          227359 1c008ade 000c80e7 jalr             x1, x25, 0           x1=1c008ae0 x25:1c0089d6
13318719ns          227361 1c0089d6 fd9ff06f jal              x0, -40            
13318759ns          227363 1c0089ae 000026b7 lui              x13, 0x2000         x13=00002000
13318779ns          227364 1c0089b0 f14027f3 csrrs            x15, x0, 0xf14      x15=00000001
13318798ns          227365 1c0089b4 f8068693 addi             x13, x13, -128      x13=00001f80 x13:00002000
13318818ns          227366 1c0089b8 00379713 slli             x14, x15, 0x3       x14=00000008 x15:00000001
13318838ns          227367 1c0089bc 00279793 slli             x15, x15, 0x2       x15=00000004 x15:00000001
13318858ns          227368 1c0089be 00d7f7b3 and              x15, x15, x13       x15=00000000 x15:00000004 x13:00001f80
13318878ns          227369 1c0089c0 ee873733 p.bclr           x14, x14, 23, 8     x14=00000008 x14:00000008
13318898ns          227370 1c0089c4 1a10f6b7 lui              x13, 0x1a10f000     x13=1a10f000
13318918ns          227371 1c0089c8 0ff57513 andi             x10, x10, 255       x10=00000073 x10:00000073
13318938ns          227372 1c0089cc 00d70733 add              x14, x14, x13       x14=1a10f008 x14:00000008 x13:1a10f000
13318958ns          227373 1c0089ce 00a7e723 p.sw             x10, x0(x15)        x10:00000073 x15:00000000  PA:1a10f008
13319276ns          227389 1c0089d2 00000513 addi             x10, x0, 0          x10=00000000
13319296ns          227390 1c0089d4 00008067 jalr             x0, x1, 0            x1:1c008ae0
13319335ns          227392 1c008ae0 15f52c63 p.beqimm         x10, 344            x10:00000000
13319355ns          227393 1c008ae4 00140413 addi             x8, x8, 1            x8=00000010  x8:0000000f
13319375ns          227394 1c008ae6 0004c503 lbu              x10, 0(x9)          x10=00000074  x9:1c000164  PA:1c000164
13319674ns          227409 1c008aea 00148493 addi             x9, x9, 1            x9=1c000165  x9:1c000164
13319693ns          227410 1c008aec fe0514e3 bne              x10, x0, -24        x10:00000074
13319753ns          227413 1c008ad4 02500793 addi             x15, x0, 37         x15=00000025
13319773ns          227414 1c008ad8 04f50763 beq              x10, x15, 78        x10:00000074 x15:00000025
13319793ns          227415 1c008adc 017005b3 add              x11, x0, x23        x11=00000002 x23:00000002
13319813ns          227416 1c008ade 000c80e7 jalr             x1, x25, 0           x1=1c008ae0 x25:1c0089d6
13319853ns          227418 1c0089d6 fd9ff06f jal              x0, -40            
13319892ns          227420 1c0089ae 000026b7 lui              x13, 0x2000         x13=00002000
13319912ns          227421 1c0089b0 f14027f3 csrrs            x15, x0, 0xf14      x15=00000001
13319932ns          227422 1c0089b4 f8068693 addi             x13, x13, -128      x13=00001f80 x13:00002000
13319952ns          227423 1c0089b8 00379713 slli             x14, x15, 0x3       x14=00000008 x15:00000001
13319972ns          227424 1c0089bc 00279793 slli             x15, x15, 0x2       x15=00000004 x15:00000001
13319992ns          227425 1c0089be 00d7f7b3 and              x15, x15, x13       x15=00000000 x15:00000004 x13:00001f80
13320012ns          227426 1c0089c0 ee873733 p.bclr           x14, x14, 23, 8     x14=00000008 x14:00000008
13320032ns          227427 1c0089c4 1a10f6b7 lui              x13, 0x1a10f000     x13=1a10f000
13320051ns          227428 1c0089c8 0ff57513 andi             x10, x10, 255       x10=00000074 x10:00000074
13320071ns          227429 1c0089cc 00d70733 add              x14, x14, x13       x14=1a10f008 x14:00000008 x13:1a10f000
13320091ns          227430 1c0089ce 00a7e723 p.sw             x10, x0(x15)        x10:00000074 x15:00000000  PA:1a10f008
13320409ns          227446 1c0089d2 00000513 addi             x10, x0, 0          x10=00000000
13320429ns          227447 1c0089d4 00008067 jalr             x0, x1, 0            x1:1c008ae0
13320469ns          227449 1c008ae0 15f52c63 p.beqimm         x10, 344            x10:00000000
13320489ns          227450 1c008ae4 00140413 addi             x8, x8, 1            x8=00000011  x8:00000010
13320509ns          227451 1c008ae6 0004c503 lbu              x10, 0(x9)          x10=00000065  x9:1c000165  PA:1c000165
13320807ns          227466 1c008aea 00148493 addi             x9, x9, 1            x9=1c000166  x9:1c000165
13320827ns          227467 1c008aec fe0514e3 bne              x10, x0, -24        x10:00000065
13320887ns          227470 1c008ad4 02500793 addi             x15, x0, 37         x15=00000025
13320907ns          227471 1c008ad8 04f50763 beq              x10, x15, 78        x10:00000065 x15:00000025
13320926ns          227472 1c008adc 017005b3 add              x11, x0, x23        x11=00000002 x23:00000002
13320946ns          227473 1c008ade 000c80e7 jalr             x1, x25, 0           x1=1c008ae0 x25:1c0089d6
13320986ns          227475 1c0089d6 fd9ff06f jal              x0, -40            
13321026ns          227477 1c0089ae 000026b7 lui              x13, 0x2000         x13=00002000
13321046ns          227478 1c0089b0 f14027f3 csrrs            x15, x0, 0xf14      x15=00000001
13321066ns          227479 1c0089b4 f8068693 addi             x13, x13, -128      x13=00001f80 x13:00002000
13321086ns          227480 1c0089b8 00379713 slli             x14, x15, 0x3       x14=00000008 x15:00000001
13321105ns          227481 1c0089bc 00279793 slli             x15, x15, 0x2       x15=00000004 x15:00000001
13321125ns          227482 1c0089be 00d7f7b3 and              x15, x15, x13       x15=00000000 x15:00000004 x13:00001f80
13321145ns          227483 1c0089c0 ee873733 p.bclr           x14, x14, 23, 8     x14=00000008 x14:00000008
13321165ns          227484 1c0089c4 1a10f6b7 lui              x13, 0x1a10f000     x13=1a10f000
13321185ns          227485 1c0089c8 0ff57513 andi             x10, x10, 255       x10=00000065 x10:00000065
13321205ns          227486 1c0089cc 00d70733 add              x14, x14, x13       x14=1a10f008 x14:00000008 x13:1a10f000
13321225ns          227487 1c0089ce 00a7e723 p.sw             x10, x0(x15)        x10:00000065 x15:00000000  PA:1a10f008
13321543ns          227503 1c0089d2 00000513 addi             x10, x0, 0          x10=00000000
13321563ns          227504 1c0089d4 00008067 jalr             x0, x1, 0            x1:1c008ae0
13321603ns          227506 1c008ae0 15f52c63 p.beqimm         x10, 344            x10:00000000
13321623ns          227507 1c008ae4 00140413 addi             x8, x8, 1            x8=00000012  x8:00000011
13321642ns          227508 1c008ae6 0004c503 lbu              x10, 0(x9)          x10=00000072  x9:1c000166  PA:1c000166
13321941ns          227523 1c008aea 00148493 addi             x9, x9, 1            x9=1c000167  x9:1c000166
13321961ns          227524 1c008aec fe0514e3 bne              x10, x0, -24        x10:00000072
13322020ns          227527 1c008ad4 02500793 addi             x15, x0, 37         x15=00000025
13322040ns          227528 1c008ad8 04f50763 beq              x10, x15, 78        x10:00000072 x15:00000025
13322060ns          227529 1c008adc 017005b3 add              x11, x0, x23        x11=00000002 x23:00000002
13322080ns          227530 1c008ade 000c80e7 jalr             x1, x25, 0           x1=1c008ae0 x25:1c0089d6
13322120ns          227532 1c0089d6 fd9ff06f jal              x0, -40            
13322160ns          227534 1c0089ae 000026b7 lui              x13, 0x2000         x13=00002000
13322179ns          227535 1c0089b0 f14027f3 csrrs            x15, x0, 0xf14      x15=00000001
13322199ns          227536 1c0089b4 f8068693 addi             x13, x13, -128      x13=00001f80 x13:00002000
13322219ns          227537 1c0089b8 00379713 slli             x14, x15, 0x3       x14=00000008 x15:00000001
13322239ns          227538 1c0089bc 00279793 slli             x15, x15, 0x2       x15=00000004 x15:00000001
13322259ns          227539 1c0089be 00d7f7b3 and              x15, x15, x13       x15=00000000 x15:00000004 x13:00001f80
13322279ns          227540 1c0089c0 ee873733 p.bclr           x14, x14, 23, 8     x14=00000008 x14:00000008
13322299ns          227541 1c0089c4 1a10f6b7 lui              x13, 0x1a10f000     x13=1a10f000
13322319ns          227542 1c0089c8 0ff57513 andi             x10, x10, 255       x10=00000072 x10:00000072
13322339ns          227543 1c0089cc 00d70733 add              x14, x14, x13       x14=1a10f008 x14:00000008 x13:1a10f000
13322358ns          227544 1c0089ce 00a7e723 p.sw             x10, x0(x15)        x10:00000072 x15:00000000  PA:1a10f008
13322677ns          227560 1c0089d2 00000513 addi             x10, x0, 0          x10=00000000
13322697ns          227561 1c0089d4 00008067 jalr             x0, x1, 0            x1:1c008ae0
13322736ns          227563 1c008ae0 15f52c63 p.beqimm         x10, 344            x10:00000000
13322756ns          227564 1c008ae4 00140413 addi             x8, x8, 1            x8=00000013  x8:00000012
13322776ns          227565 1c008ae6 0004c503 lbu              x10, 0(x9)          x10=0000005f  x9:1c000167  PA:1c000167
13323074ns          227580 1c008aea 00148493 addi             x9, x9, 1            x9=1c000168  x9:1c000167
13323094ns          227581 1c008aec fe0514e3 bne              x10, x0, -24        x10:0000005f
13323154ns          227584 1c008ad4 02500793 addi             x15, x0, 37         x15=00000025
13323174ns          227585 1c008ad8 04f50763 beq              x10, x15, 78        x10:0000005f x15:00000025
13323194ns          227586 1c008adc 017005b3 add              x11, x0, x23        x11=00000002 x23:00000002
13323214ns          227587 1c008ade 000c80e7 jalr             x1, x25, 0           x1=1c008ae0 x25:1c0089d6
13323253ns          227589 1c0089d6 fd9ff06f jal              x0, -40            
13323293ns          227591 1c0089ae 000026b7 lui              x13, 0x2000         x13=00002000
13323313ns          227592 1c0089b0 f14027f3 csrrs            x15, x0, 0xf14      x15=00000001
13323333ns          227593 1c0089b4 f8068693 addi             x13, x13, -128      x13=00001f80 x13:00002000
13323353ns          227594 1c0089b8 00379713 slli             x14, x15, 0x3       x14=00000008 x15:00000001
13323373ns          227595 1c0089bc 00279793 slli             x15, x15, 0x2       x15=00000004 x15:00000001
13323393ns          227596 1c0089be 00d7f7b3 and              x15, x15, x13       x15=00000000 x15:00000004 x13:00001f80
13323412ns          227597 1c0089c0 ee873733 p.bclr           x14, x14, 23, 8     x14=00000008 x14:00000008
13323432ns          227598 1c0089c4 1a10f6b7 lui              x13, 0x1a10f000     x13=1a10f000
13323452ns          227599 1c0089c8 0ff57513 andi             x10, x10, 255       x10=0000005f x10:0000005f
13323472ns          227600 1c0089cc 00d70733 add              x14, x14, x13       x14=1a10f008 x14:00000008 x13:1a10f000
13323492ns          227601 1c0089ce 00a7e723 p.sw             x10, x0(x15)        x10:0000005f x15:00000000  PA:1a10f008
13323810ns          227617 1c0089d2 00000513 addi             x10, x0, 0          x10=00000000
13323830ns          227618 1c0089d4 00008067 jalr             x0, x1, 0            x1:1c008ae0
13323870ns          227620 1c008ae0 15f52c63 p.beqimm         x10, 344            x10:00000000
13323890ns          227621 1c008ae4 00140413 addi             x8, x8, 1            x8=00000014  x8:00000013
13323910ns          227622 1c008ae6 0004c503 lbu              x10, 0(x9)          x10=0000006c  x9:1c000168  PA:1c000168
13324228ns          227638 1c008aea 00148493 addi             x9, x9, 1            x9=1c000169  x9:1c000168
13324248ns          227639 1c008aec fe0514e3 bne              x10, x0, -24        x10:0000006c
13324307ns          227642 1c008ad4 02500793 addi             x15, x0, 37         x15=00000025
13324327ns          227643 1c008ad8 04f50763 beq              x10, x15, 78        x10:0000006c x15:00000025
13324347ns          227644 1c008adc 017005b3 add              x11, x0, x23        x11=00000002 x23:00000002
13324367ns          227645 1c008ade 000c80e7 jalr             x1, x25, 0           x1=1c008ae0 x25:1c0089d6
13324407ns          227647 1c0089d6 fd9ff06f jal              x0, -40            
13324447ns          227649 1c0089ae 000026b7 lui              x13, 0x2000         x13=00002000
13324467ns          227650 1c0089b0 f14027f3 csrrs            x15, x0, 0xf14      x15=00000001
13324486ns          227651 1c0089b4 f8068693 addi             x13, x13, -128      x13=00001f80 x13:00002000
13324506ns          227652 1c0089b8 00379713 slli             x14, x15, 0x3       x14=00000008 x15:00000001
13324526ns          227653 1c0089bc 00279793 slli             x15, x15, 0x2       x15=00000004 x15:00000001
13324546ns          227654 1c0089be 00d7f7b3 and              x15, x15, x13       x15=00000000 x15:00000004 x13:00001f80
13324566ns          227655 1c0089c0 ee873733 p.bclr           x14, x14, 23, 8     x14=00000008 x14:00000008
13324586ns          227656 1c0089c4 1a10f6b7 lui              x13, 0x1a10f000     x13=1a10f000
13324606ns          227657 1c0089c8 0ff57513 andi             x10, x10, 255       x10=0000006c x10:0000006c
13324626ns          227658 1c0089cc 00d70733 add              x14, x14, x13       x14=1a10f008 x14:00000008 x13:1a10f000
13324646ns          227659 1c0089ce 00a7e723 p.sw             x10, x0(x15)        x10:0000006c x15:00000000  PA:1a10f008
13324964ns          227675 1c0089d2 00000513 addi             x10, x0, 0          x10=00000000
13324984ns          227676 1c0089d4 00008067 jalr             x0, x1, 0            x1:1c008ae0
13325023ns          227678 1c008ae0 15f52c63 p.beqimm         x10, 344            x10:00000000
13325043ns          227679 1c008ae4 00140413 addi             x8, x8, 1            x8=00000015  x8:00000014
13325063ns          227680 1c008ae6 0004c503 lbu              x10, 0(x9)          x10=00000031  x9:1c000169  PA:1c000169
13325362ns          227695 1c008aea 00148493 addi             x9, x9, 1            x9=1c00016a  x9:1c000169
13325381ns          227696 1c008aec fe0514e3 bne              x10, x0, -24        x10:00000031
13325441ns          227699 1c008ad4 02500793 addi             x15, x0, 37         x15=00000025
13325461ns          227700 1c008ad8 04f50763 beq              x10, x15, 78        x10:00000031 x15:00000025
13325481ns          227701 1c008adc 017005b3 add              x11, x0, x23        x11=00000002 x23:00000002
13325501ns          227702 1c008ade 000c80e7 jalr             x1, x25, 0           x1=1c008ae0 x25:1c0089d6
13325540ns          227704 1c0089d6 fd9ff06f jal              x0, -40            
13325580ns          227706 1c0089ae 000026b7 lui              x13, 0x2000         x13=00002000
13325600ns          227707 1c0089b0 f14027f3 csrrs            x15, x0, 0xf14      x15=00000001
13325620ns          227708 1c0089b4 f8068693 addi             x13, x13, -128      x13=00001f80 x13:00002000
13325640ns          227709 1c0089b8 00379713 slli             x14, x15, 0x3       x14=00000008 x15:00000001
13325660ns          227710 1c0089bc 00279793 slli             x15, x15, 0x2       x15=00000004 x15:00000001
13325680ns          227711 1c0089be 00d7f7b3 and              x15, x15, x13       x15=00000000 x15:00000004 x13:00001f80
13325700ns          227712 1c0089c0 ee873733 p.bclr           x14, x14, 23, 8     x14=00000008 x14:00000008
13325719ns          227713 1c0089c4 1a10f6b7 lui              x13, 0x1a10f000     x13=1a10f000
13325739ns          227714 1c0089c8 0ff57513 andi             x10, x10, 255       x10=00000031 x10:00000031
13325759ns          227715 1c0089cc 00d70733 add              x14, x14, x13       x14=1a10f008 x14:00000008 x13:1a10f000
13325779ns          227716 1c0089ce 00a7e723 p.sw             x10, x0(x15)        x10:00000031 x15:00000000  PA:1a10f008
13326097ns          227732 1c0089d2 00000513 addi             x10, x0, 0          x10=00000000
13326117ns          227733 1c0089d4 00008067 jalr             x0, x1, 0            x1:1c008ae0
13326157ns          227735 1c008ae0 15f52c63 p.beqimm         x10, 344            x10:00000000
13326177ns          227736 1c008ae4 00140413 addi             x8, x8, 1            x8=00000016  x8:00000015
13326197ns          227737 1c008ae6 0004c503 lbu              x10, 0(x9)          x10=0000007c  x9:1c00016a  PA:1c00016a
13326495ns          227752 1c008aea 00148493 addi             x9, x9, 1            x9=1c00016b  x9:1c00016a
13326515ns          227753 1c008aec fe0514e3 bne              x10, x0, -24        x10:0000007c
13326575ns          227756 1c008ad4 02500793 addi             x15, x0, 37         x15=00000025
13326595ns          227757 1c008ad8 04f50763 beq              x10, x15, 78        x10:0000007c x15:00000025
13326614ns          227758 1c008adc 017005b3 add              x11, x0, x23        x11=00000002 x23:00000002
13326634ns          227759 1c008ade 000c80e7 jalr             x1, x25, 0           x1=1c008ae0 x25:1c0089d6
13326674ns          227761 1c0089d6 fd9ff06f jal              x0, -40            
13326714ns          227763 1c0089ae 000026b7 lui              x13, 0x2000         x13=00002000
13326734ns          227764 1c0089b0 f14027f3 csrrs            x15, x0, 0xf14      x15=00000001
13326754ns          227765 1c0089b4 f8068693 addi             x13, x13, -128      x13=00001f80 x13:00002000
13326774ns          227766 1c0089b8 00379713 slli             x14, x15, 0x3       x14=00000008 x15:00000001
13326793ns          227767 1c0089bc 00279793 slli             x15, x15, 0x2       x15=00000004 x15:00000001
13326813ns          227768 1c0089be 00d7f7b3 and              x15, x15, x13       x15=00000000 x15:00000004 x13:00001f80
13326833ns          227769 1c0089c0 ee873733 p.bclr           x14, x14, 23, 8     x14=00000008 x14:00000008
13326853ns          227770 1c0089c4 1a10f6b7 lui              x13, 0x1a10f000     x13=1a10f000
13326873ns          227771 1c0089c8 0ff57513 andi             x10, x10, 255       x10=0000007c x10:0000007c
13326893ns          227772 1c0089cc 00d70733 add              x14, x14, x13       x14=1a10f008 x14:00000008 x13:1a10f000
13326913ns          227773 1c0089ce 00a7e723 p.sw             x10, x0(x15)        x10:0000007c x15:00000000  PA:1a10f008
13327231ns          227789 1c0089d2 00000513 addi             x10, x0, 0          x10=00000000
13327251ns          227790 1c0089d4 00008067 jalr             x0, x1, 0            x1:1c008ae0
13327291ns          227792 1c008ae0 15f52c63 p.beqimm         x10, 344            x10:00000000
13327311ns          227793 1c008ae4 00140413 addi             x8, x8, 1            x8=00000017  x8:00000016
13327330ns          227794 1c008ae6 0004c503 lbu              x10, 0(x9)          x10=00000070  x9:1c00016b  PA:1c00016b
13327669ns          227811 1c008aea 00148493 addi             x9, x9, 1            x9=1c00016c  x9:1c00016b
13327688ns          227812 1c008aec fe0514e3 bne              x10, x0, -24        x10:00000070
13327748ns          227815 1c008ad4 02500793 addi             x15, x0, 37         x15=00000025
13327768ns          227816 1c008ad8 04f50763 beq              x10, x15, 78        x10:00000070 x15:00000025
13327788ns          227817 1c008adc 017005b3 add              x11, x0, x23        x11=00000002 x23:00000002
13327808ns          227818 1c008ade 000c80e7 jalr             x1, x25, 0           x1=1c008ae0 x25:1c0089d6
13327848ns          227820 1c0089d6 fd9ff06f jal              x0, -40            
13327887ns          227822 1c0089ae 000026b7 lui              x13, 0x2000         x13=00002000
13327907ns          227823 1c0089b0 f14027f3 csrrs            x15, x0, 0xf14      x15=00000001
13327927ns          227824 1c0089b4 f8068693 addi             x13, x13, -128      x13=00001f80 x13:00002000
13327947ns          227825 1c0089b8 00379713 slli             x14, x15, 0x3       x14=00000008 x15:00000001
13327967ns          227826 1c0089bc 00279793 slli             x15, x15, 0x2       x15=00000004 x15:00000001
13327987ns          227827 1c0089be 00d7f7b3 and              x15, x15, x13       x15=00000000 x15:00000004 x13:00001f80
13328007ns          227828 1c0089c0 ee873733 p.bclr           x14, x14, 23, 8     x14=00000008 x14:00000008
13328026ns          227829 1c0089c4 1a10f6b7 lui              x13, 0x1a10f000     x13=1a10f000
13328046ns          227830 1c0089c8 0ff57513 andi             x10, x10, 255       x10=00000070 x10:00000070
13328066ns          227831 1c0089cc 00d70733 add              x14, x14, x13       x14=1a10f008 x14:00000008 x13:1a10f000
13328086ns          227832 1c0089ce 00a7e723 p.sw             x10, x0(x15)        x10:00000070 x15:00000000  PA:1a10f008
13328404ns          227848 1c0089d2 00000513 addi             x10, x0, 0          x10=00000000
13328424ns          227849 1c0089d4 00008067 jalr             x0, x1, 0            x1:1c008ae0
13328464ns          227851 1c008ae0 15f52c63 p.beqimm         x10, 344            x10:00000000
13328484ns          227852 1c008ae4 00140413 addi             x8, x8, 1            x8=00000018  x8:00000017
13328504ns          227853 1c008ae6 0004c503 lbu              x10, 0(x9)          x10=00000065  x9:1c00016c  PA:1c00016c
13328802ns          227868 1c008aea 00148493 addi             x9, x9, 1            x9=1c00016d  x9:1c00016c
13328822ns          227869 1c008aec fe0514e3 bne              x10, x0, -24        x10:00000065
13328882ns          227872 1c008ad4 02500793 addi             x15, x0, 37         x15=00000025
13328902ns          227873 1c008ad8 04f50763 beq              x10, x15, 78        x10:00000065 x15:00000025
13328921ns          227874 1c008adc 017005b3 add              x11, x0, x23        x11=00000002 x23:00000002
13328941ns          227875 1c008ade 000c80e7 jalr             x1, x25, 0           x1=1c008ae0 x25:1c0089d6
13328981ns          227877 1c0089d6 fd9ff06f jal              x0, -40            
13329021ns          227879 1c0089ae 000026b7 lui              x13, 0x2000         x13=00002000
13329041ns          227880 1c0089b0 f14027f3 csrrs            x15, x0, 0xf14      x15=00000001
13329061ns          227881 1c0089b4 f8068693 addi             x13, x13, -128      x13=00001f80 x13:00002000
13329081ns          227882 1c0089b8 00379713 slli             x14, x15, 0x3       x14=00000008 x15:00000001
13329100ns          227883 1c0089bc 00279793 slli             x15, x15, 0x2       x15=00000004 x15:00000001
13329120ns          227884 1c0089be 00d7f7b3 and              x15, x15, x13       x15=00000000 x15:00000004 x13:00001f80
13329140ns          227885 1c0089c0 ee873733 p.bclr           x14, x14, 23, 8     x14=00000008 x14:00000008
13329160ns          227886 1c0089c4 1a10f6b7 lui              x13, 0x1a10f000     x13=1a10f000
13329180ns          227887 1c0089c8 0ff57513 andi             x10, x10, 255       x10=00000065 x10:00000065
13329200ns          227888 1c0089cc 00d70733 add              x14, x14, x13       x14=1a10f008 x14:00000008 x13:1a10f000
13329220ns          227889 1c0089ce 00a7e723 p.sw             x10, x0(x15)        x10:00000065 x15:00000000  PA:1a10f008
13329538ns          227905 1c0089d2 00000513 addi             x10, x0, 0          x10=00000000
13329558ns          227906 1c0089d4 00008067 jalr             x0, x1, 0            x1:1c008ae0
13329598ns          227908 1c008ae0 15f52c63 p.beqimm         x10, 344            x10:00000000
13329618ns          227909 1c008ae4 00140413 addi             x8, x8, 1            x8=00000019  x8:00000018
13329637ns          227910 1c008ae6 0004c503 lbu              x10, 0(x9)          x10=0000003d  x9:1c00016d  PA:1c00016d
13329936ns          227925 1c008aea 00148493 addi             x9, x9, 1            x9=1c00016e  x9:1c00016d
13329956ns          227926 1c008aec fe0514e3 bne              x10, x0, -24        x10:0000003d
13330015ns          227929 1c008ad4 02500793 addi             x15, x0, 37         x15=00000025
13330035ns          227930 1c008ad8 04f50763 beq              x10, x15, 78        x10:0000003d x15:00000025
13330055ns          227931 1c008adc 017005b3 add              x11, x0, x23        x11=00000002 x23:00000002
13330075ns          227932 1c008ade 000c80e7 jalr             x1, x25, 0           x1=1c008ae0 x25:1c0089d6
13330115ns          227934 1c0089d6 fd9ff06f jal              x0, -40            
13330155ns          227936 1c0089ae 000026b7 lui              x13, 0x2000         x13=00002000
13330174ns          227937 1c0089b0 f14027f3 csrrs            x15, x0, 0xf14      x15=00000001
13330194ns          227938 1c0089b4 f8068693 addi             x13, x13, -128      x13=00001f80 x13:00002000
13330214ns          227939 1c0089b8 00379713 slli             x14, x15, 0x3       x14=00000008 x15:00000001
13330234ns          227940 1c0089bc 00279793 slli             x15, x15, 0x2       x15=00000004 x15:00000001
13330254ns          227941 1c0089be 00d7f7b3 and              x15, x15, x13       x15=00000000 x15:00000004 x13:00001f80
13330274ns          227942 1c0089c0 ee873733 p.bclr           x14, x14, 23, 8     x14=00000008 x14:00000008
13330294ns          227943 1c0089c4 1a10f6b7 lui              x13, 0x1a10f000     x13=1a10f000
13330314ns          227944 1c0089c8 0ff57513 andi             x10, x10, 255       x10=0000003d x10:0000003d
13330334ns          227945 1c0089cc 00d70733 add              x14, x14, x13       x14=1a10f008 x14:00000008 x13:1a10f000
13330353ns          227946 1c0089ce 00a7e723 p.sw             x10, x0(x15)        x10:0000003d x15:00000000  PA:1a10f008
13330672ns          227962 1c0089d2 00000513 addi             x10, x0, 0          x10=00000000
13330691ns          227963 1c0089d4 00008067 jalr             x0, x1, 0            x1:1c008ae0
13330731ns          227965 1c008ae0 15f52c63 p.beqimm         x10, 344            x10:00000000
13330751ns          227966 1c008ae4 00140413 addi             x8, x8, 1            x8=0000001a  x8:00000019
13330771ns          227967 1c008ae6 0004c503 lbu              x10, 0(x9)          x10=00000025  x9:1c00016e  PA:1c00016e
13331089ns          227983 1c008aea 00148493 addi             x9, x9, 1            x9=1c00016f  x9:1c00016e
13331109ns          227984 1c008aec fe0514e3 bne              x10, x0, -24        x10:00000025
13331169ns          227987 1c008ad4 02500793 addi             x15, x0, 37         x15=00000025
13331189ns          227988 1c008ad8 04f50763 beq              x10, x15, 78        x10:00000025 x15:00000025
13331328ns          227995 1c008b26 0004cb03 lbu              x22, 0(x9)          x22=00000064  x9:1c00016f  PA:1c00016f
13331646ns          228011 1c008b2a 02000813 addi             x16, x0, 32         x16=00000020
13331805ns          228019 1c008b2e 00148a93 addi             x21, x9, 1          x21=1c000170  x9:1c00016f
13331825ns          228020 1c008b32 016005b3 add              x11, x0, x22        x11=00000064 x22:00000064
13331845ns          228021 1c008b34 2d8d8513 addi             x10, x27, 728       x10=1c0002d8 x27:1c000000
13331865ns          228022 1c008b38 01012823 sw               x16, 16(x2)         x16:00000020  x2:100021a8  PA:100021b8
13331885ns          228023 1c008b3a 00012c23 sw               x0, 24(x2)           x2:100021a8  PA:100021c0
13331905ns          228024 1c008b3c 00012a23 sw               x0, 20(x2)           x2:100021a8  PA:100021bc
13331925ns          228025 1c008b3e 00012e23 sw               x0, 28(x2)           x2:100021a8  PA:100021c4
13331944ns          228026 1c008b40 00012623 sw               x0, 12(x2)           x2:100021a8  PA:100021b4
13331984ns          228028 1c008b42 02300913 addi             x18, x0, 35         x18=00000023
13332004ns          228029 1c008b46 02d00a13 addi             x20, x0, 45         x20=0000002d
13332024ns          228030 1c008b4a 015009b3 add              x19, x0, x21        x19=1c000170 x21:1c000170
13332044ns          228031 1c008b4c de3ff0ef jal              x1, -542             x1=1c008b4e
13332243ns          228041 1c00892e 00054783 lbu              x15, 0(x10)         x15=0000002d x10:1c0002d8  PA:1c0002d8
13332561ns          228057 1c008932 0ff5f593 andi             x11, x11, 255       x11=00000064 x11:00000064
13332581ns          228058 1c008936 00b78c63 beq              x15, x11, 24        x15:0000002d x11:00000064
13332601ns          228059 1c00893a 00078b63 beq              x15, x0, 22         x15:0000002d
13332621ns          228060 1c00893c 00150793 addi             x15, x10, 1         x15=1c0002d9 x10:1c0002d8
13332660ns          228062 1c008940 0040006f jal              x0, 4              
13332700ns          228064 1c008944 00f00533 add              x10, x0, x15        x10=1c0002d9 x15:1c0002d9
13332720ns          228065 1c008946 0017c70b p.lbu            x14, 1(x15!)        x14=0000002b x15=1c0002da x15:1c0002d9  PA:1c0002d9
13333058ns          228082 1c00894a feb71ce3 bne              x14, x11, -8        x14:0000002b x11:00000064
13333118ns          228085 1c008942 00070763 beq              x14, x0, 14         x14:0000002b
13333138ns          228086 1c008944 00f00533 add              x10, x0, x15        x10=1c0002da x15:1c0002da
13333158ns          228087 1c008946 0017c70b p.lbu            x14, 1(x15!)        x14=00000020 x15=1c0002db x15:1c0002da  PA:1c0002da
13333476ns          228103 1c00894a feb71ce3 bne              x14, x11, -8        x14:00000020 x11:00000064
13333535ns          228106 1c008942 00070763 beq              x14, x0, 14         x14:00000020
13333555ns          228107 1c008944 00f00533 add              x10, x0, x15        x10=1c0002db x15:1c0002db
13333575ns          228108 1c008946 0017c70b p.lbu            x14, 1(x15!)        x14=00000023 x15=1c0002dc x15:1c0002db  PA:1c0002db
13333893ns          228124 1c00894a feb71ce3 bne              x14, x11, -8        x14:00000023 x11:00000064
13333953ns          228127 1c008942 00070763 beq              x14, x0, 14         x14:00000023
13333973ns          228128 1c008944 00f00533 add              x10, x0, x15        x10=1c0002dc x15:1c0002dc
13333993ns          228129 1c008946 0017c70b p.lbu            x14, 1(x15!)        x14=00000030 x15=1c0002dd x15:1c0002dc  PA:1c0002dc
13334351ns          228147 1c00894a feb71ce3 bne              x14, x11, -8        x14:00000030 x11:00000064
13334411ns          228150 1c008942 00070763 beq              x14, x0, 14         x14:00000030
13334430ns          228151 1c008944 00f00533 add              x10, x0, x15        x10=1c0002dd x15:1c0002dd
13334450ns          228152 1c008946 0017c70b p.lbu            x14, 1(x15!)        x14=00000000 x15=1c0002de x15:1c0002dd  PA:1c0002dd
13334769ns          228168 1c00894a feb71ce3 bne              x14, x11, -8        x14:00000000 x11:00000064
13334828ns          228171 1c008942 00070763 beq              x14, x0, 14         x14:00000000
13334888ns          228174 1c008950 0015b593 sltiu            x11, x11, 1         x11=00000000 x11:00000064
13334908ns          228175 1c008954 40b005b3 sub              x11, x0, x11        x11=00000000 x11:00000000
13334928ns          228176 1c008958 00b57533 and              x10, x10, x11       x10=00000000 x10:1c0002dd x11:00000000
13334948ns          228177 1c00895a 00008067 jalr             x0, x1, 0            x1:1c008b4e
13335047ns          228182 1c008b4e 02050a63 beq              x10, x0, 52         x10:00000000
13335186ns          228189 1c008b82 02a00613 addi             x12, x0, 42         x12=0000002a
13335206ns          228190 1c008b86 10cb0863 beq              x22, x12, 272       x22:00000064 x12:0000002a
13335226ns          228191 1c008b8a fd0b0613 addi             x12, x22, -48       x12=00000034 x22:00000064
13335246ns          228192 1c008b8e 00900593 addi             x11, x0, 9          x11=00000009
13335286ns          228194 1c008b90 00000a13 addi             x20, x0, 0          x20=00000000
13335325ns          228196 1c008b92 0ec5f263 bgeu             x11, x12, 228       x11:00000009 x12:00000034
13335345ns          228197 1c008b96 02e00713 addi             x14, x0, 46         x14=0000002e
13335365ns          228198 1c008b9a fff00a93 addi             x21, x0, -1         x21=ffffffff
13335385ns          228199 1c008b9c 14eb0563 beq              x22, x14, 330       x22:00000064 x14:0000002e
13335425ns          228201 1c008ba0 1c0007b7 lui              x15, 0x1c000000     x15=1c000000
13335465ns          228203 1c008ba4 016005b3 add              x11, x0, x22        x11=00000064 x22:00000064
13335484ns          228204 1c008ba6 2e078513 addi             x10, x15, 736       x10=1c0002e0 x15:1c000000
13335504ns          228205 1c008baa d85ff0ef jal              x1, -636             x1=1c008bac
13335624ns          228211 1c00892e 00054783 lbu              x15, 0(x10)         x15=00000068 x10:1c0002e0  PA:1c0002e0
13335942ns          228227 1c008932 0ff5f593 andi             x11, x11, 255       x11=00000064 x11:00000064
13335962ns          228228 1c008936 00b78c63 beq              x15, x11, 24        x15:00000068 x11:00000064
13335982ns          228229 1c00893a 00078b63 beq              x15, x0, 22         x15:00000068
13336002ns          228230 1c00893c 00150793 addi             x15, x10, 1         x15=1c0002e1 x10:1c0002e0
13336021ns          228231 1c008940 0040006f jal              x0, 4              
13336061ns          228233 1c008944 00f00533 add              x10, x0, x15        x10=1c0002e1 x15:1c0002e1
13336081ns          228234 1c008946 0017c70b p.lbu            x14, 1(x15!)        x14=0000006c x15=1c0002e2 x15:1c0002e1  PA:1c0002e1
13336399ns          228250 1c00894a feb71ce3 bne              x14, x11, -8        x14:0000006c x11:00000064
13336459ns          228253 1c008942 00070763 beq              x14, x0, 14         x14:0000006c
13336479ns          228254 1c008944 00f00533 add              x10, x0, x15        x10=1c0002e2 x15:1c0002e2
13336499ns          228255 1c008946 0017c70b p.lbu            x14, 1(x15!)        x14=0000004c x15=1c0002e3 x15:1c0002e2  PA:1c0002e2
13336817ns          228271 1c00894a feb71ce3 bne              x14, x11, -8        x14:0000004c x11:00000064
13336877ns          228274 1c008942 00070763 beq              x14, x0, 14         x14:0000004c
13336897ns          228275 1c008944 00f00533 add              x10, x0, x15        x10=1c0002e3 x15:1c0002e3
13336916ns          228276 1c008946 0017c70b p.lbu            x14, 1(x15!)        x14=0000007a x15=1c0002e4 x15:1c0002e3  PA:1c0002e3
13337235ns          228292 1c00894a feb71ce3 bne              x14, x11, -8        x14:0000007a x11:00000064
13337294ns          228295 1c008942 00070763 beq              x14, x0, 14         x14:0000007a
13337314ns          228296 1c008944 00f00533 add              x10, x0, x15        x10=1c0002e4 x15:1c0002e4
13337334ns          228297 1c008946 0017c70b p.lbu            x14, 1(x15!)        x14=00000000 x15=1c0002e5 x15:1c0002e4  PA:1c0002e4
13337672ns          228314 1c00894a feb71ce3 bne              x14, x11, -8        x14:00000000 x11:00000064
13337732ns          228317 1c008942 00070763 beq              x14, x0, 14         x14:00000000
13337792ns          228320 1c008950 0015b593 sltiu            x11, x11, 1         x11=00000000 x11:00000064
13337811ns          228321 1c008954 40b005b3 sub              x11, x0, x11        x11=00000000 x11:00000000
13337831ns          228322 1c008958 00b57533 and              x10, x10, x11       x10=00000000 x10:1c0002e4 x11:00000000
13337851ns          228323 1c00895a 00008067 jalr             x0, x1, 0            x1:1c008bac
13337891ns          228325 1c008bac 013004b3 add              x9, x0, x19          x9=1c000170 x19:1c000170
13337911ns          228326 1c008bae 00050563 beq              x10, x0, 10         x10:00000000
13337970ns          228329 1c008bb8 06700713 addi             x14, x0, 103        x14=00000067
13337990ns          228330 1c008bbc 0f675b63 bge              x14, x22, 246       x14:00000067 x22:00000064
13338547ns          228358 1c008cb2 06500713 addi             x14, x0, 101        x14=00000065
13338567ns          228359 1c008cb6 0ceb5863 bge              x22, x14, 208       x22:00000064 x14:00000065
13338587ns          228360 1c008cba 04700713 addi             x14, x0, 71         x14=00000047
13338647ns          228363 1c008cbe 4d674d63 blt              x14, x22, 1242      x14:00000047 x22:00000064
13338746ns          228368 1c009198 06300713 addi             x14, x0, 99         x14=00000063
13338786ns          228370 1c00919c 10eb0a63 beq              x22, x14, 276       x22:00000064 x14:00000063
13339223ns          228392 1c0091a0 0d674263 blt              x14, x22, 196       x14:00000063 x22:00000064
13339323ns          228397 1c009264 000c2583 lw               x11, 0(x24)         x11=00000001 x24:100022fc  PA:100022fc
13339363ns          228399 1c009268 004c0c13 addi             x24, x24, 4         x24=10002300 x24:100022fc
13339383ns          228400 1c00926a 1e05c963 blt              x11, x0, 498        x11:00000001
13339402ns          228401 1c00926e 01412783 lw               x15, 20(x2)         x15=00000000  x2:100021a8  PA:100021bc
13339442ns          228403 1c009270 18079663 bne              x15, x0, 396        x15:00000000
13339482ns          228405 1c009274 01812803 lw               x16, 24(x2)         x16=00000000  x2:100021a8  PA:100021c0
13339522ns          228407 1c009276 32080963 beq              x16, x0, 818        x16:00000000
13340039ns          228433 1c0095a8 015006b3 add              x13, x0, x21        x13=ffffffff x21:ffffffff
13340059ns          228434 1c0095aa 00a00613 addi             x12, x0, 10         x12=0000000a
13340079ns          228435 1c0095ac 01a00533 add              x10, x0, x26        x10=100021cc x26:100021cc
13340138ns          228438 1c0095ae c74ff0ef jal              x1, -2956            x1=1c0095b2
13340218ns          228442 1c008a22 00a00733 add              x14, x0, x10        x14=100021cc x10:100021cc
13340258ns          228444 1c008a24 00a007b3 add              x15, x0, x10        x15=100021cc x10:100021cc
13340278ns          228445 1c008a26 00900313 addi             x6, x0, 9            x6=00000009
13340297ns          228446 1c008a28 02c5f8b3 remu             x17, x11, x12       x17=00000001 x11:00000001 x12:0000000a
13340914ns          228477 1c008a2c 0ff8f813 andi             x16, x17, 255       x16=00000001 x17:00000001
13340934ns          228478 1c008a30 00000513 addi             x10, x0, 0          x10=00000000
13340954ns          228479 1c008a32 02c5d5b3 divu             x11, x11, x12       x11=00000000 x11:00000001 x12:0000000a
13341570ns          228510 1c008a36 03080813 addi             x16, x16, 48        x16=00000031 x16:00000001
13341590ns          228511 1c008a3a 01137463 bgeu             x6, x17, 8           x6:00000009 x17:00000001
13341650ns          228514 1c008a42 01050533 add              x10, x10, x16       x10=00000031 x10:00000000 x16:00000031
13341670ns          228515 1c008a44 00a780ab p.sb             x10, 1(x15!)        x15=100021cd x10:00000031 x15:100021cc  PA:100021cc
13341690ns          228516 1c008a48 fe0590e3 bne              x11, x0, -32        x11:00000000
13341709ns          228517 1c008a4a 40e78533 sub              x10, x15, x14       x10=00000001 x15:100021cd x14:100021cc
13341769ns          228520 1c008a4e 00d55d63 bge              x10, x13, 26        x10:00000001 x13:ffffffff
13341869ns          228525 1c008a68 fe078fab p.sb             x0, -1(x15!)        x15=100021cc x15:100021cd  PA:100021cd
13341908ns          228527 1c008a6c 00f77c63 bgeu             x14, x15, 24        x14:100021cc x15:100021cc
13342008ns          228532 1c008a84 00008067 jalr             x0, x1, 0            x1:1c0095b2
13342048ns          228534 1c0095b2 00a009b3 add              x19, x0, x10        x19=00000001 x10:00000001
13342067ns          228535 1c0095b4 00012623 sw               x0, 12(x2)           x2:100021a8  PA:100021b4
13342087ns          228536 1c0095b6 ce7ff06f jal              x0, -794           
13342167ns          228540 1c00929c e7faa7e3 p.beqimm         x21, -402           x21:ffffffff
13342366ns          228550 1c00910a 0c800793 addi             x15, x0, 200        x15=000000c8
13342425ns          228553 1c00910e b337c5e3 blt              x15, x19, -1238     x15:000000c8 x19:00000001
13342465ns          228555 1c009112 0f49c363 blt              x19, x20, 230       x19:00000001 x20:00000000
13342485ns          228556 1c009116 01300a33 add              x20, x0, x19        x20=00000001 x19:00000001
13342505ns          228557 1c009118 b00a11e3 bne              x20, x0, -1278      x20:00000001
13342644ns          228564 1c008c1a 01a00933 add              x18, x0, x26        x18=100021cc x26:100021cc
13342684ns          228566 1c008c1c 41a409b3 sub              x19, x8, x26        x19=efffde4e  x8:0000001a x26:100021cc
13342744ns          228569 1c008c20 00a0006f jal              x0, 10             
13342803ns          228572 1c008c2a 0019450b p.lbu            x10, 1(x18!)        x10=00000031 x18=100021cd x18:100021cc  PA:100021cc
13342823ns          228573 1c008c2e 017005b3 add              x11, x0, x23        x11=00000002 x23:00000002
13342863ns          228575 1c008c30 000c80e7 jalr             x1, x25, 0           x1=1c008c32 x25:1c0089d6
13342942ns          228579 1c0089d6 fd9ff06f jal              x0, -40            
13343022ns          228583 1c0089ae 000026b7 lui              x13, 0x2000         x13=00002000
13343102ns          228587 1c0089b0 f14027f3 csrrs            x15, x0, 0xf14      x15=00000001
13343141ns          228589 1c0089b4 f8068693 addi             x13, x13, -128      x13=00001f80 x13:00002000
13343161ns          228590 1c0089b8 00379713 slli             x14, x15, 0x3       x14=00000008 x15:00000001
13343181ns          228591 1c0089bc 00279793 slli             x15, x15, 0x2       x15=00000004 x15:00000001
13343201ns          228592 1c0089be 00d7f7b3 and              x15, x15, x13       x15=00000000 x15:00000004 x13:00001f80
13343241ns          228594 1c0089c0 ee873733 p.bclr           x14, x14, 23, 8     x14=00000008 x14:00000008
13343281ns          228596 1c0089c4 1a10f6b7 lui              x13, 0x1a10f000     x13=1a10f000
13343300ns          228597 1c0089c8 0ff57513 andi             x10, x10, 255       x10=00000031 x10:00000031
13343320ns          228598 1c0089cc 00d70733 add              x14, x14, x13       x14=1a10f008 x14:00000008 x13:1a10f000
13343340ns          228599 1c0089ce 00a7e723 p.sw             x10, x0(x15)        x10:00000031 x15:00000000  PA:1a10f008
13343658ns          228615 1c0089d2 00000513 addi             x10, x0, 0          x10=00000000
13343678ns          228616 1c0089d4 00008067 jalr             x0, x1, 0            x1:1c008c32
13343718ns          228618 1c008c32 fffa0a13 addi             x20, x20, -1        x20=00000000 x20:00000001
13343738ns          228619 1c008c34 fff537e3 p.bneimm         x10, -18            x10:00000000
13343877ns          228626 1c008c22 01298433 add              x8, x19, x18         x8=0000001b x19:efffde4e x18:100021cd
13343897ns          228627 1c008c26 ea0a03e3 beq              x20, x0, -346       x20:00000000
13343997ns          228632 1c008acc 0004c503 lbu              x10, 0(x9)          x10=0000007c  x9:1c000170  PA:1c000170
13344315ns          228648 1c008ad0 00148493 addi             x9, x9, 1            x9=1c000171  x9:1c000170
13344335ns          228649 1c008ad2 00050e63 beq              x10, x0, 28         x10:0000007c
13344355ns          228650 1c008ad4 02500793 addi             x15, x0, 37         x15=00000025
13344374ns          228651 1c008ad8 04f50763 beq              x10, x15, 78        x10:0000007c x15:00000025
13344394ns          228652 1c008adc 017005b3 add              x11, x0, x23        x11=00000002 x23:00000002
13344414ns          228653 1c008ade 000c80e7 jalr             x1, x25, 0           x1=1c008ae0 x25:1c0089d6
13344474ns          228656 1c0089d6 fd9ff06f jal              x0, -40            
13344514ns          228658 1c0089ae 000026b7 lui              x13, 0x2000         x13=00002000
13344534ns          228659 1c0089b0 f14027f3 csrrs            x15, x0, 0xf14      x15=00000001
13344553ns          228660 1c0089b4 f8068693 addi             x13, x13, -128      x13=00001f80 x13:00002000
13344573ns          228661 1c0089b8 00379713 slli             x14, x15, 0x3       x14=00000008 x15:00000001
13344593ns          228662 1c0089bc 00279793 slli             x15, x15, 0x2       x15=00000004 x15:00000001
13344613ns          228663 1c0089be 00d7f7b3 and              x15, x15, x13       x15=00000000 x15:00000004 x13:00001f80
13344653ns          228665 1c0089c0 ee873733 p.bclr           x14, x14, 23, 8     x14=00000008 x14:00000008
13344693ns          228667 1c0089c4 1a10f6b7 lui              x13, 0x1a10f000     x13=1a10f000
13344713ns          228668 1c0089c8 0ff57513 andi             x10, x10, 255       x10=0000007c x10:0000007c
13344732ns          228669 1c0089cc 00d70733 add              x14, x14, x13       x14=1a10f008 x14:00000008 x13:1a10f000
13344752ns          228670 1c0089ce 00a7e723 p.sw             x10, x0(x15)        x10:0000007c x15:00000000  PA:1a10f008
13345071ns          228686 1c0089d2 00000513 addi             x10, x0, 0          x10=00000000
13345090ns          228687 1c0089d4 00008067 jalr             x0, x1, 0            x1:1c008ae0
13345130ns          228689 1c008ae0 15f52c63 p.beqimm         x10, 344            x10:00000000
13345150ns          228690 1c008ae4 00140413 addi             x8, x8, 1            x8=0000001c  x8:0000001b
13345170ns          228691 1c008ae6 0004c503 lbu              x10, 0(x9)          x10=00000073  x9:1c000171  PA:1c000171
13345468ns          228706 1c008aea 00148493 addi             x9, x9, 1            x9=1c000172  x9:1c000171
13345488ns          228707 1c008aec fe0514e3 bne              x10, x0, -24        x10:00000073
13345548ns          228710 1c008ad4 02500793 addi             x15, x0, 37         x15=00000025
13345568ns          228711 1c008ad8 04f50763 beq              x10, x15, 78        x10:00000073 x15:00000025
13345588ns          228712 1c008adc 017005b3 add              x11, x0, x23        x11=00000002 x23:00000002
13345607ns          228713 1c008ade 000c80e7 jalr             x1, x25, 0           x1=1c008ae0 x25:1c0089d6
13345647ns          228715 1c0089d6 fd9ff06f jal              x0, -40            
13345687ns          228717 1c0089ae 000026b7 lui              x13, 0x2000         x13=00002000
13345707ns          228718 1c0089b0 f14027f3 csrrs            x15, x0, 0xf14      x15=00000001
13345727ns          228719 1c0089b4 f8068693 addi             x13, x13, -128      x13=00001f80 x13:00002000
13345747ns          228720 1c0089b8 00379713 slli             x14, x15, 0x3       x14=00000008 x15:00000001
13345767ns          228721 1c0089bc 00279793 slli             x15, x15, 0x2       x15=00000004 x15:00000001
13345786ns          228722 1c0089be 00d7f7b3 and              x15, x15, x13       x15=00000000 x15:00000004 x13:00001f80
13345806ns          228723 1c0089c0 ee873733 p.bclr           x14, x14, 23, 8     x14=00000008 x14:00000008
13345826ns          228724 1c0089c4 1a10f6b7 lui              x13, 0x1a10f000     x13=1a10f000
13345846ns          228725 1c0089c8 0ff57513 andi             x10, x10, 255       x10=00000073 x10:00000073
13345866ns          228726 1c0089cc 00d70733 add              x14, x14, x13       x14=1a10f008 x14:00000008 x13:1a10f000
13345886ns          228727 1c0089ce 00a7e723 p.sw             x10, x0(x15)        x10:00000073 x15:00000000  PA:1a10f008
13346224ns          228744 1c0089d2 00000513 addi             x10, x0, 0          x10=00000000
13346244ns          228745 1c0089d4 00008067 jalr             x0, x1, 0            x1:1c008ae0
13346284ns          228747 1c008ae0 15f52c63 p.beqimm         x10, 344            x10:00000000
13346304ns          228748 1c008ae4 00140413 addi             x8, x8, 1            x8=0000001d  x8:0000001c
13346323ns          228749 1c008ae6 0004c503 lbu              x10, 0(x9)          x10=00000065  x9:1c000172  PA:1c000172
13346622ns          228764 1c008aea 00148493 addi             x9, x9, 1            x9=1c000173  x9:1c000172
13346642ns          228765 1c008aec fe0514e3 bne              x10, x0, -24        x10:00000065
13346701ns          228768 1c008ad4 02500793 addi             x15, x0, 37         x15=00000025
13346721ns          228769 1c008ad8 04f50763 beq              x10, x15, 78        x10:00000065 x15:00000025
13346741ns          228770 1c008adc 017005b3 add              x11, x0, x23        x11=00000002 x23:00000002
13346761ns          228771 1c008ade 000c80e7 jalr             x1, x25, 0           x1=1c008ae0 x25:1c0089d6
13346801ns          228773 1c0089d6 fd9ff06f jal              x0, -40            
13346841ns          228775 1c0089ae 000026b7 lui              x13, 0x2000         x13=00002000
13346860ns          228776 1c0089b0 f14027f3 csrrs            x15, x0, 0xf14      x15=00000001
13346880ns          228777 1c0089b4 f8068693 addi             x13, x13, -128      x13=00001f80 x13:00002000
13346900ns          228778 1c0089b8 00379713 slli             x14, x15, 0x3       x14=00000008 x15:00000001
13346920ns          228779 1c0089bc 00279793 slli             x15, x15, 0x2       x15=00000004 x15:00000001
13346940ns          228780 1c0089be 00d7f7b3 and              x15, x15, x13       x15=00000000 x15:00000004 x13:00001f80
13346960ns          228781 1c0089c0 ee873733 p.bclr           x14, x14, 23, 8     x14=00000008 x14:00000008
13346980ns          228782 1c0089c4 1a10f6b7 lui              x13, 0x1a10f000     x13=1a10f000
13347000ns          228783 1c0089c8 0ff57513 andi             x10, x10, 255       x10=00000065 x10:00000065
13347020ns          228784 1c0089cc 00d70733 add              x14, x14, x13       x14=1a10f008 x14:00000008 x13:1a10f000
13347039ns          228785 1c0089ce 00a7e723 p.sw             x10, x0(x15)        x10:00000065 x15:00000000  PA:1a10f008
13347358ns          228801 1c0089d2 00000513 addi             x10, x0, 0          x10=00000000
13347378ns          228802 1c0089d4 00008067 jalr             x0, x1, 0            x1:1c008ae0
13347417ns          228804 1c008ae0 15f52c63 p.beqimm         x10, 344            x10:00000000
13347437ns          228805 1c008ae4 00140413 addi             x8, x8, 1            x8=0000001e  x8:0000001d
13347457ns          228806 1c008ae6 0004c503 lbu              x10, 0(x9)          x10=00000065  x9:1c000173  PA:1c000173
13347755ns          228821 1c008aea 00148493 addi             x9, x9, 1            x9=1c000174  x9:1c000173
13347775ns          228822 1c008aec fe0514e3 bne              x10, x0, -24        x10:00000065
13347835ns          228825 1c008ad4 02500793 addi             x15, x0, 37         x15=00000025
13347855ns          228826 1c008ad8 04f50763 beq              x10, x15, 78        x10:00000065 x15:00000025
13347875ns          228827 1c008adc 017005b3 add              x11, x0, x23        x11=00000002 x23:00000002
13347895ns          228828 1c008ade 000c80e7 jalr             x1, x25, 0           x1=1c008ae0 x25:1c0089d6
13347934ns          228830 1c0089d6 fd9ff06f jal              x0, -40            
13347974ns          228832 1c0089ae 000026b7 lui              x13, 0x2000         x13=00002000
13347994ns          228833 1c0089b0 f14027f3 csrrs            x15, x0, 0xf14      x15=00000001
13348014ns          228834 1c0089b4 f8068693 addi             x13, x13, -128      x13=00001f80 x13:00002000
13348034ns          228835 1c0089b8 00379713 slli             x14, x15, 0x3       x14=00000008 x15:00000001
13348054ns          228836 1c0089bc 00279793 slli             x15, x15, 0x2       x15=00000004 x15:00000001
13348074ns          228837 1c0089be 00d7f7b3 and              x15, x15, x13       x15=00000000 x15:00000004 x13:00001f80
13348093ns          228838 1c0089c0 ee873733 p.bclr           x14, x14, 23, 8     x14=00000008 x14:00000008
13348113ns          228839 1c0089c4 1a10f6b7 lui              x13, 0x1a10f000     x13=1a10f000
13348133ns          228840 1c0089c8 0ff57513 andi             x10, x10, 255       x10=00000065 x10:00000065
13348153ns          228841 1c0089cc 00d70733 add              x14, x14, x13       x14=1a10f008 x14:00000008 x13:1a10f000
13348173ns          228842 1c0089ce 00a7e723 p.sw             x10, x0(x15)        x10:00000065 x15:00000000  PA:1a10f008
13348491ns          228858 1c0089d2 00000513 addi             x10, x0, 0          x10=00000000
13348511ns          228859 1c0089d4 00008067 jalr             x0, x1, 0            x1:1c008ae0
13348551ns          228861 1c008ae0 15f52c63 p.beqimm         x10, 344            x10:00000000
13348571ns          228862 1c008ae4 00140413 addi             x8, x8, 1            x8=0000001f  x8:0000001e
13348591ns          228863 1c008ae6 0004c503 lbu              x10, 0(x9)          x10=0000006e  x9:1c000174  PA:1c000174
13348909ns          228879 1c008aea 00148493 addi             x9, x9, 1            x9=1c000175  x9:1c000174
13348929ns          228880 1c008aec fe0514e3 bne              x10, x0, -24        x10:0000006e
13348988ns          228883 1c008ad4 02500793 addi             x15, x0, 37         x15=00000025
13349008ns          228884 1c008ad8 04f50763 beq              x10, x15, 78        x10:0000006e x15:00000025
13349028ns          228885 1c008adc 017005b3 add              x11, x0, x23        x11=00000002 x23:00000002
13349048ns          228886 1c008ade 000c80e7 jalr             x1, x25, 0           x1=1c008ae0 x25:1c0089d6
13349088ns          228888 1c0089d6 fd9ff06f jal              x0, -40            
13349128ns          228890 1c0089ae 000026b7 lui              x13, 0x2000         x13=00002000
13349148ns          228891 1c0089b0 f14027f3 csrrs            x15, x0, 0xf14      x15=00000001
13349167ns          228892 1c0089b4 f8068693 addi             x13, x13, -128      x13=00001f80 x13:00002000
13349187ns          228893 1c0089b8 00379713 slli             x14, x15, 0x3       x14=00000008 x15:00000001
13349207ns          228894 1c0089bc 00279793 slli             x15, x15, 0x2       x15=00000004 x15:00000001
13349227ns          228895 1c0089be 00d7f7b3 and              x15, x15, x13       x15=00000000 x15:00000004 x13:00001f80
13349247ns          228896 1c0089c0 ee873733 p.bclr           x14, x14, 23, 8     x14=00000008 x14:00000008
13349267ns          228897 1c0089c4 1a10f6b7 lui              x13, 0x1a10f000     x13=1a10f000
13349287ns          228898 1c0089c8 0ff57513 andi             x10, x10, 255       x10=0000006e x10:0000006e
13349307ns          228899 1c0089cc 00d70733 add              x14, x14, x13       x14=1a10f008 x14:00000008 x13:1a10f000
13349327ns          228900 1c0089ce 00a7e723 p.sw             x10, x0(x15)        x10:0000006e x15:00000000  PA:1a10f008
13349645ns          228916 1c0089d2 00000513 addi             x10, x0, 0          x10=00000000
13349665ns          228917 1c0089d4 00008067 jalr             x0, x1, 0            x1:1c008ae0
13349704ns          228919 1c008ae0 15f52c63 p.beqimm         x10, 344            x10:00000000
13349724ns          228920 1c008ae4 00140413 addi             x8, x8, 1            x8=00000020  x8:0000001f
13349744ns          228921 1c008ae6 0004c503 lbu              x10, 0(x9)          x10=0000003d  x9:1c000175  PA:1c000175
13350043ns          228936 1c008aea 00148493 addi             x9, x9, 1            x9=1c000176  x9:1c000175
13350062ns          228937 1c008aec fe0514e3 bne              x10, x0, -24        x10:0000003d
13350122ns          228940 1c008ad4 02500793 addi             x15, x0, 37         x15=00000025
13350142ns          228941 1c008ad8 04f50763 beq              x10, x15, 78        x10:0000003d x15:00000025
13350162ns          228942 1c008adc 017005b3 add              x11, x0, x23        x11=00000002 x23:00000002
13350182ns          228943 1c008ade 000c80e7 jalr             x1, x25, 0           x1=1c008ae0 x25:1c0089d6
13350222ns          228945 1c0089d6 fd9ff06f jal              x0, -40            
13350261ns          228947 1c0089ae 000026b7 lui              x13, 0x2000         x13=00002000
13350281ns          228948 1c0089b0 f14027f3 csrrs            x15, x0, 0xf14      x15=00000001
13350301ns          228949 1c0089b4 f8068693 addi             x13, x13, -128      x13=00001f80 x13:00002000
13350321ns          228950 1c0089b8 00379713 slli             x14, x15, 0x3       x14=00000008 x15:00000001
13350341ns          228951 1c0089bc 00279793 slli             x15, x15, 0x2       x15=00000004 x15:00000001
13350361ns          228952 1c0089be 00d7f7b3 and              x15, x15, x13       x15=00000000 x15:00000004 x13:00001f80
13350381ns          228953 1c0089c0 ee873733 p.bclr           x14, x14, 23, 8     x14=00000008 x14:00000008
13350400ns          228954 1c0089c4 1a10f6b7 lui              x13, 0x1a10f000     x13=1a10f000
13350420ns          228955 1c0089c8 0ff57513 andi             x10, x10, 255       x10=0000003d x10:0000003d
13350440ns          228956 1c0089cc 00d70733 add              x14, x14, x13       x14=1a10f008 x14:00000008 x13:1a10f000
13350460ns          228957 1c0089ce 00a7e723 p.sw             x10, x0(x15)        x10:0000003d x15:00000000  PA:1a10f008
13350778ns          228973 1c0089d2 00000513 addi             x10, x0, 0          x10=00000000
13350798ns          228974 1c0089d4 00008067 jalr             x0, x1, 0            x1:1c008ae0
13350838ns          228976 1c008ae0 15f52c63 p.beqimm         x10, 344            x10:00000000
13350858ns          228977 1c008ae4 00140413 addi             x8, x8, 1            x8=00000021  x8:00000020
13350878ns          228978 1c008ae6 0004c503 lbu              x10, 0(x9)          x10=00000030  x9:1c000176  PA:1c000176
13351176ns          228993 1c008aea 00148493 addi             x9, x9, 1            x9=1c000177  x9:1c000176
13351196ns          228994 1c008aec fe0514e3 bne              x10, x0, -24        x10:00000030
13351256ns          228997 1c008ad4 02500793 addi             x15, x0, 37         x15=00000025
13351276ns          228998 1c008ad8 04f50763 beq              x10, x15, 78        x10:00000030 x15:00000025
13351295ns          228999 1c008adc 017005b3 add              x11, x0, x23        x11=00000002 x23:00000002
13351315ns          229000 1c008ade 000c80e7 jalr             x1, x25, 0           x1=1c008ae0 x25:1c0089d6
13351355ns          229002 1c0089d6 fd9ff06f jal              x0, -40            
13351395ns          229004 1c0089ae 000026b7 lui              x13, 0x2000         x13=00002000
13351415ns          229005 1c0089b0 f14027f3 csrrs            x15, x0, 0xf14      x15=00000001
13351435ns          229006 1c0089b4 f8068693 addi             x13, x13, -128      x13=00001f80 x13:00002000
13351455ns          229007 1c0089b8 00379713 slli             x14, x15, 0x3       x14=00000008 x15:00000001
13351474ns          229008 1c0089bc 00279793 slli             x15, x15, 0x2       x15=00000004 x15:00000001
13351494ns          229009 1c0089be 00d7f7b3 and              x15, x15, x13       x15=00000000 x15:00000004 x13:00001f80
13351514ns          229010 1c0089c0 ee873733 p.bclr           x14, x14, 23, 8     x14=00000008 x14:00000008
13351534ns          229011 1c0089c4 1a10f6b7 lui              x13, 0x1a10f000     x13=1a10f000
13351554ns          229012 1c0089c8 0ff57513 andi             x10, x10, 255       x10=00000030 x10:00000030
13351574ns          229013 1c0089cc 00d70733 add              x14, x14, x13       x14=1a10f008 x14:00000008 x13:1a10f000
13351594ns          229014 1c0089ce 00a7e723 p.sw             x10, x0(x15)        x10:00000030 x15:00000000  PA:1a10f008
13351912ns          229030 1c0089d2 00000513 addi             x10, x0, 0          x10=00000000
13351932ns          229031 1c0089d4 00008067 jalr             x0, x1, 0            x1:1c008ae0
13351972ns          229033 1c008ae0 15f52c63 p.beqimm         x10, 344            x10:00000000
13351992ns          229034 1c008ae4 00140413 addi             x8, x8, 1            x8=00000022  x8:00000021
13352011ns          229035 1c008ae6 0004c503 lbu              x10, 0(x9)          x10=00000078  x9:1c000177  PA:1c000177
13352310ns          229050 1c008aea 00148493 addi             x9, x9, 1            x9=1c000178  x9:1c000177
13352330ns          229051 1c008aec fe0514e3 bne              x10, x0, -24        x10:00000078
13352389ns          229054 1c008ad4 02500793 addi             x15, x0, 37         x15=00000025
13352409ns          229055 1c008ad8 04f50763 beq              x10, x15, 78        x10:00000078 x15:00000025
13352429ns          229056 1c008adc 017005b3 add              x11, x0, x23        x11=00000002 x23:00000002
13352449ns          229057 1c008ade 000c80e7 jalr             x1, x25, 0           x1=1c008ae0 x25:1c0089d6
13352489ns          229059 1c0089d6 fd9ff06f jal              x0, -40            
13352529ns          229061 1c0089ae 000026b7 lui              x13, 0x2000         x13=00002000
13352548ns          229062 1c0089b0 f14027f3 csrrs            x15, x0, 0xf14      x15=00000001
13352568ns          229063 1c0089b4 f8068693 addi             x13, x13, -128      x13=00001f80 x13:00002000
13352588ns          229064 1c0089b8 00379713 slli             x14, x15, 0x3       x14=00000008 x15:00000001
13352608ns          229065 1c0089bc 00279793 slli             x15, x15, 0x2       x15=00000004 x15:00000001
13352628ns          229066 1c0089be 00d7f7b3 and              x15, x15, x13       x15=00000000 x15:00000004 x13:00001f80
13352648ns          229067 1c0089c0 ee873733 p.bclr           x14, x14, 23, 8     x14=00000008 x14:00000008
13352668ns          229068 1c0089c4 1a10f6b7 lui              x13, 0x1a10f000     x13=1a10f000
13352688ns          229069 1c0089c8 0ff57513 andi             x10, x10, 255       x10=00000078 x10:00000078
13352708ns          229070 1c0089cc 00d70733 add              x14, x14, x13       x14=1a10f008 x14:00000008 x13:1a10f000
13352727ns          229071 1c0089ce 00a7e723 p.sw             x10, x0(x15)        x10:00000078 x15:00000000  PA:1a10f008
13353046ns          229087 1c0089d2 00000513 addi             x10, x0, 0          x10=00000000
13353065ns          229088 1c0089d4 00008067 jalr             x0, x1, 0            x1:1c008ae0
13353105ns          229090 1c008ae0 15f52c63 p.beqimm         x10, 344            x10:00000000
13353125ns          229091 1c008ae4 00140413 addi             x8, x8, 1            x8=00000023  x8:00000022
13353145ns          229092 1c008ae6 0004c503 lbu              x10, 0(x9)          x10=00000025  x9:1c000178  PA:1c000178
13353443ns          229107 1c008aea 00148493 addi             x9, x9, 1            x9=1c000179  x9:1c000178
13353463ns          229108 1c008aec fe0514e3 bne              x10, x0, -24        x10:00000025
13353523ns          229111 1c008ad4 02500793 addi             x15, x0, 37         x15=00000025
13353543ns          229112 1c008ad8 04f50763 beq              x10, x15, 78        x10:00000025 x15:00000025
13353682ns          229119 1c008b26 0004cb03 lbu              x22, 0(x9)          x22=00000030  x9:1c000179  PA:1c000179
13353980ns          229134 1c008b2a 02000813 addi             x16, x0, 32         x16=00000020
13354000ns          229135 1c008b2e 00148a93 addi             x21, x9, 1          x21=1c00017a  x9:1c000179
13354020ns          229136 1c008b32 016005b3 add              x11, x0, x22        x11=00000030 x22:00000030
13354040ns          229137 1c008b34 2d8d8513 addi             x10, x27, 728       x10=1c0002d8 x27:1c000000
13354060ns          229138 1c008b38 01012823 sw               x16, 16(x2)         x16:00000020  x2:100021a8  PA:100021b8
13354080ns          229139 1c008b3a 00012c23 sw               x0, 24(x2)           x2:100021a8  PA:100021c0
13354100ns          229140 1c008b3c 00012a23 sw               x0, 20(x2)           x2:100021a8  PA:100021bc
13354120ns          229141 1c008b3e 00012e23 sw               x0, 28(x2)           x2:100021a8  PA:100021c4
13354139ns          229142 1c008b40 00012623 sw               x0, 12(x2)           x2:100021a8  PA:100021b4
13354159ns          229143 1c008b42 02300913 addi             x18, x0, 35         x18=00000023
13354179ns          229144 1c008b46 02d00a13 addi             x20, x0, 45         x20=0000002d
13354199ns          229145 1c008b4a 015009b3 add              x19, x0, x21        x19=1c00017a x21:1c00017a
13354219ns          229146 1c008b4c de3ff0ef jal              x1, -542             x1=1c008b4e
13354418ns          229156 1c00892e 00054783 lbu              x15, 0(x10)         x15=0000002d x10:1c0002d8  PA:1c0002d8
13354736ns          229172 1c008932 0ff5f593 andi             x11, x11, 255       x11=00000030 x11:00000030
13354756ns          229173 1c008936 00b78c63 beq              x15, x11, 24        x15:0000002d x11:00000030
13354776ns          229174 1c00893a 00078b63 beq              x15, x0, 22         x15:0000002d
13354796ns          229175 1c00893c 00150793 addi             x15, x10, 1         x15=1c0002d9 x10:1c0002d8
13354836ns          229177 1c008940 0040006f jal              x0, 4              
13354875ns          229179 1c008944 00f00533 add              x10, x0, x15        x10=1c0002d9 x15:1c0002d9
13354895ns          229180 1c008946 0017c70b p.lbu            x14, 1(x15!)        x14=0000002b x15=1c0002da x15:1c0002d9  PA:1c0002d9
13355213ns          229196 1c00894a feb71ce3 bne              x14, x11, -8        x14:0000002b x11:00000030
13355273ns          229199 1c008942 00070763 beq              x14, x0, 14         x14:0000002b
13355293ns          229200 1c008944 00f00533 add              x10, x0, x15        x10=1c0002da x15:1c0002da
13355313ns          229201 1c008946 0017c70b p.lbu            x14, 1(x15!)        x14=00000020 x15=1c0002db x15:1c0002da  PA:1c0002da
13355631ns          229217 1c00894a feb71ce3 bne              x14, x11, -8        x14:00000020 x11:00000030
13355691ns          229220 1c008942 00070763 beq              x14, x0, 14         x14:00000020
13355711ns          229221 1c008944 00f00533 add              x10, x0, x15        x10=1c0002db x15:1c0002db
13355730ns          229222 1c008946 0017c70b p.lbu            x14, 1(x15!)        x14=00000023 x15=1c0002dc x15:1c0002db  PA:1c0002db
13356049ns          229238 1c00894a feb71ce3 bne              x14, x11, -8        x14:00000023 x11:00000030
13356108ns          229241 1c008942 00070763 beq              x14, x0, 14         x14:00000023
13356128ns          229242 1c008944 00f00533 add              x10, x0, x15        x10=1c0002dc x15:1c0002dc
13356148ns          229243 1c008946 0017c70b p.lbu            x14, 1(x15!)        x14=00000030 x15=1c0002dd x15:1c0002dc  PA:1c0002dc
13356466ns          229259 1c00894a feb71ce3 bne              x14, x11, -8        x14:00000030 x11:00000030
13356486ns          229260 1c00894e 00008067 jalr             x0, x1, 0            x1:1c008b4e
13356526ns          229262 1c008b4e 02050a63 beq              x10, x0, 52         x10:1c0002dc
13356586ns          229265 1c008b50 112b0d63 beq              x22, x18, 282       x22:00000030 x18:00000023
13356625ns          229267 1c008b54 0f697463 bgeu             x18, x22, 232       x18:00000023 x22:00000030
13356645ns          229268 1c008b58 114b0563 beq              x22, x20, 266       x22:00000030 x20:0000002d
13356665ns          229269 1c008b5c 03000613 addi             x12, x0, 48         x12=00000030
13357103ns          229291 1c008b60 0ecb0c63 beq              x22, x12, 248       x22:00000030 x12:00000030
13357580ns          229315 1c008c58 03000713 addi             x14, x0, 48         x14=00000030
13357620ns          229317 1c008c5c 00e12823 sw               x14, 16(x2)         x14:00000030  x2:100021a8  PA:100021b8
13357640ns          229318 1c008c5e 015004b3 add              x9, x0, x21          x9=1c00017a x21:1c00017a
13358077ns          229340 1c008c60 f0fff06f jal              x0, -242           
13358555ns          229364 1c008b6e 0004cb03 lbu              x22, 0(x9)          x22=00000038  x9:1c00017a  PA:1c00017a
13358873ns          229380 1c008b72 00148a93 addi             x21, x9, 1          x21=1c00017b  x9:1c00017a
13358893ns          229381 1c008b76 016005b3 add              x11, x0, x22        x11=00000038 x22:00000038
13358913ns          229382 1c008b78 2d8d8513 addi             x10, x27, 728       x10=1c0002d8 x27:1c000000
13358932ns          229383 1c008b7c 015009b3 add              x19, x0, x21        x19=1c00017b x21:1c00017b
13358952ns          229384 1c008b7e db1ff0ef jal              x1, -592             x1=1c008b80
13359032ns          229388 1c00892e 00054783 lbu              x15, 0(x10)         x15=0000002d x10:1c0002d8  PA:1c0002d8
13359370ns          229405 1c008932 0ff5f593 andi             x11, x11, 255       x11=00000038 x11:00000038
13359390ns          229406 1c008936 00b78c63 beq              x15, x11, 24        x15:0000002d x11:00000038
13359410ns          229407 1c00893a 00078b63 beq              x15, x0, 22         x15:0000002d
13359430ns          229408 1c00893c 00150793 addi             x15, x10, 1         x15=1c0002d9 x10:1c0002d8
13359450ns          229409 1c008940 0040006f jal              x0, 4              
13359489ns          229411 1c008944 00f00533 add              x10, x0, x15        x10=1c0002d9 x15:1c0002d9
13359509ns          229412 1c008946 0017c70b p.lbu            x14, 1(x15!)        x14=0000002b x15=1c0002da x15:1c0002d9  PA:1c0002d9
13359827ns          229428 1c00894a feb71ce3 bne              x14, x11, -8        x14:0000002b x11:00000038
13359887ns          229431 1c008942 00070763 beq              x14, x0, 14         x14:0000002b
13359907ns          229432 1c008944 00f00533 add              x10, x0, x15        x10=1c0002da x15:1c0002da
13359927ns          229433 1c008946 0017c70b p.lbu            x14, 1(x15!)        x14=00000020 x15=1c0002db x15:1c0002da  PA:1c0002da
13360245ns          229449 1c00894a feb71ce3 bne              x14, x11, -8        x14:00000020 x11:00000038
13360305ns          229452 1c008942 00070763 beq              x14, x0, 14         x14:00000020
13360325ns          229453 1c008944 00f00533 add              x10, x0, x15        x10=1c0002db x15:1c0002db
13360344ns          229454 1c008946 0017c70b p.lbu            x14, 1(x15!)        x14=00000023 x15=1c0002dc x15:1c0002db  PA:1c0002db
13360702ns          229472 1c00894a feb71ce3 bne              x14, x11, -8        x14:00000023 x11:00000038
13360762ns          229475 1c008942 00070763 beq              x14, x0, 14         x14:00000023
13360782ns          229476 1c008944 00f00533 add              x10, x0, x15        x10=1c0002dc x15:1c0002dc
13360802ns          229477 1c008946 0017c70b p.lbu            x14, 1(x15!)        x14=00000030 x15=1c0002dd x15:1c0002dc  PA:1c0002dc
13361120ns          229493 1c00894a feb71ce3 bne              x14, x11, -8        x14:00000030 x11:00000038
13361180ns          229496 1c008942 00070763 beq              x14, x0, 14         x14:00000030
13361200ns          229497 1c008944 00f00533 add              x10, x0, x15        x10=1c0002dd x15:1c0002dd
13361220ns          229498 1c008946 0017c70b p.lbu            x14, 1(x15!)        x14=00000000 x15=1c0002de x15:1c0002dd  PA:1c0002dd
13361538ns          229514 1c00894a feb71ce3 bne              x14, x11, -8        x14:00000000 x11:00000038
13361597ns          229517 1c008942 00070763 beq              x14, x0, 14         x14:00000000
13361657ns          229520 1c008950 0015b593 sltiu            x11, x11, 1         x11=00000000 x11:00000038
13361677ns          229521 1c008954 40b005b3 sub              x11, x0, x11        x11=00000000 x11:00000000
13361697ns          229522 1c008958 00b57533 and              x10, x10, x11       x10=00000000 x10:1c0002dd x11:00000000
13361717ns          229523 1c00895a 00008067 jalr             x0, x1, 0            x1:1c008b80
13361816ns          229528 1c008b80 fc0518e3 bne              x10, x0, -48        x10:00000000
13361836ns          229529 1c008b82 02a00613 addi             x12, x0, 42         x12=0000002a
13361856ns          229530 1c008b86 10cb0863 beq              x22, x12, 272       x22:00000038 x12:0000002a
13361876ns          229531 1c008b8a fd0b0613 addi             x12, x22, -48       x12=00000008 x22:00000038
13361896ns          229532 1c008b8e 00900593 addi             x11, x0, 9          x11=00000009
13361936ns          229534 1c008b90 00000a13 addi             x20, x0, 0          x20=00000000
13361975ns          229536 1c008b92 0ec5f263 bgeu             x11, x12, 228       x11:00000009 x12:00000008
13362492ns          229562 1c008c76 002a1793 slli             x15, x20, 0x2       x15=00000000 x20:00000000
13362512ns          229563 1c008c7a 014787b3 add              x15, x15, x20       x15=00000000 x15:00000000 x20:00000000
13362532ns          229564 1c008c7c 00179793 slli             x15, x15, 0x1       x15=00000000 x15:00000000
13362552ns          229565 1c008c7e 016787b3 add              x15, x15, x22       x15=00000038 x15:00000000 x22:00000038
13362950ns          229585 1c008c80 000acb03 lbu              x22, 0(x21)         x22=00000078 x21:1c00017b  PA:1c00017b
13363268ns          229601 1c008c84 fd078a13 addi             x20, x15, -48       x20=00000008 x15:00000038
13363288ns          229602 1c008c88 fd0b0793 addi             x15, x22, -48       x15=00000048 x22:00000078
13363308ns          229603 1c008c8c fef5f3e3 bgeu             x11, x15, -26       x11:00000009 x15:00000048
13363487ns          229612 1c008c90 00248993 addi             x19, x9, 2          x19=1c00017c  x9:1c00017a
13363527ns          229614 1c008c94 0140006f jal              x0, 20             
13363984ns          229637 1c008ca8 0c800713 addi             x14, x0, 200        x14=000000c8
13364024ns          229639 1c008cac 04ea5a33 p.minu           x20, x20, x14       x20=00000008 x20:00000008 x14:000000c8
13364083ns          229642 1c008cb0 ee7ff06f jal              x0, -282           
13364203ns          229648 1c008b96 02e00713 addi             x14, x0, 46         x14=0000002e
13364223ns          229649 1c008b9a fff00a93 addi             x21, x0, -1         x21=ffffffff
13364243ns          229650 1c008b9c 14eb0563 beq              x22, x14, 330       x22:00000078 x14:0000002e
13364282ns          229652 1c008ba0 1c0007b7 lui              x15, 0x1c000000     x15=1c000000
13364322ns          229654 1c008ba4 016005b3 add              x11, x0, x22        x11=00000078 x22:00000078
13364342ns          229655 1c008ba6 2e078513 addi             x10, x15, 736       x10=1c0002e0 x15:1c000000
13364362ns          229656 1c008baa d85ff0ef jal              x1, -636             x1=1c008bac
13364581ns          229667 1c00892e 00054783 lbu              x15, 0(x10)         x15=00000068 x10:1c0002e0  PA:1c0002e0
13364919ns          229684 1c008932 0ff5f593 andi             x11, x11, 255       x11=00000078 x11:00000078
13364939ns          229685 1c008936 00b78c63 beq              x15, x11, 24        x15:00000068 x11:00000078
13364959ns          229686 1c00893a 00078b63 beq              x15, x0, 22         x15:00000068
13364978ns          229687 1c00893c 00150793 addi             x15, x10, 1         x15=1c0002e1 x10:1c0002e0
13364998ns          229688 1c008940 0040006f jal              x0, 4              
13365038ns          229690 1c008944 00f00533 add              x10, x0, x15        x10=1c0002e1 x15:1c0002e1
13365058ns          229691 1c008946 0017c70b p.lbu            x14, 1(x15!)        x14=0000006c x15=1c0002e2 x15:1c0002e1  PA:1c0002e1
13365376ns          229707 1c00894a feb71ce3 bne              x14, x11, -8        x14:0000006c x11:00000078
13365436ns          229710 1c008942 00070763 beq              x14, x0, 14         x14:0000006c
13365456ns          229711 1c008944 00f00533 add              x10, x0, x15        x10=1c0002e2 x15:1c0002e2
13365476ns          229712 1c008946 0017c70b p.lbu            x14, 1(x15!)        x14=0000004c x15=1c0002e3 x15:1c0002e2  PA:1c0002e2
13365814ns          229729 1c00894a feb71ce3 bne              x14, x11, -8        x14:0000004c x11:00000078
13365873ns          229732 1c008942 00070763 beq              x14, x0, 14         x14:0000004c
13365893ns          229733 1c008944 00f00533 add              x10, x0, x15        x10=1c0002e3 x15:1c0002e3
13365913ns          229734 1c008946 0017c70b p.lbu            x14, 1(x15!)        x14=0000007a x15=1c0002e4 x15:1c0002e3  PA:1c0002e3
13366231ns          229750 1c00894a feb71ce3 bne              x14, x11, -8        x14:0000007a x11:00000078
13366291ns          229753 1c008942 00070763 beq              x14, x0, 14         x14:0000007a
13366311ns          229754 1c008944 00f00533 add              x10, x0, x15        x10=1c0002e4 x15:1c0002e4
13366331ns          229755 1c008946 0017c70b p.lbu            x14, 1(x15!)        x14=00000000 x15=1c0002e5 x15:1c0002e4  PA:1c0002e4
13366649ns          229771 1c00894a feb71ce3 bne              x14, x11, -8        x14:00000000 x11:00000078
13366709ns          229774 1c008942 00070763 beq              x14, x0, 14         x14:00000000
13366768ns          229777 1c008950 0015b593 sltiu            x11, x11, 1         x11=00000000 x11:00000078
13366788ns          229778 1c008954 40b005b3 sub              x11, x0, x11        x11=00000000 x11:00000000
13366808ns          229779 1c008958 00b57533 and              x10, x10, x11       x10=00000000 x10:1c0002e4 x11:00000000
13366828ns          229780 1c00895a 00008067 jalr             x0, x1, 0            x1:1c008bac
13366868ns          229782 1c008bac 013004b3 add              x9, x0, x19          x9=1c00017c x19:1c00017c
13366888ns          229783 1c008bae 00050563 beq              x10, x0, 10         x10:00000000
13366947ns          229786 1c008bb8 06700713 addi             x14, x0, 103        x14=00000067
13366967ns          229787 1c008bbc 0f675b63 bge              x14, x22, 246       x14:00000067 x22:00000078
13367027ns          229790 1c008bc0 07000713 addi             x14, x0, 112        x14=00000070
13367067ns          229792 1c008bc4 72eb0a63 beq              x22, x14, 1844      x22:00000078 x14:00000070
13367087ns          229793 1c008bc8 15675363 bge              x14, x22, 326       x14:00000070 x22:00000078
13367106ns          229794 1c008bcc 07500713 addi             x14, x0, 117        x14=00000075
13367166ns          229797 1c008bd0 6eeb0963 beq              x22, x14, 1778      x22:00000078 x14:00000075
13367206ns          229799 1c008bd4 07800713 addi             x14, x0, 120        x14=00000078
13367226ns          229800 1c008bd8 5ceb0a63 beq              x22, x14, 1492      x22:00000078 x14:00000078
13367385ns          229808 1c0091ac 00c12803 lw               x16, 12(x2)         x16=00000000  x2:100021a8  PA:100021b4
13367842ns          229831 1c0091ae 004c0913 addi             x18, x24, 4         x18=10002304 x24:10002300
13367882ns          229833 1c0091b2 000c2583 lw               x11, 0(x24)         x11=c0de0001 x24:10002300  PA:10002300
13367902ns          229834 1c0091b6 015006b3 add              x13, x0, x21        x13=ffffffff x21:ffffffff
13367922ns          229835 1c0091b8 01000613 addi             x12, x0, 16         x12=00000010
13367942ns          229836 1c0091ba 18080e63 beq              x16, x0, 412        x16:00000000
13368837ns          229881 1c009356 01a00533 add              x10, x0, x26        x10=100021cc x26:100021cc
13368876ns          229883 1c009358 ecaff0ef jal              x1, -2358            x1=1c00935c
13368956ns          229887 1c008a22 00a00733 add              x14, x0, x10        x14=100021cc x10:100021cc
13368996ns          229889 1c008a24 00a007b3 add              x15, x0, x10        x15=100021cc x10:100021cc
13369016ns          229890 1c008a26 00900313 addi             x6, x0, 9            x6=00000009
13369036ns          229891 1c008a28 02c5f8b3 remu             x17, x11, x12       x17=00000001 x11:c0de0001 x12:00000010
13369632ns          229921 1c008a2c 0ff8f813 andi             x16, x17, 255       x16=00000001 x17:00000001
13369652ns          229922 1c008a30 00000513 addi             x10, x0, 0          x10=00000000
13369672ns          229923 1c008a32 02c5d5b3 divu             x11, x11, x12       x11=0c0de000 x11:c0de0001 x12:00000010
13370269ns          229953 1c008a36 03080813 addi             x16, x16, 48        x16=00000031 x16:00000001
13370288ns          229954 1c008a3a 01137463 bgeu             x6, x17, 8           x6:00000009 x17:00000001
13370348ns          229957 1c008a42 01050533 add              x10, x10, x16       x10=00000031 x10:00000000 x16:00000031
13370368ns          229958 1c008a44 00a780ab p.sb             x10, 1(x15!)        x15=100021cd x10:00000031 x15:100021cc  PA:100021cc
13370388ns          229959 1c008a48 fe0590e3 bne              x11, x0, -32        x11:0c0de000
13370507ns          229965 1c008a28 02c5f8b3 remu             x17, x11, x12       x17=00000000 x11:0c0de000 x12:00000010
13371104ns          229995 1c008a2c 0ff8f813 andi             x16, x17, 255       x16=00000000 x17:00000000
13371124ns          229996 1c008a30 00000513 addi             x10, x0, 0          x10=00000000
13371144ns          229997 1c008a32 02c5d5b3 divu             x11, x11, x12       x11=00c0de00 x11:0c0de000 x12:00000010
13371740ns          230027 1c008a36 03080813 addi             x16, x16, 48        x16=00000030 x16:00000000
13371760ns          230028 1c008a3a 01137463 bgeu             x6, x17, 8           x6:00000009 x17:00000000
13371820ns          230031 1c008a42 01050533 add              x10, x10, x16       x10=00000030 x10:00000000 x16:00000030
13371840ns          230032 1c008a44 00a780ab p.sb             x10, 1(x15!)        x15=100021ce x10:00000030 x15:100021cd  PA:100021cd
13371860ns          230033 1c008a48 fe0590e3 bne              x11, x0, -32        x11:00c0de00
13371919ns          230036 1c008a28 02c5f8b3 remu             x17, x11, x12       x17=00000000 x11:00c0de00 x12:00000010
13372516ns          230066 1c008a2c 0ff8f813 andi             x16, x17, 255       x16=00000000 x17:00000000
13372536ns          230067 1c008a30 00000513 addi             x10, x0, 0          x10=00000000
13372556ns          230068 1c008a32 02c5d5b3 divu             x11, x11, x12       x11=000c0de0 x11:00c0de00 x12:00000010
13373152ns          230098 1c008a36 03080813 addi             x16, x16, 48        x16=00000030 x16:00000000
13373172ns          230099 1c008a3a 01137463 bgeu             x6, x17, 8           x6:00000009 x17:00000000
13373232ns          230102 1c008a42 01050533 add              x10, x10, x16       x10=00000030 x10:00000000 x16:00000030
13373252ns          230103 1c008a44 00a780ab p.sb             x10, 1(x15!)        x15=100021cf x10:00000030 x15:100021ce  PA:100021ce
13373272ns          230104 1c008a48 fe0590e3 bne              x11, x0, -32        x11:000c0de0
13373331ns          230107 1c008a28 02c5f8b3 remu             x17, x11, x12       x17=00000000 x11:000c0de0 x12:00000010
13373928ns          230137 1c008a2c 0ff8f813 andi             x16, x17, 255       x16=00000000 x17:00000000
13373948ns          230138 1c008a30 00000513 addi             x10, x0, 0          x10=00000000
13373968ns          230139 1c008a32 02c5d5b3 divu             x11, x11, x12       x11=0000c0de x11:000c0de0 x12:00000010
13374564ns          230169 1c008a36 03080813 addi             x16, x16, 48        x16=00000030 x16:00000000
13374584ns          230170 1c008a3a 01137463 bgeu             x6, x17, 8           x6:00000009 x17:00000000
13374644ns          230173 1c008a42 01050533 add              x10, x10, x16       x10=00000030 x10:00000000 x16:00000030
13374664ns          230174 1c008a44 00a780ab p.sb             x10, 1(x15!)        x15=100021d0 x10:00000030 x15:100021cf  PA:100021cf
13374684ns          230175 1c008a48 fe0590e3 bne              x11, x0, -32        x11:0000c0de
13374743ns          230178 1c008a28 02c5f8b3 remu             x17, x11, x12       x17=0000000e x11:0000c0de x12:00000010
13375340ns          230208 1c008a2c 0ff8f813 andi             x16, x17, 255       x16=0000000e x17:0000000e
13375360ns          230209 1c008a30 00000513 addi             x10, x0, 0          x10=00000000
13375380ns          230210 1c008a32 02c5d5b3 divu             x11, x11, x12       x11=00000c0d x11:0000c0de x12:00000010
13375976ns          230240 1c008a36 03080813 addi             x16, x16, 48        x16=0000003e x16:0000000e
13375996ns          230241 1c008a3a 01137463 bgeu             x6, x17, 8           x6:00000009 x17:0000000e
13376016ns          230242 1c008a3e 02700513 addi             x10, x0, 39         x10=00000027
13376036ns          230243 1c008a42 01050533 add              x10, x10, x16       x10=00000065 x10:00000027 x16:0000003e
13376056ns          230244 1c008a44 00a780ab p.sb             x10, 1(x15!)        x15=100021d1 x10:00000065 x15:100021d0  PA:100021d0
13376076ns          230245 1c008a48 fe0590e3 bne              x11, x0, -32        x11:00000c0d
13376136ns          230248 1c008a28 02c5f8b3 remu             x17, x11, x12       x17=0000000d x11:00000c0d x12:00000010
13376732ns          230278 1c008a2c 0ff8f813 andi             x16, x17, 255       x16=0000000d x17:0000000d
13376752ns          230279 1c008a30 00000513 addi             x10, x0, 0          x10=00000000
13376772ns          230280 1c008a32 02c5d5b3 divu             x11, x11, x12       x11=000000c0 x11:00000c0d x12:00000010
13377369ns          230310 1c008a36 03080813 addi             x16, x16, 48        x16=0000003d x16:0000000d
13377389ns          230311 1c008a3a 01137463 bgeu             x6, x17, 8           x6:00000009 x17:0000000d
13377408ns          230312 1c008a3e 02700513 addi             x10, x0, 39         x10=00000027
13377428ns          230313 1c008a42 01050533 add              x10, x10, x16       x10=00000064 x10:00000027 x16:0000003d
13377448ns          230314 1c008a44 00a780ab p.sb             x10, 1(x15!)        x15=100021d2 x10:00000064 x15:100021d1  PA:100021d1
13377468ns          230315 1c008a48 fe0590e3 bne              x11, x0, -32        x11:000000c0
13377528ns          230318 1c008a28 02c5f8b3 remu             x17, x11, x12       x17=00000000 x11:000000c0 x12:00000010
13378124ns          230348 1c008a2c 0ff8f813 andi             x16, x17, 255       x16=00000000 x17:00000000
13378144ns          230349 1c008a30 00000513 addi             x10, x0, 0          x10=00000000
13378164ns          230350 1c008a32 02c5d5b3 divu             x11, x11, x12       x11=0000000c x11:000000c0 x12:00000010
13378761ns          230380 1c008a36 03080813 addi             x16, x16, 48        x16=00000030 x16:00000000
13378781ns          230381 1c008a3a 01137463 bgeu             x6, x17, 8           x6:00000009 x17:00000000
13378840ns          230384 1c008a42 01050533 add              x10, x10, x16       x10=00000030 x10:00000000 x16:00000030
13378860ns          230385 1c008a44 00a780ab p.sb             x10, 1(x15!)        x15=100021d3 x10:00000030 x15:100021d2  PA:100021d2
13378880ns          230386 1c008a48 fe0590e3 bne              x11, x0, -32        x11:0000000c
13378940ns          230389 1c008a28 02c5f8b3 remu             x17, x11, x12       x17=0000000c x11:0000000c x12:00000010
13379536ns          230419 1c008a2c 0ff8f813 andi             x16, x17, 255       x16=0000000c x17:0000000c
13379556ns          230420 1c008a30 00000513 addi             x10, x0, 0          x10=00000000
13379576ns          230421 1c008a32 02c5d5b3 divu             x11, x11, x12       x11=00000000 x11:0000000c x12:00000010
13380173ns          230451 1c008a36 03080813 addi             x16, x16, 48        x16=0000003c x16:0000000c
13380193ns          230452 1c008a3a 01137463 bgeu             x6, x17, 8           x6:00000009 x17:0000000c
13380213ns          230453 1c008a3e 02700513 addi             x10, x0, 39         x10=00000027
13380232ns          230454 1c008a42 01050533 add              x10, x10, x16       x10=00000063 x10:00000027 x16:0000003c
13380252ns          230455 1c008a44 00a780ab p.sb             x10, 1(x15!)        x15=100021d4 x10:00000063 x15:100021d3  PA:100021d3
13380272ns          230456 1c008a48 fe0590e3 bne              x11, x0, -32        x11:00000000
13380292ns          230457 1c008a4a 40e78533 sub              x10, x15, x14       x10=00000008 x15:100021d4 x14:100021cc
13380312ns          230458 1c008a4e 00d55d63 bge              x10, x13, 26        x10:00000008 x13:ffffffff
13380411ns          230463 1c008a68 fe078fab p.sb             x0, -1(x15!)        x15=100021d3 x15:100021d4  PA:100021d4
13380451ns          230465 1c008a6c 00f77c63 bgeu             x14, x15, 24        x14:100021cc x15:100021d3
13380511ns          230468 1c008a70 00074603 lbu              x12, 0(x14)         x12=00000031 x14:100021cc  PA:100021cc
13380551ns          230470 1c008a74 0007c683 lbu              x13, 0(x15)         x13=00000063 x15:100021d3  PA:100021d3
13380571ns          230471 1c008a78 fec78fab p.sb             x12, -1(x15!)       x15=100021d2 x12:00000031 x15:100021d3  PA:100021d3
13380590ns          230472 1c008a7c 00d700ab p.sb             x13, 1(x14!)        x14=100021cd x13:00000063 x14:100021cc  PA:100021cc
13380610ns          230473 1c008a80 fef768e3 bltu             x14, x15, -16       x14:100021cd x15:100021d2
13380670ns          230476 1c008a70 00074603 lbu              x12, 0(x14)         x12=00000030 x14:100021cd  PA:100021cd
13380690ns          230477 1c008a74 0007c683 lbu              x13, 0(x15)         x13=00000030 x15:100021d2  PA:100021d2
13380710ns          230478 1c008a78 fec78fab p.sb             x12, -1(x15!)       x15=100021d1 x12:00000030 x15:100021d2  PA:100021d2
13380730ns          230479 1c008a7c 00d700ab p.sb             x13, 1(x14!)        x14=100021ce x13:00000030 x14:100021cd  PA:100021cd
13380750ns          230480 1c008a80 fef768e3 bltu             x14, x15, -16       x14:100021ce x15:100021d1
13380809ns          230483 1c008a70 00074603 lbu              x12, 0(x14)         x12=00000030 x14:100021ce  PA:100021ce
13380829ns          230484 1c008a74 0007c683 lbu              x13, 0(x15)         x13=00000064 x15:100021d1  PA:100021d1
13380849ns          230485 1c008a78 fec78fab p.sb             x12, -1(x15!)       x15=100021d0 x12:00000030 x15:100021d1  PA:100021d1
13380869ns          230486 1c008a7c 00d700ab p.sb             x13, 1(x14!)        x14=100021cf x13:00000064 x14:100021ce  PA:100021ce
13380889ns          230487 1c008a80 fef768e3 bltu             x14, x15, -16       x14:100021cf x15:100021d0
13380948ns          230490 1c008a70 00074603 lbu              x12, 0(x14)         x12=00000030 x14:100021cf  PA:100021cf
13380968ns          230491 1c008a74 0007c683 lbu              x13, 0(x15)         x13=00000065 x15:100021d0  PA:100021d0
13380988ns          230492 1c008a78 fec78fab p.sb             x12, -1(x15!)       x15=100021cf x12:00000030 x15:100021d0  PA:100021d0
13381008ns          230493 1c008a7c 00d700ab p.sb             x13, 1(x14!)        x14=100021d0 x13:00000065 x14:100021cf  PA:100021cf
13381028ns          230494 1c008a80 fef768e3 bltu             x14, x15, -16       x14:100021d0 x15:100021cf
13381048ns          230495 1c008a84 00008067 jalr             x0, x1, 0            x1:1c00935c
13381088ns          230497 1c00935c 05800713 addi             x14, x0, 88         x14=00000058
13381525ns          230519 1c009360 00a009b3 add              x19, x0, x10        x19=00000008 x10:00000008
13381565ns          230521 1c009362 e6eb1fe3 bne              x22, x14, -386      x22:00000078 x14:00000058
13382062ns          230546 1c0091e0 0c800793 addi             x15, x0, 200        x15=000000c8
13382102ns          230548 1c0091e4 1bfaac63 p.beqimm         x21, 440            x21:ffffffff
13382579ns          230572 1c00939c 8937cee3 blt              x15, x19, -1892     x15:000000c8 x19:00000008
13383037ns          230595 1c0093a0 01200c33 add              x24, x0, x18        x24=10002304 x18:10002304
13383057ns          230596 1c0093a2 d71ff06f jal              x0, -656           
13383176ns          230602 1c009112 0f49c363 blt              x19, x20, 230       x19:00000008 x20:00000008
13383196ns          230603 1c009116 01300a33 add              x20, x0, x19        x20=00000008 x19:00000008
13383216ns          230604 1c009118 b00a11e3 bne              x20, x0, -1278      x20:00000008
13383355ns          230611 1c008c1a 01a00933 add              x18, x0, x26        x18=100021cc x26:100021cc
13383395ns          230613 1c008c1c 41a409b3 sub              x19, x8, x26        x19=efffde57  x8:00000023 x26:100021cc
13383415ns          230614 1c008c20 00a0006f jal              x0, 10             
13383474ns          230617 1c008c2a 0019450b p.lbu            x10, 1(x18!)        x10=00000063 x18=100021cd x18:100021cc  PA:100021cc
13383494ns          230618 1c008c2e 017005b3 add              x11, x0, x23        x11=00000002 x23:00000002
13383534ns          230620 1c008c30 000c80e7 jalr             x1, x25, 0           x1=1c008c32 x25:1c0089d6
13383574ns          230622 1c0089d6 fd9ff06f jal              x0, -40            
13383653ns          230626 1c0089ae 000026b7 lui              x13, 0x2000         x13=00002000
13383733ns          230630 1c0089b0 f14027f3 csrrs            x15, x0, 0xf14      x15=00000001
13383773ns          230632 1c0089b4 f8068693 addi             x13, x13, -128      x13=00001f80 x13:00002000
13383792ns          230633 1c0089b8 00379713 slli             x14, x15, 0x3       x14=00000008 x15:00000001
13383812ns          230634 1c0089bc 00279793 slli             x15, x15, 0x2       x15=00000004 x15:00000001
13383832ns          230635 1c0089be 00d7f7b3 and              x15, x15, x13       x15=00000000 x15:00000004 x13:00001f80
13383872ns          230637 1c0089c0 ee873733 p.bclr           x14, x14, 23, 8     x14=00000008 x14:00000008
13383912ns          230639 1c0089c4 1a10f6b7 lui              x13, 0x1a10f000     x13=1a10f000
13383932ns          230640 1c0089c8 0ff57513 andi             x10, x10, 255       x10=00000063 x10:00000063
13383952ns          230641 1c0089cc 00d70733 add              x14, x14, x13       x14=1a10f008 x14:00000008 x13:1a10f000
13383971ns          230642 1c0089ce 00a7e723 p.sw             x10, x0(x15)        x10:00000063 x15:00000000  PA:1a10f008
13384290ns          230658 1c0089d2 00000513 addi             x10, x0, 0          x10=00000000
13384310ns          230659 1c0089d4 00008067 jalr             x0, x1, 0            x1:1c008c32
13384349ns          230661 1c008c32 fffa0a13 addi             x20, x20, -1        x20=00000007 x20:00000008
13384369ns          230662 1c008c34 fff537e3 p.bneimm         x10, -18            x10:00000000
13384508ns          230669 1c008c22 01298433 add              x8, x19, x18         x8=00000024 x19:efffde57 x18:100021cd
13384528ns          230670 1c008c26 ea0a03e3 beq              x20, x0, -346       x20:00000007
13384548ns          230671 1c008c2a 0019450b p.lbu            x10, 1(x18!)        x10=00000030 x18=100021ce x18:100021cd  PA:100021cd
13384568ns          230672 1c008c2e 017005b3 add              x11, x0, x23        x11=00000002 x23:00000002
13384588ns          230673 1c008c30 000c80e7 jalr             x1, x25, 0           x1=1c008c32 x25:1c0089d6
13384628ns          230675 1c0089d6 fd9ff06f jal              x0, -40            
13384668ns          230677 1c0089ae 000026b7 lui              x13, 0x2000         x13=00002000
13384687ns          230678 1c0089b0 f14027f3 csrrs            x15, x0, 0xf14      x15=00000001
13384707ns          230679 1c0089b4 f8068693 addi             x13, x13, -128      x13=00001f80 x13:00002000
13384727ns          230680 1c0089b8 00379713 slli             x14, x15, 0x3       x14=00000008 x15:00000001
13384747ns          230681 1c0089bc 00279793 slli             x15, x15, 0x2       x15=00000004 x15:00000001
13384767ns          230682 1c0089be 00d7f7b3 and              x15, x15, x13       x15=00000000 x15:00000004 x13:00001f80
13384787ns          230683 1c0089c0 ee873733 p.bclr           x14, x14, 23, 8     x14=00000008 x14:00000008
13384807ns          230684 1c0089c4 1a10f6b7 lui              x13, 0x1a10f000     x13=1a10f000
13384827ns          230685 1c0089c8 0ff57513 andi             x10, x10, 255       x10=00000030 x10:00000030
13384847ns          230686 1c0089cc 00d70733 add              x14, x14, x13       x14=1a10f008 x14:00000008 x13:1a10f000
13384866ns          230687 1c0089ce 00a7e723 p.sw             x10, x0(x15)        x10:00000030 x15:00000000  PA:1a10f008
13385185ns          230703 1c0089d2 00000513 addi             x10, x0, 0          x10=00000000
13385204ns          230704 1c0089d4 00008067 jalr             x0, x1, 0            x1:1c008c32
13385244ns          230706 1c008c32 fffa0a13 addi             x20, x20, -1        x20=00000006 x20:00000007
13385264ns          230707 1c008c34 fff537e3 p.bneimm         x10, -18            x10:00000000
13385344ns          230711 1c008c22 01298433 add              x8, x19, x18         x8=00000025 x19:efffde57 x18:100021ce
13385364ns          230712 1c008c26 ea0a03e3 beq              x20, x0, -346       x20:00000006
13385383ns          230713 1c008c2a 0019450b p.lbu            x10, 1(x18!)        x10=00000064 x18=100021cf x18:100021ce  PA:100021ce
13385403ns          230714 1c008c2e 017005b3 add              x11, x0, x23        x11=00000002 x23:00000002
13385423ns          230715 1c008c30 000c80e7 jalr             x1, x25, 0           x1=1c008c32 x25:1c0089d6
13385463ns          230717 1c0089d6 fd9ff06f jal              x0, -40            
13385503ns          230719 1c0089ae 000026b7 lui              x13, 0x2000         x13=00002000
13385523ns          230720 1c0089b0 f14027f3 csrrs            x15, x0, 0xf14      x15=00000001
13385543ns          230721 1c0089b4 f8068693 addi             x13, x13, -128      x13=00001f80 x13:00002000
13385562ns          230722 1c0089b8 00379713 slli             x14, x15, 0x3       x14=00000008 x15:00000001
13385582ns          230723 1c0089bc 00279793 slli             x15, x15, 0x2       x15=00000004 x15:00000001
13385602ns          230724 1c0089be 00d7f7b3 and              x15, x15, x13       x15=00000000 x15:00000004 x13:00001f80
13385622ns          230725 1c0089c0 ee873733 p.bclr           x14, x14, 23, 8     x14=00000008 x14:00000008
13385642ns          230726 1c0089c4 1a10f6b7 lui              x13, 0x1a10f000     x13=1a10f000
13385662ns          230727 1c0089c8 0ff57513 andi             x10, x10, 255       x10=00000064 x10:00000064
13385682ns          230728 1c0089cc 00d70733 add              x14, x14, x13       x14=1a10f008 x14:00000008 x13:1a10f000
13385702ns          230729 1c0089ce 00a7e723 p.sw             x10, x0(x15)        x10:00000064 x15:00000000  PA:1a10f008
13386020ns          230745 1c0089d2 00000513 addi             x10, x0, 0          x10=00000000
13386040ns          230746 1c0089d4 00008067 jalr             x0, x1, 0            x1:1c008c32
13386080ns          230748 1c008c32 fffa0a13 addi             x20, x20, -1        x20=00000005 x20:00000006
13386099ns          230749 1c008c34 fff537e3 p.bneimm         x10, -18            x10:00000000
13386179ns          230753 1c008c22 01298433 add              x8, x19, x18         x8=00000026 x19:efffde57 x18:100021cf
13386199ns          230754 1c008c26 ea0a03e3 beq              x20, x0, -346       x20:00000005
13386219ns          230755 1c008c2a 0019450b p.lbu            x10, 1(x18!)        x10=00000065 x18=100021d0 x18:100021cf  PA:100021cf
13386239ns          230756 1c008c2e 017005b3 add              x11, x0, x23        x11=00000002 x23:00000002
13386259ns          230757 1c008c30 000c80e7 jalr             x1, x25, 0           x1=1c008c32 x25:1c0089d6
13386298ns          230759 1c0089d6 fd9ff06f jal              x0, -40            
13386338ns          230761 1c0089ae 000026b7 lui              x13, 0x2000         x13=00002000
13386358ns          230762 1c0089b0 f14027f3 csrrs            x15, x0, 0xf14      x15=00000001
13386378ns          230763 1c0089b4 f8068693 addi             x13, x13, -128      x13=00001f80 x13:00002000
13386398ns          230764 1c0089b8 00379713 slli             x14, x15, 0x3       x14=00000008 x15:00000001
13386418ns          230765 1c0089bc 00279793 slli             x15, x15, 0x2       x15=00000004 x15:00000001
13386438ns          230766 1c0089be 00d7f7b3 and              x15, x15, x13       x15=00000000 x15:00000004 x13:00001f80
13386457ns          230767 1c0089c0 ee873733 p.bclr           x14, x14, 23, 8     x14=00000008 x14:00000008
13386477ns          230768 1c0089c4 1a10f6b7 lui              x13, 0x1a10f000     x13=1a10f000
13386497ns          230769 1c0089c8 0ff57513 andi             x10, x10, 255       x10=00000065 x10:00000065
13386517ns          230770 1c0089cc 00d70733 add              x14, x14, x13       x14=1a10f008 x14:00000008 x13:1a10f000
13386537ns          230771 1c0089ce 00a7e723 p.sw             x10, x0(x15)        x10:00000065 x15:00000000  PA:1a10f008
13386855ns          230787 1c0089d2 00000513 addi             x10, x0, 0          x10=00000000
13386875ns          230788 1c0089d4 00008067 jalr             x0, x1, 0            x1:1c008c32
13386915ns          230790 1c008c32 fffa0a13 addi             x20, x20, -1        x20=00000004 x20:00000005
13386935ns          230791 1c008c34 fff537e3 p.bneimm         x10, -18            x10:00000000
13387014ns          230795 1c008c22 01298433 add              x8, x19, x18         x8=00000027 x19:efffde57 x18:100021d0
13387034ns          230796 1c008c26 ea0a03e3 beq              x20, x0, -346       x20:00000004
13387054ns          230797 1c008c2a 0019450b p.lbu            x10, 1(x18!)        x10=00000030 x18=100021d1 x18:100021d0  PA:100021d0
13387074ns          230798 1c008c2e 017005b3 add              x11, x0, x23        x11=00000002 x23:00000002
13387094ns          230799 1c008c30 000c80e7 jalr             x1, x25, 0           x1=1c008c32 x25:1c0089d6
13387134ns          230801 1c0089d6 fd9ff06f jal              x0, -40            
13387173ns          230803 1c0089ae 000026b7 lui              x13, 0x2000         x13=00002000
13387193ns          230804 1c0089b0 f14027f3 csrrs            x15, x0, 0xf14      x15=00000001
13387213ns          230805 1c0089b4 f8068693 addi             x13, x13, -128      x13=00001f80 x13:00002000
13387233ns          230806 1c0089b8 00379713 slli             x14, x15, 0x3       x14=00000008 x15:00000001
13387253ns          230807 1c0089bc 00279793 slli             x15, x15, 0x2       x15=00000004 x15:00000001
13387273ns          230808 1c0089be 00d7f7b3 and              x15, x15, x13       x15=00000000 x15:00000004 x13:00001f80
13387293ns          230809 1c0089c0 ee873733 p.bclr           x14, x14, 23, 8     x14=00000008 x14:00000008
13387313ns          230810 1c0089c4 1a10f6b7 lui              x13, 0x1a10f000     x13=1a10f000
13387333ns          230811 1c0089c8 0ff57513 andi             x10, x10, 255       x10=00000030 x10:00000030
13387352ns          230812 1c0089cc 00d70733 add              x14, x14, x13       x14=1a10f008 x14:00000008 x13:1a10f000
13387372ns          230813 1c0089ce 00a7e723 p.sw             x10, x0(x15)        x10:00000030 x15:00000000  PA:1a10f008
13387690ns          230829 1c0089d2 00000513 addi             x10, x0, 0          x10=00000000
13387710ns          230830 1c0089d4 00008067 jalr             x0, x1, 0            x1:1c008c32
13387750ns          230832 1c008c32 fffa0a13 addi             x20, x20, -1        x20=00000003 x20:00000004
13387770ns          230833 1c008c34 fff537e3 p.bneimm         x10, -18            x10:00000000
13387850ns          230837 1c008c22 01298433 add              x8, x19, x18         x8=00000028 x19:efffde57 x18:100021d1
13387869ns          230838 1c008c26 ea0a03e3 beq              x20, x0, -346       x20:00000003
13387889ns          230839 1c008c2a 0019450b p.lbu            x10, 1(x18!)        x10=00000030 x18=100021d2 x18:100021d1  PA:100021d1
13387909ns          230840 1c008c2e 017005b3 add              x11, x0, x23        x11=00000002 x23:00000002
13387929ns          230841 1c008c30 000c80e7 jalr             x1, x25, 0           x1=1c008c32 x25:1c0089d6
13387969ns          230843 1c0089d6 fd9ff06f jal              x0, -40            
13388009ns          230845 1c0089ae 000026b7 lui              x13, 0x2000         x13=00002000
13388029ns          230846 1c0089b0 f14027f3 csrrs            x15, x0, 0xf14      x15=00000001
13388048ns          230847 1c0089b4 f8068693 addi             x13, x13, -128      x13=00001f80 x13:00002000
13388068ns          230848 1c0089b8 00379713 slli             x14, x15, 0x3       x14=00000008 x15:00000001
13388088ns          230849 1c0089bc 00279793 slli             x15, x15, 0x2       x15=00000004 x15:00000001
13388108ns          230850 1c0089be 00d7f7b3 and              x15, x15, x13       x15=00000000 x15:00000004 x13:00001f80
13388128ns          230851 1c0089c0 ee873733 p.bclr           x14, x14, 23, 8     x14=00000008 x14:00000008
13388148ns          230852 1c0089c4 1a10f6b7 lui              x13, 0x1a10f000     x13=1a10f000
13388168ns          230853 1c0089c8 0ff57513 andi             x10, x10, 255       x10=00000030 x10:00000030
13388188ns          230854 1c0089cc 00d70733 add              x14, x14, x13       x14=1a10f008 x14:00000008 x13:1a10f000
13388208ns          230855 1c0089ce 00a7e723 p.sw             x10, x0(x15)        x10:00000030 x15:00000000  PA:1a10f008
13388546ns          230872 1c0089d2 00000513 addi             x10, x0, 0          x10=00000000
13388566ns          230873 1c0089d4 00008067 jalr             x0, x1, 0            x1:1c008c32
13388605ns          230875 1c008c32 fffa0a13 addi             x20, x20, -1        x20=00000002 x20:00000003
13388625ns          230876 1c008c34 fff537e3 p.bneimm         x10, -18            x10:00000000
13388705ns          230880 1c008c22 01298433 add              x8, x19, x18         x8=00000029 x19:efffde57 x18:100021d2
13388725ns          230881 1c008c26 ea0a03e3 beq              x20, x0, -346       x20:00000002
13388745ns          230882 1c008c2a 0019450b p.lbu            x10, 1(x18!)        x10=00000030 x18=100021d3 x18:100021d2  PA:100021d2
13388764ns          230883 1c008c2e 017005b3 add              x11, x0, x23        x11=00000002 x23:00000002
13388784ns          230884 1c008c30 000c80e7 jalr             x1, x25, 0           x1=1c008c32 x25:1c0089d6
13388824ns          230886 1c0089d6 fd9ff06f jal              x0, -40            
13388864ns          230888 1c0089ae 000026b7 lui              x13, 0x2000         x13=00002000
13388884ns          230889 1c0089b0 f14027f3 csrrs            x15, x0, 0xf14      x15=00000001
13388904ns          230890 1c0089b4 f8068693 addi             x13, x13, -128      x13=00001f80 x13:00002000
13388924ns          230891 1c0089b8 00379713 slli             x14, x15, 0x3       x14=00000008 x15:00000001
13388943ns          230892 1c0089bc 00279793 slli             x15, x15, 0x2       x15=00000004 x15:00000001
13388963ns          230893 1c0089be 00d7f7b3 and              x15, x15, x13       x15=00000000 x15:00000004 x13:00001f80
13388983ns          230894 1c0089c0 ee873733 p.bclr           x14, x14, 23, 8     x14=00000008 x14:00000008
13389003ns          230895 1c0089c4 1a10f6b7 lui              x13, 0x1a10f000     x13=1a10f000
13389023ns          230896 1c0089c8 0ff57513 andi             x10, x10, 255       x10=00000030 x10:00000030
13389043ns          230897 1c0089cc 00d70733 add              x14, x14, x13       x14=1a10f008 x14:00000008 x13:1a10f000
13389063ns          230898 1c0089ce 00a7e723 p.sw             x10, x0(x15)        x10:00000030 x15:00000000  PA:1a10f008
13389381ns          230914 1c0089d2 00000513 addi             x10, x0, 0          x10=00000000
13389401ns          230915 1c0089d4 00008067 jalr             x0, x1, 0            x1:1c008c32
13389441ns          230917 1c008c32 fffa0a13 addi             x20, x20, -1        x20=00000001 x20:00000002
13389461ns          230918 1c008c34 fff537e3 p.bneimm         x10, -18            x10:00000000
13389540ns          230922 1c008c22 01298433 add              x8, x19, x18         x8=0000002a x19:efffde57 x18:100021d3
13389560ns          230923 1c008c26 ea0a03e3 beq              x20, x0, -346       x20:00000001
13389580ns          230924 1c008c2a 0019450b p.lbu            x10, 1(x18!)        x10=00000031 x18=100021d4 x18:100021d3  PA:100021d3
13389600ns          230925 1c008c2e 017005b3 add              x11, x0, x23        x11=00000002 x23:00000002
13389620ns          230926 1c008c30 000c80e7 jalr             x1, x25, 0           x1=1c008c32 x25:1c0089d6
13389659ns          230928 1c0089d6 fd9ff06f jal              x0, -40            
13389699ns          230930 1c0089ae 000026b7 lui              x13, 0x2000         x13=00002000
13389719ns          230931 1c0089b0 f14027f3 csrrs            x15, x0, 0xf14      x15=00000001
13389739ns          230932 1c0089b4 f8068693 addi             x13, x13, -128      x13=00001f80 x13:00002000
13389759ns          230933 1c0089b8 00379713 slli             x14, x15, 0x3       x14=00000008 x15:00000001
13389779ns          230934 1c0089bc 00279793 slli             x15, x15, 0x2       x15=00000004 x15:00000001
13389799ns          230935 1c0089be 00d7f7b3 and              x15, x15, x13       x15=00000000 x15:00000004 x13:00001f80
13389819ns          230936 1c0089c0 ee873733 p.bclr           x14, x14, 23, 8     x14=00000008 x14:00000008
13389838ns          230937 1c0089c4 1a10f6b7 lui              x13, 0x1a10f000     x13=1a10f000
13389858ns          230938 1c0089c8 0ff57513 andi             x10, x10, 255       x10=00000031 x10:00000031
13389878ns          230939 1c0089cc 00d70733 add              x14, x14, x13       x14=1a10f008 x14:00000008 x13:1a10f000
13389898ns          230940 1c0089ce 00a7e723 p.sw             x10, x0(x15)        x10:00000031 x15:00000000  PA:1a10f008
13390216ns          230956 1c0089d2 00000513 addi             x10, x0, 0          x10=00000000
13390236ns          230957 1c0089d4 00008067 jalr             x0, x1, 0            x1:1c008c32
13390276ns          230959 1c008c32 fffa0a13 addi             x20, x20, -1        x20=00000000 x20:00000001
13390296ns          230960 1c008c34 fff537e3 p.bneimm         x10, -18            x10:00000000
13390375ns          230964 1c008c22 01298433 add              x8, x19, x18         x8=0000002b x19:efffde57 x18:100021d4
13390395ns          230965 1c008c26 ea0a03e3 beq              x20, x0, -346       x20:00000000
13390495ns          230970 1c008acc 0004c503 lbu              x10, 0(x9)          x10=0000000a  x9:1c00017c  PA:1c00017c
13390813ns          230986 1c008ad0 00148493 addi             x9, x9, 1            x9=1c00017d  x9:1c00017c
13390833ns          230987 1c008ad2 00050e63 beq              x10, x0, 28         x10:0000000a
13390853ns          230988 1c008ad4 02500793 addi             x15, x0, 37         x15=00000025
13390873ns          230989 1c008ad8 04f50763 beq              x10, x15, 78        x10:0000000a x15:00000025
13390892ns          230990 1c008adc 017005b3 add              x11, x0, x23        x11=00000002 x23:00000002
13390912ns          230991 1c008ade 000c80e7 jalr             x1, x25, 0           x1=1c008ae0 x25:1c0089d6
13390972ns          230994 1c0089d6 fd9ff06f jal              x0, -40            
13391012ns          230996 1c0089ae 000026b7 lui              x13, 0x2000         x13=00002000
13391032ns          230997 1c0089b0 f14027f3 csrrs            x15, x0, 0xf14      x15=00000001
13391052ns          230998 1c0089b4 f8068693 addi             x13, x13, -128      x13=00001f80 x13:00002000
13391071ns          230999 1c0089b8 00379713 slli             x14, x15, 0x3       x14=00000008 x15:00000001
13391091ns          231000 1c0089bc 00279793 slli             x15, x15, 0x2       x15=00000004 x15:00000001
13391111ns          231001 1c0089be 00d7f7b3 and              x15, x15, x13       x15=00000000 x15:00000004 x13:00001f80
13391131ns          231002 1c0089c0 ee873733 p.bclr           x14, x14, 23, 8     x14=00000008 x14:00000008
13391151ns          231003 1c0089c4 1a10f6b7 lui              x13, 0x1a10f000     x13=1a10f000
13391171ns          231004 1c0089c8 0ff57513 andi             x10, x10, 255       x10=0000000a x10:0000000a
13391191ns          231005 1c0089cc 00d70733 add              x14, x14, x13       x14=1a10f008 x14:00000008 x13:1a10f000
13391211ns          231006 1c0089ce 00a7e723 p.sw             x10, x0(x15)        x10:0000000a x15:00000000  PA:1a10f008
13391529ns          231022 1c0089d2 00000513 addi             x10, x0, 0          x10=00000000
13391549ns          231023 1c0089d4 00008067 jalr             x0, x1, 0            x1:1c008ae0
13391589ns          231025 1c008ae0 15f52c63 p.beqimm         x10, 344            x10:00000000
13391608ns          231026 1c008ae4 00140413 addi             x8, x8, 1            x8=0000002c  x8:0000002b
13391628ns          231027 1c008ae6 0004c503 lbu              x10, 0(x9)          x10=00000000  x9:1c00017d  PA:1c00017d
13391927ns          231042 1c008aea 00148493 addi             x9, x9, 1            x9=1c00017e  x9:1c00017d
13391947ns          231043 1c008aec fe0514e3 bne              x10, x0, -24        x10:00000000
13391966ns          231044 1c008aee 00800533 add              x10, x0, x8         x10=0000002c  x8:0000002c
13391986ns          231045 1c008af0 12c12083 lw               x1, 300(x2)          x1=1c008a1c  x2:100021a8  PA:100022d4
13392006ns          231046 1c008af4 12812403 lw               x8, 296(x2)          x8=00000001  x2:100021a8  PA:100022d0
13392026ns          231047 1c008af8 12412483 lw               x9, 292(x2)          x9=002040c0  x2:100021a8  PA:100022cc
13392046ns          231048 1c008afc 12012903 lw               x18, 288(x2)        x18=xxxxxxxx  x2:100021a8  PA:100022c8
13392086ns          231050 1c008b00 11c12983 lw               x19, 284(x2)        x19=xxxxxxxx  x2:100021a8  PA:100022c4
13392126ns          231052 1c008b04 11812a03 lw               x20, 280(x2)        x20=xxxxxxxx  x2:100021a8  PA:100022c0
13392145ns          231053 1c008b08 11412a83 lw               x21, 276(x2)        x21=xxxxxxxx  x2:100021a8  PA:100022bc
13392165ns          231054 1c008b0c 11012b03 lw               x22, 272(x2)        x22=xxxxxxxx  x2:100021a8  PA:100022b8
13392225ns          231057 1c008b10 10c12b83 lw               x23, 268(x2)        x23=xxxxxxxx  x2:100021a8  PA:100022b4
13392265ns          231059 1c008b14 10812c03 lw               x24, 264(x2)        x24=xxxxxxxx  x2:100021a8  PA:100022b0
13392285ns          231060 1c008b18 10412c83 lw               x25, 260(x2)        x25=xxxxxxxx  x2:100021a8  PA:100022ac
13392305ns          231061 1c008b1c 10012d03 lw               x26, 256(x2)        x26=xxxxxxxx  x2:100021a8  PA:100022a8
13392364ns          231064 1c008b20 0fc12d83 lw               x27, 252(x2)        x27=xxxxxxxx  x2:100021a8  PA:100022a4
13392384ns          231065 1c008b22 13010113 addi             x2, x2, 304          x2=100022d8  x2:100021a8
13392404ns          231066 1c008b24 00008067 jalr             x0, x1, 0            x1:1c008a1c
13392484ns          231070 1c008a1c 01c12083 lw               x1, 28(x2)           x1=1c00832c  x2:100022d8  PA:100022f4
13392503ns          231071 1c008a1e 04010113 addi             x2, x2, 64           x2=10002318  x2:100022d8
13392563ns          231074 1c008a20 00008067 jalr             x0, x1, 0            x1:1c00832c
13392643ns          231078 1c00832c 0004a023 sw               x0, 0(x9)            x9:002040c0  PA:002040c0
13393100ns          231101 1c008330 6b6010ef jal              x1, 5814             x1=1c008334
13393219ns          231107 1c0099e6 f14027f3 csrrs            x15, x0, 0xf14      x15=00000001
13393239ns          231108 1c0099ea 01f00713 addi             x14, x0, 31         x14=0000001f
13393259ns          231109 1c0099ec ca5797b3 p.extractu       x15, x15, 5, 5      x15=00000000 x15:00000001
13393279ns          231110 1c0099f0 00e78863 beq              x15, x14, 16        x15:00000000 x14:0000001f
13393299ns          231111 1c0099f4 002047b7 lui              x15, 0x204000       x15=00204000
13393319ns          231112 1c0099f8 20078793 addi             x15, x15, 512       x15=00204200 x15:00204000
13393339ns          231113 1c0099fc 01c7e703 p.elw            x14, 28(x15)        x14=00010000 x15:00204200  PA:0020421c
13998153ns          261524 1c009a00 00008067 jalr             x0, x1, 0            x1:1c008334
13998192ns          261526 1c008334 00041b63 bne              x8, x0, 22           x8:00000001
13998769ns          261555 1c00834a 00c12083 lw               x1, 12(x2)           x1=1c0086e2  x2:10002318  PA:10002324
13998809ns          261557 1c00834c 00812403 lw               x8, 8(x2)            x8=00000001  x2:10002318  PA:10002320
13998829ns          261558 1c00834e 00412483 lw               x9, 4(x2)            x9=xxxxxxxx  x2:10002318  PA:1000231c
13998869ns          261560 1c008350 00000513 addi             x10, x0, 0          x10=00000000
13998889ns          261561 1c008352 01010113 addi             x2, x2, 16           x2=10002328  x2:10002318
13998908ns          261562 1c008354 00008067 jalr             x0, x1, 0            x1:1c0086e2
13999346ns          261584 1c0086e2 00800533 add              x10, x0, x8         x10=00000001  x8:00000001
13999386ns          261586 1c0086e4 eedff0ef jal              x1, -276             x1=1c0086e6
13999923ns          261613 1c0085d0 ff010113 addi             x2, x2, -16          x2=10002318  x2:10002328
13999943ns          261614 1c0085d2 00912223 sw               x9, 4(x2)            x9:xxxxxxxx  x2:10002318  PA:1000231c
13999962ns          261615 1c0085d4 00112623 sw               x1, 12(x2)           x1:1c0086e6  x2:10002318  PA:10002324
13999982ns          261616 1c0085d6 00812423 sw               x8, 8(x2)            x8:00000001  x2:10002318  PA:10002320
14000002ns          261617 1c0085d8 01212023 sw               x18, 0(x2)          x18:xxxxxxxx  x2:10002318  PA:10002318
14000022ns          261618 1c0085da 00a004b3 add              x9, x0, x10          x9=00000001 x10:00000001
14000042ns          261619 1c0085dc 08050663 beq              x10, x0, 140        x10:00000001
14000420ns          261638 1c0085de 408010ef jal              x1, 5128             x1=1c0085e2
14000599ns          261647 1c0099e6 f14027f3 csrrs            x15, x0, 0xf14      x15=00000001
14000619ns          261648 1c0099ea 01f00713 addi             x14, x0, 31         x14=0000001f
14000639ns          261649 1c0099ec ca5797b3 p.extractu       x15, x15, 5, 5      x15=00000000 x15:00000001
14000659ns          261650 1c0099f0 00e78863 beq              x15, x14, 16        x15:00000000 x14:0000001f
14000678ns          261651 1c0099f4 002047b7 lui              x15, 0x204000       x15=00204000
14000698ns          261652 1c0099f8 20078793 addi             x15, x15, 512       x15=00204200 x15:00204000
14000718ns          261653 1c0099fc 01c7e703 p.elw            x14, 28(x15)        x14=00010000 x15:00204200  PA:0020421c
14143567ns          268789 1c009a00 00008067 jalr             x0, x1, 0            x1:1c0085e2
14143627ns          268792 1c0085e2 00148713 addi             x14, x9, 1          x14=00000002  x9:00000001
14143647ns          268793 1c0085e6 f8373733 p.bclr           x14, x14, 28, 3     x14=00000002 x14:00000002
14143667ns          268794 1c0085ea 10000437 lui              x8, 0x10000000       x8=10000000
14144249ns          268823 1c0085ee 01871513 slli             x10, x14, 0x18      x10=02000000 x14:00000002
14144289ns          268825 1c0085f2 005a06b7 lui              x13, 0x5a0000       x13=005a0000
14144309ns          268826 1c0085f6 02040413 addi             x8, x8, 32           x8=10000020  x8:10000000
14144329ns          268827 1c0085fa 0105d0fb lp.setupi        0x1, 0x10, 0xb     
14144790ns          268850 1c0085fe 00271793 slli             x15, x14, 0x2       x15=00000008 x14:00000002
14144811ns          268851 1c008602 008787b3 add              x15, x15, x8        x15=10000028 x15:00000008  x8:10000020
14144831ns          268852 1c008604 0207a583 lw               x11, 32(x15)        x11=025a0000 x15:10000028  PA:10000048
14144851ns          268853 1c008606 00d567b3 or               x15, x10, x13       x15=025a0000 x10:02000000 x13:005a0000
14144871ns          268854 1c00860a 00f59663 bne              x11, x15, 12        x11:025a0000 x15:025a0000
14144891ns          268855 1c00860e 00168693 addi             x13, x13, 1         x13=005a0001 x13:005a0000
14145292ns          268875 1c008610 00870713 addi             x14, x14, 8         x14=0000000a x14:00000002
14145352ns          268878 1c0085fe 00271793 slli             x15, x14, 0x2       x15=00000028 x14:0000000a
14145372ns          268879 1c008602 008787b3 add              x15, x15, x8        x15=10000048 x15:00000028  x8:10000020
14145392ns          268880 1c008604 0207a583 lw               x11, 32(x15)        x11=025a0001 x15:10000048  PA:10000068
14145412ns          268881 1c008606 00d567b3 or               x15, x10, x13       x15=025a0001 x10:02000000 x13:005a0001
14145433ns          268882 1c00860a 00f59663 bne              x11, x15, 12        x11:025a0001 x15:025a0001
14145453ns          268883 1c00860e 00168693 addi             x13, x13, 1         x13=005a0002 x13:005a0001
14145473ns          268884 1c008610 00870713 addi             x14, x14, 8         x14=00000012 x14:0000000a
14145513ns          268886 1c0085fe 00271793 slli             x15, x14, 0x2       x15=00000048 x14:00000012
14145533ns          268887 1c008602 008787b3 add              x15, x15, x8        x15=10000068 x15:00000048  x8:10000020
14145553ns          268888 1c008604 0207a583 lw               x11, 32(x15)        x11=025a0002 x15:10000068  PA:10000088
14145573ns          268889 1c008606 00d567b3 or               x15, x10, x13       x15=025a0002 x10:02000000 x13:005a0002
14145593ns          268890 1c00860a 00f59663 bne              x11, x15, 12        x11:025a0002 x15:025a0002
14145613ns          268891 1c00860e 00168693 addi             x13, x13, 1         x13=005a0003 x13:005a0002
14145633ns          268892 1c008610 00870713 addi             x14, x14, 8         x14=0000001a x14:00000012
14145673ns          268894 1c0085fe 00271793 slli             x15, x14, 0x2       x15=00000068 x14:0000001a
14145693ns          268895 1c008602 008787b3 add              x15, x15, x8        x15=10000088 x15:00000068  x8:10000020
14145713ns          268896 1c008604 0207a583 lw               x11, 32(x15)        x11=025a0003 x15:10000088  PA:100000a8
14145733ns          268897 1c008606 00d567b3 or               x15, x10, x13       x15=025a0003 x10:02000000 x13:005a0003
14145754ns          268898 1c00860a 00f59663 bne              x11, x15, 12        x11:025a0003 x15:025a0003
14145774ns          268899 1c00860e 00168693 addi             x13, x13, 1         x13=005a0004 x13:005a0003
14145794ns          268900 1c008610 00870713 addi             x14, x14, 8         x14=00000022 x14:0000001a
14145834ns          268902 1c0085fe 00271793 slli             x15, x14, 0x2       x15=00000088 x14:00000022
14145854ns          268903 1c008602 008787b3 add              x15, x15, x8        x15=100000a8 x15:00000088  x8:10000020
14145874ns          268904 1c008604 0207a583 lw               x11, 32(x15)        x11=025a0004 x15:100000a8  PA:100000c8
14145894ns          268905 1c008606 00d567b3 or               x15, x10, x13       x15=025a0004 x10:02000000 x13:005a0004
14145914ns          268906 1c00860a 00f59663 bne              x11, x15, 12        x11:025a0004 x15:025a0004
14145934ns          268907 1c00860e 00168693 addi             x13, x13, 1         x13=005a0005 x13:005a0004
14145954ns          268908 1c008610 00870713 addi             x14, x14, 8         x14=0000002a x14:00000022
14145994ns          268910 1c0085fe 00271793 slli             x15, x14, 0x2       x15=000000a8 x14:0000002a
14146014ns          268911 1c008602 008787b3 add              x15, x15, x8        x15=100000c8 x15:000000a8  x8:10000020
14146034ns          268912 1c008604 0207a583 lw               x11, 32(x15)        x11=025a0005 x15:100000c8  PA:100000e8
14146055ns          268913 1c008606 00d567b3 or               x15, x10, x13       x15=025a0005 x10:02000000 x13:005a0005
14146075ns          268914 1c00860a 00f59663 bne              x11, x15, 12        x11:025a0005 x15:025a0005
14146095ns          268915 1c00860e 00168693 addi             x13, x13, 1         x13=005a0006 x13:005a0005
14146115ns          268916 1c008610 00870713 addi             x14, x14, 8         x14=00000032 x14:0000002a
14146155ns          268918 1c0085fe 00271793 slli             x15, x14, 0x2       x15=000000c8 x14:00000032
14146175ns          268919 1c008602 008787b3 add              x15, x15, x8        x15=100000e8 x15:000000c8  x8:10000020
14146195ns          268920 1c008604 0207a583 lw               x11, 32(x15)        x11=025a0006 x15:100000e8  PA:10000108
14146215ns          268921 1c008606 00d567b3 or               x15, x10, x13       x15=025a0006 x10:02000000 x13:005a0006
14146235ns          268922 1c00860a 00f59663 bne              x11, x15, 12        x11:025a0006 x15:025a0006
14146255ns          268923 1c00860e 00168693 addi             x13, x13, 1         x13=005a0007 x13:005a0006
14146275ns          268924 1c008610 00870713 addi             x14, x14, 8         x14=0000003a x14:00000032
14146315ns          268926 1c0085fe 00271793 slli             x15, x14, 0x2       x15=000000e8 x14:0000003a
14146335ns          268927 1c008602 008787b3 add              x15, x15, x8        x15=10000108 x15:000000e8  x8:10000020
14146355ns          268928 1c008604 0207a583 lw               x11, 32(x15)        x11=025a0007 x15:10000108  PA:10000128
14146376ns          268929 1c008606 00d567b3 or               x15, x10, x13       x15=025a0007 x10:02000000 x13:005a0007
14146396ns          268930 1c00860a 00f59663 bne              x11, x15, 12        x11:025a0007 x15:025a0007
14146416ns          268931 1c00860e 00168693 addi             x13, x13, 1         x13=005a0008 x13:005a0007
14146436ns          268932 1c008610 00870713 addi             x14, x14, 8         x14=00000042 x14:0000003a
14146476ns          268934 1c0085fe 00271793 slli             x15, x14, 0x2       x15=00000108 x14:00000042
14146496ns          268935 1c008602 008787b3 add              x15, x15, x8        x15=10000128 x15:00000108  x8:10000020
14146516ns          268936 1c008604 0207a583 lw               x11, 32(x15)        x11=025a0008 x15:10000128  PA:10000148
14146536ns          268937 1c008606 00d567b3 or               x15, x10, x13       x15=025a0008 x10:02000000 x13:005a0008
14146556ns          268938 1c00860a 00f59663 bne              x11, x15, 12        x11:025a0008 x15:025a0008
14146576ns          268939 1c00860e 00168693 addi             x13, x13, 1         x13=005a0009 x13:005a0008
14146596ns          268940 1c008610 00870713 addi             x14, x14, 8         x14=0000004a x14:00000042
14146636ns          268942 1c0085fe 00271793 slli             x15, x14, 0x2       x15=00000128 x14:0000004a
14146656ns          268943 1c008602 008787b3 add              x15, x15, x8        x15=10000148 x15:00000128  x8:10000020
14146676ns          268944 1c008604 0207a583 lw               x11, 32(x15)        x11=025a0009 x15:10000148  PA:10000168
14146697ns          268945 1c008606 00d567b3 or               x15, x10, x13       x15=025a0009 x10:02000000 x13:005a0009
14146717ns          268946 1c00860a 00f59663 bne              x11, x15, 12        x11:025a0009 x15:025a0009
14146737ns          268947 1c00860e 00168693 addi             x13, x13, 1         x13=005a000a x13:005a0009
14146757ns          268948 1c008610 00870713 addi             x14, x14, 8         x14=00000052 x14:0000004a
14146797ns          268950 1c0085fe 00271793 slli             x15, x14, 0x2       x15=00000148 x14:00000052
14146817ns          268951 1c008602 008787b3 add              x15, x15, x8        x15=10000168 x15:00000148  x8:10000020
14146837ns          268952 1c008604 0207a583 lw               x11, 32(x15)        x11=025a000a x15:10000168  PA:10000188
14146857ns          268953 1c008606 00d567b3 or               x15, x10, x13       x15=025a000a x10:02000000 x13:005a000a
14146877ns          268954 1c00860a 00f59663 bne              x11, x15, 12        x11:025a000a x15:025a000a
14146897ns          268955 1c00860e 00168693 addi             x13, x13, 1         x13=005a000b x13:005a000a
14146917ns          268956 1c008610 00870713 addi             x14, x14, 8         x14=0000005a x14:00000052
14146957ns          268958 1c0085fe 00271793 slli             x15, x14, 0x2       x15=00000168 x14:0000005a
14146977ns          268959 1c008602 008787b3 add              x15, x15, x8        x15=10000188 x15:00000168  x8:10000020
14146998ns          268960 1c008604 0207a583 lw               x11, 32(x15)        x11=025a000b x15:10000188  PA:100001a8
14147018ns          268961 1c008606 00d567b3 or               x15, x10, x13       x15=025a000b x10:02000000 x13:005a000b
14147038ns          268962 1c00860a 00f59663 bne              x11, x15, 12        x11:025a000b x15:025a000b
14147058ns          268963 1c00860e 00168693 addi             x13, x13, 1         x13=005a000c x13:005a000b
14147078ns          268964 1c008610 00870713 addi             x14, x14, 8         x14=00000062 x14:0000005a
14147118ns          268966 1c0085fe 00271793 slli             x15, x14, 0x2       x15=00000188 x14:00000062
14147138ns          268967 1c008602 008787b3 add              x15, x15, x8        x15=100001a8 x15:00000188  x8:10000020
14147158ns          268968 1c008604 0207a583 lw               x11, 32(x15)        x11=025a000c x15:100001a8  PA:100001c8
14147178ns          268969 1c008606 00d567b3 or               x15, x10, x13       x15=025a000c x10:02000000 x13:005a000c
14147198ns          268970 1c00860a 00f59663 bne              x11, x15, 12        x11:025a000c x15:025a000c
14147218ns          268971 1c00860e 00168693 addi             x13, x13, 1         x13=005a000d x13:005a000c
14147238ns          268972 1c008610 00870713 addi             x14, x14, 8         x14=0000006a x14:00000062
14147278ns          268974 1c0085fe 00271793 slli             x15, x14, 0x2       x15=000001a8 x14:0000006a
14147298ns          268975 1c008602 008787b3 add              x15, x15, x8        x15=100001c8 x15:000001a8  x8:10000020
14147319ns          268976 1c008604 0207a583 lw               x11, 32(x15)        x11=025a000d x15:100001c8  PA:100001e8
14147339ns          268977 1c008606 00d567b3 or               x15, x10, x13       x15=025a000d x10:02000000 x13:005a000d
14147359ns          268978 1c00860a 00f59663 bne              x11, x15, 12        x11:025a000d x15:025a000d
14147379ns          268979 1c00860e 00168693 addi             x13, x13, 1         x13=005a000e x13:005a000d
14147399ns          268980 1c008610 00870713 addi             x14, x14, 8         x14=00000072 x14:0000006a
14147439ns          268982 1c0085fe 00271793 slli             x15, x14, 0x2       x15=000001c8 x14:00000072
14147459ns          268983 1c008602 008787b3 add              x15, x15, x8        x15=100001e8 x15:000001c8  x8:10000020
14147479ns          268984 1c008604 0207a583 lw               x11, 32(x15)        x11=025a000e x15:100001e8  PA:10000208
14147499ns          268985 1c008606 00d567b3 or               x15, x10, x13       x15=025a000e x10:02000000 x13:005a000e
14147519ns          268986 1c00860a 00f59663 bne              x11, x15, 12        x11:025a000e x15:025a000e
14147539ns          268987 1c00860e 00168693 addi             x13, x13, 1         x13=005a000f x13:005a000e
14147559ns          268988 1c008610 00870713 addi             x14, x14, 8         x14=0000007a x14:00000072
14147599ns          268990 1c0085fe 00271793 slli             x15, x14, 0x2       x15=000001e8 x14:0000007a
14147619ns          268991 1c008602 008787b3 add              x15, x15, x8        x15=10000208 x15:000001e8  x8:10000020
14147640ns          268992 1c008604 0207a583 lw               x11, 32(x15)        x11=025a000f x15:10000208  PA:10000228
14147660ns          268993 1c008606 00d567b3 or               x15, x10, x13       x15=025a000f x10:02000000 x13:005a000f
14147680ns          268994 1c00860a 00f59663 bne              x11, x15, 12        x11:025a000f x15:025a000f
14147700ns          268995 1c00860e 00168693 addi             x13, x13, 1         x13=005a0010 x13:005a000f
14147720ns          268996 1c008610 00870713 addi             x14, x14, 8         x14=00000082 x14:0000007a
14147740ns          268997 1c008612 00000913 addi             x18, x0, 0          x18=00000000
14147760ns          268998 1c008614 01e0006f jal              x0, 30             
14148201ns          269020 1c008632 3b4010ef jal              x1, 5044             x1=1c008636
14148262ns          269023 1c0099e6 f14027f3 csrrs            x15, x0, 0xf14      x15=00000001
14148282ns          269024 1c0099ea 01f00713 addi             x14, x0, 31         x14=0000001f
14148302ns          269025 1c0099ec ca5797b3 p.extractu       x15, x15, 5, 5      x15=00000000 x15:00000001
14148322ns          269026 1c0099f0 00e78863 beq              x15, x14, 16        x15:00000000 x14:0000001f
14148342ns          269027 1c0099f4 002047b7 lui              x15, 0x204000       x15=00204000
14148362ns          269028 1c0099f8 20078793 addi             x15, x15, 512       x15=00204200 x15:00204000
14148382ns          269029 1c0099fc 01c7e703 p.elw            x14, 28(x15)        x14=00010000 x15:00204200  PA:0020421c
14148603ns          269040 1c009a00 00008067 jalr             x0, x1, 0            x1:1c008636
14148643ns          269042 1c008636 02049263 bne              x9, x0, 36           x9:00000001
14149164ns          269068 1c00865a 00c12083 lw               x1, 12(x2)           x1=1c0086e6  x2:10002318  PA:10002324
14149205ns          269070 1c00865c 00812403 lw               x8, 8(x2)            x8=00000001  x2:10002318  PA:10002320
14149225ns          269071 1c00865e 01200533 add              x10, x0, x18        x10=00000000 x18:00000000
14149646ns          269092 1c008660 00412483 lw               x9, 4(x2)            x9=xxxxxxxx  x2:10002318  PA:1000231c
14149666ns          269093 1c008662 00012903 lw               x18, 0(x2)          x18=xxxxxxxx  x2:10002318  PA:10002318
14149686ns          269094 1c008664 01010113 addi             x2, x2, 16           x2=10002328  x2:10002318
14149706ns          269095 1c008666 00008067 jalr             x0, x1, 0            x1:1c0086e6
14149847ns          269102 1c0086e6 300010ef jal              x1, 4864             x1=1c0086ea
14149907ns          269105 1c0099e6 f14027f3 csrrs            x15, x0, 0xf14      x15=00000001
14149927ns          269106 1c0099ea 01f00713 addi             x14, x0, 31         x14=0000001f
14149947ns          269107 1c0099ec ca5797b3 p.extractu       x15, x15, 5, 5      x15=00000000 x15:00000001
14149967ns          269108 1c0099f0 00e78863 beq              x15, x14, 16        x15:00000000 x14:0000001f
14149987ns          269109 1c0099f4 002047b7 lui              x15, 0x204000       x15=00204000
14150007ns          269110 1c0099f8 20078793 addi             x15, x15, 512       x15=00204200 x15:00204000
14150027ns          269111 1c0099fc 01c7e703 p.elw            x14, 28(x15)        x14=00010000 x15:00204200  PA:0020421c
14675624ns          295307 1c009a00 00008067 jalr             x0, x1, 0            x1:1c0086ea
14675664ns          295309 1c0086ea 00000513 addi             x10, x0, 0          x10=00000000
14675684ns          295310 1c0086ec 00c12083 lw               x1, 12(x2)           x1=1c0098fe  x2:10002328  PA:10002334
14675704ns          295311 1c0086ee 00812403 lw               x8, 8(x2)            x8=xxxxxxxx  x2:10002328  PA:10002330
14676165ns          295334 1c0086f0 00412483 lw               x9, 4(x2)            x9=xxxxxxxx  x2:10002328  PA:1000232c
14676186ns          295335 1c0086f2 01010113 addi             x2, x2, 16           x2=10002338  x2:10002328
14676206ns          295336 1c0086f4 00008067 jalr             x0, x1, 0            x1:1c0098fe
14677269ns          295389 1c0098fe f14027f3 csrrs            x15, x0, 0xf14      x15=00000001
14677309ns          295391 1c009902 f457b7b3 p.bclr           x15, x15, 26, 5     x15=00000001 x15:00000001
14677329ns          295392 1c009906 00079963 bne              x15, x0, 18         x15:00000001
14677871ns          295419 1c009918 002047b7 lui              x15, 0x204000       x15=00204000
14677891ns          295420 1c00991c fff00713 addi             x14, x0, -1         x14=ffffffff
14677911ns          295421 1c00991e 00e7a223 sw               x14, 4(x15)         x14:ffffffff x15:00204000  PA:00204004
