                Time          Cycles PC       Instr    Mnemonic
13191396ns          220959 1c008080 0600006f jal              x0, 96             
13191873ns          220983 1c0080e0 f1402573 csrrs            x10, x0, 0xf14      x10=00000002
13191913ns          220985 1c0080e4 01f57593 andi             x11, x10, 31        x11=00000002 x10:00000002
13191933ns          220986 1c0080e8 00555513 srli             x10, x10, 0x5       x10=00000000 x10:00000002
13191953ns          220987 1c0080ea 01f00613 addi             x12, x0, 31         x12=0000001f
13191973ns          220988 1c0080ec 00c50463 beq              x10, x12, 8         x10:00000000 x12:0000001f
13192390ns          221009 1c0080f0 fa5ff06f jal              x0, -92            
13192848ns          221032 1c008094 f3ff8117 auipc            x2, 0xf3ff8000       x2=10000094
13192888ns          221034 1c008098 2b010113 addi             x2, x2, 688          x2=10000344  x2:10000094
13192907ns          221035 1c00809c 00012103 lw               x2, 0(x2)            x2=10000348  x2:10000344  PA:10000344
13193345ns          221057 1c0080a0 000011b7 lui              x3, 0x1000           x3=00001000
13193385ns          221059 1c0080a4 00158593 addi             x11, x11, 1         x11=00000003 x11:00000002
13193405ns          221060 1c0080a8 02b180b3 mul              x1, x3, x11          x1=00003000  x3:00001000 x11:00000003
13193425ns          221061 1c0080ac 00110133 add              x2, x2, x1           x2=10003348  x2:10000348  x1:00003000
13193862ns          221083 1c0080b0 0270106f jal              x0, 6182           
13194319ns          221106 1c0098d6 ff010113 addi             x2, x2, -16          x2=10003338  x2:10003348
13194359ns          221108 1c0098d8 00112623 sw               x1, 12(x2)           x1:00003000  x2:10003338  PA:10003344
13194379ns          221109 1c0098da 002047b7 lui              x15, 0x204000       x15=00204000
13194817ns          221131 1c0098de 00070737 lui              x14, 0x70000        x14=00070000
13194837ns          221132 1c0098e2 00e7a423 sw               x14, 8(x15)         x14:00070000 x15:00204000  PA:00204008
13194856ns          221133 1c0098e4 0ff00713 addi             x14, x0, 255        x14=000000ff
13194876ns          221134 1c0098e8 20078793 addi             x15, x15, 512       x15=00204200 x15:00204000
13194896ns          221135 1c0098ec 00e7a023 sw               x14, 0(x15)         x14:000000ff x15:00204200  PA:00204200
13195334ns          221157 1c0098f0 00e7a623 sw               x14, 12(x15)        x14:000000ff x15:00204200  PA:0020420c
13195374ns          221159 1c0098f4 1c0017b7 lui              x15, 0x1c001000     x15=1c001000
13195393ns          221160 1c0098f8 b247a783 lw               x15, -1244(x15)     x15=1c00867e x15:1c001000  PA:1c000b24
13195891ns          221185 1c0098fc 000780e7 jalr             x1, x15, 0           x1=1c0098fe x15:1c00867e
13196328ns          221207 1c00867e ff010113 addi             x2, x2, -16          x2=10003328  x2:10003338
13196786ns          221230 1c008680 f1402573 csrrs            x10, x0, 0xf14      x10=00000002
13196825ns          221232 1c008684 00112623 sw               x1, 12(x2)           x1:1c0098fe  x2:10003328  PA:10003334
13196845ns          221233 1c008686 00812423 sw               x8, 8(x2)            x8:xxxxxxxx  x2:10003328  PA:10003330
13196865ns          221234 1c008688 00912223 sw               x9, 4(x2)            x9:xxxxxxxx  x2:10003328  PA:1000332c
13196885ns          221235 1c00868a ca5517b3 p.extractu       x15, x10, 5, 5      x15=00000000 x10:00000002
13196905ns          221236 1c00868e 06079463 bne              x15, x0, 104        x15:00000000
13197303ns          221256 1c008690 f4553433 p.bclr           x8, x10, 26, 5       x8=00000002 x10:00000002
13197342ns          221258 1c008694 04041363 bne              x8, x0, 70           x8:00000002
13197979ns          221290 1c0086da 30c010ef jal              x1, 4876             x1=1c0086de
13198993ns          221341 1c0099e6 f14027f3 csrrs            x15, x0, 0xf14      x15=00000002
13199013ns          221342 1c0099ea 01f00713 addi             x14, x0, 31         x14=0000001f
13199033ns          221343 1c0099ec ca5797b3 p.extractu       x15, x15, 5, 5      x15=00000000 x15:00000002
13199451ns          221364 1c0099f0 00e78863 beq              x15, x14, 16        x15:00000000 x14:0000001f
13199490ns          221366 1c0099f4 002047b7 lui              x15, 0x204000       x15=00204000
13199510ns          221367 1c0099f8 20078793 addi             x15, x15, 512       x15=00204200 x15:00204000
13199530ns          221368 1c0099fc 01c7e703 p.elw            x14, 28(x15)        x14=00010000 x15:00204200  PA:0020421c
13199968ns          221390 1c009a00 00008067 jalr             x0, x1, 0            x1:1c0086de
13200007ns          221392 1c0086de 00800533 add              x10, x0, x8         x10=00000002  x8:00000002
13200027ns          221393 1c0086e0 bedff0ef jal              x1, -1044            x1=1c0086e2
13200485ns          221416 1c0082cc ff010113 addi             x2, x2, -16          x2=10003318  x2:10003328
13200505ns          221417 1c0082ce 00812423 sw               x8, 8(x2)            x8:00000002  x2:10003318  PA:10003320
13200962ns          221440 1c0082d0 00112623 sw               x1, 12(x2)           x1:1c0086e2  x2:10003318  PA:10003324
13200982ns          221441 1c0082d2 00912223 sw               x9, 4(x2)            x9:xxxxxxxx  x2:10003318  PA:1000331c
13201002ns          221442 1c0082d4 00a00433 add              x8, x0, x10          x8=00000002 x10:00000002
13201022ns          221443 1c0082d6 08050063 beq              x10, x0, 128        x10:00000002
13201042ns          221444 1c0082d8 70e010ef jal              x1, 5902             x1=1c0082dc
13201598ns          221472 1c0099e6 f14027f3 csrrs            x15, x0, 0xf14      x15=00000002
13201618ns          221473 1c0099ea 01f00713 addi             x14, x0, 31         x14=0000001f
13201638ns          221474 1c0099ec ca5797b3 p.extractu       x15, x15, 5, 5      x15=00000000 x15:00000002
13201658ns          221475 1c0099f0 00e78863 beq              x15, x14, 16        x15:00000000 x14:0000001f
13201678ns          221476 1c0099f4 002047b7 lui              x15, 0x204000       x15=00204000
13201698ns          221477 1c0099f8 20078793 addi             x15, x15, 512       x15=00204200 x15:00204000
13201718ns          221478 1c0099fc 01c7e703 p.elw            x14, 28(x15)        x14=00010000 x15:00204200  PA:0020421c
13294316ns          226134 1c009a00 00008067 jalr             x0, x1, 0            x1:1c0082dc
13294356ns          226136 1c0082dc c0de07b7 lui              x15, 0xc0de0000     x15=c0de0000
13294376ns          226137 1c0082e0 10000637 lui              x12, 0x10000000     x12=10000000
13294396ns          226138 1c0082e4 0087e7b3 or               x15, x15, x8        x15=c0de0002 x15:c0de0000  x8:00000002
13294416ns          226139 1c0082e6 02060613 addi             x12, x12, 32        x12=10000020 x12:10000000
13294436ns          226140 1c0082ea 00241893 slli             x17, x8, 0x2        x17=00000008  x8:00000002
13294456ns          226141 1c0082ee 008005b3 add              x11, x0, x8         x11=00000002  x8:00000002
13294973ns          226167 1c0082f0 00f668a3 p.sw             x15, x0(x12)        x15:c0de0002 x12:10000020  PA:10000028
13295012ns          226169 1c0082f4 01841813 slli             x16, x8, 0x18       x16=02000000  x8:00000002
13295032ns          226170 1c0082f8 005a06b7 lui              x13, 0x5a0000       x13=005a0000
13295052ns          226171 1c0082fc 0104d0fb lp.setupi        0x1, 0x10, 0x9     
13295490ns          226193 1c008300 00259793 slli             x15, x11, 0x2       x15=00000008 x11:00000002
13295530ns          226195 1c008304 00d86533 or               x10, x16, x13       x10=025a0000 x16:02000000 x13:005a0000
13295549ns          226196 1c008308 00c787b3 add              x15, x15, x12       x15=10000028 x15:00000008 x12:10000020
13295569ns          226197 1c00830a 02a7a023 sw               x10, 32(x15)        x10:025a0000 x15:10000028  PA:10000048
13295589ns          226198 1c00830c 00168693 addi             x13, x13, 1         x13=005a0001 x13:005a0000
13295609ns          226199 1c00830e 00858593 addi             x11, x11, 8         x11=0000000a x11:00000002
13296106ns          226224 1c008300 00259793 slli             x15, x11, 0x2       x15=00000028 x11:0000000a
13296126ns          226225 1c008304 00d86533 or               x10, x16, x13       x10=025a0001 x16:02000000 x13:005a0001
13296146ns          226226 1c008308 00c787b3 add              x15, x15, x12       x15=10000048 x15:00000028 x12:10000020
13296166ns          226227 1c00830a 02a7a023 sw               x10, 32(x15)        x10:025a0001 x15:10000048  PA:10000068
13296186ns          226228 1c00830c 00168693 addi             x13, x13, 1         x13=005a0002 x13:005a0001
13296206ns          226229 1c00830e 00858593 addi             x11, x11, 8         x11=00000012 x11:0000000a
13296226ns          226230 1c008300 00259793 slli             x15, x11, 0x2       x15=00000048 x11:00000012
13296245ns          226231 1c008304 00d86533 or               x10, x16, x13       x10=025a0002 x16:02000000 x13:005a0002
13296265ns          226232 1c008308 00c787b3 add              x15, x15, x12       x15=10000068 x15:00000048 x12:10000020
13296285ns          226233 1c00830a 02a7a023 sw               x10, 32(x15)        x10:025a0002 x15:10000068  PA:10000088
13296305ns          226234 1c00830c 00168693 addi             x13, x13, 1         x13=005a0003 x13:005a0002
13296325ns          226235 1c00830e 00858593 addi             x11, x11, 8         x11=0000001a x11:00000012
13296345ns          226236 1c008300 00259793 slli             x15, x11, 0x2       x15=00000068 x11:0000001a
13296365ns          226237 1c008304 00d86533 or               x10, x16, x13       x10=025a0003 x16:02000000 x13:005a0003
13296385ns          226238 1c008308 00c787b3 add              x15, x15, x12       x15=10000088 x15:00000068 x12:10000020
13296405ns          226239 1c00830a 02a7a023 sw               x10, 32(x15)        x10:025a0003 x15:10000088  PA:100000a8
13296424ns          226240 1c00830c 00168693 addi             x13, x13, 1         x13=005a0004 x13:005a0003
13296444ns          226241 1c00830e 00858593 addi             x11, x11, 8         x11=00000022 x11:0000001a
13296464ns          226242 1c008300 00259793 slli             x15, x11, 0x2       x15=00000088 x11:00000022
13296484ns          226243 1c008304 00d86533 or               x10, x16, x13       x10=025a0004 x16:02000000 x13:005a0004
13296504ns          226244 1c008308 00c787b3 add              x15, x15, x12       x15=100000a8 x15:00000088 x12:10000020
13296524ns          226245 1c00830a 02a7a023 sw               x10, 32(x15)        x10:025a0004 x15:100000a8  PA:100000c8
13296544ns          226246 1c00830c 00168693 addi             x13, x13, 1         x13=005a0005 x13:005a0004
13296564ns          226247 1c00830e 00858593 addi             x11, x11, 8         x11=0000002a x11:00000022
13296584ns          226248 1c008300 00259793 slli             x15, x11, 0x2       x15=000000a8 x11:0000002a
13296603ns          226249 1c008304 00d86533 or               x10, x16, x13       x10=025a0005 x16:02000000 x13:005a0005
13296623ns          226250 1c008308 00c787b3 add              x15, x15, x12       x15=100000c8 x15:000000a8 x12:10000020
13296643ns          226251 1c00830a 02a7a023 sw               x10, 32(x15)        x10:025a0005 x15:100000c8  PA:100000e8
13296663ns          226252 1c00830c 00168693 addi             x13, x13, 1         x13=005a0006 x13:005a0005
13296683ns          226253 1c00830e 00858593 addi             x11, x11, 8         x11=00000032 x11:0000002a
13296703ns          226254 1c008300 00259793 slli             x15, x11, 0x2       x15=000000c8 x11:00000032
13296723ns          226255 1c008304 00d86533 or               x10, x16, x13       x10=025a0006 x16:02000000 x13:005a0006
13296743ns          226256 1c008308 00c787b3 add              x15, x15, x12       x15=100000e8 x15:000000c8 x12:10000020
13296763ns          226257 1c00830a 02a7a023 sw               x10, 32(x15)        x10:025a0006 x15:100000e8  PA:10000108
13296782ns          226258 1c00830c 00168693 addi             x13, x13, 1         x13=005a0007 x13:005a0006
13296802ns          226259 1c00830e 00858593 addi             x11, x11, 8         x11=0000003a x11:00000032
13296822ns          226260 1c008300 00259793 slli             x15, x11, 0x2       x15=000000e8 x11:0000003a
13296842ns          226261 1c008304 00d86533 or               x10, x16, x13       x10=025a0007 x16:02000000 x13:005a0007
13296862ns          226262 1c008308 00c787b3 add              x15, x15, x12       x15=10000108 x15:000000e8 x12:10000020
13296882ns          226263 1c00830a 02a7a023 sw               x10, 32(x15)        x10:025a0007 x15:10000108  PA:10000128
13296902ns          226264 1c00830c 00168693 addi             x13, x13, 1         x13=005a0008 x13:005a0007
13296922ns          226265 1c00830e 00858593 addi             x11, x11, 8         x11=00000042 x11:0000003a
13296942ns          226266 1c008300 00259793 slli             x15, x11, 0x2       x15=00000108 x11:00000042
13296961ns          226267 1c008304 00d86533 or               x10, x16, x13       x10=025a0008 x16:02000000 x13:005a0008
13296981ns          226268 1c008308 00c787b3 add              x15, x15, x12       x15=10000128 x15:00000108 x12:10000020
13297001ns          226269 1c00830a 02a7a023 sw               x10, 32(x15)        x10:025a0008 x15:10000128  PA:10000148
13297021ns          226270 1c00830c 00168693 addi             x13, x13, 1         x13=005a0009 x13:005a0008
13297041ns          226271 1c00830e 00858593 addi             x11, x11, 8         x11=0000004a x11:00000042
13297061ns          226272 1c008300 00259793 slli             x15, x11, 0x2       x15=00000128 x11:0000004a
13297081ns          226273 1c008304 00d86533 or               x10, x16, x13       x10=025a0009 x16:02000000 x13:005a0009
13297101ns          226274 1c008308 00c787b3 add              x15, x15, x12       x15=10000148 x15:00000128 x12:10000020
13297121ns          226275 1c00830a 02a7a023 sw               x10, 32(x15)        x10:025a0009 x15:10000148  PA:10000168
13297140ns          226276 1c00830c 00168693 addi             x13, x13, 1         x13=005a000a x13:005a0009
13297160ns          226277 1c00830e 00858593 addi             x11, x11, 8         x11=00000052 x11:0000004a
13297180ns          226278 1c008300 00259793 slli             x15, x11, 0x2       x15=00000148 x11:00000052
13297200ns          226279 1c008304 00d86533 or               x10, x16, x13       x10=025a000a x16:02000000 x13:005a000a
13297220ns          226280 1c008308 00c787b3 add              x15, x15, x12       x15=10000168 x15:00000148 x12:10000020
13297240ns          226281 1c00830a 02a7a023 sw               x10, 32(x15)        x10:025a000a x15:10000168  PA:10000188
13297260ns          226282 1c00830c 00168693 addi             x13, x13, 1         x13=005a000b x13:005a000a
13297280ns          226283 1c00830e 00858593 addi             x11, x11, 8         x11=0000005a x11:00000052
13297300ns          226284 1c008300 00259793 slli             x15, x11, 0x2       x15=00000168 x11:0000005a
13297319ns          226285 1c008304 00d86533 or               x10, x16, x13       x10=025a000b x16:02000000 x13:005a000b
13297339ns          226286 1c008308 00c787b3 add              x15, x15, x12       x15=10000188 x15:00000168 x12:10000020
13297359ns          226287 1c00830a 02a7a023 sw               x10, 32(x15)        x10:025a000b x15:10000188  PA:100001a8
13297379ns          226288 1c00830c 00168693 addi             x13, x13, 1         x13=005a000c x13:005a000b
13297399ns          226289 1c00830e 00858593 addi             x11, x11, 8         x11=00000062 x11:0000005a
13297419ns          226290 1c008300 00259793 slli             x15, x11, 0x2       x15=00000188 x11:00000062
13297439ns          226291 1c008304 00d86533 or               x10, x16, x13       x10=025a000c x16:02000000 x13:005a000c
13297459ns          226292 1c008308 00c787b3 add              x15, x15, x12       x15=100001a8 x15:00000188 x12:10000020
13297479ns          226293 1c00830a 02a7a023 sw               x10, 32(x15)        x10:025a000c x15:100001a8  PA:100001c8
13297498ns          226294 1c00830c 00168693 addi             x13, x13, 1         x13=005a000d x13:005a000c
13297518ns          226295 1c00830e 00858593 addi             x11, x11, 8         x11=0000006a x11:00000062
13297538ns          226296 1c008300 00259793 slli             x15, x11, 0x2       x15=000001a8 x11:0000006a
13297558ns          226297 1c008304 00d86533 or               x10, x16, x13       x10=025a000d x16:02000000 x13:005a000d
13297578ns          226298 1c008308 00c787b3 add              x15, x15, x12       x15=100001c8 x15:000001a8 x12:10000020
13297598ns          226299 1c00830a 02a7a023 sw               x10, 32(x15)        x10:025a000d x15:100001c8  PA:100001e8
13297618ns          226300 1c00830c 00168693 addi             x13, x13, 1         x13=005a000e x13:005a000d
13297638ns          226301 1c00830e 00858593 addi             x11, x11, 8         x11=00000072 x11:0000006a
13297658ns          226302 1c008300 00259793 slli             x15, x11, 0x2       x15=000001c8 x11:00000072
13297677ns          226303 1c008304 00d86533 or               x10, x16, x13       x10=025a000e x16:02000000 x13:005a000e
13297697ns          226304 1c008308 00c787b3 add              x15, x15, x12       x15=100001e8 x15:000001c8 x12:10000020
13297717ns          226305 1c00830a 02a7a023 sw               x10, 32(x15)        x10:025a000e x15:100001e8  PA:10000208
13297737ns          226306 1c00830c 00168693 addi             x13, x13, 1         x13=005a000f x13:005a000e
13297757ns          226307 1c00830e 00858593 addi             x11, x11, 8         x11=0000007a x11:00000072
13297777ns          226308 1c008300 00259793 slli             x15, x11, 0x2       x15=000001e8 x11:0000007a
13297797ns          226309 1c008304 00d86533 or               x10, x16, x13       x10=025a000f x16:02000000 x13:005a000f
13297817ns          226310 1c008308 00c787b3 add              x15, x15, x12       x15=10000208 x15:000001e8 x12:10000020
13297837ns          226311 1c00830a 02a7a023 sw               x10, 32(x15)        x10:025a000f x15:10000208  PA:10000228
13297856ns          226312 1c00830c 00168693 addi             x13, x13, 1         x13=005a0010 x13:005a000f
13297876ns          226313 1c00830e 00858593 addi             x11, x11, 8         x11=00000082 x11:0000007a
13297896ns          226314 1c008310 002044b7 lui              x9, 0x204000         x9=00204000
13297916ns          226315 1c008314 0c048493 addi             x9, x9, 192          x9=002040c0  x9:00204000
13297936ns          226316 1c008318 0004e783 p.elw            x15, 0(x9)          x15=00000000  x9:002040c0  PA:002040c0
13479275ns          235434 1c00831c 1c000537 lui              x10, 0x1c000000     x10=1c000000
13479295ns          235435 1c008320 21167603 lw               x12, x17(x12)       x12=c0de0002 x17:00000008 x12:10000020  PA:10000028
13479315ns          235436 1c008324 008005b3 add              x11, x0, x8         x11=00000002  x8:00000002
13479334ns          235437 1c008326 15450513 addi             x10, x10, 340       x10=1c000154 x10:1c000000
13479354ns          235438 1c00832a 6ca000ef jal              x1, 1738             x1=1c00832c
13479474ns          235444 1c0089f4 fc010113 addi             x2, x2, -64          x2=100032d8  x2:10003318
13479513ns          235446 1c0089f6 02410313 addi             x6, x2, 36           x6=100032fc  x2:100032d8
13479533ns          235447 1c0089fa 02c12423 sw               x12, 40(x2)         x12:c0de0002  x2:100032d8  PA:10003300
13479553ns          235448 1c0089fc 00a00633 add              x12, x0, x10        x12=1c000154 x10:1c000154
13479593ns          235450 1c0089fe 1c009537 lui              x10, 0x1c009000     x10=1c009000
13479613ns          235451 1c008a02 02b12223 sw               x11, 36(x2)         x11:00000002  x2:100032d8  PA:100032fc
13479633ns          235452 1c008a04 02d12623 sw               x13, 44(x2)         x13:005a0010  x2:100032d8  PA:10003304
13479653ns          235453 1c008a06 00200593 addi             x11, x0, 2          x11=00000002
13479672ns          235454 1c008a08 006006b3 add              x13, x0, x6         x13=100032fc  x6:100032fc
13479692ns          235455 1c008a0a 9d650513 addi             x10, x10, -1578     x10=1c0089d6 x10:1c009000
13479712ns          235456 1c008a0e 00112e23 sw               x1, 28(x2)           x1:1c00832c  x2:100032d8  PA:100032f4
13479732ns          235457 1c008a10 02e12823 sw               x14, 48(x2)         x14:00010000  x2:100032d8  PA:10003308
13479752ns          235458 1c008a12 02f12a23 sw               x15, 52(x2)         x15:00000000  x2:100032d8  PA:1000330c
13479772ns          235459 1c008a14 03012c23 sw               x16, 56(x2)         x16:02000000  x2:100032d8  PA:10003310
13479792ns          235460 1c008a16 03112e23 sw               x17, 60(x2)         x17:00000008  x2:100032d8  PA:10003314
13479812ns          235461 1c008a18 00612623 sw               x6, 12(x2)           x6:100032fc  x2:100032d8  PA:100032e4
13479832ns          235462 1c008a1a fbfff0ef jal              x1, -66              x1=1c008a1c
13479951ns          235468 1c0089d8 0ae0006f jal              x0, 174            
13480030ns          235472 1c008a86 ed010113 addi             x2, x2, -304         x2=100031a8  x2:100032d8
13480070ns          235474 1c008a88 12812423 sw               x8, 296(x2)          x8:00000002  x2:100031a8  PA:100032d0
13480090ns          235475 1c008a8c 12912223 sw               x9, 292(x2)          x9:002040c0  x2:100031a8  PA:100032cc
13480150ns          235478 1c008a90 11712623 sw               x23, 268(x2)        x23:xxxxxxxx  x2:100031a8  PA:100032b4
13480190ns          235480 1c008a94 11812423 sw               x24, 264(x2)        x24:xxxxxxxx  x2:100031a8  PA:100032b0
13480209ns          235481 1c008a98 11912223 sw               x25, 260(x2)        x25:xxxxxxxx  x2:100031a8  PA:100032ac
13480229ns          235482 1c008a9c 11a12023 sw               x26, 256(x2)        x26:xxxxxxxx  x2:100031a8  PA:100032a8
13480289ns          235485 1c008aa0 0fb12e23 sw               x27, 252(x2)        x27:xxxxxxxx  x2:100031a8  PA:100032a4
13480329ns          235487 1c008aa2 12112623 sw               x1, 300(x2)          x1:1c008a1c  x2:100031a8  PA:100032d4
13480349ns          235488 1c008aa6 13212023 sw               x18, 288(x2)        x18:xxxxxxxx  x2:100031a8  PA:100032c8
13480369ns          235489 1c008aaa 11312e23 sw               x19, 284(x2)        x19:xxxxxxxx  x2:100031a8  PA:100032c4
13480428ns          235492 1c008aae 11412c23 sw               x20, 280(x2)        x20:xxxxxxxx  x2:100031a8  PA:100032c0
13480468ns          235494 1c008ab2 11512a23 sw               x21, 276(x2)        x21:xxxxxxxx  x2:100031a8  PA:100032bc
13480488ns          235495 1c008ab6 11612823 sw               x22, 272(x2)        x22:xxxxxxxx  x2:100031a8  PA:100032b8
13480508ns          235496 1c008aba 00a00cb3 add              x25, x0, x10        x25=1c0089d6 x10:1c0089d6
13480528ns          235497 1c008abc 00b00bb3 add              x23, x0, x11        x23=00000002 x11:00000002
13480548ns          235498 1c008abe 00c004b3 add              x9, x0, x12          x9=1c000154 x12:1c000154
13480567ns          235499 1c008ac0 00d00c33 add              x24, x0, x13        x24=100032fc x13:100032fc
13480587ns          235500 1c008ac2 00000413 addi             x8, x0, 0            x8=00000000
13480607ns          235501 1c008ac4 1c000db7 lui              x27, 0x1c000000     x27=1c000000
13480627ns          235502 1c008ac8 02410d13 addi             x26, x2, 36         x26=100031cc  x2:100031a8
13480647ns          235503 1c008acc 0004c503 lbu              x10, 0(x9)          x10=00000046  x9:1c000154  PA:1c000154
13480985ns          235520 1c008ad0 00148493 addi             x9, x9, 1            x9=1c000155  x9:1c000154
13481005ns          235521 1c008ad2 00050e63 beq              x10, x0, 28         x10:00000046
13481025ns          235522 1c008ad4 02500793 addi             x15, x0, 37         x15=00000025
13481045ns          235523 1c008ad8 04f50763 beq              x10, x15, 78        x10:00000046 x15:00000025
13481065ns          235524 1c008adc 017005b3 add              x11, x0, x23        x11=00000002 x23:00000002
13481085ns          235525 1c008ade 000c80e7 jalr             x1, x25, 0           x1=1c008ae0 x25:1c0089d6
13481144ns          235528 1c0089d6 fd9ff06f jal              x0, -40            
13481224ns          235532 1c0089ae 000026b7 lui              x13, 0x2000         x13=00002000
13481303ns          235536 1c0089b0 f14027f3 csrrs            x15, x0, 0xf14      x15=00000002
13481343ns          235538 1c0089b4 f8068693 addi             x13, x13, -128      x13=00001f80 x13:00002000
13481363ns          235539 1c0089b8 00379713 slli             x14, x15, 0x3       x14=00000010 x15:00000002
13481383ns          235540 1c0089bc 00279793 slli             x15, x15, 0x2       x15=00000008 x15:00000002
13481403ns          235541 1c0089be 00d7f7b3 and              x15, x15, x13       x15=00000000 x15:00000008 x13:00001f80
13481443ns          235543 1c0089c0 ee873733 p.bclr           x14, x14, 23, 8     x14=00000010 x14:00000010
13481482ns          235545 1c0089c4 1a10f6b7 lui              x13, 0x1a10f000     x13=1a10f000
13481502ns          235546 1c0089c8 0ff57513 andi             x10, x10, 255       x10=00000046 x10:00000046
13481522ns          235547 1c0089cc 00d70733 add              x14, x14, x13       x14=1a10f010 x14:00000010 x13:1a10f000
13481542ns          235548 1c0089ce 00a7e723 p.sw             x10, x0(x15)        x10:00000046 x15:00000000  PA:1a10f010
13481860ns          235564 1c0089d2 00000513 addi             x10, x0, 0          x10=00000000
13481880ns          235565 1c0089d4 00008067 jalr             x0, x1, 0            x1:1c008ae0
13481960ns          235569 1c008ae0 15f52c63 p.beqimm         x10, 344            x10:00000000
13481999ns          235571 1c008ae4 00140413 addi             x8, x8, 1            x8=00000001  x8:00000000
13482019ns          235572 1c008ae6 0004c503 lbu              x10, 0(x9)          x10=0000004c  x9:1c000155  PA:1c000155
13482337ns          235588 1c008aea 00148493 addi             x9, x9, 1            x9=1c000156  x9:1c000155
13482357ns          235589 1c008aec fe0514e3 bne              x10, x0, -24        x10:0000004c
13482417ns          235592 1c008ad4 02500793 addi             x15, x0, 37         x15=00000025
13482437ns          235593 1c008ad8 04f50763 beq              x10, x15, 78        x10:0000004c x15:00000025
13482457ns          235594 1c008adc 017005b3 add              x11, x0, x23        x11=00000002 x23:00000002
13482477ns          235595 1c008ade 000c80e7 jalr             x1, x25, 0           x1=1c008ae0 x25:1c0089d6
13482516ns          235597 1c0089d6 fd9ff06f jal              x0, -40            
13482556ns          235599 1c0089ae 000026b7 lui              x13, 0x2000         x13=00002000
13482576ns          235600 1c0089b0 f14027f3 csrrs            x15, x0, 0xf14      x15=00000002
13482596ns          235601 1c0089b4 f8068693 addi             x13, x13, -128      x13=00001f80 x13:00002000
13482616ns          235602 1c0089b8 00379713 slli             x14, x15, 0x3       x14=00000010 x15:00000002
13482636ns          235603 1c0089bc 00279793 slli             x15, x15, 0x2       x15=00000008 x15:00000002
13482656ns          235604 1c0089be 00d7f7b3 and              x15, x15, x13       x15=00000000 x15:00000008 x13:00001f80
13482676ns          235605 1c0089c0 ee873733 p.bclr           x14, x14, 23, 8     x14=00000010 x14:00000010
13482695ns          235606 1c0089c4 1a10f6b7 lui              x13, 0x1a10f000     x13=1a10f000
13482715ns          235607 1c0089c8 0ff57513 andi             x10, x10, 255       x10=0000004c x10:0000004c
13482735ns          235608 1c0089cc 00d70733 add              x14, x14, x13       x14=1a10f010 x14:00000010 x13:1a10f000
13482755ns          235609 1c0089ce 00a7e723 p.sw             x10, x0(x15)        x10:0000004c x15:00000000  PA:1a10f010
13483073ns          235625 1c0089d2 00000513 addi             x10, x0, 0          x10=00000000
13483093ns          235626 1c0089d4 00008067 jalr             x0, x1, 0            x1:1c008ae0
13483133ns          235628 1c008ae0 15f52c63 p.beqimm         x10, 344            x10:00000000
13483153ns          235629 1c008ae4 00140413 addi             x8, x8, 1            x8=00000002  x8:00000001
13483173ns          235630 1c008ae6 0004c503 lbu              x10, 0(x9)          x10=0000004f  x9:1c000156  PA:1c000156
13483471ns          235645 1c008aea 00148493 addi             x9, x9, 1            x9=1c000157  x9:1c000156
13483491ns          235646 1c008aec fe0514e3 bne              x10, x0, -24        x10:0000004f
13483551ns          235649 1c008ad4 02500793 addi             x15, x0, 37         x15=00000025
13483571ns          235650 1c008ad8 04f50763 beq              x10, x15, 78        x10:0000004f x15:00000025
13483590ns          235651 1c008adc 017005b3 add              x11, x0, x23        x11=00000002 x23:00000002
13483610ns          235652 1c008ade 000c80e7 jalr             x1, x25, 0           x1=1c008ae0 x25:1c0089d6
13483650ns          235654 1c0089d6 fd9ff06f jal              x0, -40            
13483690ns          235656 1c0089ae 000026b7 lui              x13, 0x2000         x13=00002000
13483710ns          235657 1c0089b0 f14027f3 csrrs            x15, x0, 0xf14      x15=00000002
13483730ns          235658 1c0089b4 f8068693 addi             x13, x13, -128      x13=00001f80 x13:00002000
13483750ns          235659 1c0089b8 00379713 slli             x14, x15, 0x3       x14=00000010 x15:00000002
13483769ns          235660 1c0089bc 00279793 slli             x15, x15, 0x2       x15=00000008 x15:00000002
13483789ns          235661 1c0089be 00d7f7b3 and              x15, x15, x13       x15=00000000 x15:00000008 x13:00001f80
13483809ns          235662 1c0089c0 ee873733 p.bclr           x14, x14, 23, 8     x14=00000010 x14:00000010
13483829ns          235663 1c0089c4 1a10f6b7 lui              x13, 0x1a10f000     x13=1a10f000
13483849ns          235664 1c0089c8 0ff57513 andi             x10, x10, 255       x10=0000004f x10:0000004f
13483869ns          235665 1c0089cc 00d70733 add              x14, x14, x13       x14=1a10f010 x14:00000010 x13:1a10f000
13483889ns          235666 1c0089ce 00a7e723 p.sw             x10, x0(x15)        x10:0000004f x15:00000000  PA:1a10f010
13484207ns          235682 1c0089d2 00000513 addi             x10, x0, 0          x10=00000000
13484227ns          235683 1c0089d4 00008067 jalr             x0, x1, 0            x1:1c008ae0
13484267ns          235685 1c008ae0 15f52c63 p.beqimm         x10, 344            x10:00000000
13484287ns          235686 1c008ae4 00140413 addi             x8, x8, 1            x8=00000003  x8:00000002
13484306ns          235687 1c008ae6 0004c503 lbu              x10, 0(x9)          x10=00000057  x9:1c000157  PA:1c000157
13484605ns          235702 1c008aea 00148493 addi             x9, x9, 1            x9=1c000158  x9:1c000157
13484625ns          235703 1c008aec fe0514e3 bne              x10, x0, -24        x10:00000057
13484684ns          235706 1c008ad4 02500793 addi             x15, x0, 37         x15=00000025
13484704ns          235707 1c008ad8 04f50763 beq              x10, x15, 78        x10:00000057 x15:00000025
13484724ns          235708 1c008adc 017005b3 add              x11, x0, x23        x11=00000002 x23:00000002
13484744ns          235709 1c008ade 000c80e7 jalr             x1, x25, 0           x1=1c008ae0 x25:1c0089d6
13484784ns          235711 1c0089d6 fd9ff06f jal              x0, -40            
13484823ns          235713 1c0089ae 000026b7 lui              x13, 0x2000         x13=00002000
13484843ns          235714 1c0089b0 f14027f3 csrrs            x15, x0, 0xf14      x15=00000002
13484863ns          235715 1c0089b4 f8068693 addi             x13, x13, -128      x13=00001f80 x13:00002000
13484883ns          235716 1c0089b8 00379713 slli             x14, x15, 0x3       x14=00000010 x15:00000002
13484903ns          235717 1c0089bc 00279793 slli             x15, x15, 0x2       x15=00000008 x15:00000002
13484923ns          235718 1c0089be 00d7f7b3 and              x15, x15, x13       x15=00000000 x15:00000008 x13:00001f80
13484943ns          235719 1c0089c0 ee873733 p.bclr           x14, x14, 23, 8     x14=00000010 x14:00000010
13484963ns          235720 1c0089c4 1a10f6b7 lui              x13, 0x1a10f000     x13=1a10f000
13484983ns          235721 1c0089c8 0ff57513 andi             x10, x10, 255       x10=00000057 x10:00000057
13485002ns          235722 1c0089cc 00d70733 add              x14, x14, x13       x14=1a10f010 x14:00000010 x13:1a10f000
13485022ns          235723 1c0089ce 00a7e723 p.sw             x10, x0(x15)        x10:00000057 x15:00000000  PA:1a10f010
13485341ns          235739 1c0089d2 00000513 addi             x10, x0, 0          x10=00000000
13485360ns          235740 1c0089d4 00008067 jalr             x0, x1, 0            x1:1c008ae0
13485400ns          235742 1c008ae0 15f52c63 p.beqimm         x10, 344            x10:00000000
13485420ns          235743 1c008ae4 00140413 addi             x8, x8, 1            x8=00000004  x8:00000003
13485440ns          235744 1c008ae6 0004c503 lbu              x10, 0(x9)          x10=0000007c  x9:1c000158  PA:1c000158
13485738ns          235759 1c008aea 00148493 addi             x9, x9, 1            x9=1c000159  x9:1c000158
13485758ns          235760 1c008aec fe0514e3 bne              x10, x0, -24        x10:0000007c
13485818ns          235763 1c008ad4 02500793 addi             x15, x0, 37         x15=00000025
13485838ns          235764 1c008ad8 04f50763 beq              x10, x15, 78        x10:0000007c x15:00000025
13485858ns          235765 1c008adc 017005b3 add              x11, x0, x23        x11=00000002 x23:00000002
13485878ns          235766 1c008ade 000c80e7 jalr             x1, x25, 0           x1=1c008ae0 x25:1c0089d6
13485917ns          235768 1c0089d6 fd9ff06f jal              x0, -40            
13485957ns          235770 1c0089ae 000026b7 lui              x13, 0x2000         x13=00002000
13485977ns          235771 1c0089b0 f14027f3 csrrs            x15, x0, 0xf14      x15=00000002
13485997ns          235772 1c0089b4 f8068693 addi             x13, x13, -128      x13=00001f80 x13:00002000
13486017ns          235773 1c0089b8 00379713 slli             x14, x15, 0x3       x14=00000010 x15:00000002
13486037ns          235774 1c0089bc 00279793 slli             x15, x15, 0x2       x15=00000008 x15:00000002
13486057ns          235775 1c0089be 00d7f7b3 and              x15, x15, x13       x15=00000000 x15:00000008 x13:00001f80
13486076ns          235776 1c0089c0 ee873733 p.bclr           x14, x14, 23, 8     x14=00000010 x14:00000010
13486096ns          235777 1c0089c4 1a10f6b7 lui              x13, 0x1a10f000     x13=1a10f000
13486116ns          235778 1c0089c8 0ff57513 andi             x10, x10, 255       x10=0000007c x10:0000007c
13486136ns          235779 1c0089cc 00d70733 add              x14, x14, x13       x14=1a10f010 x14:00000010 x13:1a10f000
13486156ns          235780 1c0089ce 00a7e723 p.sw             x10, x0(x15)        x10:0000007c x15:00000000  PA:1a10f010
13486474ns          235796 1c0089d2 00000513 addi             x10, x0, 0          x10=00000000
13486494ns          235797 1c0089d4 00008067 jalr             x0, x1, 0            x1:1c008ae0
13486534ns          235799 1c008ae0 15f52c63 p.beqimm         x10, 344            x10:00000000
13486554ns          235800 1c008ae4 00140413 addi             x8, x8, 1            x8=00000005  x8:00000004
13486574ns          235801 1c008ae6 0004c503 lbu              x10, 0(x9)          x10=00000033  x9:1c000159  PA:1c000159
13486872ns          235816 1c008aea 00148493 addi             x9, x9, 1            x9=1c00015a  x9:1c000159
13486892ns          235817 1c008aec fe0514e3 bne              x10, x0, -24        x10:00000033
13486952ns          235820 1c008ad4 02500793 addi             x15, x0, 37         x15=00000025
13486971ns          235821 1c008ad8 04f50763 beq              x10, x15, 78        x10:00000033 x15:00000025
13486991ns          235822 1c008adc 017005b3 add              x11, x0, x23        x11=00000002 x23:00000002
13487011ns          235823 1c008ade 000c80e7 jalr             x1, x25, 0           x1=1c008ae0 x25:1c0089d6
13487051ns          235825 1c0089d6 fd9ff06f jal              x0, -40            
13487091ns          235827 1c0089ae 000026b7 lui              x13, 0x2000         x13=00002000
13487111ns          235828 1c0089b0 f14027f3 csrrs            x15, x0, 0xf14      x15=00000002
13487130ns          235829 1c0089b4 f8068693 addi             x13, x13, -128      x13=00001f80 x13:00002000
13487150ns          235830 1c0089b8 00379713 slli             x14, x15, 0x3       x14=00000010 x15:00000002
13487170ns          235831 1c0089bc 00279793 slli             x15, x15, 0x2       x15=00000008 x15:00000002
13487190ns          235832 1c0089be 00d7f7b3 and              x15, x15, x13       x15=00000000 x15:00000008 x13:00001f80
13487210ns          235833 1c0089c0 ee873733 p.bclr           x14, x14, 23, 8     x14=00000010 x14:00000010
13487230ns          235834 1c0089c4 1a10f6b7 lui              x13, 0x1a10f000     x13=1a10f000
13487250ns          235835 1c0089c8 0ff57513 andi             x10, x10, 255       x10=00000033 x10:00000033
13487270ns          235836 1c0089cc 00d70733 add              x14, x14, x13       x14=1a10f010 x14:00000010 x13:1a10f000
13487290ns          235837 1c0089ce 00a7e723 p.sw             x10, x0(x15)        x10:00000033 x15:00000000  PA:1a10f010
13487628ns          235854 1c0089d2 00000513 addi             x10, x0, 0          x10=00000000
13487648ns          235855 1c0089d4 00008067 jalr             x0, x1, 0            x1:1c008ae0
13487687ns          235857 1c008ae0 15f52c63 p.beqimm         x10, 344            x10:00000000
13487707ns          235858 1c008ae4 00140413 addi             x8, x8, 1            x8=00000006  x8:00000005
13487727ns          235859 1c008ae6 0004c503 lbu              x10, 0(x9)          x10=0000007c  x9:1c00015a  PA:1c00015a
13488025ns          235874 1c008aea 00148493 addi             x9, x9, 1            x9=1c00015b  x9:1c00015a
13488045ns          235875 1c008aec fe0514e3 bne              x10, x0, -24        x10:0000007c
13488105ns          235878 1c008ad4 02500793 addi             x15, x0, 37         x15=00000025
13488125ns          235879 1c008ad8 04f50763 beq              x10, x15, 78        x10:0000007c x15:00000025
13488145ns          235880 1c008adc 017005b3 add              x11, x0, x23        x11=00000002 x23:00000002
13488165ns          235881 1c008ade 000c80e7 jalr             x1, x25, 0           x1=1c008ae0 x25:1c0089d6
13488204ns          235883 1c0089d6 fd9ff06f jal              x0, -40            
13488244ns          235885 1c0089ae 000026b7 lui              x13, 0x2000         x13=00002000
13488264ns          235886 1c0089b0 f14027f3 csrrs            x15, x0, 0xf14      x15=00000002
13488284ns          235887 1c0089b4 f8068693 addi             x13, x13, -128      x13=00001f80 x13:00002000
13488304ns          235888 1c0089b8 00379713 slli             x14, x15, 0x3       x14=00000010 x15:00000002
13488324ns          235889 1c0089bc 00279793 slli             x15, x15, 0x2       x15=00000008 x15:00000002
13488344ns          235890 1c0089be 00d7f7b3 and              x15, x15, x13       x15=00000000 x15:00000008 x13:00001f80
13488364ns          235891 1c0089c0 ee873733 p.bclr           x14, x14, 23, 8     x14=00000010 x14:00000010
13488383ns          235892 1c0089c4 1a10f6b7 lui              x13, 0x1a10f000     x13=1a10f000
13488403ns          235893 1c0089c8 0ff57513 andi             x10, x10, 255       x10=0000007c x10:0000007c
13488423ns          235894 1c0089cc 00d70733 add              x14, x14, x13       x14=1a10f010 x14:00000010 x13:1a10f000
13488443ns          235895 1c0089ce 00a7e723 p.sw             x10, x0(x15)        x10:0000007c x15:00000000  PA:1a10f010
13488761ns          235911 1c0089d2 00000513 addi             x10, x0, 0          x10=00000000
13488781ns          235912 1c0089d4 00008067 jalr             x0, x1, 0            x1:1c008ae0
13488821ns          235914 1c008ae0 15f52c63 p.beqimm         x10, 344            x10:00000000
13488841ns          235915 1c008ae4 00140413 addi             x8, x8, 1            x8=00000007  x8:00000006
13488861ns          235916 1c008ae6 0004c503 lbu              x10, 0(x9)          x10=00000043  x9:1c00015b  PA:1c00015b
13489159ns          235931 1c008aea 00148493 addi             x9, x9, 1            x9=1c00015c  x9:1c00015b
13489179ns          235932 1c008aec fe0514e3 bne              x10, x0, -24        x10:00000043
13489239ns          235935 1c008ad4 02500793 addi             x15, x0, 37         x15=00000025
13489259ns          235936 1c008ad8 04f50763 beq              x10, x15, 78        x10:00000043 x15:00000025
13489278ns          235937 1c008adc 017005b3 add              x11, x0, x23        x11=00000002 x23:00000002
13489298ns          235938 1c008ade 000c80e7 jalr             x1, x25, 0           x1=1c008ae0 x25:1c0089d6
13489338ns          235940 1c0089d6 fd9ff06f jal              x0, -40            
13489378ns          235942 1c0089ae 000026b7 lui              x13, 0x2000         x13=00002000
13489398ns          235943 1c0089b0 f14027f3 csrrs            x15, x0, 0xf14      x15=00000002
13489418ns          235944 1c0089b4 f8068693 addi             x13, x13, -128      x13=00001f80 x13:00002000
13489438ns          235945 1c0089b8 00379713 slli             x14, x15, 0x3       x14=00000010 x15:00000002
13489457ns          235946 1c0089bc 00279793 slli             x15, x15, 0x2       x15=00000008 x15:00000002
13489477ns          235947 1c0089be 00d7f7b3 and              x15, x15, x13       x15=00000000 x15:00000008 x13:00001f80
13489497ns          235948 1c0089c0 ee873733 p.bclr           x14, x14, 23, 8     x14=00000010 x14:00000010
13489517ns          235949 1c0089c4 1a10f6b7 lui              x13, 0x1a10f000     x13=1a10f000
13489537ns          235950 1c0089c8 0ff57513 andi             x10, x10, 255       x10=00000043 x10:00000043
13489557ns          235951 1c0089cc 00d70733 add              x14, x14, x13       x14=1a10f010 x14:00000010 x13:1a10f000
13489577ns          235952 1c0089ce 00a7e723 p.sw             x10, x0(x15)        x10:00000043 x15:00000000  PA:1a10f010
13489895ns          235968 1c0089d2 00000513 addi             x10, x0, 0          x10=00000000
13489915ns          235969 1c0089d4 00008067 jalr             x0, x1, 0            x1:1c008ae0
13489955ns          235971 1c008ae0 15f52c63 p.beqimm         x10, 344            x10:00000000
13489974ns          235972 1c008ae4 00140413 addi             x8, x8, 1            x8=00000008  x8:00000007
13489994ns          235973 1c008ae6 0004c503 lbu              x10, 0(x9)          x10=0000004f  x9:1c00015c  PA:1c00015c
13490293ns          235988 1c008aea 00148493 addi             x9, x9, 1            x9=1c00015d  x9:1c00015c
13490313ns          235989 1c008aec fe0514e3 bne              x10, x0, -24        x10:0000004f
13490372ns          235992 1c008ad4 02500793 addi             x15, x0, 37         x15=00000025
13490392ns          235993 1c008ad8 04f50763 beq              x10, x15, 78        x10:0000004f x15:00000025
13490412ns          235994 1c008adc 017005b3 add              x11, x0, x23        x11=00000002 x23:00000002
13490432ns          235995 1c008ade 000c80e7 jalr             x1, x25, 0           x1=1c008ae0 x25:1c0089d6
13490472ns          235997 1c0089d6 fd9ff06f jal              x0, -40            
13490511ns          235999 1c0089ae 000026b7 lui              x13, 0x2000         x13=00002000
13490531ns          236000 1c0089b0 f14027f3 csrrs            x15, x0, 0xf14      x15=00000002
13490551ns          236001 1c0089b4 f8068693 addi             x13, x13, -128      x13=00001f80 x13:00002000
13490571ns          236002 1c0089b8 00379713 slli             x14, x15, 0x3       x14=00000010 x15:00000002
13490591ns          236003 1c0089bc 00279793 slli             x15, x15, 0x2       x15=00000008 x15:00000002
13490611ns          236004 1c0089be 00d7f7b3 and              x15, x15, x13       x15=00000000 x15:00000008 x13:00001f80
13490631ns          236005 1c0089c0 ee873733 p.bclr           x14, x14, 23, 8     x14=00000010 x14:00000010
13490651ns          236006 1c0089c4 1a10f6b7 lui              x13, 0x1a10f000     x13=1a10f000
13490671ns          236007 1c0089c8 0ff57513 andi             x10, x10, 255       x10=0000004f x10:0000004f
13490690ns          236008 1c0089cc 00d70733 add              x14, x14, x13       x14=1a10f010 x14:00000010 x13:1a10f000
13490710ns          236009 1c0089ce 00a7e723 p.sw             x10, x0(x15)        x10:0000004f x15:00000000  PA:1a10f010
13491029ns          236025 1c0089d2 00000513 addi             x10, x0, 0          x10=00000000
13491048ns          236026 1c0089d4 00008067 jalr             x0, x1, 0            x1:1c008ae0
13491088ns          236028 1c008ae0 15f52c63 p.beqimm         x10, 344            x10:00000000
13491108ns          236029 1c008ae4 00140413 addi             x8, x8, 1            x8=00000009  x8:00000008
13491128ns          236030 1c008ae6 0004c503 lbu              x10, 0(x9)          x10=00000052  x9:1c00015d  PA:1c00015d
13491466ns          236047 1c008aea 00148493 addi             x9, x9, 1            x9=1c00015e  x9:1c00015d
13491486ns          236048 1c008aec fe0514e3 bne              x10, x0, -24        x10:00000052
13491546ns          236051 1c008ad4 02500793 addi             x15, x0, 37         x15=00000025
13491566ns          236052 1c008ad8 04f50763 beq              x10, x15, 78        x10:00000052 x15:00000025
13491585ns          236053 1c008adc 017005b3 add              x11, x0, x23        x11=00000002 x23:00000002
13491605ns          236054 1c008ade 000c80e7 jalr             x1, x25, 0           x1=1c008ae0 x25:1c0089d6
13491645ns          236056 1c0089d6 fd9ff06f jal              x0, -40            
13491685ns          236058 1c0089ae 000026b7 lui              x13, 0x2000         x13=00002000
13491705ns          236059 1c0089b0 f14027f3 csrrs            x15, x0, 0xf14      x15=00000002
13491725ns          236060 1c0089b4 f8068693 addi             x13, x13, -128      x13=00001f80 x13:00002000
13491745ns          236061 1c0089b8 00379713 slli             x14, x15, 0x3       x14=00000010 x15:00000002
13491764ns          236062 1c0089bc 00279793 slli             x15, x15, 0x2       x15=00000008 x15:00000002
13491784ns          236063 1c0089be 00d7f7b3 and              x15, x15, x13       x15=00000000 x15:00000008 x13:00001f80
13491804ns          236064 1c0089c0 ee873733 p.bclr           x14, x14, 23, 8     x14=00000010 x14:00000010
13491824ns          236065 1c0089c4 1a10f6b7 lui              x13, 0x1a10f000     x13=1a10f000
13491844ns          236066 1c0089c8 0ff57513 andi             x10, x10, 255       x10=00000052 x10:00000052
13491864ns          236067 1c0089cc 00d70733 add              x14, x14, x13       x14=1a10f010 x14:00000010 x13:1a10f000
13491884ns          236068 1c0089ce 00a7e723 p.sw             x10, x0(x15)        x10:00000052 x15:00000000  PA:1a10f010
13492202ns          236084 1c0089d2 00000513 addi             x10, x0, 0          x10=00000000
13492222ns          236085 1c0089d4 00008067 jalr             x0, x1, 0            x1:1c008ae0
13492262ns          236087 1c008ae0 15f52c63 p.beqimm         x10, 344            x10:00000000
13492281ns          236088 1c008ae4 00140413 addi             x8, x8, 1            x8=0000000a  x8:00000009
13492301ns          236089 1c008ae6 0004c503 lbu              x10, 0(x9)          x10=00000045  x9:1c00015e  PA:1c00015e
13492600ns          236104 1c008aea 00148493 addi             x9, x9, 1            x9=1c00015f  x9:1c00015e
13492620ns          236105 1c008aec fe0514e3 bne              x10, x0, -24        x10:00000045
13492679ns          236108 1c008ad4 02500793 addi             x15, x0, 37         x15=00000025
13492699ns          236109 1c008ad8 04f50763 beq              x10, x15, 78        x10:00000045 x15:00000025
13492719ns          236110 1c008adc 017005b3 add              x11, x0, x23        x11=00000002 x23:00000002
13492739ns          236111 1c008ade 000c80e7 jalr             x1, x25, 0           x1=1c008ae0 x25:1c0089d6
13492779ns          236113 1c0089d6 fd9ff06f jal              x0, -40            
13492818ns          236115 1c0089ae 000026b7 lui              x13, 0x2000         x13=00002000
13492838ns          236116 1c0089b0 f14027f3 csrrs            x15, x0, 0xf14      x15=00000002
13492858ns          236117 1c0089b4 f8068693 addi             x13, x13, -128      x13=00001f80 x13:00002000
13492878ns          236118 1c0089b8 00379713 slli             x14, x15, 0x3       x14=00000010 x15:00000002
13492898ns          236119 1c0089bc 00279793 slli             x15, x15, 0x2       x15=00000008 x15:00000002
13492918ns          236120 1c0089be 00d7f7b3 and              x15, x15, x13       x15=00000000 x15:00000008 x13:00001f80
13492938ns          236121 1c0089c0 ee873733 p.bclr           x14, x14, 23, 8     x14=00000010 x14:00000010
13492958ns          236122 1c0089c4 1a10f6b7 lui              x13, 0x1a10f000     x13=1a10f000
13492978ns          236123 1c0089c8 0ff57513 andi             x10, x10, 255       x10=00000045 x10:00000045
13492997ns          236124 1c0089cc 00d70733 add              x14, x14, x13       x14=1a10f010 x14:00000010 x13:1a10f000
13493017ns          236125 1c0089ce 00a7e723 p.sw             x10, x0(x15)        x10:00000045 x15:00000000  PA:1a10f010
13493336ns          236141 1c0089d2 00000513 addi             x10, x0, 0          x10=00000000
13493355ns          236142 1c0089d4 00008067 jalr             x0, x1, 0            x1:1c008ae0
13493395ns          236144 1c008ae0 15f52c63 p.beqimm         x10, 344            x10:00000000
13493415ns          236145 1c008ae4 00140413 addi             x8, x8, 1            x8=0000000b  x8:0000000a
13493435ns          236146 1c008ae6 0004c503 lbu              x10, 0(x9)          x10=0000007c  x9:1c00015f  PA:1c00015f
13493733ns          236161 1c008aea 00148493 addi             x9, x9, 1            x9=1c000160  x9:1c00015f
13493753ns          236162 1c008aec fe0514e3 bne              x10, x0, -24        x10:0000007c
13493813ns          236165 1c008ad4 02500793 addi             x15, x0, 37         x15=00000025
13493833ns          236166 1c008ad8 04f50763 beq              x10, x15, 78        x10:0000007c x15:00000025
13493853ns          236167 1c008adc 017005b3 add              x11, x0, x23        x11=00000002 x23:00000002
13493873ns          236168 1c008ade 000c80e7 jalr             x1, x25, 0           x1=1c008ae0 x25:1c0089d6
13493912ns          236170 1c0089d6 fd9ff06f jal              x0, -40            
13493952ns          236172 1c0089ae 000026b7 lui              x13, 0x2000         x13=00002000
13493972ns          236173 1c0089b0 f14027f3 csrrs            x15, x0, 0xf14      x15=00000002
13493992ns          236174 1c0089b4 f8068693 addi             x13, x13, -128      x13=00001f80 x13:00002000
13494012ns          236175 1c0089b8 00379713 slli             x14, x15, 0x3       x14=00000010 x15:00000002
13494032ns          236176 1c0089bc 00279793 slli             x15, x15, 0x2       x15=00000008 x15:00000002
13494052ns          236177 1c0089be 00d7f7b3 and              x15, x15, x13       x15=00000000 x15:00000008 x13:00001f80
13494071ns          236178 1c0089c0 ee873733 p.bclr           x14, x14, 23, 8     x14=00000010 x14:00000010
13494091ns          236179 1c0089c4 1a10f6b7 lui              x13, 0x1a10f000     x13=1a10f000
13494111ns          236180 1c0089c8 0ff57513 andi             x10, x10, 255       x10=0000007c x10:0000007c
13494131ns          236181 1c0089cc 00d70733 add              x14, x14, x13       x14=1a10f010 x14:00000010 x13:1a10f000
13494151ns          236182 1c0089ce 00a7e723 p.sw             x10, x0(x15)        x10:0000007c x15:00000000  PA:1a10f010
13494469ns          236198 1c0089d2 00000513 addi             x10, x0, 0          x10=00000000
13494489ns          236199 1c0089d4 00008067 jalr             x0, x1, 0            x1:1c008ae0
13494529ns          236201 1c008ae0 15f52c63 p.beqimm         x10, 344            x10:00000000
13494549ns          236202 1c008ae4 00140413 addi             x8, x8, 1            x8=0000000c  x8:0000000b
13494569ns          236203 1c008ae6 0004c503 lbu              x10, 0(x9)          x10=00000063  x9:1c000160  PA:1c000160
13494887ns          236219 1c008aea 00148493 addi             x9, x9, 1            x9=1c000161  x9:1c000160
13494907ns          236220 1c008aec fe0514e3 bne              x10, x0, -24        x10:00000063
13494966ns          236223 1c008ad4 02500793 addi             x15, x0, 37         x15=00000025
13494986ns          236224 1c008ad8 04f50763 beq              x10, x15, 78        x10:00000063 x15:00000025
13495006ns          236225 1c008adc 017005b3 add              x11, x0, x23        x11=00000002 x23:00000002
13495026ns          236226 1c008ade 000c80e7 jalr             x1, x25, 0           x1=1c008ae0 x25:1c0089d6
13495066ns          236228 1c0089d6 fd9ff06f jal              x0, -40            
13495106ns          236230 1c0089ae 000026b7 lui              x13, 0x2000         x13=00002000
13495125ns          236231 1c0089b0 f14027f3 csrrs            x15, x0, 0xf14      x15=00000002
13495145ns          236232 1c0089b4 f8068693 addi             x13, x13, -128      x13=00001f80 x13:00002000
13495165ns          236233 1c0089b8 00379713 slli             x14, x15, 0x3       x14=00000010 x15:00000002
13495185ns          236234 1c0089bc 00279793 slli             x15, x15, 0x2       x15=00000008 x15:00000002
13495205ns          236235 1c0089be 00d7f7b3 and              x15, x15, x13       x15=00000000 x15:00000008 x13:00001f80
13495225ns          236236 1c0089c0 ee873733 p.bclr           x14, x14, 23, 8     x14=00000010 x14:00000010
13495245ns          236237 1c0089c4 1a10f6b7 lui              x13, 0x1a10f000     x13=1a10f000
13495265ns          236238 1c0089c8 0ff57513 andi             x10, x10, 255       x10=00000063 x10:00000063
13495285ns          236239 1c0089cc 00d70733 add              x14, x14, x13       x14=1a10f010 x14:00000010 x13:1a10f000
13495304ns          236240 1c0089ce 00a7e723 p.sw             x10, x0(x15)        x10:00000063 x15:00000000  PA:1a10f010
13495623ns          236256 1c0089d2 00000513 addi             x10, x0, 0          x10=00000000
13495643ns          236257 1c0089d4 00008067 jalr             x0, x1, 0            x1:1c008ae0
13495682ns          236259 1c008ae0 15f52c63 p.beqimm         x10, 344            x10:00000000
13495702ns          236260 1c008ae4 00140413 addi             x8, x8, 1            x8=0000000d  x8:0000000c
13495722ns          236261 1c008ae6 0004c503 lbu              x10, 0(x9)          x10=0000006c  x9:1c000161  PA:1c000161
13496020ns          236276 1c008aea 00148493 addi             x9, x9, 1            x9=1c000162  x9:1c000161
13496040ns          236277 1c008aec fe0514e3 bne              x10, x0, -24        x10:0000006c
13496100ns          236280 1c008ad4 02500793 addi             x15, x0, 37         x15=00000025
13496120ns          236281 1c008ad8 04f50763 beq              x10, x15, 78        x10:0000006c x15:00000025
13496140ns          236282 1c008adc 017005b3 add              x11, x0, x23        x11=00000002 x23:00000002
13496160ns          236283 1c008ade 000c80e7 jalr             x1, x25, 0           x1=1c008ae0 x25:1c0089d6
13496199ns          236285 1c0089d6 fd9ff06f jal              x0, -40            
13496239ns          236287 1c0089ae 000026b7 lui              x13, 0x2000         x13=00002000
13496259ns          236288 1c0089b0 f14027f3 csrrs            x15, x0, 0xf14      x15=00000002
13496279ns          236289 1c0089b4 f8068693 addi             x13, x13, -128      x13=00001f80 x13:00002000
13496299ns          236290 1c0089b8 00379713 slli             x14, x15, 0x3       x14=00000010 x15:00000002
13496319ns          236291 1c0089bc 00279793 slli             x15, x15, 0x2       x15=00000008 x15:00000002
13496339ns          236292 1c0089be 00d7f7b3 and              x15, x15, x13       x15=00000000 x15:00000008 x13:00001f80
13496359ns          236293 1c0089c0 ee873733 p.bclr           x14, x14, 23, 8     x14=00000010 x14:00000010
13496378ns          236294 1c0089c4 1a10f6b7 lui              x13, 0x1a10f000     x13=1a10f000
13496398ns          236295 1c0089c8 0ff57513 andi             x10, x10, 255       x10=0000006c x10:0000006c
13496418ns          236296 1c0089cc 00d70733 add              x14, x14, x13       x14=1a10f010 x14:00000010 x13:1a10f000
13496438ns          236297 1c0089ce 00a7e723 p.sw             x10, x0(x15)        x10:0000006c x15:00000000  PA:1a10f010
13496776ns          236314 1c0089d2 00000513 addi             x10, x0, 0          x10=00000000
13496796ns          236315 1c0089d4 00008067 jalr             x0, x1, 0            x1:1c008ae0
13496836ns          236317 1c008ae0 15f52c63 p.beqimm         x10, 344            x10:00000000
13496856ns          236318 1c008ae4 00140413 addi             x8, x8, 1            x8=0000000e  x8:0000000d
13496876ns          236319 1c008ae6 0004c503 lbu              x10, 0(x9)          x10=00000075  x9:1c000162  PA:1c000162
13497174ns          236334 1c008aea 00148493 addi             x9, x9, 1            x9=1c000163  x9:1c000162
13497194ns          236335 1c008aec fe0514e3 bne              x10, x0, -24        x10:00000075
13497253ns          236338 1c008ad4 02500793 addi             x15, x0, 37         x15=00000025
13497273ns          236339 1c008ad8 04f50763 beq              x10, x15, 78        x10:00000075 x15:00000025
13497293ns          236340 1c008adc 017005b3 add              x11, x0, x23        x11=00000002 x23:00000002
13497313ns          236341 1c008ade 000c80e7 jalr             x1, x25, 0           x1=1c008ae0 x25:1c0089d6
13497353ns          236343 1c0089d6 fd9ff06f jal              x0, -40            
13497393ns          236345 1c0089ae 000026b7 lui              x13, 0x2000         x13=00002000
13497413ns          236346 1c0089b0 f14027f3 csrrs            x15, x0, 0xf14      x15=00000002
13497432ns          236347 1c0089b4 f8068693 addi             x13, x13, -128      x13=00001f80 x13:00002000
13497452ns          236348 1c0089b8 00379713 slli             x14, x15, 0x3       x14=00000010 x15:00000002
13497472ns          236349 1c0089bc 00279793 slli             x15, x15, 0x2       x15=00000008 x15:00000002
13497492ns          236350 1c0089be 00d7f7b3 and              x15, x15, x13       x15=00000000 x15:00000008 x13:00001f80
13497512ns          236351 1c0089c0 ee873733 p.bclr           x14, x14, 23, 8     x14=00000010 x14:00000010
13497532ns          236352 1c0089c4 1a10f6b7 lui              x13, 0x1a10f000     x13=1a10f000
13497552ns          236353 1c0089c8 0ff57513 andi             x10, x10, 255       x10=00000075 x10:00000075
13497572ns          236354 1c0089cc 00d70733 add              x14, x14, x13       x14=1a10f010 x14:00000010 x13:1a10f000
13497592ns          236355 1c0089ce 00a7e723 p.sw             x10, x0(x15)        x10:00000075 x15:00000000  PA:1a10f010
13497910ns          236371 1c0089d2 00000513 addi             x10, x0, 0          x10=00000000
13497930ns          236372 1c0089d4 00008067 jalr             x0, x1, 0            x1:1c008ae0
13497969ns          236374 1c008ae0 15f52c63 p.beqimm         x10, 344            x10:00000000
13497989ns          236375 1c008ae4 00140413 addi             x8, x8, 1            x8=0000000f  x8:0000000e
13498009ns          236376 1c008ae6 0004c503 lbu              x10, 0(x9)          x10=00000073  x9:1c000163  PA:1c000163
13498327ns          236392 1c008aea 00148493 addi             x9, x9, 1            x9=1c000164  x9:1c000163
13498347ns          236393 1c008aec fe0514e3 bne              x10, x0, -24        x10:00000073
13498407ns          236396 1c008ad4 02500793 addi             x15, x0, 37         x15=00000025
13498427ns          236397 1c008ad8 04f50763 beq              x10, x15, 78        x10:00000073 x15:00000025
13498447ns          236398 1c008adc 017005b3 add              x11, x0, x23        x11=00000002 x23:00000002
13498467ns          236399 1c008ade 000c80e7 jalr             x1, x25, 0           x1=1c008ae0 x25:1c0089d6
13498506ns          236401 1c0089d6 fd9ff06f jal              x0, -40            
13498546ns          236403 1c0089ae 000026b7 lui              x13, 0x2000         x13=00002000
13498566ns          236404 1c0089b0 f14027f3 csrrs            x15, x0, 0xf14      x15=00000002
13498586ns          236405 1c0089b4 f8068693 addi             x13, x13, -128      x13=00001f80 x13:00002000
13498606ns          236406 1c0089b8 00379713 slli             x14, x15, 0x3       x14=00000010 x15:00000002
13498626ns          236407 1c0089bc 00279793 slli             x15, x15, 0x2       x15=00000008 x15:00000002
13498646ns          236408 1c0089be 00d7f7b3 and              x15, x15, x13       x15=00000000 x15:00000008 x13:00001f80
13498666ns          236409 1c0089c0 ee873733 p.bclr           x14, x14, 23, 8     x14=00000010 x14:00000010
13498685ns          236410 1c0089c4 1a10f6b7 lui              x13, 0x1a10f000     x13=1a10f000
13498705ns          236411 1c0089c8 0ff57513 andi             x10, x10, 255       x10=00000073 x10:00000073
13498725ns          236412 1c0089cc 00d70733 add              x14, x14, x13       x14=1a10f010 x14:00000010 x13:1a10f000
13498745ns          236413 1c0089ce 00a7e723 p.sw             x10, x0(x15)        x10:00000073 x15:00000000  PA:1a10f010
13499063ns          236429 1c0089d2 00000513 addi             x10, x0, 0          x10=00000000
13499083ns          236430 1c0089d4 00008067 jalr             x0, x1, 0            x1:1c008ae0
13499123ns          236432 1c008ae0 15f52c63 p.beqimm         x10, 344            x10:00000000
13499143ns          236433 1c008ae4 00140413 addi             x8, x8, 1            x8=00000010  x8:0000000f
13499163ns          236434 1c008ae6 0004c503 lbu              x10, 0(x9)          x10=00000074  x9:1c000164  PA:1c000164
13499481ns          236450 1c008aea 00148493 addi             x9, x9, 1            x9=1c000165  x9:1c000164
13499501ns          236451 1c008aec fe0514e3 bne              x10, x0, -24        x10:00000074
13499560ns          236454 1c008ad4 02500793 addi             x15, x0, 37         x15=00000025
13499580ns          236455 1c008ad8 04f50763 beq              x10, x15, 78        x10:00000074 x15:00000025
13499600ns          236456 1c008adc 017005b3 add              x11, x0, x23        x11=00000002 x23:00000002
13499620ns          236457 1c008ade 000c80e7 jalr             x1, x25, 0           x1=1c008ae0 x25:1c0089d6
13499660ns          236459 1c0089d6 fd9ff06f jal              x0, -40            
13499700ns          236461 1c0089ae 000026b7 lui              x13, 0x2000         x13=00002000
13499720ns          236462 1c0089b0 f14027f3 csrrs            x15, x0, 0xf14      x15=00000002
13499739ns          236463 1c0089b4 f8068693 addi             x13, x13, -128      x13=00001f80 x13:00002000
13499759ns          236464 1c0089b8 00379713 slli             x14, x15, 0x3       x14=00000010 x15:00000002
13499779ns          236465 1c0089bc 00279793 slli             x15, x15, 0x2       x15=00000008 x15:00000002
13499799ns          236466 1c0089be 00d7f7b3 and              x15, x15, x13       x15=00000000 x15:00000008 x13:00001f80
13499819ns          236467 1c0089c0 ee873733 p.bclr           x14, x14, 23, 8     x14=00000010 x14:00000010
13499839ns          236468 1c0089c4 1a10f6b7 lui              x13, 0x1a10f000     x13=1a10f000
13499859ns          236469 1c0089c8 0ff57513 andi             x10, x10, 255       x10=00000074 x10:00000074
13499879ns          236470 1c0089cc 00d70733 add              x14, x14, x13       x14=1a10f010 x14:00000010 x13:1a10f000
13499899ns          236471 1c0089ce 00a7e723 p.sw             x10, x0(x15)        x10:00000074 x15:00000000  PA:1a10f010
13500217ns          236487 1c0089d2 00000513 addi             x10, x0, 0          x10=00000000
13500237ns          236488 1c0089d4 00008067 jalr             x0, x1, 0            x1:1c008ae0
13500276ns          236490 1c008ae0 15f52c63 p.beqimm         x10, 344            x10:00000000
13500296ns          236491 1c008ae4 00140413 addi             x8, x8, 1            x8=00000011  x8:00000010
13500316ns          236492 1c008ae6 0004c503 lbu              x10, 0(x9)          x10=00000065  x9:1c000165  PA:1c000165
13500634ns          236508 1c008aea 00148493 addi             x9, x9, 1            x9=1c000166  x9:1c000165
13500654ns          236509 1c008aec fe0514e3 bne              x10, x0, -24        x10:00000065
13500714ns          236512 1c008ad4 02500793 addi             x15, x0, 37         x15=00000025
13500734ns          236513 1c008ad8 04f50763 beq              x10, x15, 78        x10:00000065 x15:00000025
13500754ns          236514 1c008adc 017005b3 add              x11, x0, x23        x11=00000002 x23:00000002
13500774ns          236515 1c008ade 000c80e7 jalr             x1, x25, 0           x1=1c008ae0 x25:1c0089d6
13500813ns          236517 1c0089d6 fd9ff06f jal              x0, -40            
13500853ns          236519 1c0089ae 000026b7 lui              x13, 0x2000         x13=00002000
13500873ns          236520 1c0089b0 f14027f3 csrrs            x15, x0, 0xf14      x15=00000002
13500893ns          236521 1c0089b4 f8068693 addi             x13, x13, -128      x13=00001f80 x13:00002000
13500913ns          236522 1c0089b8 00379713 slli             x14, x15, 0x3       x14=00000010 x15:00000002
13500933ns          236523 1c0089bc 00279793 slli             x15, x15, 0x2       x15=00000008 x15:00000002
13500953ns          236524 1c0089be 00d7f7b3 and              x15, x15, x13       x15=00000000 x15:00000008 x13:00001f80
13500973ns          236525 1c0089c0 ee873733 p.bclr           x14, x14, 23, 8     x14=00000010 x14:00000010
13500992ns          236526 1c0089c4 1a10f6b7 lui              x13, 0x1a10f000     x13=1a10f000
13501012ns          236527 1c0089c8 0ff57513 andi             x10, x10, 255       x10=00000065 x10:00000065
13501032ns          236528 1c0089cc 00d70733 add              x14, x14, x13       x14=1a10f010 x14:00000010 x13:1a10f000
13501052ns          236529 1c0089ce 00a7e723 p.sw             x10, x0(x15)        x10:00000065 x15:00000000  PA:1a10f010
13501370ns          236545 1c0089d2 00000513 addi             x10, x0, 0          x10=00000000
13501390ns          236546 1c0089d4 00008067 jalr             x0, x1, 0            x1:1c008ae0
13501430ns          236548 1c008ae0 15f52c63 p.beqimm         x10, 344            x10:00000000
13501450ns          236549 1c008ae4 00140413 addi             x8, x8, 1            x8=00000012  x8:00000011
13501470ns          236550 1c008ae6 0004c503 lbu              x10, 0(x9)          x10=00000072  x9:1c000166  PA:1c000166
13501768ns          236565 1c008aea 00148493 addi             x9, x9, 1            x9=1c000167  x9:1c000166
13501788ns          236566 1c008aec fe0514e3 bne              x10, x0, -24        x10:00000072
13501848ns          236569 1c008ad4 02500793 addi             x15, x0, 37         x15=00000025
13501868ns          236570 1c008ad8 04f50763 beq              x10, x15, 78        x10:00000072 x15:00000025
13501887ns          236571 1c008adc 017005b3 add              x11, x0, x23        x11=00000002 x23:00000002
13501907ns          236572 1c008ade 000c80e7 jalr             x1, x25, 0           x1=1c008ae0 x25:1c0089d6
13501947ns          236574 1c0089d6 fd9ff06f jal              x0, -40            
13501987ns          236576 1c0089ae 000026b7 lui              x13, 0x2000         x13=00002000
13502007ns          236577 1c0089b0 f14027f3 csrrs            x15, x0, 0xf14      x15=00000002
13502027ns          236578 1c0089b4 f8068693 addi             x13, x13, -128      x13=00001f80 x13:00002000
13502046ns          236579 1c0089b8 00379713 slli             x14, x15, 0x3       x14=00000010 x15:00000002
13502066ns          236580 1c0089bc 00279793 slli             x15, x15, 0x2       x15=00000008 x15:00000002
13502086ns          236581 1c0089be 00d7f7b3 and              x15, x15, x13       x15=00000000 x15:00000008 x13:00001f80
13502106ns          236582 1c0089c0 ee873733 p.bclr           x14, x14, 23, 8     x14=00000010 x14:00000010
13502126ns          236583 1c0089c4 1a10f6b7 lui              x13, 0x1a10f000     x13=1a10f000
13502146ns          236584 1c0089c8 0ff57513 andi             x10, x10, 255       x10=00000072 x10:00000072
13502166ns          236585 1c0089cc 00d70733 add              x14, x14, x13       x14=1a10f010 x14:00000010 x13:1a10f000
13502186ns          236586 1c0089ce 00a7e723 p.sw             x10, x0(x15)        x10:00000072 x15:00000000  PA:1a10f010
13502504ns          236602 1c0089d2 00000513 addi             x10, x0, 0          x10=00000000
13502524ns          236603 1c0089d4 00008067 jalr             x0, x1, 0            x1:1c008ae0
13502564ns          236605 1c008ae0 15f52c63 p.beqimm         x10, 344            x10:00000000
13502583ns          236606 1c008ae4 00140413 addi             x8, x8, 1            x8=00000013  x8:00000012
13502603ns          236607 1c008ae6 0004c503 lbu              x10, 0(x9)          x10=0000005f  x9:1c000167  PA:1c000167
13502902ns          236622 1c008aea 00148493 addi             x9, x9, 1            x9=1c000168  x9:1c000167
13502922ns          236623 1c008aec fe0514e3 bne              x10, x0, -24        x10:0000005f
13502981ns          236626 1c008ad4 02500793 addi             x15, x0, 37         x15=00000025
13503001ns          236627 1c008ad8 04f50763 beq              x10, x15, 78        x10:0000005f x15:00000025
13503021ns          236628 1c008adc 017005b3 add              x11, x0, x23        x11=00000002 x23:00000002
13503041ns          236629 1c008ade 000c80e7 jalr             x1, x25, 0           x1=1c008ae0 x25:1c0089d6
13503081ns          236631 1c0089d6 fd9ff06f jal              x0, -40            
13503120ns          236633 1c0089ae 000026b7 lui              x13, 0x2000         x13=00002000
13503140ns          236634 1c0089b0 f14027f3 csrrs            x15, x0, 0xf14      x15=00000002
13503160ns          236635 1c0089b4 f8068693 addi             x13, x13, -128      x13=00001f80 x13:00002000
13503180ns          236636 1c0089b8 00379713 slli             x14, x15, 0x3       x14=00000010 x15:00000002
13503200ns          236637 1c0089bc 00279793 slli             x15, x15, 0x2       x15=00000008 x15:00000002
13503220ns          236638 1c0089be 00d7f7b3 and              x15, x15, x13       x15=00000000 x15:00000008 x13:00001f80
13503240ns          236639 1c0089c0 ee873733 p.bclr           x14, x14, 23, 8     x14=00000010 x14:00000010
13503260ns          236640 1c0089c4 1a10f6b7 lui              x13, 0x1a10f000     x13=1a10f000
13503280ns          236641 1c0089c8 0ff57513 andi             x10, x10, 255       x10=0000005f x10:0000005f
13503299ns          236642 1c0089cc 00d70733 add              x14, x14, x13       x14=1a10f010 x14:00000010 x13:1a10f000
13503319ns          236643 1c0089ce 00a7e723 p.sw             x10, x0(x15)        x10:0000005f x15:00000000  PA:1a10f010
13503638ns          236659 1c0089d2 00000513 addi             x10, x0, 0          x10=00000000
13503657ns          236660 1c0089d4 00008067 jalr             x0, x1, 0            x1:1c008ae0
13503697ns          236662 1c008ae0 15f52c63 p.beqimm         x10, 344            x10:00000000
13503717ns          236663 1c008ae4 00140413 addi             x8, x8, 1            x8=00000014  x8:00000013
13503737ns          236664 1c008ae6 0004c503 lbu              x10, 0(x9)          x10=0000006c  x9:1c000168  PA:1c000168
13504035ns          236679 1c008aea 00148493 addi             x9, x9, 1            x9=1c000169  x9:1c000168
13504055ns          236680 1c008aec fe0514e3 bne              x10, x0, -24        x10:0000006c
13504115ns          236683 1c008ad4 02500793 addi             x15, x0, 37         x15=00000025
13504135ns          236684 1c008ad8 04f50763 beq              x10, x15, 78        x10:0000006c x15:00000025
13504155ns          236685 1c008adc 017005b3 add              x11, x0, x23        x11=00000002 x23:00000002
13504175ns          236686 1c008ade 000c80e7 jalr             x1, x25, 0           x1=1c008ae0 x25:1c0089d6
13504214ns          236688 1c0089d6 fd9ff06f jal              x0, -40            
13504254ns          236690 1c0089ae 000026b7 lui              x13, 0x2000         x13=00002000
13504274ns          236691 1c0089b0 f14027f3 csrrs            x15, x0, 0xf14      x15=00000002
13504294ns          236692 1c0089b4 f8068693 addi             x13, x13, -128      x13=00001f80 x13:00002000
13504314ns          236693 1c0089b8 00379713 slli             x14, x15, 0x3       x14=00000010 x15:00000002
13504334ns          236694 1c0089bc 00279793 slli             x15, x15, 0x2       x15=00000008 x15:00000002
13504354ns          236695 1c0089be 00d7f7b3 and              x15, x15, x13       x15=00000000 x15:00000008 x13:00001f80
13504373ns          236696 1c0089c0 ee873733 p.bclr           x14, x14, 23, 8     x14=00000010 x14:00000010
13504393ns          236697 1c0089c4 1a10f6b7 lui              x13, 0x1a10f000     x13=1a10f000
13504413ns          236698 1c0089c8 0ff57513 andi             x10, x10, 255       x10=0000006c x10:0000006c
13504433ns          236699 1c0089cc 00d70733 add              x14, x14, x13       x14=1a10f010 x14:00000010 x13:1a10f000
13504453ns          236700 1c0089ce 00a7e723 p.sw             x10, x0(x15)        x10:0000006c x15:00000000  PA:1a10f010
13504791ns          236717 1c0089d2 00000513 addi             x10, x0, 0          x10=00000000
13504811ns          236718 1c0089d4 00008067 jalr             x0, x1, 0            x1:1c008ae0
13504851ns          236720 1c008ae0 15f52c63 p.beqimm         x10, 344            x10:00000000
13504871ns          236721 1c008ae4 00140413 addi             x8, x8, 1            x8=00000015  x8:00000014
13504890ns          236722 1c008ae6 0004c503 lbu              x10, 0(x9)          x10=00000031  x9:1c000169  PA:1c000169
13505189ns          236737 1c008aea 00148493 addi             x9, x9, 1            x9=1c00016a  x9:1c000169
13505209ns          236738 1c008aec fe0514e3 bne              x10, x0, -24        x10:00000031
13505268ns          236741 1c008ad4 02500793 addi             x15, x0, 37         x15=00000025
13505288ns          236742 1c008ad8 04f50763 beq              x10, x15, 78        x10:00000031 x15:00000025
13505308ns          236743 1c008adc 017005b3 add              x11, x0, x23        x11=00000002 x23:00000002
13505328ns          236744 1c008ade 000c80e7 jalr             x1, x25, 0           x1=1c008ae0 x25:1c0089d6
13505368ns          236746 1c0089d6 fd9ff06f jal              x0, -40            
13505408ns          236748 1c0089ae 000026b7 lui              x13, 0x2000         x13=00002000
13505427ns          236749 1c0089b0 f14027f3 csrrs            x15, x0, 0xf14      x15=00000002
13505447ns          236750 1c0089b4 f8068693 addi             x13, x13, -128      x13=00001f80 x13:00002000
13505467ns          236751 1c0089b8 00379713 slli             x14, x15, 0x3       x14=00000010 x15:00000002
13505487ns          236752 1c0089bc 00279793 slli             x15, x15, 0x2       x15=00000008 x15:00000002
13505507ns          236753 1c0089be 00d7f7b3 and              x15, x15, x13       x15=00000000 x15:00000008 x13:00001f80
13505527ns          236754 1c0089c0 ee873733 p.bclr           x14, x14, 23, 8     x14=00000010 x14:00000010
13505547ns          236755 1c0089c4 1a10f6b7 lui              x13, 0x1a10f000     x13=1a10f000
13505567ns          236756 1c0089c8 0ff57513 andi             x10, x10, 255       x10=00000031 x10:00000031
13505587ns          236757 1c0089cc 00d70733 add              x14, x14, x13       x14=1a10f010 x14:00000010 x13:1a10f000
13505606ns          236758 1c0089ce 00a7e723 p.sw             x10, x0(x15)        x10:00000031 x15:00000000  PA:1a10f010
13505925ns          236774 1c0089d2 00000513 addi             x10, x0, 0          x10=00000000
13505945ns          236775 1c0089d4 00008067 jalr             x0, x1, 0            x1:1c008ae0
13505984ns          236777 1c008ae0 15f52c63 p.beqimm         x10, 344            x10:00000000
13506004ns          236778 1c008ae4 00140413 addi             x8, x8, 1            x8=00000016  x8:00000015
13506024ns          236779 1c008ae6 0004c503 lbu              x10, 0(x9)          x10=0000007c  x9:1c00016a  PA:1c00016a
13506322ns          236794 1c008aea 00148493 addi             x9, x9, 1            x9=1c00016b  x9:1c00016a
13506342ns          236795 1c008aec fe0514e3 bne              x10, x0, -24        x10:0000007c
13506402ns          236798 1c008ad4 02500793 addi             x15, x0, 37         x15=00000025
13506422ns          236799 1c008ad8 04f50763 beq              x10, x15, 78        x10:0000007c x15:00000025
13506442ns          236800 1c008adc 017005b3 add              x11, x0, x23        x11=00000002 x23:00000002
13506462ns          236801 1c008ade 000c80e7 jalr             x1, x25, 0           x1=1c008ae0 x25:1c0089d6
13506501ns          236803 1c0089d6 fd9ff06f jal              x0, -40            
13506541ns          236805 1c0089ae 000026b7 lui              x13, 0x2000         x13=00002000
13506561ns          236806 1c0089b0 f14027f3 csrrs            x15, x0, 0xf14      x15=00000002
13506581ns          236807 1c0089b4 f8068693 addi             x13, x13, -128      x13=00001f80 x13:00002000
13506601ns          236808 1c0089b8 00379713 slli             x14, x15, 0x3       x14=00000010 x15:00000002
13506621ns          236809 1c0089bc 00279793 slli             x15, x15, 0x2       x15=00000008 x15:00000002
13506641ns          236810 1c0089be 00d7f7b3 and              x15, x15, x13       x15=00000000 x15:00000008 x13:00001f80
13506661ns          236811 1c0089c0 ee873733 p.bclr           x14, x14, 23, 8     x14=00000010 x14:00000010
13506680ns          236812 1c0089c4 1a10f6b7 lui              x13, 0x1a10f000     x13=1a10f000
13506700ns          236813 1c0089c8 0ff57513 andi             x10, x10, 255       x10=0000007c x10:0000007c
13506720ns          236814 1c0089cc 00d70733 add              x14, x14, x13       x14=1a10f010 x14:00000010 x13:1a10f000
13506740ns          236815 1c0089ce 00a7e723 p.sw             x10, x0(x15)        x10:0000007c x15:00000000  PA:1a10f010
13507058ns          236831 1c0089d2 00000513 addi             x10, x0, 0          x10=00000000
13507078ns          236832 1c0089d4 00008067 jalr             x0, x1, 0            x1:1c008ae0
13507118ns          236834 1c008ae0 15f52c63 p.beqimm         x10, 344            x10:00000000
13507138ns          236835 1c008ae4 00140413 addi             x8, x8, 1            x8=00000017  x8:00000016
13507158ns          236836 1c008ae6 0004c503 lbu              x10, 0(x9)          x10=00000070  x9:1c00016b  PA:1c00016b
13507456ns          236851 1c008aea 00148493 addi             x9, x9, 1            x9=1c00016c  x9:1c00016b
13507476ns          236852 1c008aec fe0514e3 bne              x10, x0, -24        x10:00000070
13507536ns          236855 1c008ad4 02500793 addi             x15, x0, 37         x15=00000025
13507555ns          236856 1c008ad8 04f50763 beq              x10, x15, 78        x10:00000070 x15:00000025
13507575ns          236857 1c008adc 017005b3 add              x11, x0, x23        x11=00000002 x23:00000002
13507595ns          236858 1c008ade 000c80e7 jalr             x1, x25, 0           x1=1c008ae0 x25:1c0089d6
13507635ns          236860 1c0089d6 fd9ff06f jal              x0, -40            
13507675ns          236862 1c0089ae 000026b7 lui              x13, 0x2000         x13=00002000
13507695ns          236863 1c0089b0 f14027f3 csrrs            x15, x0, 0xf14      x15=00000002
13507715ns          236864 1c0089b4 f8068693 addi             x13, x13, -128      x13=00001f80 x13:00002000
13507734ns          236865 1c0089b8 00379713 slli             x14, x15, 0x3       x14=00000010 x15:00000002
13507754ns          236866 1c0089bc 00279793 slli             x15, x15, 0x2       x15=00000008 x15:00000002
13507774ns          236867 1c0089be 00d7f7b3 and              x15, x15, x13       x15=00000000 x15:00000008 x13:00001f80
13507794ns          236868 1c0089c0 ee873733 p.bclr           x14, x14, 23, 8     x14=00000010 x14:00000010
13507814ns          236869 1c0089c4 1a10f6b7 lui              x13, 0x1a10f000     x13=1a10f000
13507834ns          236870 1c0089c8 0ff57513 andi             x10, x10, 255       x10=00000070 x10:00000070
13507854ns          236871 1c0089cc 00d70733 add              x14, x14, x13       x14=1a10f010 x14:00000010 x13:1a10f000
13507874ns          236872 1c0089ce 00a7e723 p.sw             x10, x0(x15)        x10:00000070 x15:00000000  PA:1a10f010
13508192ns          236888 1c0089d2 00000513 addi             x10, x0, 0          x10=00000000
13508212ns          236889 1c0089d4 00008067 jalr             x0, x1, 0            x1:1c008ae0
13508252ns          236891 1c008ae0 15f52c63 p.beqimm         x10, 344            x10:00000000
13508271ns          236892 1c008ae4 00140413 addi             x8, x8, 1            x8=00000018  x8:00000017
13508291ns          236893 1c008ae6 0004c503 lbu              x10, 0(x9)          x10=00000065  x9:1c00016c  PA:1c00016c
13508629ns          236910 1c008aea 00148493 addi             x9, x9, 1            x9=1c00016d  x9:1c00016c
13508649ns          236911 1c008aec fe0514e3 bne              x10, x0, -24        x10:00000065
13508709ns          236914 1c008ad4 02500793 addi             x15, x0, 37         x15=00000025
13508729ns          236915 1c008ad8 04f50763 beq              x10, x15, 78        x10:00000065 x15:00000025
13508749ns          236916 1c008adc 017005b3 add              x11, x0, x23        x11=00000002 x23:00000002
13508769ns          236917 1c008ade 000c80e7 jalr             x1, x25, 0           x1=1c008ae0 x25:1c0089d6
13508808ns          236919 1c0089d6 fd9ff06f jal              x0, -40            
13508848ns          236921 1c0089ae 000026b7 lui              x13, 0x2000         x13=00002000
13508868ns          236922 1c0089b0 f14027f3 csrrs            x15, x0, 0xf14      x15=00000002
13508888ns          236923 1c0089b4 f8068693 addi             x13, x13, -128      x13=00001f80 x13:00002000
13508908ns          236924 1c0089b8 00379713 slli             x14, x15, 0x3       x14=00000010 x15:00000002
13508928ns          236925 1c0089bc 00279793 slli             x15, x15, 0x2       x15=00000008 x15:00000002
13508948ns          236926 1c0089be 00d7f7b3 and              x15, x15, x13       x15=00000000 x15:00000008 x13:00001f80
13508968ns          236927 1c0089c0 ee873733 p.bclr           x14, x14, 23, 8     x14=00000010 x14:00000010
13508987ns          236928 1c0089c4 1a10f6b7 lui              x13, 0x1a10f000     x13=1a10f000
13509007ns          236929 1c0089c8 0ff57513 andi             x10, x10, 255       x10=00000065 x10:00000065
13509027ns          236930 1c0089cc 00d70733 add              x14, x14, x13       x14=1a10f010 x14:00000010 x13:1a10f000
13509047ns          236931 1c0089ce 00a7e723 p.sw             x10, x0(x15)        x10:00000065 x15:00000000  PA:1a10f010
13509365ns          236947 1c0089d2 00000513 addi             x10, x0, 0          x10=00000000
13509385ns          236948 1c0089d4 00008067 jalr             x0, x1, 0            x1:1c008ae0
13509425ns          236950 1c008ae0 15f52c63 p.beqimm         x10, 344            x10:00000000
13509445ns          236951 1c008ae4 00140413 addi             x8, x8, 1            x8=00000019  x8:00000018
13509465ns          236952 1c008ae6 0004c503 lbu              x10, 0(x9)          x10=0000003d  x9:1c00016d  PA:1c00016d
13509763ns          236967 1c008aea 00148493 addi             x9, x9, 1            x9=1c00016e  x9:1c00016d
13509783ns          236968 1c008aec fe0514e3 bne              x10, x0, -24        x10:0000003d
13509843ns          236971 1c008ad4 02500793 addi             x15, x0, 37         x15=00000025
13509862ns          236972 1c008ad8 04f50763 beq              x10, x15, 78        x10:0000003d x15:00000025
13509882ns          236973 1c008adc 017005b3 add              x11, x0, x23        x11=00000002 x23:00000002
13509902ns          236974 1c008ade 000c80e7 jalr             x1, x25, 0           x1=1c008ae0 x25:1c0089d6
13509942ns          236976 1c0089d6 fd9ff06f jal              x0, -40            
13509982ns          236978 1c0089ae 000026b7 lui              x13, 0x2000         x13=00002000
13510002ns          236979 1c0089b0 f14027f3 csrrs            x15, x0, 0xf14      x15=00000002
13510022ns          236980 1c0089b4 f8068693 addi             x13, x13, -128      x13=00001f80 x13:00002000
13510041ns          236981 1c0089b8 00379713 slli             x14, x15, 0x3       x14=00000010 x15:00000002
13510061ns          236982 1c0089bc 00279793 slli             x15, x15, 0x2       x15=00000008 x15:00000002
13510081ns          236983 1c0089be 00d7f7b3 and              x15, x15, x13       x15=00000000 x15:00000008 x13:00001f80
13510101ns          236984 1c0089c0 ee873733 p.bclr           x14, x14, 23, 8     x14=00000010 x14:00000010
13510121ns          236985 1c0089c4 1a10f6b7 lui              x13, 0x1a10f000     x13=1a10f000
13510141ns          236986 1c0089c8 0ff57513 andi             x10, x10, 255       x10=0000003d x10:0000003d
13510161ns          236987 1c0089cc 00d70733 add              x14, x14, x13       x14=1a10f010 x14:00000010 x13:1a10f000
13510181ns          236988 1c0089ce 00a7e723 p.sw             x10, x0(x15)        x10:0000003d x15:00000000  PA:1a10f010
13510499ns          237004 1c0089d2 00000513 addi             x10, x0, 0          x10=00000000
13510519ns          237005 1c0089d4 00008067 jalr             x0, x1, 0            x1:1c008ae0
13510559ns          237007 1c008ae0 15f52c63 p.beqimm         x10, 344            x10:00000000
13510578ns          237008 1c008ae4 00140413 addi             x8, x8, 1            x8=0000001a  x8:00000019
13510598ns          237009 1c008ae6 0004c503 lbu              x10, 0(x9)          x10=00000025  x9:1c00016e  PA:1c00016e
13510897ns          237024 1c008aea 00148493 addi             x9, x9, 1            x9=1c00016f  x9:1c00016e
13510917ns          237025 1c008aec fe0514e3 bne              x10, x0, -24        x10:00000025
13510976ns          237028 1c008ad4 02500793 addi             x15, x0, 37         x15=00000025
13510996ns          237029 1c008ad8 04f50763 beq              x10, x15, 78        x10:00000025 x15:00000025
13511135ns          237036 1c008b26 0004cb03 lbu              x22, 0(x9)          x22=00000064  x9:1c00016f  PA:1c00016f
13511454ns          237052 1c008b2a 02000813 addi             x16, x0, 32         x16=00000020
13511473ns          237053 1c008b2e 00148a93 addi             x21, x9, 1          x21=1c000170  x9:1c00016f
13511493ns          237054 1c008b32 016005b3 add              x11, x0, x22        x11=00000064 x22:00000064
13511513ns          237055 1c008b34 2d8d8513 addi             x10, x27, 728       x10=1c0002d8 x27:1c000000
13511533ns          237056 1c008b38 01012823 sw               x16, 16(x2)         x16:00000020  x2:100031a8  PA:100031b8
13511553ns          237057 1c008b3a 00012c23 sw               x0, 24(x2)           x2:100031a8  PA:100031c0
13511573ns          237058 1c008b3c 00012a23 sw               x0, 20(x2)           x2:100031a8  PA:100031bc
13511593ns          237059 1c008b3e 00012e23 sw               x0, 28(x2)           x2:100031a8  PA:100031c4
13511613ns          237060 1c008b40 00012623 sw               x0, 12(x2)           x2:100031a8  PA:100031b4
13511633ns          237061 1c008b42 02300913 addi             x18, x0, 35         x18=00000023
13511652ns          237062 1c008b46 02d00a13 addi             x20, x0, 45         x20=0000002d
13511672ns          237063 1c008b4a 015009b3 add              x19, x0, x21        x19=1c000170 x21:1c000170
13511692ns          237064 1c008b4c de3ff0ef jal              x1, -542             x1=1c008b4e
13511891ns          237074 1c00892e 00054783 lbu              x15, 0(x10)         x15=0000002d x10:1c0002d8  PA:1c0002d8
13512209ns          237090 1c008932 0ff5f593 andi             x11, x11, 255       x11=00000064 x11:00000064
13512229ns          237091 1c008936 00b78c63 beq              x15, x11, 24        x15:0000002d x11:00000064
13512249ns          237092 1c00893a 00078b63 beq              x15, x0, 22         x15:0000002d
13512269ns          237093 1c00893c 00150793 addi             x15, x10, 1         x15=1c0002d9 x10:1c0002d8
13512309ns          237095 1c008940 0040006f jal              x0, 4              
13512348ns          237097 1c008944 00f00533 add              x10, x0, x15        x10=1c0002d9 x15:1c0002d9
13512368ns          237098 1c008946 0017c70b p.lbu            x14, 1(x15!)        x14=0000002b x15=1c0002da x15:1c0002d9  PA:1c0002d9
13512706ns          237115 1c00894a feb71ce3 bne              x14, x11, -8        x14:0000002b x11:00000064
13512766ns          237118 1c008942 00070763 beq              x14, x0, 14         x14:0000002b
13512786ns          237119 1c008944 00f00533 add              x10, x0, x15        x10=1c0002da x15:1c0002da
13512806ns          237120 1c008946 0017c70b p.lbu            x14, 1(x15!)        x14=00000020 x15=1c0002db x15:1c0002da  PA:1c0002da
13513124ns          237136 1c00894a feb71ce3 bne              x14, x11, -8        x14:00000020 x11:00000064
13513184ns          237139 1c008942 00070763 beq              x14, x0, 14         x14:00000020
13513204ns          237140 1c008944 00f00533 add              x10, x0, x15        x10=1c0002db x15:1c0002db
13513224ns          237141 1c008946 0017c70b p.lbu            x14, 1(x15!)        x14=00000023 x15=1c0002dc x15:1c0002db  PA:1c0002db
13513542ns          237157 1c00894a feb71ce3 bne              x14, x11, -8        x14:00000023 x11:00000064
13513601ns          237160 1c008942 00070763 beq              x14, x0, 14         x14:00000023
13513621ns          237161 1c008944 00f00533 add              x10, x0, x15        x10=1c0002dc x15:1c0002dc
13513641ns          237162 1c008946 0017c70b p.lbu            x14, 1(x15!)        x14=00000030 x15=1c0002dd x15:1c0002dc  PA:1c0002dc
13513999ns          237180 1c00894a feb71ce3 bne              x14, x11, -8        x14:00000030 x11:00000064
13514059ns          237183 1c008942 00070763 beq              x14, x0, 14         x14:00000030
13514079ns          237184 1c008944 00f00533 add              x10, x0, x15        x10=1c0002dd x15:1c0002dd
13514099ns          237185 1c008946 0017c70b p.lbu            x14, 1(x15!)        x14=00000000 x15=1c0002de x15:1c0002dd  PA:1c0002dd
13514417ns          237201 1c00894a feb71ce3 bne              x14, x11, -8        x14:00000000 x11:00000064
13514476ns          237204 1c008942 00070763 beq              x14, x0, 14         x14:00000000
13514536ns          237207 1c008950 0015b593 sltiu            x11, x11, 1         x11=00000000 x11:00000064
13514556ns          237208 1c008954 40b005b3 sub              x11, x0, x11        x11=00000000 x11:00000000
13514576ns          237209 1c008958 00b57533 and              x10, x10, x11       x10=00000000 x10:1c0002dd x11:00000000
13514596ns          237210 1c00895a 00008067 jalr             x0, x1, 0            x1:1c008b4e
13514695ns          237215 1c008b4e 02050a63 beq              x10, x0, 52         x10:00000000
13514834ns          237222 1c008b82 02a00613 addi             x12, x0, 42         x12=0000002a
13514854ns          237223 1c008b86 10cb0863 beq              x22, x12, 272       x22:00000064 x12:0000002a
13514874ns          237224 1c008b8a fd0b0613 addi             x12, x22, -48       x12=00000034 x22:00000064
13514894ns          237225 1c008b8e 00900593 addi             x11, x0, 9          x11=00000009
13514934ns          237227 1c008b90 00000a13 addi             x20, x0, 0          x20=00000000
13514974ns          237229 1c008b92 0ec5f263 bgeu             x11, x12, 228       x11:00000009 x12:00000034
13514994ns          237230 1c008b96 02e00713 addi             x14, x0, 46         x14=0000002e
13515013ns          237231 1c008b9a fff00a93 addi             x21, x0, -1         x21=ffffffff
13515033ns          237232 1c008b9c 14eb0563 beq              x22, x14, 330       x22:00000064 x14:0000002e
13515073ns          237234 1c008ba0 1c0007b7 lui              x15, 0x1c000000     x15=1c000000
13515113ns          237236 1c008ba4 016005b3 add              x11, x0, x22        x11=00000064 x22:00000064
13515133ns          237237 1c008ba6 2e078513 addi             x10, x15, 736       x10=1c0002e0 x15:1c000000
13515153ns          237238 1c008baa d85ff0ef jal              x1, -636             x1=1c008bac
13515272ns          237244 1c00892e 00054783 lbu              x15, 0(x10)         x15=00000068 x10:1c0002e0  PA:1c0002e0
13515590ns          237260 1c008932 0ff5f593 andi             x11, x11, 255       x11=00000064 x11:00000064
13515610ns          237261 1c008936 00b78c63 beq              x15, x11, 24        x15:00000068 x11:00000064
13515630ns          237262 1c00893a 00078b63 beq              x15, x0, 22         x15:00000068
13515650ns          237263 1c00893c 00150793 addi             x15, x10, 1         x15=1c0002e1 x10:1c0002e0
13515670ns          237264 1c008940 0040006f jal              x0, 4              
13515710ns          237266 1c008944 00f00533 add              x10, x0, x15        x10=1c0002e1 x15:1c0002e1
13515729ns          237267 1c008946 0017c70b p.lbu            x14, 1(x15!)        x14=0000006c x15=1c0002e2 x15:1c0002e1  PA:1c0002e1
13516048ns          237283 1c00894a feb71ce3 bne              x14, x11, -8        x14:0000006c x11:00000064
13516107ns          237286 1c008942 00070763 beq              x14, x0, 14         x14:0000006c
13516127ns          237287 1c008944 00f00533 add              x10, x0, x15        x10=1c0002e2 x15:1c0002e2
13516147ns          237288 1c008946 0017c70b p.lbu            x14, 1(x15!)        x14=0000004c x15=1c0002e3 x15:1c0002e2  PA:1c0002e2
13516465ns          237304 1c00894a feb71ce3 bne              x14, x11, -8        x14:0000004c x11:00000064
13516525ns          237307 1c008942 00070763 beq              x14, x0, 14         x14:0000004c
13516545ns          237308 1c008944 00f00533 add              x10, x0, x15        x10=1c0002e3 x15:1c0002e3
13516565ns          237309 1c008946 0017c70b p.lbu            x14, 1(x15!)        x14=0000007a x15=1c0002e4 x15:1c0002e3  PA:1c0002e3
13516883ns          237325 1c00894a feb71ce3 bne              x14, x11, -8        x14:0000007a x11:00000064
13516943ns          237328 1c008942 00070763 beq              x14, x0, 14         x14:0000007a
13516962ns          237329 1c008944 00f00533 add              x10, x0, x15        x10=1c0002e4 x15:1c0002e4
13516982ns          237330 1c008946 0017c70b p.lbu            x14, 1(x15!)        x14=00000000 x15=1c0002e5 x15:1c0002e4  PA:1c0002e4
13517320ns          237347 1c00894a feb71ce3 bne              x14, x11, -8        x14:00000000 x11:00000064
13517380ns          237350 1c008942 00070763 beq              x14, x0, 14         x14:00000000
13517440ns          237353 1c008950 0015b593 sltiu            x11, x11, 1         x11=00000000 x11:00000064
13517460ns          237354 1c008954 40b005b3 sub              x11, x0, x11        x11=00000000 x11:00000000
13517480ns          237355 1c008958 00b57533 and              x10, x10, x11       x10=00000000 x10:1c0002e4 x11:00000000
13517499ns          237356 1c00895a 00008067 jalr             x0, x1, 0            x1:1c008bac
13517539ns          237358 1c008bac 013004b3 add              x9, x0, x19          x9=1c000170 x19:1c000170
13517559ns          237359 1c008bae 00050563 beq              x10, x0, 10         x10:00000000
13517619ns          237362 1c008bb8 06700713 addi             x14, x0, 103        x14=00000067
13517639ns          237363 1c008bbc 0f675b63 bge              x14, x22, 246       x14:00000067 x22:00000064
13517818ns          237372 1c008cb2 06500713 addi             x14, x0, 101        x14=00000065
13517838ns          237373 1c008cb6 0ceb5863 bge              x22, x14, 208       x22:00000064 x14:00000065
13517857ns          237374 1c008cba 04700713 addi             x14, x0, 71         x14=00000047
13517917ns          237377 1c008cbe 4d674d63 blt              x14, x22, 1242      x14:00000047 x22:00000064
13518017ns          237382 1c009198 06300713 addi             x14, x0, 99         x14=00000063
13518056ns          237384 1c00919c 10eb0a63 beq              x22, x14, 276       x22:00000064 x14:00000063
13518116ns          237387 1c0091a0 0d674263 blt              x14, x22, 196       x14:00000063 x22:00000064
13518215ns          237392 1c009264 000c2583 lw               x11, 0(x24)         x11=00000002 x24:100032fc  PA:100032fc
13518255ns          237394 1c009268 004c0c13 addi             x24, x24, 4         x24=10003300 x24:100032fc
13518275ns          237395 1c00926a 1e05c963 blt              x11, x0, 498        x11:00000002
13518295ns          237396 1c00926e 01412783 lw               x15, 20(x2)         x15=00000000  x2:100031a8  PA:100031bc
13518335ns          237398 1c009270 18079663 bne              x15, x0, 396        x15:00000000
13518375ns          237400 1c009274 01812803 lw               x16, 24(x2)         x16=00000000  x2:100031a8  PA:100031c0
13518414ns          237402 1c009276 32080963 beq              x16, x0, 818        x16:00000000
13518554ns          237409 1c0095a8 015006b3 add              x13, x0, x21        x13=ffffffff x21:ffffffff
13518573ns          237410 1c0095aa 00a00613 addi             x12, x0, 10         x12=0000000a
13518593ns          237411 1c0095ac 01a00533 add              x10, x0, x26        x10=100031cc x26:100031cc
13518653ns          237414 1c0095ae c74ff0ef jal              x1, -2956            x1=1c0095b2
13518733ns          237418 1c008a22 00a00733 add              x14, x0, x10        x14=100031cc x10:100031cc
13518772ns          237420 1c008a24 00a007b3 add              x15, x0, x10        x15=100031cc x10:100031cc
13518792ns          237421 1c008a26 00900313 addi             x6, x0, 9            x6=00000009
13518812ns          237422 1c008a28 02c5f8b3 remu             x17, x11, x12       x17=00000002 x11:00000002 x12:0000000a
13519429ns          237453 1c008a2c 0ff8f813 andi             x16, x17, 255       x16=00000002 x17:00000002
13519448ns          237454 1c008a30 00000513 addi             x10, x0, 0          x10=00000000
13519468ns          237455 1c008a32 02c5d5b3 divu             x11, x11, x12       x11=00000000 x11:00000002 x12:0000000a
13520085ns          237486 1c008a36 03080813 addi             x16, x16, 48        x16=00000032 x16:00000002
13520105ns          237487 1c008a3a 01137463 bgeu             x6, x17, 8           x6:00000009 x17:00000002
13520164ns          237490 1c008a42 01050533 add              x10, x10, x16       x10=00000032 x10:00000000 x16:00000032
13520184ns          237491 1c008a44 00a780ab p.sb             x10, 1(x15!)        x15=100031cd x10:00000032 x15:100031cc  PA:100031cc
13520204ns          237492 1c008a48 fe0590e3 bne              x11, x0, -32        x11:00000000
13520224ns          237493 1c008a4a 40e78533 sub              x10, x15, x14       x10=00000001 x15:100031cd x14:100031cc
13520284ns          237496 1c008a4e 00d55d63 bge              x10, x13, 26        x10:00000001 x13:ffffffff
13520383ns          237501 1c008a68 fe078fab p.sb             x0, -1(x15!)        x15=100031cc x15:100031cd  PA:100031cd
13520423ns          237503 1c008a6c 00f77c63 bgeu             x14, x15, 24        x14:100031cc x15:100031cc
13520522ns          237508 1c008a84 00008067 jalr             x0, x1, 0            x1:1c0095b2
13520562ns          237510 1c0095b2 00a009b3 add              x19, x0, x10        x19=00000001 x10:00000001
13520582ns          237511 1c0095b4 00012623 sw               x0, 12(x2)           x2:100031a8  PA:100031b4
13520602ns          237512 1c0095b6 ce7ff06f jal              x0, -794           
13520682ns          237516 1c00929c e7faa7e3 p.beqimm         x21, -402           x21:ffffffff
13520880ns          237526 1c00910a 0c800793 addi             x15, x0, 200        x15=000000c8
13520940ns          237529 1c00910e b337c5e3 blt              x15, x19, -1238     x15:000000c8 x19:00000001
13520980ns          237531 1c009112 0f49c363 blt              x19, x20, 230       x19:00000001 x20:00000000
13521000ns          237532 1c009116 01300a33 add              x20, x0, x19        x20=00000001 x19:00000001
13521020ns          237533 1c009118 b00a11e3 bne              x20, x0, -1278      x20:00000001
13521159ns          237540 1c008c1a 01a00933 add              x18, x0, x26        x18=100031cc x26:100031cc
13521199ns          237542 1c008c1c 41a409b3 sub              x19, x8, x26        x19=efffce4e  x8:0000001a x26:100031cc
13521258ns          237545 1c008c20 00a0006f jal              x0, 10             
13521318ns          237548 1c008c2a 0019450b p.lbu            x10, 1(x18!)        x10=00000032 x18=100031cd x18:100031cc  PA:100031cc
13521338ns          237549 1c008c2e 017005b3 add              x11, x0, x23        x11=00000002 x23:00000002
13521378ns          237551 1c008c30 000c80e7 jalr             x1, x25, 0           x1=1c008c32 x25:1c0089d6
13521457ns          237555 1c0089d6 fd9ff06f jal              x0, -40            
13521537ns          237559 1c0089ae 000026b7 lui              x13, 0x2000         x13=00002000
13521616ns          237563 1c0089b0 f14027f3 csrrs            x15, x0, 0xf14      x15=00000002
13521656ns          237565 1c0089b4 f8068693 addi             x13, x13, -128      x13=00001f80 x13:00002000
13521676ns          237566 1c0089b8 00379713 slli             x14, x15, 0x3       x14=00000010 x15:00000002
13521696ns          237567 1c0089bc 00279793 slli             x15, x15, 0x2       x15=00000008 x15:00000002
13521716ns          237568 1c0089be 00d7f7b3 and              x15, x15, x13       x15=00000000 x15:00000008 x13:00001f80
13521756ns          237570 1c0089c0 ee873733 p.bclr           x14, x14, 23, 8     x14=00000010 x14:00000010
13521795ns          237572 1c0089c4 1a10f6b7 lui              x13, 0x1a10f000     x13=1a10f000
13521815ns          237573 1c0089c8 0ff57513 andi             x10, x10, 255       x10=00000032 x10:00000032
13521835ns          237574 1c0089cc 00d70733 add              x14, x14, x13       x14=1a10f010 x14:00000010 x13:1a10f000
13521855ns          237575 1c0089ce 00a7e723 p.sw             x10, x0(x15)        x10:00000032 x15:00000000  PA:1a10f010
13522173ns          237591 1c0089d2 00000513 addi             x10, x0, 0          x10=00000000
13522193ns          237592 1c0089d4 00008067 jalr             x0, x1, 0            x1:1c008c32
13522233ns          237594 1c008c32 fffa0a13 addi             x20, x20, -1        x20=00000000 x20:00000001
13522253ns          237595 1c008c34 fff537e3 p.bneimm         x10, -18            x10:00000000
13522392ns          237602 1c008c22 01298433 add              x8, x19, x18         x8=0000001b x19:efffce4e x18:100031cd
13522412ns          237603 1c008c26 ea0a03e3 beq              x20, x0, -346       x20:00000000
13522511ns          237608 1c008acc 0004c503 lbu              x10, 0(x9)          x10=0000007c  x9:1c000170  PA:1c000170
13522829ns          237624 1c008ad0 00148493 addi             x9, x9, 1            x9=1c000171  x9:1c000170
13522849ns          237625 1c008ad2 00050e63 beq              x10, x0, 28         x10:0000007c
13522869ns          237626 1c008ad4 02500793 addi             x15, x0, 37         x15=00000025
13522889ns          237627 1c008ad8 04f50763 beq              x10, x15, 78        x10:0000007c x15:00000025
13522909ns          237628 1c008adc 017005b3 add              x11, x0, x23        x11=00000002 x23:00000002
13522929ns          237629 1c008ade 000c80e7 jalr             x1, x25, 0           x1=1c008ae0 x25:1c0089d6
13522989ns          237632 1c0089d6 fd9ff06f jal              x0, -40            
13523028ns          237634 1c0089ae 000026b7 lui              x13, 0x2000         x13=00002000
13523048ns          237635 1c0089b0 f14027f3 csrrs            x15, x0, 0xf14      x15=00000002
13523068ns          237636 1c0089b4 f8068693 addi             x13, x13, -128      x13=00001f80 x13:00002000
13523088ns          237637 1c0089b8 00379713 slli             x14, x15, 0x3       x14=00000010 x15:00000002
13523108ns          237638 1c0089bc 00279793 slli             x15, x15, 0x2       x15=00000008 x15:00000002
13523128ns          237639 1c0089be 00d7f7b3 and              x15, x15, x13       x15=00000000 x15:00000008 x13:00001f80
13523168ns          237641 1c0089c0 ee873733 p.bclr           x14, x14, 23, 8     x14=00000010 x14:00000010
13523207ns          237643 1c0089c4 1a10f6b7 lui              x13, 0x1a10f000     x13=1a10f000
13523227ns          237644 1c0089c8 0ff57513 andi             x10, x10, 255       x10=0000007c x10:0000007c
13523247ns          237645 1c0089cc 00d70733 add              x14, x14, x13       x14=1a10f010 x14:00000010 x13:1a10f000
13523267ns          237646 1c0089ce 00a7e723 p.sw             x10, x0(x15)        x10:0000007c x15:00000000  PA:1a10f010
13523585ns          237662 1c0089d2 00000513 addi             x10, x0, 0          x10=00000000
13523605ns          237663 1c0089d4 00008067 jalr             x0, x1, 0            x1:1c008ae0
13523645ns          237665 1c008ae0 15f52c63 p.beqimm         x10, 344            x10:00000000
13523665ns          237666 1c008ae4 00140413 addi             x8, x8, 1            x8=0000001c  x8:0000001b
13523685ns          237667 1c008ae6 0004c503 lbu              x10, 0(x9)          x10=00000073  x9:1c000171  PA:1c000171
13523983ns          237682 1c008aea 00148493 addi             x9, x9, 1            x9=1c000172  x9:1c000171
13524003ns          237683 1c008aec fe0514e3 bne              x10, x0, -24        x10:00000073
13524063ns          237686 1c008ad4 02500793 addi             x15, x0, 37         x15=00000025
13524082ns          237687 1c008ad8 04f50763 beq              x10, x15, 78        x10:00000073 x15:00000025
13524102ns          237688 1c008adc 017005b3 add              x11, x0, x23        x11=00000002 x23:00000002
13524122ns          237689 1c008ade 000c80e7 jalr             x1, x25, 0           x1=1c008ae0 x25:1c0089d6
13524162ns          237691 1c0089d6 fd9ff06f jal              x0, -40            
13524202ns          237693 1c0089ae 000026b7 lui              x13, 0x2000         x13=00002000
13524222ns          237694 1c0089b0 f14027f3 csrrs            x15, x0, 0xf14      x15=00000002
13524242ns          237695 1c0089b4 f8068693 addi             x13, x13, -128      x13=00001f80 x13:00002000
13524261ns          237696 1c0089b8 00379713 slli             x14, x15, 0x3       x14=00000010 x15:00000002
13524281ns          237697 1c0089bc 00279793 slli             x15, x15, 0x2       x15=00000008 x15:00000002
13524301ns          237698 1c0089be 00d7f7b3 and              x15, x15, x13       x15=00000000 x15:00000008 x13:00001f80
13524321ns          237699 1c0089c0 ee873733 p.bclr           x14, x14, 23, 8     x14=00000010 x14:00000010
13524341ns          237700 1c0089c4 1a10f6b7 lui              x13, 0x1a10f000     x13=1a10f000
13524361ns          237701 1c0089c8 0ff57513 andi             x10, x10, 255       x10=00000073 x10:00000073
13524381ns          237702 1c0089cc 00d70733 add              x14, x14, x13       x14=1a10f010 x14:00000010 x13:1a10f000
13524401ns          237703 1c0089ce 00a7e723 p.sw             x10, x0(x15)        x10:00000073 x15:00000000  PA:1a10f010
13524719ns          237719 1c0089d2 00000513 addi             x10, x0, 0          x10=00000000
13524739ns          237720 1c0089d4 00008067 jalr             x0, x1, 0            x1:1c008ae0
13524778ns          237722 1c008ae0 15f52c63 p.beqimm         x10, 344            x10:00000000
13524798ns          237723 1c008ae4 00140413 addi             x8, x8, 1            x8=0000001d  x8:0000001c
13524818ns          237724 1c008ae6 0004c503 lbu              x10, 0(x9)          x10=00000065  x9:1c000172  PA:1c000172
13525117ns          237739 1c008aea 00148493 addi             x9, x9, 1            x9=1c000173  x9:1c000172
13525136ns          237740 1c008aec fe0514e3 bne              x10, x0, -24        x10:00000065
13525196ns          237743 1c008ad4 02500793 addi             x15, x0, 37         x15=00000025
13525216ns          237744 1c008ad8 04f50763 beq              x10, x15, 78        x10:00000065 x15:00000025
13525236ns          237745 1c008adc 017005b3 add              x11, x0, x23        x11=00000002 x23:00000002
13525256ns          237746 1c008ade 000c80e7 jalr             x1, x25, 0           x1=1c008ae0 x25:1c0089d6
13525296ns          237748 1c0089d6 fd9ff06f jal              x0, -40            
13525335ns          237750 1c0089ae 000026b7 lui              x13, 0x2000         x13=00002000
13525355ns          237751 1c0089b0 f14027f3 csrrs            x15, x0, 0xf14      x15=00000002
13525375ns          237752 1c0089b4 f8068693 addi             x13, x13, -128      x13=00001f80 x13:00002000
13525395ns          237753 1c0089b8 00379713 slli             x14, x15, 0x3       x14=00000010 x15:00000002
13525415ns          237754 1c0089bc 00279793 slli             x15, x15, 0x2       x15=00000008 x15:00000002
13525435ns          237755 1c0089be 00d7f7b3 and              x15, x15, x13       x15=00000000 x15:00000008 x13:00001f80
13525455ns          237756 1c0089c0 ee873733 p.bclr           x14, x14, 23, 8     x14=00000010 x14:00000010
13525475ns          237757 1c0089c4 1a10f6b7 lui              x13, 0x1a10f000     x13=1a10f000
13525494ns          237758 1c0089c8 0ff57513 andi             x10, x10, 255       x10=00000065 x10:00000065
13525514ns          237759 1c0089cc 00d70733 add              x14, x14, x13       x14=1a10f010 x14:00000010 x13:1a10f000
13525534ns          237760 1c0089ce 00a7e723 p.sw             x10, x0(x15)        x10:00000065 x15:00000000  PA:1a10f010
13525872ns          237777 1c0089d2 00000513 addi             x10, x0, 0          x10=00000000
13525892ns          237778 1c0089d4 00008067 jalr             x0, x1, 0            x1:1c008ae0
13525932ns          237780 1c008ae0 15f52c63 p.beqimm         x10, 344            x10:00000000
13525952ns          237781 1c008ae4 00140413 addi             x8, x8, 1            x8=0000001e  x8:0000001d
13525972ns          237782 1c008ae6 0004c503 lbu              x10, 0(x9)          x10=00000065  x9:1c000173  PA:1c000173
13526290ns          237798 1c008aea 00148493 addi             x9, x9, 1            x9=1c000174  x9:1c000173
13526310ns          237799 1c008aec fe0514e3 bne              x10, x0, -24        x10:00000065
13526370ns          237802 1c008ad4 02500793 addi             x15, x0, 37         x15=00000025
13526389ns          237803 1c008ad8 04f50763 beq              x10, x15, 78        x10:00000065 x15:00000025
13526409ns          237804 1c008adc 017005b3 add              x11, x0, x23        x11=00000002 x23:00000002
13526429ns          237805 1c008ade 000c80e7 jalr             x1, x25, 0           x1=1c008ae0 x25:1c0089d6
13526469ns          237807 1c0089d6 fd9ff06f jal              x0, -40            
13526509ns          237809 1c0089ae 000026b7 lui              x13, 0x2000         x13=00002000
13526529ns          237810 1c0089b0 f14027f3 csrrs            x15, x0, 0xf14      x15=00000002
13526549ns          237811 1c0089b4 f8068693 addi             x13, x13, -128      x13=00001f80 x13:00002000
13526568ns          237812 1c0089b8 00379713 slli             x14, x15, 0x3       x14=00000010 x15:00000002
13526588ns          237813 1c0089bc 00279793 slli             x15, x15, 0x2       x15=00000008 x15:00000002
13526608ns          237814 1c0089be 00d7f7b3 and              x15, x15, x13       x15=00000000 x15:00000008 x13:00001f80
13526628ns          237815 1c0089c0 ee873733 p.bclr           x14, x14, 23, 8     x14=00000010 x14:00000010
13526648ns          237816 1c0089c4 1a10f6b7 lui              x13, 0x1a10f000     x13=1a10f000
13526668ns          237817 1c0089c8 0ff57513 andi             x10, x10, 255       x10=00000065 x10:00000065
13526688ns          237818 1c0089cc 00d70733 add              x14, x14, x13       x14=1a10f010 x14:00000010 x13:1a10f000
13526708ns          237819 1c0089ce 00a7e723 p.sw             x10, x0(x15)        x10:00000065 x15:00000000  PA:1a10f010
13527026ns          237835 1c0089d2 00000513 addi             x10, x0, 0          x10=00000000
13527046ns          237836 1c0089d4 00008067 jalr             x0, x1, 0            x1:1c008ae0
13527085ns          237838 1c008ae0 15f52c63 p.beqimm         x10, 344            x10:00000000
13527105ns          237839 1c008ae4 00140413 addi             x8, x8, 1            x8=0000001f  x8:0000001e
13527125ns          237840 1c008ae6 0004c503 lbu              x10, 0(x9)          x10=0000006e  x9:1c000174  PA:1c000174
13527424ns          237855 1c008aea 00148493 addi             x9, x9, 1            x9=1c000175  x9:1c000174
13527443ns          237856 1c008aec fe0514e3 bne              x10, x0, -24        x10:0000006e
13527503ns          237859 1c008ad4 02500793 addi             x15, x0, 37         x15=00000025
13527523ns          237860 1c008ad8 04f50763 beq              x10, x15, 78        x10:0000006e x15:00000025
13527543ns          237861 1c008adc 017005b3 add              x11, x0, x23        x11=00000002 x23:00000002
13527563ns          237862 1c008ade 000c80e7 jalr             x1, x25, 0           x1=1c008ae0 x25:1c0089d6
13527603ns          237864 1c0089d6 fd9ff06f jal              x0, -40            
13527642ns          237866 1c0089ae 000026b7 lui              x13, 0x2000         x13=00002000
13527662ns          237867 1c0089b0 f14027f3 csrrs            x15, x0, 0xf14      x15=00000002
13527682ns          237868 1c0089b4 f8068693 addi             x13, x13, -128      x13=00001f80 x13:00002000
13527702ns          237869 1c0089b8 00379713 slli             x14, x15, 0x3       x14=00000010 x15:00000002
13527722ns          237870 1c0089bc 00279793 slli             x15, x15, 0x2       x15=00000008 x15:00000002
13527742ns          237871 1c0089be 00d7f7b3 and              x15, x15, x13       x15=00000000 x15:00000008 x13:00001f80
13527762ns          237872 1c0089c0 ee873733 p.bclr           x14, x14, 23, 8     x14=00000010 x14:00000010
13527782ns          237873 1c0089c4 1a10f6b7 lui              x13, 0x1a10f000     x13=1a10f000
13527801ns          237874 1c0089c8 0ff57513 andi             x10, x10, 255       x10=0000006e x10:0000006e
13527821ns          237875 1c0089cc 00d70733 add              x14, x14, x13       x14=1a10f010 x14:00000010 x13:1a10f000
13527841ns          237876 1c0089ce 00a7e723 p.sw             x10, x0(x15)        x10:0000006e x15:00000000  PA:1a10f010
13528159ns          237892 1c0089d2 00000513 addi             x10, x0, 0          x10=00000000
13528179ns          237893 1c0089d4 00008067 jalr             x0, x1, 0            x1:1c008ae0
13528219ns          237895 1c008ae0 15f52c63 p.beqimm         x10, 344            x10:00000000
13528239ns          237896 1c008ae4 00140413 addi             x8, x8, 1            x8=00000020  x8:0000001f
13528259ns          237897 1c008ae6 0004c503 lbu              x10, 0(x9)          x10=0000003d  x9:1c000175  PA:1c000175
13528577ns          237913 1c008aea 00148493 addi             x9, x9, 1            x9=1c000176  x9:1c000175
13528597ns          237914 1c008aec fe0514e3 bne              x10, x0, -24        x10:0000003d
13528657ns          237917 1c008ad4 02500793 addi             x15, x0, 37         x15=00000025
13528677ns          237918 1c008ad8 04f50763 beq              x10, x15, 78        x10:0000003d x15:00000025
13528696ns          237919 1c008adc 017005b3 add              x11, x0, x23        x11=00000002 x23:00000002
13528716ns          237920 1c008ade 000c80e7 jalr             x1, x25, 0           x1=1c008ae0 x25:1c0089d6
13528756ns          237922 1c0089d6 fd9ff06f jal              x0, -40            
13528796ns          237924 1c0089ae 000026b7 lui              x13, 0x2000         x13=00002000
13528816ns          237925 1c0089b0 f14027f3 csrrs            x15, x0, 0xf14      x15=00000002
13528836ns          237926 1c0089b4 f8068693 addi             x13, x13, -128      x13=00001f80 x13:00002000
13528856ns          237927 1c0089b8 00379713 slli             x14, x15, 0x3       x14=00000010 x15:00000002
13528875ns          237928 1c0089bc 00279793 slli             x15, x15, 0x2       x15=00000008 x15:00000002
13528895ns          237929 1c0089be 00d7f7b3 and              x15, x15, x13       x15=00000000 x15:00000008 x13:00001f80
13528915ns          237930 1c0089c0 ee873733 p.bclr           x14, x14, 23, 8     x14=00000010 x14:00000010
13528935ns          237931 1c0089c4 1a10f6b7 lui              x13, 0x1a10f000     x13=1a10f000
13528955ns          237932 1c0089c8 0ff57513 andi             x10, x10, 255       x10=0000003d x10:0000003d
13528975ns          237933 1c0089cc 00d70733 add              x14, x14, x13       x14=1a10f010 x14:00000010 x13:1a10f000
13528995ns          237934 1c0089ce 00a7e723 p.sw             x10, x0(x15)        x10:0000003d x15:00000000  PA:1a10f010
13529313ns          237950 1c0089d2 00000513 addi             x10, x0, 0          x10=00000000
13529333ns          237951 1c0089d4 00008067 jalr             x0, x1, 0            x1:1c008ae0
13529373ns          237953 1c008ae0 15f52c63 p.beqimm         x10, 344            x10:00000000
13529392ns          237954 1c008ae4 00140413 addi             x8, x8, 1            x8=00000021  x8:00000020
13529412ns          237955 1c008ae6 0004c503 lbu              x10, 0(x9)          x10=00000030  x9:1c000176  PA:1c000176
13529711ns          237970 1c008aea 00148493 addi             x9, x9, 1            x9=1c000177  x9:1c000176
13529731ns          237971 1c008aec fe0514e3 bne              x10, x0, -24        x10:00000030
13529790ns          237974 1c008ad4 02500793 addi             x15, x0, 37         x15=00000025
13529810ns          237975 1c008ad8 04f50763 beq              x10, x15, 78        x10:00000030 x15:00000025
13529830ns          237976 1c008adc 017005b3 add              x11, x0, x23        x11=00000002 x23:00000002
13529850ns          237977 1c008ade 000c80e7 jalr             x1, x25, 0           x1=1c008ae0 x25:1c0089d6
13529890ns          237979 1c0089d6 fd9ff06f jal              x0, -40            
13529929ns          237981 1c0089ae 000026b7 lui              x13, 0x2000         x13=00002000
13529949ns          237982 1c0089b0 f14027f3 csrrs            x15, x0, 0xf14      x15=00000002
13529969ns          237983 1c0089b4 f8068693 addi             x13, x13, -128      x13=00001f80 x13:00002000
13529989ns          237984 1c0089b8 00379713 slli             x14, x15, 0x3       x14=00000010 x15:00000002
13530009ns          237985 1c0089bc 00279793 slli             x15, x15, 0x2       x15=00000008 x15:00000002
13530029ns          237986 1c0089be 00d7f7b3 and              x15, x15, x13       x15=00000000 x15:00000008 x13:00001f80
13530049ns          237987 1c0089c0 ee873733 p.bclr           x14, x14, 23, 8     x14=00000010 x14:00000010
13530069ns          237988 1c0089c4 1a10f6b7 lui              x13, 0x1a10f000     x13=1a10f000
13530089ns          237989 1c0089c8 0ff57513 andi             x10, x10, 255       x10=00000030 x10:00000030
13530108ns          237990 1c0089cc 00d70733 add              x14, x14, x13       x14=1a10f010 x14:00000010 x13:1a10f000
13530128ns          237991 1c0089ce 00a7e723 p.sw             x10, x0(x15)        x10:00000030 x15:00000000  PA:1a10f010
13530447ns          238007 1c0089d2 00000513 addi             x10, x0, 0          x10=00000000
13530466ns          238008 1c0089d4 00008067 jalr             x0, x1, 0            x1:1c008ae0
13530506ns          238010 1c008ae0 15f52c63 p.beqimm         x10, 344            x10:00000000
13530526ns          238011 1c008ae4 00140413 addi             x8, x8, 1            x8=00000022  x8:00000021
13530546ns          238012 1c008ae6 0004c503 lbu              x10, 0(x9)          x10=00000078  x9:1c000177  PA:1c000177
13530844ns          238027 1c008aea 00148493 addi             x9, x9, 1            x9=1c000178  x9:1c000177
13530864ns          238028 1c008aec fe0514e3 bne              x10, x0, -24        x10:00000078
13530924ns          238031 1c008ad4 02500793 addi             x15, x0, 37         x15=00000025
13530944ns          238032 1c008ad8 04f50763 beq              x10, x15, 78        x10:00000078 x15:00000025
13530964ns          238033 1c008adc 017005b3 add              x11, x0, x23        x11=00000002 x23:00000002
13530984ns          238034 1c008ade 000c80e7 jalr             x1, x25, 0           x1=1c008ae0 x25:1c0089d6
13531023ns          238036 1c0089d6 fd9ff06f jal              x0, -40            
13531063ns          238038 1c0089ae 000026b7 lui              x13, 0x2000         x13=00002000
13531083ns          238039 1c0089b0 f14027f3 csrrs            x15, x0, 0xf14      x15=00000002
13531103ns          238040 1c0089b4 f8068693 addi             x13, x13, -128      x13=00001f80 x13:00002000
13531123ns          238041 1c0089b8 00379713 slli             x14, x15, 0x3       x14=00000010 x15:00000002
13531143ns          238042 1c0089bc 00279793 slli             x15, x15, 0x2       x15=00000008 x15:00000002
13531163ns          238043 1c0089be 00d7f7b3 and              x15, x15, x13       x15=00000000 x15:00000008 x13:00001f80
13531182ns          238044 1c0089c0 ee873733 p.bclr           x14, x14, 23, 8     x14=00000010 x14:00000010
13531202ns          238045 1c0089c4 1a10f6b7 lui              x13, 0x1a10f000     x13=1a10f000
13531222ns          238046 1c0089c8 0ff57513 andi             x10, x10, 255       x10=00000078 x10:00000078
13531242ns          238047 1c0089cc 00d70733 add              x14, x14, x13       x14=1a10f010 x14:00000010 x13:1a10f000
13531262ns          238048 1c0089ce 00a7e723 p.sw             x10, x0(x15)        x10:00000078 x15:00000000  PA:1a10f010
13531580ns          238064 1c0089d2 00000513 addi             x10, x0, 0          x10=00000000
13531600ns          238065 1c0089d4 00008067 jalr             x0, x1, 0            x1:1c008ae0
13531640ns          238067 1c008ae0 15f52c63 p.beqimm         x10, 344            x10:00000000
13531660ns          238068 1c008ae4 00140413 addi             x8, x8, 1            x8=00000023  x8:00000022
13531680ns          238069 1c008ae6 0004c503 lbu              x10, 0(x9)          x10=00000025  x9:1c000178  PA:1c000178
13531978ns          238084 1c008aea 00148493 addi             x9, x9, 1            x9=1c000179  x9:1c000178
13531998ns          238085 1c008aec fe0514e3 bne              x10, x0, -24        x10:00000025
13532057ns          238088 1c008ad4 02500793 addi             x15, x0, 37         x15=00000025
13532077ns          238089 1c008ad8 04f50763 beq              x10, x15, 78        x10:00000025 x15:00000025
13532217ns          238096 1c008b26 0004cb03 lbu              x22, 0(x9)          x22=00000030  x9:1c000179  PA:1c000179
13532555ns          238113 1c008b2a 02000813 addi             x16, x0, 32         x16=00000020
13532575ns          238114 1c008b2e 00148a93 addi             x21, x9, 1          x21=1c00017a  x9:1c000179
13532594ns          238115 1c008b32 016005b3 add              x11, x0, x22        x11=00000030 x22:00000030
13532614ns          238116 1c008b34 2d8d8513 addi             x10, x27, 728       x10=1c0002d8 x27:1c000000
13532634ns          238117 1c008b38 01012823 sw               x16, 16(x2)         x16:00000020  x2:100031a8  PA:100031b8
13532654ns          238118 1c008b3a 00012c23 sw               x0, 24(x2)           x2:100031a8  PA:100031c0
13532674ns          238119 1c008b3c 00012a23 sw               x0, 20(x2)           x2:100031a8  PA:100031bc
13532694ns          238120 1c008b3e 00012e23 sw               x0, 28(x2)           x2:100031a8  PA:100031c4
13532714ns          238121 1c008b40 00012623 sw               x0, 12(x2)           x2:100031a8  PA:100031b4
13532734ns          238122 1c008b42 02300913 addi             x18, x0, 35         x18=00000023
13532754ns          238123 1c008b46 02d00a13 addi             x20, x0, 45         x20=0000002d
13532773ns          238124 1c008b4a 015009b3 add              x19, x0, x21        x19=1c00017a x21:1c00017a
13532793ns          238125 1c008b4c de3ff0ef jal              x1, -542             x1=1c008b4e
13532992ns          238135 1c00892e 00054783 lbu              x15, 0(x10)         x15=0000002d x10:1c0002d8  PA:1c0002d8
13533310ns          238151 1c008932 0ff5f593 andi             x11, x11, 255       x11=00000030 x11:00000030
13533330ns          238152 1c008936 00b78c63 beq              x15, x11, 24        x15:0000002d x11:00000030
13533350ns          238153 1c00893a 00078b63 beq              x15, x0, 22         x15:0000002d
13533370ns          238154 1c00893c 00150793 addi             x15, x10, 1         x15=1c0002d9 x10:1c0002d8
13533410ns          238156 1c008940 0040006f jal              x0, 4              
13533450ns          238158 1c008944 00f00533 add              x10, x0, x15        x10=1c0002d9 x15:1c0002d9
13533470ns          238159 1c008946 0017c70b p.lbu            x14, 1(x15!)        x14=0000002b x15=1c0002da x15:1c0002d9  PA:1c0002d9
13533808ns          238176 1c00894a feb71ce3 bne              x14, x11, -8        x14:0000002b x11:00000030
13533867ns          238179 1c008942 00070763 beq              x14, x0, 14         x14:0000002b
13533887ns          238180 1c008944 00f00533 add              x10, x0, x15        x10=1c0002da x15:1c0002da
13533907ns          238181 1c008946 0017c70b p.lbu            x14, 1(x15!)        x14=00000020 x15=1c0002db x15:1c0002da  PA:1c0002da
13534225ns          238197 1c00894a feb71ce3 bne              x14, x11, -8        x14:00000020 x11:00000030
13534285ns          238200 1c008942 00070763 beq              x14, x0, 14         x14:00000020
13534305ns          238201 1c008944 00f00533 add              x10, x0, x15        x10=1c0002db x15:1c0002db
13534325ns          238202 1c008946 0017c70b p.lbu            x14, 1(x15!)        x14=00000023 x15=1c0002dc x15:1c0002db  PA:1c0002db
13534643ns          238218 1c00894a feb71ce3 bne              x14, x11, -8        x14:00000023 x11:00000030
13534703ns          238221 1c008942 00070763 beq              x14, x0, 14         x14:00000023
13534722ns          238222 1c008944 00f00533 add              x10, x0, x15        x10=1c0002dc x15:1c0002dc
13534742ns          238223 1c008946 0017c70b p.lbu            x14, 1(x15!)        x14=00000030 x15=1c0002dd x15:1c0002dc  PA:1c0002dc
13535100ns          238241 1c00894a feb71ce3 bne              x14, x11, -8        x14:00000030 x11:00000030
13535120ns          238242 1c00894e 00008067 jalr             x0, x1, 0            x1:1c008b4e
13535160ns          238244 1c008b4e 02050a63 beq              x10, x0, 52         x10:1c0002dc
13535220ns          238247 1c008b50 112b0d63 beq              x22, x18, 282       x22:00000030 x18:00000023
13535259ns          238249 1c008b54 0f697463 bgeu             x18, x22, 232       x18:00000023 x22:00000030
13535279ns          238250 1c008b58 114b0563 beq              x22, x20, 266       x22:00000030 x20:0000002d
13535299ns          238251 1c008b5c 03000613 addi             x12, x0, 48         x12=00000030
13535359ns          238254 1c008b60 0ecb0c63 beq              x22, x12, 248       x22:00000030 x12:00000030
13535458ns          238259 1c008c58 03000713 addi             x14, x0, 48         x14=00000030
13535498ns          238261 1c008c5c 00e12823 sw               x14, 16(x2)         x14:00000030  x2:100031a8  PA:100031b8
13535518ns          238262 1c008c5e 015004b3 add              x9, x0, x21          x9=1c00017a x21:1c00017a
13535558ns          238264 1c008c60 f0fff06f jal              x0, -242           
13535657ns          238269 1c008b6e 0004cb03 lbu              x22, 0(x9)          x22=00000038  x9:1c00017a  PA:1c00017a
13535995ns          238286 1c008b72 00148a93 addi             x21, x9, 1          x21=1c00017b  x9:1c00017a
13536015ns          238287 1c008b76 016005b3 add              x11, x0, x22        x11=00000038 x22:00000038
13536035ns          238288 1c008b78 2d8d8513 addi             x10, x27, 728       x10=1c0002d8 x27:1c000000
13536055ns          238289 1c008b7c 015009b3 add              x19, x0, x21        x19=1c00017b x21:1c00017b
13536075ns          238290 1c008b7e db1ff0ef jal              x1, -592             x1=1c008b80
13536154ns          238294 1c00892e 00054783 lbu              x15, 0(x10)         x15=0000002d x10:1c0002d8  PA:1c0002d8
13536493ns          238311 1c008932 0ff5f593 andi             x11, x11, 255       x11=00000038 x11:00000038
13536512ns          238312 1c008936 00b78c63 beq              x15, x11, 24        x15:0000002d x11:00000038
13536532ns          238313 1c00893a 00078b63 beq              x15, x0, 22         x15:0000002d
13536552ns          238314 1c00893c 00150793 addi             x15, x10, 1         x15=1c0002d9 x10:1c0002d8
13536572ns          238315 1c008940 0040006f jal              x0, 4              
13536612ns          238317 1c008944 00f00533 add              x10, x0, x15        x10=1c0002d9 x15:1c0002d9
13536632ns          238318 1c008946 0017c70b p.lbu            x14, 1(x15!)        x14=0000002b x15=1c0002da x15:1c0002d9  PA:1c0002d9
13536950ns          238334 1c00894a feb71ce3 bne              x14, x11, -8        x14:0000002b x11:00000038
13537010ns          238337 1c008942 00070763 beq              x14, x0, 14         x14:0000002b
13537029ns          238338 1c008944 00f00533 add              x10, x0, x15        x10=1c0002da x15:1c0002da
13537049ns          238339 1c008946 0017c70b p.lbu            x14, 1(x15!)        x14=00000020 x15=1c0002db x15:1c0002da  PA:1c0002da
13537368ns          238355 1c00894a feb71ce3 bne              x14, x11, -8        x14:00000020 x11:00000038
13537427ns          238358 1c008942 00070763 beq              x14, x0, 14         x14:00000020
13537447ns          238359 1c008944 00f00533 add              x10, x0, x15        x10=1c0002db x15:1c0002db
13537467ns          238360 1c008946 0017c70b p.lbu            x14, 1(x15!)        x14=00000023 x15=1c0002dc x15:1c0002db  PA:1c0002db
13537825ns          238378 1c00894a feb71ce3 bne              x14, x11, -8        x14:00000023 x11:00000038
13537885ns          238381 1c008942 00070763 beq              x14, x0, 14         x14:00000023
13537905ns          238382 1c008944 00f00533 add              x10, x0, x15        x10=1c0002dc x15:1c0002dc
13537924ns          238383 1c008946 0017c70b p.lbu            x14, 1(x15!)        x14=00000030 x15=1c0002dd x15:1c0002dc  PA:1c0002dc
13538243ns          238399 1c00894a feb71ce3 bne              x14, x11, -8        x14:00000030 x11:00000038
13538302ns          238402 1c008942 00070763 beq              x14, x0, 14         x14:00000030
13538322ns          238403 1c008944 00f00533 add              x10, x0, x15        x10=1c0002dd x15:1c0002dd
13538342ns          238404 1c008946 0017c70b p.lbu            x14, 1(x15!)        x14=00000000 x15=1c0002de x15:1c0002dd  PA:1c0002dd
13538660ns          238420 1c00894a feb71ce3 bne              x14, x11, -8        x14:00000000 x11:00000038
13538720ns          238423 1c008942 00070763 beq              x14, x0, 14         x14:00000000
13538780ns          238426 1c008950 0015b593 sltiu            x11, x11, 1         x11=00000000 x11:00000038
13538800ns          238427 1c008954 40b005b3 sub              x11, x0, x11        x11=00000000 x11:00000000
13538819ns          238428 1c008958 00b57533 and              x10, x10, x11       x10=00000000 x10:1c0002dd x11:00000000
13538839ns          238429 1c00895a 00008067 jalr             x0, x1, 0            x1:1c008b80
13538939ns          238434 1c008b80 fc0518e3 bne              x10, x0, -48        x10:00000000
13538959ns          238435 1c008b82 02a00613 addi             x12, x0, 42         x12=0000002a
13538979ns          238436 1c008b86 10cb0863 beq              x22, x12, 272       x22:00000038 x12:0000002a
13538998ns          238437 1c008b8a fd0b0613 addi             x12, x22, -48       x12=00000008 x22:00000038
13539018ns          238438 1c008b8e 00900593 addi             x11, x0, 9          x11=00000009
13539058ns          238440 1c008b90 00000a13 addi             x20, x0, 0          x20=00000000
13539098ns          238442 1c008b92 0ec5f263 bgeu             x11, x12, 228       x11:00000009 x12:00000008
13539237ns          238449 1c008c76 002a1793 slli             x15, x20, 0x2       x15=00000000 x20:00000000
13539257ns          238450 1c008c7a 014787b3 add              x15, x15, x20       x15=00000000 x15:00000000 x20:00000000
13539277ns          238451 1c008c7c 00179793 slli             x15, x15, 0x1       x15=00000000 x15:00000000
13539297ns          238452 1c008c7e 016787b3 add              x15, x15, x22       x15=00000038 x15:00000000 x22:00000038
13539317ns          238453 1c008c80 000acb03 lbu              x22, 0(x21)         x22=00000078 x21:1c00017b  PA:1c00017b
13539635ns          238469 1c008c84 fd078a13 addi             x20, x15, -48       x20=00000008 x15:00000038
13539655ns          238470 1c008c88 fd0b0793 addi             x15, x22, -48       x15=00000048 x22:00000078
13539675ns          238471 1c008c8c fef5f3e3 bgeu             x11, x15, -26       x11:00000009 x15:00000048
13539694ns          238472 1c008c90 00248993 addi             x19, x9, 2          x19=1c00017c  x9:1c00017a
13539714ns          238473 1c008c94 0140006f jal              x0, 20             
13539794ns          238477 1c008ca8 0c800713 addi             x14, x0, 200        x14=000000c8
13539834ns          238479 1c008cac 04ea5a33 p.minu           x20, x20, x14       x20=00000008 x20:00000008 x14:000000c8
13539893ns          238482 1c008cb0 ee7ff06f jal              x0, -282           
13540013ns          238488 1c008b96 02e00713 addi             x14, x0, 46         x14=0000002e
13540033ns          238489 1c008b9a fff00a93 addi             x21, x0, -1         x21=ffffffff
13540052ns          238490 1c008b9c 14eb0563 beq              x22, x14, 330       x22:00000078 x14:0000002e
13540092ns          238492 1c008ba0 1c0007b7 lui              x15, 0x1c000000     x15=1c000000
13540132ns          238494 1c008ba4 016005b3 add              x11, x0, x22        x11=00000078 x22:00000078
13540152ns          238495 1c008ba6 2e078513 addi             x10, x15, 736       x10=1c0002e0 x15:1c000000
13540172ns          238496 1c008baa d85ff0ef jal              x1, -636             x1=1c008bac
13540391ns          238507 1c00892e 00054783 lbu              x15, 0(x10)         x15=00000068 x10:1c0002e0  PA:1c0002e0
13540709ns          238523 1c008932 0ff5f593 andi             x11, x11, 255       x11=00000078 x11:00000078
13540729ns          238524 1c008936 00b78c63 beq              x15, x11, 24        x15:00000068 x11:00000078
13540749ns          238525 1c00893a 00078b63 beq              x15, x0, 22         x15:00000068
13540768ns          238526 1c00893c 00150793 addi             x15, x10, 1         x15=1c0002e1 x10:1c0002e0
13540788ns          238527 1c008940 0040006f jal              x0, 4              
13540828ns          238529 1c008944 00f00533 add              x10, x0, x15        x10=1c0002e1 x15:1c0002e1
13540848ns          238530 1c008946 0017c70b p.lbu            x14, 1(x15!)        x14=0000006c x15=1c0002e2 x15:1c0002e1  PA:1c0002e1
13541166ns          238546 1c00894a feb71ce3 bne              x14, x11, -8        x14:0000006c x11:00000078
13541226ns          238549 1c008942 00070763 beq              x14, x0, 14         x14:0000006c
13541246ns          238550 1c008944 00f00533 add              x10, x0, x15        x10=1c0002e2 x15:1c0002e2
13541266ns          238551 1c008946 0017c70b p.lbu            x14, 1(x15!)        x14=0000004c x15=1c0002e3 x15:1c0002e2  PA:1c0002e2
13541584ns          238567 1c00894a feb71ce3 bne              x14, x11, -8        x14:0000004c x11:00000078
13541644ns          238570 1c008942 00070763 beq              x14, x0, 14         x14:0000004c
13541663ns          238571 1c008944 00f00533 add              x10, x0, x15        x10=1c0002e3 x15:1c0002e3
13541683ns          238572 1c008946 0017c70b p.lbu            x14, 1(x15!)        x14=0000007a x15=1c0002e4 x15:1c0002e3  PA:1c0002e3
13542001ns          238588 1c00894a feb71ce3 bne              x14, x11, -8        x14:0000007a x11:00000078
13542061ns          238591 1c008942 00070763 beq              x14, x0, 14         x14:0000007a
13542081ns          238592 1c008944 00f00533 add              x10, x0, x15        x10=1c0002e4 x15:1c0002e4
13542101ns          238593 1c008946 0017c70b p.lbu            x14, 1(x15!)        x14=00000000 x15=1c0002e5 x15:1c0002e4  PA:1c0002e4
13542419ns          238609 1c00894a feb71ce3 bne              x14, x11, -8        x14:00000000 x11:00000078
13542479ns          238612 1c008942 00070763 beq              x14, x0, 14         x14:00000000
13542538ns          238615 1c008950 0015b593 sltiu            x11, x11, 1         x11=00000000 x11:00000078
13542558ns          238616 1c008954 40b005b3 sub              x11, x0, x11        x11=00000000 x11:00000000
13542578ns          238617 1c008958 00b57533 and              x10, x10, x11       x10=00000000 x10:1c0002e4 x11:00000000
13542598ns          238618 1c00895a 00008067 jalr             x0, x1, 0            x1:1c008bac
13542638ns          238620 1c008bac 013004b3 add              x9, x0, x19          x9=1c00017c x19:1c00017c
13542658ns          238621 1c008bae 00050563 beq              x10, x0, 10         x10:00000000
13542717ns          238624 1c008bb8 06700713 addi             x14, x0, 103        x14=00000067
13542737ns          238625 1c008bbc 0f675b63 bge              x14, x22, 246       x14:00000067 x22:00000078
13542797ns          238628 1c008bc0 07000713 addi             x14, x0, 112        x14=00000070
13542837ns          238630 1c008bc4 72eb0a63 beq              x22, x14, 1844      x22:00000078 x14:00000070
13542857ns          238631 1c008bc8 15675363 bge              x14, x22, 326       x14:00000070 x22:00000078
13542877ns          238632 1c008bcc 07500713 addi             x14, x0, 117        x14=00000075
13542936ns          238635 1c008bd0 6eeb0963 beq              x22, x14, 1778      x22:00000078 x14:00000075
13542976ns          238637 1c008bd4 07800713 addi             x14, x0, 120        x14=00000078
13542996ns          238638 1c008bd8 5ceb0a63 beq              x22, x14, 1492      x22:00000078 x14:00000078
13543155ns          238646 1c0091ac 00c12803 lw               x16, 12(x2)         x16=00000000  x2:100031a8  PA:100031b4
13543235ns          238650 1c0091ae 004c0913 addi             x18, x24, 4         x18=10003304 x24:10003300
13543274ns          238652 1c0091b2 000c2583 lw               x11, 0(x24)         x11=c0de0002 x24:10003300  PA:10003300
13543294ns          238653 1c0091b6 015006b3 add              x13, x0, x21        x13=ffffffff x21:ffffffff
13543314ns          238654 1c0091b8 01000613 addi             x12, x0, 16         x12=00000010
13543334ns          238655 1c0091ba 18080e63 beq              x16, x0, 412        x16:00000000
13543453ns          238661 1c009356 01a00533 add              x10, x0, x26        x10=100031cc x26:100031cc
13543493ns          238663 1c009358 ecaff0ef jal              x1, -2358            x1=1c00935c
13543573ns          238667 1c008a22 00a00733 add              x14, x0, x10        x14=100031cc x10:100031cc
13543612ns          238669 1c008a24 00a007b3 add              x15, x0, x10        x15=100031cc x10:100031cc
13543632ns          238670 1c008a26 00900313 addi             x6, x0, 9            x6=00000009
13543652ns          238671 1c008a28 02c5f8b3 remu             x17, x11, x12       x17=00000002 x11:c0de0002 x12:00000010
13544249ns          238701 1c008a2c 0ff8f813 andi             x16, x17, 255       x16=00000002 x17:00000002
13544269ns          238702 1c008a30 00000513 addi             x10, x0, 0          x10=00000000
13544289ns          238703 1c008a32 02c5d5b3 divu             x11, x11, x12       x11=0c0de000 x11:c0de0002 x12:00000010
13544885ns          238733 1c008a36 03080813 addi             x16, x16, 48        x16=00000032 x16:00000002
13544905ns          238734 1c008a3a 01137463 bgeu             x6, x17, 8           x6:00000009 x17:00000002
13544965ns          238737 1c008a42 01050533 add              x10, x10, x16       x10=00000032 x10:00000000 x16:00000032
13544985ns          238738 1c008a44 00a780ab p.sb             x10, 1(x15!)        x15=100031cd x10:00000032 x15:100031cc  PA:100031cc
13545005ns          238739 1c008a48 fe0590e3 bne              x11, x0, -32        x11:0c0de000
13545124ns          238745 1c008a28 02c5f8b3 remu             x17, x11, x12       x17=00000000 x11:0c0de000 x12:00000010
13545721ns          238775 1c008a2c 0ff8f813 andi             x16, x17, 255       x16=00000000 x17:00000000
13545740ns          238776 1c008a30 00000513 addi             x10, x0, 0          x10=00000000
13545760ns          238777 1c008a32 02c5d5b3 divu             x11, x11, x12       x11=00c0de00 x11:0c0de000 x12:00000010
13546357ns          238807 1c008a36 03080813 addi             x16, x16, 48        x16=00000030 x16:00000000
13546377ns          238808 1c008a3a 01137463 bgeu             x6, x17, 8           x6:00000009 x17:00000000
13546437ns          238811 1c008a42 01050533 add              x10, x10, x16       x10=00000030 x10:00000000 x16:00000030
13546456ns          238812 1c008a44 00a780ab p.sb             x10, 1(x15!)        x15=100031ce x10:00000030 x15:100031cd  PA:100031cd
13546476ns          238813 1c008a48 fe0590e3 bne              x11, x0, -32        x11:00c0de00
13546536ns          238816 1c008a28 02c5f8b3 remu             x17, x11, x12       x17=00000000 x11:00c0de00 x12:00000010
13547133ns          238846 1c008a2c 0ff8f813 andi             x16, x17, 255       x16=00000000 x17:00000000
13547152ns          238847 1c008a30 00000513 addi             x10, x0, 0          x10=00000000
13547172ns          238848 1c008a32 02c5d5b3 divu             x11, x11, x12       x11=000c0de0 x11:00c0de00 x12:00000010
13547769ns          238878 1c008a36 03080813 addi             x16, x16, 48        x16=00000030 x16:00000000
13547789ns          238879 1c008a3a 01137463 bgeu             x6, x17, 8           x6:00000009 x17:00000000
13547849ns          238882 1c008a42 01050533 add              x10, x10, x16       x10=00000030 x10:00000000 x16:00000030
13547868ns          238883 1c008a44 00a780ab p.sb             x10, 1(x15!)        x15=100031cf x10:00000030 x15:100031ce  PA:100031ce
13547888ns          238884 1c008a48 fe0590e3 bne              x11, x0, -32        x11:000c0de0
13547948ns          238887 1c008a28 02c5f8b3 remu             x17, x11, x12       x17=00000000 x11:000c0de0 x12:00000010
13548545ns          238917 1c008a2c 0ff8f813 andi             x16, x17, 255       x16=00000000 x17:00000000
13548565ns          238918 1c008a30 00000513 addi             x10, x0, 0          x10=00000000
13548584ns          238919 1c008a32 02c5d5b3 divu             x11, x11, x12       x11=0000c0de x11:000c0de0 x12:00000010
13549181ns          238949 1c008a36 03080813 addi             x16, x16, 48        x16=00000030 x16:00000000
13549201ns          238950 1c008a3a 01137463 bgeu             x6, x17, 8           x6:00000009 x17:00000000
13549261ns          238953 1c008a42 01050533 add              x10, x10, x16       x10=00000030 x10:00000000 x16:00000030
13549280ns          238954 1c008a44 00a780ab p.sb             x10, 1(x15!)        x15=100031d0 x10:00000030 x15:100031cf  PA:100031cf
13549300ns          238955 1c008a48 fe0590e3 bne              x11, x0, -32        x11:0000c0de
13549360ns          238958 1c008a28 02c5f8b3 remu             x17, x11, x12       x17=0000000e x11:0000c0de x12:00000010
13549957ns          238988 1c008a2c 0ff8f813 andi             x16, x17, 255       x16=0000000e x17:0000000e
13549977ns          238989 1c008a30 00000513 addi             x10, x0, 0          x10=00000000
13549996ns          238990 1c008a32 02c5d5b3 divu             x11, x11, x12       x11=00000c0d x11:0000c0de x12:00000010
13550593ns          239020 1c008a36 03080813 addi             x16, x16, 48        x16=0000003e x16:0000000e
13550613ns          239021 1c008a3a 01137463 bgeu             x6, x17, 8           x6:00000009 x17:0000000e
13550633ns          239022 1c008a3e 02700513 addi             x10, x0, 39         x10=00000027
13550653ns          239023 1c008a42 01050533 add              x10, x10, x16       x10=00000065 x10:00000027 x16:0000003e
13550673ns          239024 1c008a44 00a780ab p.sb             x10, 1(x15!)        x15=100031d1 x10:00000065 x15:100031d0  PA:100031d0
13550693ns          239025 1c008a48 fe0590e3 bne              x11, x0, -32        x11:00000c0d
13550752ns          239028 1c008a28 02c5f8b3 remu             x17, x11, x12       x17=0000000d x11:00000c0d x12:00000010
13551349ns          239058 1c008a2c 0ff8f813 andi             x16, x17, 255       x16=0000000d x17:0000000d
13551369ns          239059 1c008a30 00000513 addi             x10, x0, 0          x10=00000000
13551389ns          239060 1c008a32 02c5d5b3 divu             x11, x11, x12       x11=000000c0 x11:00000c0d x12:00000010
13551985ns          239090 1c008a36 03080813 addi             x16, x16, 48        x16=0000003d x16:0000000d
13552005ns          239091 1c008a3a 01137463 bgeu             x6, x17, 8           x6:00000009 x17:0000000d
13552025ns          239092 1c008a3e 02700513 addi             x10, x0, 39         x10=00000027
13552045ns          239093 1c008a42 01050533 add              x10, x10, x16       x10=00000064 x10:00000027 x16:0000003d
13552065ns          239094 1c008a44 00a780ab p.sb             x10, 1(x15!)        x15=100031d2 x10:00000064 x15:100031d1  PA:100031d1
13552085ns          239095 1c008a48 fe0590e3 bne              x11, x0, -32        x11:000000c0
13552144ns          239098 1c008a28 02c5f8b3 remu             x17, x11, x12       x17=00000000 x11:000000c0 x12:00000010
13552741ns          239128 1c008a2c 0ff8f813 andi             x16, x17, 255       x16=00000000 x17:00000000
13552761ns          239129 1c008a30 00000513 addi             x10, x0, 0          x10=00000000
13552781ns          239130 1c008a32 02c5d5b3 divu             x11, x11, x12       x11=0000000c x11:000000c0 x12:00000010
13553377ns          239160 1c008a36 03080813 addi             x16, x16, 48        x16=00000030 x16:00000000
13553397ns          239161 1c008a3a 01137463 bgeu             x6, x17, 8           x6:00000009 x17:00000000
13553457ns          239164 1c008a42 01050533 add              x10, x10, x16       x10=00000030 x10:00000000 x16:00000030
13553477ns          239165 1c008a44 00a780ab p.sb             x10, 1(x15!)        x15=100031d3 x10:00000030 x15:100031d2  PA:100031d2
13553497ns          239166 1c008a48 fe0590e3 bne              x11, x0, -32        x11:0000000c
13553556ns          239169 1c008a28 02c5f8b3 remu             x17, x11, x12       x17=0000000c x11:0000000c x12:00000010
13554153ns          239199 1c008a2c 0ff8f813 andi             x16, x17, 255       x16=0000000c x17:0000000c
13554173ns          239200 1c008a30 00000513 addi             x10, x0, 0          x10=00000000
13554193ns          239201 1c008a32 02c5d5b3 divu             x11, x11, x12       x11=00000000 x11:0000000c x12:00000010
13554789ns          239231 1c008a36 03080813 addi             x16, x16, 48        x16=0000003c x16:0000000c
13554809ns          239232 1c008a3a 01137463 bgeu             x6, x17, 8           x6:00000009 x17:0000000c
13554829ns          239233 1c008a3e 02700513 addi             x10, x0, 39         x10=00000027
13554849ns          239234 1c008a42 01050533 add              x10, x10, x16       x10=00000063 x10:00000027 x16:0000003c
13554869ns          239235 1c008a44 00a780ab p.sb             x10, 1(x15!)        x15=100031d4 x10:00000063 x15:100031d3  PA:100031d3
13554889ns          239236 1c008a48 fe0590e3 bne              x11, x0, -32        x11:00000000
13554909ns          239237 1c008a4a 40e78533 sub              x10, x15, x14       x10=00000008 x15:100031d4 x14:100031cc
13554929ns          239238 1c008a4e 00d55d63 bge              x10, x13, 26        x10:00000008 x13:ffffffff
13555028ns          239243 1c008a68 fe078fab p.sb             x0, -1(x15!)        x15=100031d3 x15:100031d4  PA:100031d4
13555068ns          239245 1c008a6c 00f77c63 bgeu             x14, x15, 24        x14:100031cc x15:100031d3
13555128ns          239248 1c008a70 00074603 lbu              x12, 0(x14)         x12=00000032 x14:100031cc  PA:100031cc
13555167ns          239250 1c008a74 0007c683 lbu              x13, 0(x15)         x13=00000063 x15:100031d3  PA:100031d3
13555187ns          239251 1c008a78 fec78fab p.sb             x12, -1(x15!)       x15=100031d2 x12:00000032 x15:100031d3  PA:100031d3
13555207ns          239252 1c008a7c 00d700ab p.sb             x13, 1(x14!)        x14=100031cd x13:00000063 x14:100031cc  PA:100031cc
13555227ns          239253 1c008a80 fef768e3 bltu             x14, x15, -16       x14:100031cd x15:100031d2
13555287ns          239256 1c008a70 00074603 lbu              x12, 0(x14)         x12=00000030 x14:100031cd  PA:100031cd
13555307ns          239257 1c008a74 0007c683 lbu              x13, 0(x15)         x13=00000030 x15:100031d2  PA:100031d2
13555326ns          239258 1c008a78 fec78fab p.sb             x12, -1(x15!)       x15=100031d1 x12:00000030 x15:100031d2  PA:100031d2
13555346ns          239259 1c008a7c 00d700ab p.sb             x13, 1(x14!)        x14=100031ce x13:00000030 x14:100031cd  PA:100031cd
13555366ns          239260 1c008a80 fef768e3 bltu             x14, x15, -16       x14:100031ce x15:100031d1
13555426ns          239263 1c008a70 00074603 lbu              x12, 0(x14)         x12=00000030 x14:100031ce  PA:100031ce
13555446ns          239264 1c008a74 0007c683 lbu              x13, 0(x15)         x13=00000064 x15:100031d1  PA:100031d1
13555466ns          239265 1c008a78 fec78fab p.sb             x12, -1(x15!)       x15=100031d0 x12:00000030 x15:100031d1  PA:100031d1
13555486ns          239266 1c008a7c 00d700ab p.sb             x13, 1(x14!)        x14=100031cf x13:00000064 x14:100031ce  PA:100031ce
13555505ns          239267 1c008a80 fef768e3 bltu             x14, x15, -16       x14:100031cf x15:100031d0
13555565ns          239270 1c008a70 00074603 lbu              x12, 0(x14)         x12=00000030 x14:100031cf  PA:100031cf
13555585ns          239271 1c008a74 0007c683 lbu              x13, 0(x15)         x13=00000065 x15:100031d0  PA:100031d0
13555605ns          239272 1c008a78 fec78fab p.sb             x12, -1(x15!)       x15=100031cf x12:00000030 x15:100031d0  PA:100031d0
13555625ns          239273 1c008a7c 00d700ab p.sb             x13, 1(x14!)        x14=100031d0 x13:00000065 x14:100031cf  PA:100031cf
13555645ns          239274 1c008a80 fef768e3 bltu             x14, x15, -16       x14:100031d0 x15:100031cf
13555665ns          239275 1c008a84 00008067 jalr             x0, x1, 0            x1:1c00935c
13555704ns          239277 1c00935c 05800713 addi             x14, x0, 88         x14=00000058
13555764ns          239280 1c009360 00a009b3 add              x19, x0, x10        x19=00000008 x10:00000008
13555804ns          239282 1c009362 e6eb1fe3 bne              x22, x14, -386      x22:00000078 x14:00000058
13555903ns          239287 1c0091e0 0c800793 addi             x15, x0, 200        x15=000000c8
13555943ns          239289 1c0091e4 1bfaac63 p.beqimm         x21, 440            x21:ffffffff
13556042ns          239294 1c00939c 8937cee3 blt              x15, x19, -1892     x15:000000c8 x19:00000008
13556122ns          239298 1c0093a0 01200c33 add              x24, x0, x18        x24=10003304 x18:10003304
13556142ns          239299 1c0093a2 d71ff06f jal              x0, -656           
13556261ns          239305 1c009112 0f49c363 blt              x19, x20, 230       x19:00000008 x20:00000008
13556281ns          239306 1c009116 01300a33 add              x20, x0, x19        x20=00000008 x19:00000008
13556301ns          239307 1c009118 b00a11e3 bne              x20, x0, -1278      x20:00000008
13556440ns          239314 1c008c1a 01a00933 add              x18, x0, x26        x18=100031cc x26:100031cc
13556480ns          239316 1c008c1c 41a409b3 sub              x19, x8, x26        x19=efffce57  x8:00000023 x26:100031cc
13556500ns          239317 1c008c20 00a0006f jal              x0, 10             
13556560ns          239320 1c008c2a 0019450b p.lbu            x10, 1(x18!)        x10=00000063 x18=100031cd x18:100031cc  PA:100031cc
13556579ns          239321 1c008c2e 017005b3 add              x11, x0, x23        x11=00000002 x23:00000002
13556619ns          239323 1c008c30 000c80e7 jalr             x1, x25, 0           x1=1c008c32 x25:1c0089d6
13556659ns          239325 1c0089d6 fd9ff06f jal              x0, -40            
13556738ns          239329 1c0089ae 000026b7 lui              x13, 0x2000         x13=00002000
13556818ns          239333 1c0089b0 f14027f3 csrrs            x15, x0, 0xf14      x15=00000002
13556858ns          239335 1c0089b4 f8068693 addi             x13, x13, -128      x13=00001f80 x13:00002000
13556878ns          239336 1c0089b8 00379713 slli             x14, x15, 0x3       x14=00000010 x15:00000002
13556898ns          239337 1c0089bc 00279793 slli             x15, x15, 0x2       x15=00000008 x15:00000002
13556917ns          239338 1c0089be 00d7f7b3 and              x15, x15, x13       x15=00000000 x15:00000008 x13:00001f80
13556957ns          239340 1c0089c0 ee873733 p.bclr           x14, x14, 23, 8     x14=00000010 x14:00000010
13556997ns          239342 1c0089c4 1a10f6b7 lui              x13, 0x1a10f000     x13=1a10f000
13557017ns          239343 1c0089c8 0ff57513 andi             x10, x10, 255       x10=00000063 x10:00000063
13557037ns          239344 1c0089cc 00d70733 add              x14, x14, x13       x14=1a10f010 x14:00000010 x13:1a10f000
13557057ns          239345 1c0089ce 00a7e723 p.sw             x10, x0(x15)        x10:00000063 x15:00000000  PA:1a10f010
13557375ns          239361 1c0089d2 00000513 addi             x10, x0, 0          x10=00000000
13557395ns          239362 1c0089d4 00008067 jalr             x0, x1, 0            x1:1c008c32
13557435ns          239364 1c008c32 fffa0a13 addi             x20, x20, -1        x20=00000007 x20:00000008
13557454ns          239365 1c008c34 fff537e3 p.bneimm         x10, -18            x10:00000000
13557594ns          239372 1c008c22 01298433 add              x8, x19, x18         x8=00000024 x19:efffce57 x18:100031cd
13557614ns          239373 1c008c26 ea0a03e3 beq              x20, x0, -346       x20:00000007
13557633ns          239374 1c008c2a 0019450b p.lbu            x10, 1(x18!)        x10=00000030 x18=100031ce x18:100031cd  PA:100031cd
13557653ns          239375 1c008c2e 017005b3 add              x11, x0, x23        x11=00000002 x23:00000002
13557673ns          239376 1c008c30 000c80e7 jalr             x1, x25, 0           x1=1c008c32 x25:1c0089d6
13557713ns          239378 1c0089d6 fd9ff06f jal              x0, -40            
13557753ns          239380 1c0089ae 000026b7 lui              x13, 0x2000         x13=00002000
13557773ns          239381 1c0089b0 f14027f3 csrrs            x15, x0, 0xf14      x15=00000002
13557793ns          239382 1c0089b4 f8068693 addi             x13, x13, -128      x13=00001f80 x13:00002000
13557812ns          239383 1c0089b8 00379713 slli             x14, x15, 0x3       x14=00000010 x15:00000002
13557832ns          239384 1c0089bc 00279793 slli             x15, x15, 0x2       x15=00000008 x15:00000002
13557852ns          239385 1c0089be 00d7f7b3 and              x15, x15, x13       x15=00000000 x15:00000008 x13:00001f80
13557872ns          239386 1c0089c0 ee873733 p.bclr           x14, x14, 23, 8     x14=00000010 x14:00000010
13557892ns          239387 1c0089c4 1a10f6b7 lui              x13, 0x1a10f000     x13=1a10f000
13557912ns          239388 1c0089c8 0ff57513 andi             x10, x10, 255       x10=00000030 x10:00000030
13557932ns          239389 1c0089cc 00d70733 add              x14, x14, x13       x14=1a10f010 x14:00000010 x13:1a10f000
13557952ns          239390 1c0089ce 00a7e723 p.sw             x10, x0(x15)        x10:00000030 x15:00000000  PA:1a10f010
13558270ns          239406 1c0089d2 00000513 addi             x10, x0, 0          x10=00000000
13558290ns          239407 1c0089d4 00008067 jalr             x0, x1, 0            x1:1c008c32
13558330ns          239409 1c008c32 fffa0a13 addi             x20, x20, -1        x20=00000006 x20:00000007
13558349ns          239410 1c008c34 fff537e3 p.bneimm         x10, -18            x10:00000000
13558429ns          239414 1c008c22 01298433 add              x8, x19, x18         x8=00000025 x19:efffce57 x18:100031ce
13558449ns          239415 1c008c26 ea0a03e3 beq              x20, x0, -346       x20:00000006
13558469ns          239416 1c008c2a 0019450b p.lbu            x10, 1(x18!)        x10=00000064 x18=100031cf x18:100031ce  PA:100031ce
13558489ns          239417 1c008c2e 017005b3 add              x11, x0, x23        x11=00000002 x23:00000002
13558509ns          239418 1c008c30 000c80e7 jalr             x1, x25, 0           x1=1c008c32 x25:1c0089d6
13558548ns          239420 1c0089d6 fd9ff06f jal              x0, -40            
13558588ns          239422 1c0089ae 000026b7 lui              x13, 0x2000         x13=00002000
13558608ns          239423 1c0089b0 f14027f3 csrrs            x15, x0, 0xf14      x15=00000002
13558628ns          239424 1c0089b4 f8068693 addi             x13, x13, -128      x13=00001f80 x13:00002000
13558648ns          239425 1c0089b8 00379713 slli             x14, x15, 0x3       x14=00000010 x15:00000002
13558668ns          239426 1c0089bc 00279793 slli             x15, x15, 0x2       x15=00000008 x15:00000002
13558688ns          239427 1c0089be 00d7f7b3 and              x15, x15, x13       x15=00000000 x15:00000008 x13:00001f80
13558707ns          239428 1c0089c0 ee873733 p.bclr           x14, x14, 23, 8     x14=00000010 x14:00000010
13558727ns          239429 1c0089c4 1a10f6b7 lui              x13, 0x1a10f000     x13=1a10f000
13558747ns          239430 1c0089c8 0ff57513 andi             x10, x10, 255       x10=00000064 x10:00000064
13558767ns          239431 1c0089cc 00d70733 add              x14, x14, x13       x14=1a10f010 x14:00000010 x13:1a10f000
13558787ns          239432 1c0089ce 00a7e723 p.sw             x10, x0(x15)        x10:00000064 x15:00000000  PA:1a10f010
13559105ns          239448 1c0089d2 00000513 addi             x10, x0, 0          x10=00000000
13559125ns          239449 1c0089d4 00008067 jalr             x0, x1, 0            x1:1c008c32
13559165ns          239451 1c008c32 fffa0a13 addi             x20, x20, -1        x20=00000005 x20:00000006
13559185ns          239452 1c008c34 fff537e3 p.bneimm         x10, -18            x10:00000000
13559264ns          239456 1c008c22 01298433 add              x8, x19, x18         x8=00000026 x19:efffce57 x18:100031cf
13559284ns          239457 1c008c26 ea0a03e3 beq              x20, x0, -346       x20:00000005
13559304ns          239458 1c008c2a 0019450b p.lbu            x10, 1(x18!)        x10=00000065 x18=100031d0 x18:100031cf  PA:100031cf
13559324ns          239459 1c008c2e 017005b3 add              x11, x0, x23        x11=00000002 x23:00000002
13559344ns          239460 1c008c30 000c80e7 jalr             x1, x25, 0           x1=1c008c32 x25:1c0089d6
13559384ns          239462 1c0089d6 fd9ff06f jal              x0, -40            
13559423ns          239464 1c0089ae 000026b7 lui              x13, 0x2000         x13=00002000
13559443ns          239465 1c0089b0 f14027f3 csrrs            x15, x0, 0xf14      x15=00000002
13559463ns          239466 1c0089b4 f8068693 addi             x13, x13, -128      x13=00001f80 x13:00002000
13559483ns          239467 1c0089b8 00379713 slli             x14, x15, 0x3       x14=00000010 x15:00000002
13559503ns          239468 1c0089bc 00279793 slli             x15, x15, 0x2       x15=00000008 x15:00000002
13559523ns          239469 1c0089be 00d7f7b3 and              x15, x15, x13       x15=00000000 x15:00000008 x13:00001f80
13559543ns          239470 1c0089c0 ee873733 p.bclr           x14, x14, 23, 8     x14=00000010 x14:00000010
13559563ns          239471 1c0089c4 1a10f6b7 lui              x13, 0x1a10f000     x13=1a10f000
13559582ns          239472 1c0089c8 0ff57513 andi             x10, x10, 255       x10=00000065 x10:00000065
13559602ns          239473 1c0089cc 00d70733 add              x14, x14, x13       x14=1a10f010 x14:00000010 x13:1a10f000
13559622ns          239474 1c0089ce 00a7e723 p.sw             x10, x0(x15)        x10:00000065 x15:00000000  PA:1a10f010
13559940ns          239490 1c0089d2 00000513 addi             x10, x0, 0          x10=00000000
13559960ns          239491 1c0089d4 00008067 jalr             x0, x1, 0            x1:1c008c32
13560000ns          239493 1c008c32 fffa0a13 addi             x20, x20, -1        x20=00000004 x20:00000005
13560020ns          239494 1c008c34 fff537e3 p.bneimm         x10, -18            x10:00000000
13560100ns          239498 1c008c22 01298433 add              x8, x19, x18         x8=00000027 x19:efffce57 x18:100031d0
13560119ns          239499 1c008c26 ea0a03e3 beq              x20, x0, -346       x20:00000004
13560139ns          239500 1c008c2a 0019450b p.lbu            x10, 1(x18!)        x10=00000030 x18=100031d1 x18:100031d0  PA:100031d0
13560159ns          239501 1c008c2e 017005b3 add              x11, x0, x23        x11=00000002 x23:00000002
13560179ns          239502 1c008c30 000c80e7 jalr             x1, x25, 0           x1=1c008c32 x25:1c0089d6
13560219ns          239504 1c0089d6 fd9ff06f jal              x0, -40            
13560259ns          239506 1c0089ae 000026b7 lui              x13, 0x2000         x13=00002000
13560279ns          239507 1c0089b0 f14027f3 csrrs            x15, x0, 0xf14      x15=00000002
13560298ns          239508 1c0089b4 f8068693 addi             x13, x13, -128      x13=00001f80 x13:00002000
13560318ns          239509 1c0089b8 00379713 slli             x14, x15, 0x3       x14=00000010 x15:00000002
13560338ns          239510 1c0089bc 00279793 slli             x15, x15, 0x2       x15=00000008 x15:00000002
13560358ns          239511 1c0089be 00d7f7b3 and              x15, x15, x13       x15=00000000 x15:00000008 x13:00001f80
13560378ns          239512 1c0089c0 ee873733 p.bclr           x14, x14, 23, 8     x14=00000010 x14:00000010
13560398ns          239513 1c0089c4 1a10f6b7 lui              x13, 0x1a10f000     x13=1a10f000
13560418ns          239514 1c0089c8 0ff57513 andi             x10, x10, 255       x10=00000030 x10:00000030
13560438ns          239515 1c0089cc 00d70733 add              x14, x14, x13       x14=1a10f010 x14:00000010 x13:1a10f000
13560458ns          239516 1c0089ce 00a7e723 p.sw             x10, x0(x15)        x10:00000030 x15:00000000  PA:1a10f010
13560776ns          239532 1c0089d2 00000513 addi             x10, x0, 0          x10=00000000
13560796ns          239533 1c0089d4 00008067 jalr             x0, x1, 0            x1:1c008c32
13560835ns          239535 1c008c32 fffa0a13 addi             x20, x20, -1        x20=00000003 x20:00000004
13560855ns          239536 1c008c34 fff537e3 p.bneimm         x10, -18            x10:00000000
13560935ns          239540 1c008c22 01298433 add              x8, x19, x18         x8=00000028 x19:efffce57 x18:100031d1
13560955ns          239541 1c008c26 ea0a03e3 beq              x20, x0, -346       x20:00000003
13560975ns          239542 1c008c2a 0019450b p.lbu            x10, 1(x18!)        x10=00000030 x18=100031d2 x18:100031d1  PA:100031d1
13560995ns          239543 1c008c2e 017005b3 add              x11, x0, x23        x11=00000002 x23:00000002
13561014ns          239544 1c008c30 000c80e7 jalr             x1, x25, 0           x1=1c008c32 x25:1c0089d6
13561054ns          239546 1c0089d6 fd9ff06f jal              x0, -40            
13561094ns          239548 1c0089ae 000026b7 lui              x13, 0x2000         x13=00002000
13561114ns          239549 1c0089b0 f14027f3 csrrs            x15, x0, 0xf14      x15=00000002
13561134ns          239550 1c0089b4 f8068693 addi             x13, x13, -128      x13=00001f80 x13:00002000
13561154ns          239551 1c0089b8 00379713 slli             x14, x15, 0x3       x14=00000010 x15:00000002
13561174ns          239552 1c0089bc 00279793 slli             x15, x15, 0x2       x15=00000008 x15:00000002
13561193ns          239553 1c0089be 00d7f7b3 and              x15, x15, x13       x15=00000000 x15:00000008 x13:00001f80
13561213ns          239554 1c0089c0 ee873733 p.bclr           x14, x14, 23, 8     x14=00000010 x14:00000010
13561233ns          239555 1c0089c4 1a10f6b7 lui              x13, 0x1a10f000     x13=1a10f000
13561253ns          239556 1c0089c8 0ff57513 andi             x10, x10, 255       x10=00000030 x10:00000030
13561273ns          239557 1c0089cc 00d70733 add              x14, x14, x13       x14=1a10f010 x14:00000010 x13:1a10f000
13561293ns          239558 1c0089ce 00a7e723 p.sw             x10, x0(x15)        x10:00000030 x15:00000000  PA:1a10f010
13561611ns          239574 1c0089d2 00000513 addi             x10, x0, 0          x10=00000000
13561631ns          239575 1c0089d4 00008067 jalr             x0, x1, 0            x1:1c008c32
13561671ns          239577 1c008c32 fffa0a13 addi             x20, x20, -1        x20=00000002 x20:00000003
13561691ns          239578 1c008c34 fff537e3 p.bneimm         x10, -18            x10:00000000
13561770ns          239582 1c008c22 01298433 add              x8, x19, x18         x8=00000029 x19:efffce57 x18:100031d2
13561790ns          239583 1c008c26 ea0a03e3 beq              x20, x0, -346       x20:00000002
13561810ns          239584 1c008c2a 0019450b p.lbu            x10, 1(x18!)        x10=00000030 x18=100031d3 x18:100031d2  PA:100031d2
13561830ns          239585 1c008c2e 017005b3 add              x11, x0, x23        x11=00000002 x23:00000002
13561850ns          239586 1c008c30 000c80e7 jalr             x1, x25, 0           x1=1c008c32 x25:1c0089d6
13561889ns          239588 1c0089d6 fd9ff06f jal              x0, -40            
13561929ns          239590 1c0089ae 000026b7 lui              x13, 0x2000         x13=00002000
13561949ns          239591 1c0089b0 f14027f3 csrrs            x15, x0, 0xf14      x15=00000002
13561969ns          239592 1c0089b4 f8068693 addi             x13, x13, -128      x13=00001f80 x13:00002000
13561989ns          239593 1c0089b8 00379713 slli             x14, x15, 0x3       x14=00000010 x15:00000002
13562009ns          239594 1c0089bc 00279793 slli             x15, x15, 0x2       x15=00000008 x15:00000002
13562029ns          239595 1c0089be 00d7f7b3 and              x15, x15, x13       x15=00000000 x15:00000008 x13:00001f80
13562049ns          239596 1c0089c0 ee873733 p.bclr           x14, x14, 23, 8     x14=00000010 x14:00000010
13562068ns          239597 1c0089c4 1a10f6b7 lui              x13, 0x1a10f000     x13=1a10f000
13562088ns          239598 1c0089c8 0ff57513 andi             x10, x10, 255       x10=00000030 x10:00000030
13562108ns          239599 1c0089cc 00d70733 add              x14, x14, x13       x14=1a10f010 x14:00000010 x13:1a10f000
13562128ns          239600 1c0089ce 00a7e723 p.sw             x10, x0(x15)        x10:00000030 x15:00000000  PA:1a10f010
13562446ns          239616 1c0089d2 00000513 addi             x10, x0, 0          x10=00000000
13562466ns          239617 1c0089d4 00008067 jalr             x0, x1, 0            x1:1c008c32
13562506ns          239619 1c008c32 fffa0a13 addi             x20, x20, -1        x20=00000001 x20:00000002
13562526ns          239620 1c008c34 fff537e3 p.bneimm         x10, -18            x10:00000000
13562605ns          239624 1c008c22 01298433 add              x8, x19, x18         x8=0000002a x19:efffce57 x18:100031d3
13562625ns          239625 1c008c26 ea0a03e3 beq              x20, x0, -346       x20:00000001
13562645ns          239626 1c008c2a 0019450b p.lbu            x10, 1(x18!)        x10=00000032 x18=100031d4 x18:100031d3  PA:100031d3
13562665ns          239627 1c008c2e 017005b3 add              x11, x0, x23        x11=00000002 x23:00000002
13562685ns          239628 1c008c30 000c80e7 jalr             x1, x25, 0           x1=1c008c32 x25:1c0089d6
13562725ns          239630 1c0089d6 fd9ff06f jal              x0, -40            
13562765ns          239632 1c0089ae 000026b7 lui              x13, 0x2000         x13=00002000
13562784ns          239633 1c0089b0 f14027f3 csrrs            x15, x0, 0xf14      x15=00000002
13562804ns          239634 1c0089b4 f8068693 addi             x13, x13, -128      x13=00001f80 x13:00002000
13562824ns          239635 1c0089b8 00379713 slli             x14, x15, 0x3       x14=00000010 x15:00000002
13562844ns          239636 1c0089bc 00279793 slli             x15, x15, 0x2       x15=00000008 x15:00000002
13562864ns          239637 1c0089be 00d7f7b3 and              x15, x15, x13       x15=00000000 x15:00000008 x13:00001f80
13562884ns          239638 1c0089c0 ee873733 p.bclr           x14, x14, 23, 8     x14=00000010 x14:00000010
13562904ns          239639 1c0089c4 1a10f6b7 lui              x13, 0x1a10f000     x13=1a10f000
13562924ns          239640 1c0089c8 0ff57513 andi             x10, x10, 255       x10=00000032 x10:00000032
13562944ns          239641 1c0089cc 00d70733 add              x14, x14, x13       x14=1a10f010 x14:00000010 x13:1a10f000
13562963ns          239642 1c0089ce 00a7e723 p.sw             x10, x0(x15)        x10:00000032 x15:00000000  PA:1a10f010
13563282ns          239658 1c0089d2 00000513 addi             x10, x0, 0          x10=00000000
13563302ns          239659 1c0089d4 00008067 jalr             x0, x1, 0            x1:1c008c32
13563341ns          239661 1c008c32 fffa0a13 addi             x20, x20, -1        x20=00000000 x20:00000001
13563361ns          239662 1c008c34 fff537e3 p.bneimm         x10, -18            x10:00000000
13563441ns          239666 1c008c22 01298433 add              x8, x19, x18         x8=0000002b x19:efffce57 x18:100031d4
13563461ns          239667 1c008c26 ea0a03e3 beq              x20, x0, -346       x20:00000000
13563560ns          239672 1c008acc 0004c503 lbu              x10, 0(x9)          x10=0000000a  x9:1c00017c  PA:1c00017c
13563878ns          239688 1c008ad0 00148493 addi             x9, x9, 1            x9=1c00017d  x9:1c00017c
13563898ns          239689 1c008ad2 00050e63 beq              x10, x0, 28         x10:0000000a
13563918ns          239690 1c008ad4 02500793 addi             x15, x0, 37         x15=00000025
13563938ns          239691 1c008ad8 04f50763 beq              x10, x15, 78        x10:0000000a x15:00000025
13563958ns          239692 1c008adc 017005b3 add              x11, x0, x23        x11=00000002 x23:00000002
13563978ns          239693 1c008ade 000c80e7 jalr             x1, x25, 0           x1=1c008ae0 x25:1c0089d6
13564037ns          239696 1c0089d6 fd9ff06f jal              x0, -40            
13564077ns          239698 1c0089ae 000026b7 lui              x13, 0x2000         x13=00002000
13564097ns          239699 1c0089b0 f14027f3 csrrs            x15, x0, 0xf14      x15=00000002
13564117ns          239700 1c0089b4 f8068693 addi             x13, x13, -128      x13=00001f80 x13:00002000
13564137ns          239701 1c0089b8 00379713 slli             x14, x15, 0x3       x14=00000010 x15:00000002
13564157ns          239702 1c0089bc 00279793 slli             x15, x15, 0x2       x15=00000008 x15:00000002
13564177ns          239703 1c0089be 00d7f7b3 and              x15, x15, x13       x15=00000000 x15:00000008 x13:00001f80
13564196ns          239704 1c0089c0 ee873733 p.bclr           x14, x14, 23, 8     x14=00000010 x14:00000010
13564216ns          239705 1c0089c4 1a10f6b7 lui              x13, 0x1a10f000     x13=1a10f000
13564236ns          239706 1c0089c8 0ff57513 andi             x10, x10, 255       x10=0000000a x10:0000000a
13564256ns          239707 1c0089cc 00d70733 add              x14, x14, x13       x14=1a10f010 x14:00000010 x13:1a10f000
13564276ns          239708 1c0089ce 00a7e723 p.sw             x10, x0(x15)        x10:0000000a x15:00000000  PA:1a10f010
13564594ns          239724 1c0089d2 00000513 addi             x10, x0, 0          x10=00000000
13564614ns          239725 1c0089d4 00008067 jalr             x0, x1, 0            x1:1c008ae0
13564654ns          239727 1c008ae0 15f52c63 p.beqimm         x10, 344            x10:00000000
13564674ns          239728 1c008ae4 00140413 addi             x8, x8, 1            x8=0000002c  x8:0000002b
13564694ns          239729 1c008ae6 0004c503 lbu              x10, 0(x9)          x10=00000000  x9:1c00017d  PA:1c00017d
13564992ns          239744 1c008aea 00148493 addi             x9, x9, 1            x9=1c00017e  x9:1c00017d
13565012ns          239745 1c008aec fe0514e3 bne              x10, x0, -24        x10:00000000
13565032ns          239746 1c008aee 00800533 add              x10, x0, x8         x10=0000002c  x8:0000002c
13565052ns          239747 1c008af0 12c12083 lw               x1, 300(x2)          x1=1c008a1c  x2:100031a8  PA:100032d4
13565072ns          239748 1c008af4 12812403 lw               x8, 296(x2)          x8=00000002  x2:100031a8  PA:100032d0
13565091ns          239749 1c008af8 12412483 lw               x9, 292(x2)          x9=002040c0  x2:100031a8  PA:100032cc
13565111ns          239750 1c008afc 12012903 lw               x18, 288(x2)        x18=xxxxxxxx  x2:100031a8  PA:100032c8
13565151ns          239752 1c008b00 11c12983 lw               x19, 284(x2)        x19=xxxxxxxx  x2:100031a8  PA:100032c4
13565191ns          239754 1c008b04 11812a03 lw               x20, 280(x2)        x20=xxxxxxxx  x2:100031a8  PA:100032c0
13565211ns          239755 1c008b08 11412a83 lw               x21, 276(x2)        x21=xxxxxxxx  x2:100031a8  PA:100032bc
13565231ns          239756 1c008b0c 11012b03 lw               x22, 272(x2)        x22=xxxxxxxx  x2:100031a8  PA:100032b8
13565290ns          239759 1c008b10 10c12b83 lw               x23, 268(x2)        x23=xxxxxxxx  x2:100031a8  PA:100032b4
13565330ns          239761 1c008b14 10812c03 lw               x24, 264(x2)        x24=xxxxxxxx  x2:100031a8  PA:100032b0
13565350ns          239762 1c008b18 10412c83 lw               x25, 260(x2)        x25=xxxxxxxx  x2:100031a8  PA:100032ac
13565370ns          239763 1c008b1c 10012d03 lw               x26, 256(x2)        x26=xxxxxxxx  x2:100031a8  PA:100032a8
13565430ns          239766 1c008b20 0fc12d83 lw               x27, 252(x2)        x27=xxxxxxxx  x2:100031a8  PA:100032a4
13565449ns          239767 1c008b22 13010113 addi             x2, x2, 304          x2=100032d8  x2:100031a8
13565469ns          239768 1c008b24 00008067 jalr             x0, x1, 0            x1:1c008a1c
13565549ns          239772 1c008a1c 01c12083 lw               x1, 28(x2)           x1=1c00832c  x2:100032d8  PA:100032f4
13565569ns          239773 1c008a1e 04010113 addi             x2, x2, 64           x2=10003318  x2:100032d8
13565628ns          239776 1c008a20 00008067 jalr             x0, x1, 0            x1:1c00832c
13565708ns          239780 1c00832c 0004a023 sw               x0, 0(x9)            x9:002040c0  PA:002040c0
13565788ns          239784 1c008330 6b6010ef jal              x1, 5814             x1=1c008334
13565907ns          239790 1c0099e6 f14027f3 csrrs            x15, x0, 0xf14      x15=00000002
13565927ns          239791 1c0099ea 01f00713 addi             x14, x0, 31         x14=0000001f
13565947ns          239792 1c0099ec ca5797b3 p.extractu       x15, x15, 5, 5      x15=00000000 x15:00000002
13565967ns          239793 1c0099f0 00e78863 beq              x15, x14, 16        x15:00000000 x14:0000001f
13565986ns          239794 1c0099f4 002047b7 lui              x15, 0x204000       x15=00204000
13566006ns          239795 1c0099f8 20078793 addi             x15, x15, 512       x15=00204200 x15:00204000
13566026ns          239796 1c0099fc 01c7e703 p.elw            x14, 28(x15)        x14=00010000 x15:00204200  PA:0020421c
13998153ns          261524 1c009a00 00008067 jalr             x0, x1, 0            x1:1c008334
13998192ns          261526 1c008334 00041b63 bne              x8, x0, 22           x8:00000002
13998789ns          261556 1c00834a 00c12083 lw               x1, 12(x2)           x1=1c0086e2  x2:10003318  PA:10003324
13998829ns          261558 1c00834c 00812403 lw               x8, 8(x2)            x8=00000002  x2:10003318  PA:10003320
13998849ns          261559 1c00834e 00412483 lw               x9, 4(x2)            x9=xxxxxxxx  x2:10003318  PA:1000331c
13998968ns          261565 1c008350 00000513 addi             x10, x0, 0          x10=00000000
13998988ns          261566 1c008352 01010113 addi             x2, x2, 16           x2=10003328  x2:10003318
13999008ns          261567 1c008354 00008067 jalr             x0, x1, 0            x1:1c0086e2
13999386ns          261586 1c0086e2 00800533 add              x10, x0, x8         x10=00000002  x8:00000002
13999425ns          261588 1c0086e4 eedff0ef jal              x1, -276             x1=1c0086e6
13999903ns          261612 1c0085d0 ff010113 addi             x2, x2, -16          x2=10003318  x2:10003328
13999923ns          261613 1c0085d2 00912223 sw               x9, 4(x2)            x9:xxxxxxxx  x2:10003318  PA:1000331c
13999943ns          261614 1c0085d4 00112623 sw               x1, 12(x2)           x1:1c0086e6  x2:10003318  PA:10003324
13999962ns          261615 1c0085d6 00812423 sw               x8, 8(x2)            x8:00000002  x2:10003318  PA:10003320
13999982ns          261616 1c0085d8 01212023 sw               x18, 0(x2)          x18:xxxxxxxx  x2:10003318  PA:10003318
14000002ns          261617 1c0085da 00a004b3 add              x9, x0, x10          x9=00000002 x10:00000002
14000022ns          261618 1c0085dc 08050663 beq              x10, x0, 140        x10:00000002
14000440ns          261639 1c0085de 408010ef jal              x1, 5128             x1=1c0085e2
14000619ns          261648 1c0099e6 f14027f3 csrrs            x15, x0, 0xf14      x15=00000002
14000639ns          261649 1c0099ea 01f00713 addi             x14, x0, 31         x14=0000001f
14000659ns          261650 1c0099ec ca5797b3 p.extractu       x15, x15, 5, 5      x15=00000000 x15:00000002
14000678ns          261651 1c0099f0 00e78863 beq              x15, x14, 16        x15:00000000 x14:0000001f
14000698ns          261652 1c0099f4 002047b7 lui              x15, 0x204000       x15=00204000
14000718ns          261653 1c0099f8 20078793 addi             x15, x15, 512       x15=00204200 x15:00204000
14000738ns          261654 1c0099fc 01c7e703 p.elw            x14, 28(x15)        x14=00010000 x15:00204200  PA:0020421c
14143567ns          268789 1c009a00 00008067 jalr             x0, x1, 0            x1:1c0085e2
14143627ns          268792 1c0085e2 00148713 addi             x14, x9, 1          x14=00000003  x9:00000002
14143647ns          268793 1c0085e6 f8373733 p.bclr           x14, x14, 28, 3     x14=00000003 x14:00000003
14143667ns          268794 1c0085ea 10000437 lui              x8, 0x10000000       x8=10000000
14144269ns          268824 1c0085ee 01871513 slli             x10, x14, 0x18      x10=03000000 x14:00000003
14144309ns          268826 1c0085f2 005a06b7 lui              x13, 0x5a0000       x13=005a0000
14144329ns          268827 1c0085f6 02040413 addi             x8, x8, 32           x8=10000020  x8:10000000
14144349ns          268828 1c0085fa 0105d0fb lp.setupi        0x1, 0x10, 0xb     
14144770ns          268849 1c0085fe 00271793 slli             x15, x14, 0x2       x15=0000000c x14:00000003
14144790ns          268850 1c008602 008787b3 add              x15, x15, x8        x15=1000002c x15:0000000c  x8:10000020
14144811ns          268851 1c008604 0207a583 lw               x11, 32(x15)        x11=035a0000 x15:1000002c  PA:1000004c
14144831ns          268852 1c008606 00d567b3 or               x15, x10, x13       x15=035a0000 x10:03000000 x13:005a0000
14144851ns          268853 1c00860a 00f59663 bne              x11, x15, 12        x11:035a0000 x15:035a0000
14144871ns          268854 1c00860e 00168693 addi             x13, x13, 1         x13=005a0001 x13:005a0000
14145312ns          268876 1c008610 00870713 addi             x14, x14, 8         x14=0000000b x14:00000003
14145372ns          268879 1c0085fe 00271793 slli             x15, x14, 0x2       x15=0000002c x14:0000000b
14145392ns          268880 1c008602 008787b3 add              x15, x15, x8        x15=1000004c x15:0000002c  x8:10000020
14145412ns          268881 1c008604 0207a583 lw               x11, 32(x15)        x11=035a0001 x15:1000004c  PA:1000006c
14145433ns          268882 1c008606 00d567b3 or               x15, x10, x13       x15=035a0001 x10:03000000 x13:005a0001
14145453ns          268883 1c00860a 00f59663 bne              x11, x15, 12        x11:035a0001 x15:035a0001
14145473ns          268884 1c00860e 00168693 addi             x13, x13, 1         x13=005a0002 x13:005a0001
14145493ns          268885 1c008610 00870713 addi             x14, x14, 8         x14=00000013 x14:0000000b
14145533ns          268887 1c0085fe 00271793 slli             x15, x14, 0x2       x15=0000004c x14:00000013
14145553ns          268888 1c008602 008787b3 add              x15, x15, x8        x15=1000006c x15:0000004c  x8:10000020
14145573ns          268889 1c008604 0207a583 lw               x11, 32(x15)        x11=035a0002 x15:1000006c  PA:1000008c
14145593ns          268890 1c008606 00d567b3 or               x15, x10, x13       x15=035a0002 x10:03000000 x13:005a0002
14145613ns          268891 1c00860a 00f59663 bne              x11, x15, 12        x11:035a0002 x15:035a0002
14145633ns          268892 1c00860e 00168693 addi             x13, x13, 1         x13=005a0003 x13:005a0002
14145653ns          268893 1c008610 00870713 addi             x14, x14, 8         x14=0000001b x14:00000013
14145693ns          268895 1c0085fe 00271793 slli             x15, x14, 0x2       x15=0000006c x14:0000001b
14145713ns          268896 1c008602 008787b3 add              x15, x15, x8        x15=1000008c x15:0000006c  x8:10000020
14145733ns          268897 1c008604 0207a583 lw               x11, 32(x15)        x11=035a0003 x15:1000008c  PA:100000ac
14145754ns          268898 1c008606 00d567b3 or               x15, x10, x13       x15=035a0003 x10:03000000 x13:005a0003
14145774ns          268899 1c00860a 00f59663 bne              x11, x15, 12        x11:035a0003 x15:035a0003
14145794ns          268900 1c00860e 00168693 addi             x13, x13, 1         x13=005a0004 x13:005a0003
14145814ns          268901 1c008610 00870713 addi             x14, x14, 8         x14=00000023 x14:0000001b
14145854ns          268903 1c0085fe 00271793 slli             x15, x14, 0x2       x15=0000008c x14:00000023
14145874ns          268904 1c008602 008787b3 add              x15, x15, x8        x15=100000ac x15:0000008c  x8:10000020
14145894ns          268905 1c008604 0207a583 lw               x11, 32(x15)        x11=035a0004 x15:100000ac  PA:100000cc
14145914ns          268906 1c008606 00d567b3 or               x15, x10, x13       x15=035a0004 x10:03000000 x13:005a0004
14145934ns          268907 1c00860a 00f59663 bne              x11, x15, 12        x11:035a0004 x15:035a0004
14145954ns          268908 1c00860e 00168693 addi             x13, x13, 1         x13=005a0005 x13:005a0004
14145974ns          268909 1c008610 00870713 addi             x14, x14, 8         x14=0000002b x14:00000023
14146014ns          268911 1c0085fe 00271793 slli             x15, x14, 0x2       x15=000000ac x14:0000002b
14146034ns          268912 1c008602 008787b3 add              x15, x15, x8        x15=100000cc x15:000000ac  x8:10000020
14146055ns          268913 1c008604 0207a583 lw               x11, 32(x15)        x11=035a0005 x15:100000cc  PA:100000ec
14146075ns          268914 1c008606 00d567b3 or               x15, x10, x13       x15=035a0005 x10:03000000 x13:005a0005
14146095ns          268915 1c00860a 00f59663 bne              x11, x15, 12        x11:035a0005 x15:035a0005
14146115ns          268916 1c00860e 00168693 addi             x13, x13, 1         x13=005a0006 x13:005a0005
14146135ns          268917 1c008610 00870713 addi             x14, x14, 8         x14=00000033 x14:0000002b
14146175ns          268919 1c0085fe 00271793 slli             x15, x14, 0x2       x15=000000cc x14:00000033
14146195ns          268920 1c008602 008787b3 add              x15, x15, x8        x15=100000ec x15:000000cc  x8:10000020
14146215ns          268921 1c008604 0207a583 lw               x11, 32(x15)        x11=035a0006 x15:100000ec  PA:1000010c
14146235ns          268922 1c008606 00d567b3 or               x15, x10, x13       x15=035a0006 x10:03000000 x13:005a0006
14146255ns          268923 1c00860a 00f59663 bne              x11, x15, 12        x11:035a0006 x15:035a0006
14146275ns          268924 1c00860e 00168693 addi             x13, x13, 1         x13=005a0007 x13:005a0006
14146295ns          268925 1c008610 00870713 addi             x14, x14, 8         x14=0000003b x14:00000033
14146335ns          268927 1c0085fe 00271793 slli             x15, x14, 0x2       x15=000000ec x14:0000003b
14146355ns          268928 1c008602 008787b3 add              x15, x15, x8        x15=1000010c x15:000000ec  x8:10000020
14146376ns          268929 1c008604 0207a583 lw               x11, 32(x15)        x11=035a0007 x15:1000010c  PA:1000012c
14146396ns          268930 1c008606 00d567b3 or               x15, x10, x13       x15=035a0007 x10:03000000 x13:005a0007
14146416ns          268931 1c00860a 00f59663 bne              x11, x15, 12        x11:035a0007 x15:035a0007
14146436ns          268932 1c00860e 00168693 addi             x13, x13, 1         x13=005a0008 x13:005a0007
14146456ns          268933 1c008610 00870713 addi             x14, x14, 8         x14=00000043 x14:0000003b
14146496ns          268935 1c0085fe 00271793 slli             x15, x14, 0x2       x15=0000010c x14:00000043
14146516ns          268936 1c008602 008787b3 add              x15, x15, x8        x15=1000012c x15:0000010c  x8:10000020
14146536ns          268937 1c008604 0207a583 lw               x11, 32(x15)        x11=035a0008 x15:1000012c  PA:1000014c
14146556ns          268938 1c008606 00d567b3 or               x15, x10, x13       x15=035a0008 x10:03000000 x13:005a0008
14146576ns          268939 1c00860a 00f59663 bne              x11, x15, 12        x11:035a0008 x15:035a0008
14146596ns          268940 1c00860e 00168693 addi             x13, x13, 1         x13=005a0009 x13:005a0008
14146616ns          268941 1c008610 00870713 addi             x14, x14, 8         x14=0000004b x14:00000043
14146656ns          268943 1c0085fe 00271793 slli             x15, x14, 0x2       x15=0000012c x14:0000004b
14146676ns          268944 1c008602 008787b3 add              x15, x15, x8        x15=1000014c x15:0000012c  x8:10000020
14146697ns          268945 1c008604 0207a583 lw               x11, 32(x15)        x11=035a0009 x15:1000014c  PA:1000016c
14146717ns          268946 1c008606 00d567b3 or               x15, x10, x13       x15=035a0009 x10:03000000 x13:005a0009
14146737ns          268947 1c00860a 00f59663 bne              x11, x15, 12        x11:035a0009 x15:035a0009
14146757ns          268948 1c00860e 00168693 addi             x13, x13, 1         x13=005a000a x13:005a0009
14146777ns          268949 1c008610 00870713 addi             x14, x14, 8         x14=00000053 x14:0000004b
14146817ns          268951 1c0085fe 00271793 slli             x15, x14, 0x2       x15=0000014c x14:00000053
14146837ns          268952 1c008602 008787b3 add              x15, x15, x8        x15=1000016c x15:0000014c  x8:10000020
14146857ns          268953 1c008604 0207a583 lw               x11, 32(x15)        x11=035a000a x15:1000016c  PA:1000018c
14146877ns          268954 1c008606 00d567b3 or               x15, x10, x13       x15=035a000a x10:03000000 x13:005a000a
14146897ns          268955 1c00860a 00f59663 bne              x11, x15, 12        x11:035a000a x15:035a000a
14146917ns          268956 1c00860e 00168693 addi             x13, x13, 1         x13=005a000b x13:005a000a
14146937ns          268957 1c008610 00870713 addi             x14, x14, 8         x14=0000005b x14:00000053
14146977ns          268959 1c0085fe 00271793 slli             x15, x14, 0x2       x15=0000016c x14:0000005b
14146998ns          268960 1c008602 008787b3 add              x15, x15, x8        x15=1000018c x15:0000016c  x8:10000020
14147018ns          268961 1c008604 0207a583 lw               x11, 32(x15)        x11=035a000b x15:1000018c  PA:100001ac
14147038ns          268962 1c008606 00d567b3 or               x15, x10, x13       x15=035a000b x10:03000000 x13:005a000b
14147058ns          268963 1c00860a 00f59663 bne              x11, x15, 12        x11:035a000b x15:035a000b
14147078ns          268964 1c00860e 00168693 addi             x13, x13, 1         x13=005a000c x13:005a000b
14147098ns          268965 1c008610 00870713 addi             x14, x14, 8         x14=00000063 x14:0000005b
14147138ns          268967 1c0085fe 00271793 slli             x15, x14, 0x2       x15=0000018c x14:00000063
14147158ns          268968 1c008602 008787b3 add              x15, x15, x8        x15=100001ac x15:0000018c  x8:10000020
14147178ns          268969 1c008604 0207a583 lw               x11, 32(x15)        x11=035a000c x15:100001ac  PA:100001cc
14147198ns          268970 1c008606 00d567b3 or               x15, x10, x13       x15=035a000c x10:03000000 x13:005a000c
14147218ns          268971 1c00860a 00f59663 bne              x11, x15, 12        x11:035a000c x15:035a000c
14147238ns          268972 1c00860e 00168693 addi             x13, x13, 1         x13=005a000d x13:005a000c
14147258ns          268973 1c008610 00870713 addi             x14, x14, 8         x14=0000006b x14:00000063
14147298ns          268975 1c0085fe 00271793 slli             x15, x14, 0x2       x15=000001ac x14:0000006b
14147319ns          268976 1c008602 008787b3 add              x15, x15, x8        x15=100001cc x15:000001ac  x8:10000020
14147339ns          268977 1c008604 0207a583 lw               x11, 32(x15)        x11=035a000d x15:100001cc  PA:100001ec
14147359ns          268978 1c008606 00d567b3 or               x15, x10, x13       x15=035a000d x10:03000000 x13:005a000d
14147379ns          268979 1c00860a 00f59663 bne              x11, x15, 12        x11:035a000d x15:035a000d
14147399ns          268980 1c00860e 00168693 addi             x13, x13, 1         x13=005a000e x13:005a000d
14147419ns          268981 1c008610 00870713 addi             x14, x14, 8         x14=00000073 x14:0000006b
14147459ns          268983 1c0085fe 00271793 slli             x15, x14, 0x2       x15=000001cc x14:00000073
14147479ns          268984 1c008602 008787b3 add              x15, x15, x8        x15=100001ec x15:000001cc  x8:10000020
14147499ns          268985 1c008604 0207a583 lw               x11, 32(x15)        x11=035a000e x15:100001ec  PA:1000020c
14147519ns          268986 1c008606 00d567b3 or               x15, x10, x13       x15=035a000e x10:03000000 x13:005a000e
14147539ns          268987 1c00860a 00f59663 bne              x11, x15, 12        x11:035a000e x15:035a000e
14147559ns          268988 1c00860e 00168693 addi             x13, x13, 1         x13=005a000f x13:005a000e
14147579ns          268989 1c008610 00870713 addi             x14, x14, 8         x14=0000007b x14:00000073
14147619ns          268991 1c0085fe 00271793 slli             x15, x14, 0x2       x15=000001ec x14:0000007b
14147640ns          268992 1c008602 008787b3 add              x15, x15, x8        x15=1000020c x15:000001ec  x8:10000020
14147660ns          268993 1c008604 0207a583 lw               x11, 32(x15)        x11=035a000f x15:1000020c  PA:1000022c
14147680ns          268994 1c008606 00d567b3 or               x15, x10, x13       x15=035a000f x10:03000000 x13:005a000f
14147700ns          268995 1c00860a 00f59663 bne              x11, x15, 12        x11:035a000f x15:035a000f
14147720ns          268996 1c00860e 00168693 addi             x13, x13, 1         x13=005a0010 x13:005a000f
14147740ns          268997 1c008610 00870713 addi             x14, x14, 8         x14=00000083 x14:0000007b
14147760ns          268998 1c008612 00000913 addi             x18, x0, 0          x18=00000000
14147780ns          268999 1c008614 01e0006f jal              x0, 30             
14148221ns          269021 1c008632 3b4010ef jal              x1, 5044             x1=1c008636
14148282ns          269024 1c0099e6 f14027f3 csrrs            x15, x0, 0xf14      x15=00000002
14148302ns          269025 1c0099ea 01f00713 addi             x14, x0, 31         x14=0000001f
14148322ns          269026 1c0099ec ca5797b3 p.extractu       x15, x15, 5, 5      x15=00000000 x15:00000002
14148342ns          269027 1c0099f0 00e78863 beq              x15, x14, 16        x15:00000000 x14:0000001f
14148362ns          269028 1c0099f4 002047b7 lui              x15, 0x204000       x15=00204000
14148382ns          269029 1c0099f8 20078793 addi             x15, x15, 512       x15=00204200 x15:00204000
14148402ns          269030 1c0099fc 01c7e703 p.elw            x14, 28(x15)        x14=00010000 x15:00204200  PA:0020421c
14148603ns          269040 1c009a00 00008067 jalr             x0, x1, 0            x1:1c008636
14148643ns          269042 1c008636 02049263 bne              x9, x0, 36           x9:00000002
14149225ns          269071 1c00865a 00c12083 lw               x1, 12(x2)           x1=1c0086e6  x2:10003318  PA:10003324
14149265ns          269073 1c00865c 00812403 lw               x8, 8(x2)            x8=00000002  x2:10003318  PA:10003320
14149285ns          269074 1c00865e 01200533 add              x10, x0, x18        x10=00000000 x18:00000000
14149706ns          269095 1c008660 00412483 lw               x9, 4(x2)            x9=xxxxxxxx  x2:10003318  PA:1000331c
14149726ns          269096 1c008662 00012903 lw               x18, 0(x2)          x18=xxxxxxxx  x2:10003318  PA:10003318
14149746ns          269097 1c008664 01010113 addi             x2, x2, 16           x2=10003328  x2:10003318
14149766ns          269098 1c008666 00008067 jalr             x0, x1, 0            x1:1c0086e6
14149887ns          269104 1c0086e6 300010ef jal              x1, 4864             x1=1c0086ea
14149947ns          269107 1c0099e6 f14027f3 csrrs            x15, x0, 0xf14      x15=00000002
14149967ns          269108 1c0099ea 01f00713 addi             x14, x0, 31         x14=0000001f
14149987ns          269109 1c0099ec ca5797b3 p.extractu       x15, x15, 5, 5      x15=00000000 x15:00000002
14150007ns          269110 1c0099f0 00e78863 beq              x15, x14, 16        x15:00000000 x14:0000001f
14150027ns          269111 1c0099f4 002047b7 lui              x15, 0x204000       x15=00204000
14150047ns          269112 1c0099f8 20078793 addi             x15, x15, 512       x15=00204200 x15:00204000
14150067ns          269113 1c0099fc 01c7e703 p.elw            x14, 28(x15)        x14=00010000 x15:00204200  PA:0020421c
14675624ns          295307 1c009a00 00008067 jalr             x0, x1, 0            x1:1c0086ea
14675664ns          295309 1c0086ea 00000513 addi             x10, x0, 0          x10=00000000
14675684ns          295310 1c0086ec 00c12083 lw               x1, 12(x2)           x1=1c0098fe  x2:10003328  PA:10003334
14675744ns          295313 1c0086ee 00812403 lw               x8, 8(x2)            x8=xxxxxxxx  x2:10003328  PA:10003330
14676226ns          295337 1c0086f0 00412483 lw               x9, 4(x2)            x9=xxxxxxxx  x2:10003328  PA:1000332c
14676246ns          295338 1c0086f2 01010113 addi             x2, x2, 16           x2=10003338  x2:10003328
14676266ns          295339 1c0086f4 00008067 jalr             x0, x1, 0            x1:1c0098fe
14677309ns          295391 1c0098fe f14027f3 csrrs            x15, x0, 0xf14      x15=00000002
14677349ns          295393 1c009902 f457b7b3 p.bclr           x15, x15, 26, 5     x15=00000002 x15:00000002
14677369ns          295394 1c009906 00079963 bne              x15, x0, 18         x15:00000002
14677891ns          295420 1c009918 002047b7 lui              x15, 0x204000       x15=00204000
14677911ns          295421 1c00991c fff00713 addi             x14, x0, -1         x14=ffffffff
14677931ns          295422 1c00991e 00e7a223 sw               x14, 4(x15)         x14:ffffffff x15:00204000  PA:00204004
