                Time          Cycles PC       Instr    Mnemonic
13191436ns          220961 1c008080 0600006f jal              x0, 96             
13191913ns          220985 1c0080e0 f1402573 csrrs            x10, x0, 0xf14      x10=00000004
13191953ns          220987 1c0080e4 01f57593 andi             x11, x10, 31        x11=00000004 x10:00000004
13191973ns          220988 1c0080e8 00555513 srli             x10, x10, 0x5       x10=00000000 x10:00000004
13191993ns          220989 1c0080ea 01f00613 addi             x12, x0, 31         x12=0000001f
13192012ns          220990 1c0080ec 00c50463 beq              x10, x12, 8         x10:00000000 x12:0000001f
13192430ns          221011 1c0080f0 fa5ff06f jal              x0, -92            
13192888ns          221034 1c008094 f3ff8117 auipc            x2, 0xf3ff8000       x2=10000094
13192927ns          221036 1c008098 2b010113 addi             x2, x2, 688          x2=10000344  x2:10000094
13192947ns          221037 1c00809c 00012103 lw               x2, 0(x2)            x2=10000348  x2:10000344  PA:10000344
13193385ns          221059 1c0080a0 000011b7 lui              x3, 0x1000           x3=00001000
13193425ns          221061 1c0080a4 00158593 addi             x11, x11, 1         x11=00000005 x11:00000004
13193444ns          221062 1c0080a8 02b180b3 mul              x1, x3, x11          x1=00005000  x3:00001000 x11:00000005
13193464ns          221063 1c0080ac 00110133 add              x2, x2, x1           x2=10005348  x2:10000348  x1:00005000
13193902ns          221085 1c0080b0 0270106f jal              x0, 6182           
13194359ns          221108 1c0098d6 ff010113 addi             x2, x2, -16          x2=10005338  x2:10005348
13194399ns          221110 1c0098d8 00112623 sw               x1, 12(x2)           x1:00005000  x2:10005338  PA:10005344
13194419ns          221111 1c0098da 002047b7 lui              x15, 0x204000       x15=00204000
13194856ns          221133 1c0098de 00070737 lui              x14, 0x70000        x14=00070000
13194876ns          221134 1c0098e2 00e7a423 sw               x14, 8(x15)         x14:00070000 x15:00204000  PA:00204008
13194896ns          221135 1c0098e4 0ff00713 addi             x14, x0, 255        x14=000000ff
13194916ns          221136 1c0098e8 20078793 addi             x15, x15, 512       x15=00204200 x15:00204000
13194936ns          221137 1c0098ec 00e7a023 sw               x14, 0(x15)         x14:000000ff x15:00204200  PA:00204200
13195374ns          221159 1c0098f0 00e7a623 sw               x14, 12(x15)        x14:000000ff x15:00204200  PA:0020420c
13195413ns          221161 1c0098f4 1c0017b7 lui              x15, 0x1c001000     x15=1c001000
13195433ns          221162 1c0098f8 b247a783 lw               x15, -1244(x15)     x15=1c00867e x15:1c001000  PA:1c000b24
13195990ns          221190 1c0098fc 000780e7 jalr             x1, x15, 0           x1=1c0098fe x15:1c00867e
13196368ns          221209 1c00867e ff010113 addi             x2, x2, -16          x2=10005328  x2:10005338
13196825ns          221232 1c008680 f1402573 csrrs            x10, x0, 0xf14      x10=00000004
13196865ns          221234 1c008684 00112623 sw               x1, 12(x2)           x1:1c0098fe  x2:10005328  PA:10005334
13196885ns          221235 1c008686 00812423 sw               x8, 8(x2)            x8:xxxxxxxx  x2:10005328  PA:10005330
13196905ns          221236 1c008688 00912223 sw               x9, 4(x2)            x9:xxxxxxxx  x2:10005328  PA:1000532c
13196925ns          221237 1c00868a ca5517b3 p.extractu       x15, x10, 5, 5      x15=00000000 x10:00000004
13196945ns          221238 1c00868e 06079463 bne              x15, x0, 104        x15:00000000
13197342ns          221258 1c008690 f4553433 p.bclr           x8, x10, 26, 5       x8=00000004 x10:00000004
13197382ns          221260 1c008694 04041363 bne              x8, x0, 70           x8:00000004
13198019ns          221292 1c0086da 30c010ef jal              x1, 4876             x1=1c0086de
13199093ns          221346 1c0099e6 f14027f3 csrrs            x15, x0, 0xf14      x15=00000004
13199112ns          221347 1c0099ea 01f00713 addi             x14, x0, 31         x14=0000001f
13199132ns          221348 1c0099ec ca5797b3 p.extractu       x15, x15, 5, 5      x15=00000000 x15:00000004
13199530ns          221368 1c0099f0 00e78863 beq              x15, x14, 16        x15:00000000 x14:0000001f
13199570ns          221370 1c0099f4 002047b7 lui              x15, 0x204000       x15=00204000
13199590ns          221371 1c0099f8 20078793 addi             x15, x15, 512       x15=00204200 x15:00204000
13199610ns          221372 1c0099fc 01c7e703 p.elw            x14, 28(x15)        x14=00010000 x15:00204200  PA:0020421c
13200047ns          221394 1c009a00 00008067 jalr             x0, x1, 0            x1:1c0086de
13200087ns          221396 1c0086de 00800533 add              x10, x0, x8         x10=00000004  x8:00000004
13200107ns          221397 1c0086e0 bedff0ef jal              x1, -1044            x1=1c0086e2
13200544ns          221419 1c0082cc ff010113 addi             x2, x2, -16          x2=10005318  x2:10005328
13200564ns          221420 1c0082ce 00812423 sw               x8, 8(x2)            x8:00000004  x2:10005318  PA:10005320
13201062ns          221445 1c0082d0 00112623 sw               x1, 12(x2)           x1:1c0086e2  x2:10005318  PA:10005324
13201081ns          221446 1c0082d2 00912223 sw               x9, 4(x2)            x9:xxxxxxxx  x2:10005318  PA:1000531c
13201101ns          221447 1c0082d4 00a00433 add              x8, x0, x10          x8=00000004 x10:00000004
13201121ns          221448 1c0082d6 08050063 beq              x10, x0, 128        x10:00000004
13201141ns          221449 1c0082d8 70e010ef jal              x1, 5902             x1=1c0082dc
13201777ns          221481 1c0099e6 f14027f3 csrrs            x15, x0, 0xf14      x15=00000004
13201797ns          221482 1c0099ea 01f00713 addi             x14, x0, 31         x14=0000001f
13201817ns          221483 1c0099ec ca5797b3 p.extractu       x15, x15, 5, 5      x15=00000000 x15:00000004
13201837ns          221484 1c0099f0 00e78863 beq              x15, x14, 16        x15:00000000 x14:0000001f
13201857ns          221485 1c0099f4 002047b7 lui              x15, 0x204000       x15=00204000
13201877ns          221486 1c0099f8 20078793 addi             x15, x15, 512       x15=00204200 x15:00204000
13201897ns          221487 1c0099fc 01c7e703 p.elw            x14, 28(x15)        x14=00010000 x15:00204200  PA:0020421c
13294316ns          226134 1c009a00 00008067 jalr             x0, x1, 0            x1:1c0082dc
13294356ns          226136 1c0082dc c0de07b7 lui              x15, 0xc0de0000     x15=c0de0000
13294376ns          226137 1c0082e0 10000637 lui              x12, 0x10000000     x12=10000000
13294396ns          226138 1c0082e4 0087e7b3 or               x15, x15, x8        x15=c0de0004 x15:c0de0000  x8:00000004
13294416ns          226139 1c0082e6 02060613 addi             x12, x12, 32        x12=10000020 x12:10000000
13294436ns          226140 1c0082ea 00241893 slli             x17, x8, 0x2        x17=00000010  x8:00000004
13294456ns          226141 1c0082ee 008005b3 add              x11, x0, x8         x11=00000004  x8:00000004
13295012ns          226169 1c0082f0 00f668a3 p.sw             x15, x0(x12)        x15:c0de0004 x12:10000020  PA:10000030
13295052ns          226171 1c0082f4 01841813 slli             x16, x8, 0x18       x16=04000000  x8:00000004
13295072ns          226172 1c0082f8 005a06b7 lui              x13, 0x5a0000       x13=005a0000
13295092ns          226173 1c0082fc 0104d0fb lp.setupi        0x1, 0x10, 0x9     
13295530ns          226195 1c008300 00259793 slli             x15, x11, 0x2       x15=00000010 x11:00000004
13295569ns          226197 1c008304 00d86533 or               x10, x16, x13       x10=045a0000 x16:04000000 x13:005a0000
13295589ns          226198 1c008308 00c787b3 add              x15, x15, x12       x15=10000030 x15:00000010 x12:10000020
13295609ns          226199 1c00830a 02a7a023 sw               x10, 32(x15)        x10:045a0000 x15:10000030  PA:10000050
13295629ns          226200 1c00830c 00168693 addi             x13, x13, 1         x13=005a0001 x13:005a0000
13295649ns          226201 1c00830e 00858593 addi             x11, x11, 8         x11=0000000c x11:00000004
13296146ns          226226 1c008300 00259793 slli             x15, x11, 0x2       x15=00000030 x11:0000000c
13296166ns          226227 1c008304 00d86533 or               x10, x16, x13       x10=045a0001 x16:04000000 x13:005a0001
13296186ns          226228 1c008308 00c787b3 add              x15, x15, x12       x15=10000050 x15:00000030 x12:10000020
13296206ns          226229 1c00830a 02a7a023 sw               x10, 32(x15)        x10:045a0001 x15:10000050  PA:10000070
13296226ns          226230 1c00830c 00168693 addi             x13, x13, 1         x13=005a0002 x13:005a0001
13296245ns          226231 1c00830e 00858593 addi             x11, x11, 8         x11=00000014 x11:0000000c
13296265ns          226232 1c008300 00259793 slli             x15, x11, 0x2       x15=00000050 x11:00000014
13296285ns          226233 1c008304 00d86533 or               x10, x16, x13       x10=045a0002 x16:04000000 x13:005a0002
13296305ns          226234 1c008308 00c787b3 add              x15, x15, x12       x15=10000070 x15:00000050 x12:10000020
13296325ns          226235 1c00830a 02a7a023 sw               x10, 32(x15)        x10:045a0002 x15:10000070  PA:10000090
13296345ns          226236 1c00830c 00168693 addi             x13, x13, 1         x13=005a0003 x13:005a0002
13296365ns          226237 1c00830e 00858593 addi             x11, x11, 8         x11=0000001c x11:00000014
13296385ns          226238 1c008300 00259793 slli             x15, x11, 0x2       x15=00000070 x11:0000001c
13296405ns          226239 1c008304 00d86533 or               x10, x16, x13       x10=045a0003 x16:04000000 x13:005a0003
13296424ns          226240 1c008308 00c787b3 add              x15, x15, x12       x15=10000090 x15:00000070 x12:10000020
13296444ns          226241 1c00830a 02a7a023 sw               x10, 32(x15)        x10:045a0003 x15:10000090  PA:100000b0
13296464ns          226242 1c00830c 00168693 addi             x13, x13, 1         x13=005a0004 x13:005a0003
13296484ns          226243 1c00830e 00858593 addi             x11, x11, 8         x11=00000024 x11:0000001c
13296504ns          226244 1c008300 00259793 slli             x15, x11, 0x2       x15=00000090 x11:00000024
13296524ns          226245 1c008304 00d86533 or               x10, x16, x13       x10=045a0004 x16:04000000 x13:005a0004
13296544ns          226246 1c008308 00c787b3 add              x15, x15, x12       x15=100000b0 x15:00000090 x12:10000020
13296564ns          226247 1c00830a 02a7a023 sw               x10, 32(x15)        x10:045a0004 x15:100000b0  PA:100000d0
13296584ns          226248 1c00830c 00168693 addi             x13, x13, 1         x13=005a0005 x13:005a0004
13296603ns          226249 1c00830e 00858593 addi             x11, x11, 8         x11=0000002c x11:00000024
13296623ns          226250 1c008300 00259793 slli             x15, x11, 0x2       x15=000000b0 x11:0000002c
13296643ns          226251 1c008304 00d86533 or               x10, x16, x13       x10=045a0005 x16:04000000 x13:005a0005
13296663ns          226252 1c008308 00c787b3 add              x15, x15, x12       x15=100000d0 x15:000000b0 x12:10000020
13296683ns          226253 1c00830a 02a7a023 sw               x10, 32(x15)        x10:045a0005 x15:100000d0  PA:100000f0
13296703ns          226254 1c00830c 00168693 addi             x13, x13, 1         x13=005a0006 x13:005a0005
13296723ns          226255 1c00830e 00858593 addi             x11, x11, 8         x11=00000034 x11:0000002c
13296743ns          226256 1c008300 00259793 slli             x15, x11, 0x2       x15=000000d0 x11:00000034
13296763ns          226257 1c008304 00d86533 or               x10, x16, x13       x10=045a0006 x16:04000000 x13:005a0006
13296782ns          226258 1c008308 00c787b3 add              x15, x15, x12       x15=100000f0 x15:000000d0 x12:10000020
13296802ns          226259 1c00830a 02a7a023 sw               x10, 32(x15)        x10:045a0006 x15:100000f0  PA:10000110
13296822ns          226260 1c00830c 00168693 addi             x13, x13, 1         x13=005a0007 x13:005a0006
13296842ns          226261 1c00830e 00858593 addi             x11, x11, 8         x11=0000003c x11:00000034
13296862ns          226262 1c008300 00259793 slli             x15, x11, 0x2       x15=000000f0 x11:0000003c
13296882ns          226263 1c008304 00d86533 or               x10, x16, x13       x10=045a0007 x16:04000000 x13:005a0007
13296902ns          226264 1c008308 00c787b3 add              x15, x15, x12       x15=10000110 x15:000000f0 x12:10000020
13296922ns          226265 1c00830a 02a7a023 sw               x10, 32(x15)        x10:045a0007 x15:10000110  PA:10000130
13296942ns          226266 1c00830c 00168693 addi             x13, x13, 1         x13=005a0008 x13:005a0007
13296961ns          226267 1c00830e 00858593 addi             x11, x11, 8         x11=00000044 x11:0000003c
13296981ns          226268 1c008300 00259793 slli             x15, x11, 0x2       x15=00000110 x11:00000044
13297001ns          226269 1c008304 00d86533 or               x10, x16, x13       x10=045a0008 x16:04000000 x13:005a0008
13297021ns          226270 1c008308 00c787b3 add              x15, x15, x12       x15=10000130 x15:00000110 x12:10000020
13297041ns          226271 1c00830a 02a7a023 sw               x10, 32(x15)        x10:045a0008 x15:10000130  PA:10000150
13297061ns          226272 1c00830c 00168693 addi             x13, x13, 1         x13=005a0009 x13:005a0008
13297081ns          226273 1c00830e 00858593 addi             x11, x11, 8         x11=0000004c x11:00000044
13297101ns          226274 1c008300 00259793 slli             x15, x11, 0x2       x15=00000130 x11:0000004c
13297121ns          226275 1c008304 00d86533 or               x10, x16, x13       x10=045a0009 x16:04000000 x13:005a0009
13297140ns          226276 1c008308 00c787b3 add              x15, x15, x12       x15=10000150 x15:00000130 x12:10000020
13297160ns          226277 1c00830a 02a7a023 sw               x10, 32(x15)        x10:045a0009 x15:10000150  PA:10000170
13297180ns          226278 1c00830c 00168693 addi             x13, x13, 1         x13=005a000a x13:005a0009
13297200ns          226279 1c00830e 00858593 addi             x11, x11, 8         x11=00000054 x11:0000004c
13297220ns          226280 1c008300 00259793 slli             x15, x11, 0x2       x15=00000150 x11:00000054
13297240ns          226281 1c008304 00d86533 or               x10, x16, x13       x10=045a000a x16:04000000 x13:005a000a
13297260ns          226282 1c008308 00c787b3 add              x15, x15, x12       x15=10000170 x15:00000150 x12:10000020
13297280ns          226283 1c00830a 02a7a023 sw               x10, 32(x15)        x10:045a000a x15:10000170  PA:10000190
13297300ns          226284 1c00830c 00168693 addi             x13, x13, 1         x13=005a000b x13:005a000a
13297319ns          226285 1c00830e 00858593 addi             x11, x11, 8         x11=0000005c x11:00000054
13297339ns          226286 1c008300 00259793 slli             x15, x11, 0x2       x15=00000170 x11:0000005c
13297359ns          226287 1c008304 00d86533 or               x10, x16, x13       x10=045a000b x16:04000000 x13:005a000b
13297379ns          226288 1c008308 00c787b3 add              x15, x15, x12       x15=10000190 x15:00000170 x12:10000020
13297399ns          226289 1c00830a 02a7a023 sw               x10, 32(x15)        x10:045a000b x15:10000190  PA:100001b0
13297419ns          226290 1c00830c 00168693 addi             x13, x13, 1         x13=005a000c x13:005a000b
13297439ns          226291 1c00830e 00858593 addi             x11, x11, 8         x11=00000064 x11:0000005c
13297459ns          226292 1c008300 00259793 slli             x15, x11, 0x2       x15=00000190 x11:00000064
13297479ns          226293 1c008304 00d86533 or               x10, x16, x13       x10=045a000c x16:04000000 x13:005a000c
13297498ns          226294 1c008308 00c787b3 add              x15, x15, x12       x15=100001b0 x15:00000190 x12:10000020
13297518ns          226295 1c00830a 02a7a023 sw               x10, 32(x15)        x10:045a000c x15:100001b0  PA:100001d0
13297538ns          226296 1c00830c 00168693 addi             x13, x13, 1         x13=005a000d x13:005a000c
13297558ns          226297 1c00830e 00858593 addi             x11, x11, 8         x11=0000006c x11:00000064
13297578ns          226298 1c008300 00259793 slli             x15, x11, 0x2       x15=000001b0 x11:0000006c
13297598ns          226299 1c008304 00d86533 or               x10, x16, x13       x10=045a000d x16:04000000 x13:005a000d
13297618ns          226300 1c008308 00c787b3 add              x15, x15, x12       x15=100001d0 x15:000001b0 x12:10000020
13297638ns          226301 1c00830a 02a7a023 sw               x10, 32(x15)        x10:045a000d x15:100001d0  PA:100001f0
13297658ns          226302 1c00830c 00168693 addi             x13, x13, 1         x13=005a000e x13:005a000d
13297677ns          226303 1c00830e 00858593 addi             x11, x11, 8         x11=00000074 x11:0000006c
13297697ns          226304 1c008300 00259793 slli             x15, x11, 0x2       x15=000001d0 x11:00000074
13297717ns          226305 1c008304 00d86533 or               x10, x16, x13       x10=045a000e x16:04000000 x13:005a000e
13297737ns          226306 1c008308 00c787b3 add              x15, x15, x12       x15=100001f0 x15:000001d0 x12:10000020
13297757ns          226307 1c00830a 02a7a023 sw               x10, 32(x15)        x10:045a000e x15:100001f0  PA:10000210
13297777ns          226308 1c00830c 00168693 addi             x13, x13, 1         x13=005a000f x13:005a000e
13297797ns          226309 1c00830e 00858593 addi             x11, x11, 8         x11=0000007c x11:00000074
13297817ns          226310 1c008300 00259793 slli             x15, x11, 0x2       x15=000001f0 x11:0000007c
13297837ns          226311 1c008304 00d86533 or               x10, x16, x13       x10=045a000f x16:04000000 x13:005a000f
13297856ns          226312 1c008308 00c787b3 add              x15, x15, x12       x15=10000210 x15:000001f0 x12:10000020
13297876ns          226313 1c00830a 02a7a023 sw               x10, 32(x15)        x10:045a000f x15:10000210  PA:10000230
13297896ns          226314 1c00830c 00168693 addi             x13, x13, 1         x13=005a0010 x13:005a000f
13297916ns          226315 1c00830e 00858593 addi             x11, x11, 8         x11=00000084 x11:0000007c
13297936ns          226316 1c008310 002044b7 lui              x9, 0x204000         x9=00204000
13297956ns          226317 1c008314 0c048493 addi             x9, x9, 192          x9=002040c0  x9:00204000
13297976ns          226318 1c008318 0004e783 p.elw            x15, 0(x9)          x15=00000000  x9:002040c0  PA:002040c0
13652241ns          244131 1c00831c 1c000537 lui              x10, 0x1c000000     x10=1c000000
13652261ns          244132 1c008320 21167603 lw               x12, x17(x12)       x12=c0de0004 x17:00000010 x12:10000020  PA:10000030
13652280ns          244133 1c008324 008005b3 add              x11, x0, x8         x11=00000004  x8:00000004
13652300ns          244134 1c008326 15450513 addi             x10, x10, 340       x10=1c000154 x10:1c000000
13652320ns          244135 1c00832a 6ca000ef jal              x1, 1738             x1=1c00832c
13652440ns          244141 1c0089f4 fc010113 addi             x2, x2, -64          x2=100052d8  x2:10005318
13652479ns          244143 1c0089f6 02410313 addi             x6, x2, 36           x6=100052fc  x2:100052d8
13652499ns          244144 1c0089fa 02c12423 sw               x12, 40(x2)         x12:c0de0004  x2:100052d8  PA:10005300
13652519ns          244145 1c0089fc 00a00633 add              x12, x0, x10        x12=1c000154 x10:1c000154
13652559ns          244147 1c0089fe 1c009537 lui              x10, 0x1c009000     x10=1c009000
13652579ns          244148 1c008a02 02b12223 sw               x11, 36(x2)         x11:00000004  x2:100052d8  PA:100052fc
13652599ns          244149 1c008a04 02d12623 sw               x13, 44(x2)         x13:005a0010  x2:100052d8  PA:10005304
13652619ns          244150 1c008a06 00200593 addi             x11, x0, 2          x11=00000002
13652638ns          244151 1c008a08 006006b3 add              x13, x0, x6         x13=100052fc  x6:100052fc
13652658ns          244152 1c008a0a 9d650513 addi             x10, x10, -1578     x10=1c0089d6 x10:1c009000
13652678ns          244153 1c008a0e 00112e23 sw               x1, 28(x2)           x1:1c00832c  x2:100052d8  PA:100052f4
13652698ns          244154 1c008a10 02e12823 sw               x14, 48(x2)         x14:00010000  x2:100052d8  PA:10005308
13652718ns          244155 1c008a12 02f12a23 sw               x15, 52(x2)         x15:00000000  x2:100052d8  PA:1000530c
13652738ns          244156 1c008a14 03012c23 sw               x16, 56(x2)         x16:04000000  x2:100052d8  PA:10005310
13652758ns          244157 1c008a16 03112e23 sw               x17, 60(x2)         x17:00000010  x2:100052d8  PA:10005314
13652778ns          244158 1c008a18 00612623 sw               x6, 12(x2)           x6:100052fc  x2:100052d8  PA:100052e4
13652798ns          244159 1c008a1a fbfff0ef jal              x1, -66              x1=1c008a1c
13652917ns          244165 1c0089d8 0ae0006f jal              x0, 174            
13652996ns          244169 1c008a86 ed010113 addi             x2, x2, -304         x2=100051a8  x2:100052d8
13653036ns          244171 1c008a88 12812423 sw               x8, 296(x2)          x8:00000004  x2:100051a8  PA:100052d0
13653056ns          244172 1c008a8c 12912223 sw               x9, 292(x2)          x9:002040c0  x2:100051a8  PA:100052cc
13653116ns          244175 1c008a90 11712623 sw               x23, 268(x2)        x23:xxxxxxxx  x2:100051a8  PA:100052b4
13653156ns          244177 1c008a94 11812423 sw               x24, 264(x2)        x24:xxxxxxxx  x2:100051a8  PA:100052b0
13653175ns          244178 1c008a98 11912223 sw               x25, 260(x2)        x25:xxxxxxxx  x2:100051a8  PA:100052ac
13653195ns          244179 1c008a9c 11a12023 sw               x26, 256(x2)        x26:xxxxxxxx  x2:100051a8  PA:100052a8
13653255ns          244182 1c008aa0 0fb12e23 sw               x27, 252(x2)        x27:xxxxxxxx  x2:100051a8  PA:100052a4
13653295ns          244184 1c008aa2 12112623 sw               x1, 300(x2)          x1:1c008a1c  x2:100051a8  PA:100052d4
13653315ns          244185 1c008aa6 13212023 sw               x18, 288(x2)        x18:xxxxxxxx  x2:100051a8  PA:100052c8
13653335ns          244186 1c008aaa 11312e23 sw               x19, 284(x2)        x19:xxxxxxxx  x2:100051a8  PA:100052c4
13653394ns          244189 1c008aae 11412c23 sw               x20, 280(x2)        x20:xxxxxxxx  x2:100051a8  PA:100052c0
13653434ns          244191 1c008ab2 11512a23 sw               x21, 276(x2)        x21:xxxxxxxx  x2:100051a8  PA:100052bc
13653454ns          244192 1c008ab6 11612823 sw               x22, 272(x2)        x22:xxxxxxxx  x2:100051a8  PA:100052b8
13653474ns          244193 1c008aba 00a00cb3 add              x25, x0, x10        x25=1c0089d6 x10:1c0089d6
13653494ns          244194 1c008abc 00b00bb3 add              x23, x0, x11        x23=00000002 x11:00000002
13653514ns          244195 1c008abe 00c004b3 add              x9, x0, x12          x9=1c000154 x12:1c000154
13653533ns          244196 1c008ac0 00d00c33 add              x24, x0, x13        x24=100052fc x13:100052fc
13653553ns          244197 1c008ac2 00000413 addi             x8, x0, 0            x8=00000000
13653573ns          244198 1c008ac4 1c000db7 lui              x27, 0x1c000000     x27=1c000000
13653593ns          244199 1c008ac8 02410d13 addi             x26, x2, 36         x26=100051cc  x2:100051a8
13653613ns          244200 1c008acc 0004c503 lbu              x10, 0(x9)          x10=00000046  x9:1c000154  PA:1c000154
13653931ns          244216 1c008ad0 00148493 addi             x9, x9, 1            x9=1c000155  x9:1c000154
13653951ns          244217 1c008ad2 00050e63 beq              x10, x0, 28         x10:00000046
13653971ns          244218 1c008ad4 02500793 addi             x15, x0, 37         x15=00000025
13653991ns          244219 1c008ad8 04f50763 beq              x10, x15, 78        x10:00000046 x15:00000025
13654011ns          244220 1c008adc 017005b3 add              x11, x0, x23        x11=00000002 x23:00000002
13654031ns          244221 1c008ade 000c80e7 jalr             x1, x25, 0           x1=1c008ae0 x25:1c0089d6
13654090ns          244224 1c0089d6 fd9ff06f jal              x0, -40            
13654170ns          244228 1c0089ae 000026b7 lui              x13, 0x2000         x13=00002000
13654249ns          244232 1c0089b0 f14027f3 csrrs            x15, x0, 0xf14      x15=00000004
13654289ns          244234 1c0089b4 f8068693 addi             x13, x13, -128      x13=00001f80 x13:00002000
13654309ns          244235 1c0089b8 00379713 slli             x14, x15, 0x3       x14=00000020 x15:00000004
13654329ns          244236 1c0089bc 00279793 slli             x15, x15, 0x2       x15=00000010 x15:00000004
13654349ns          244237 1c0089be 00d7f7b3 and              x15, x15, x13       x15=00000000 x15:00000010 x13:00001f80
13654389ns          244239 1c0089c0 ee873733 p.bclr           x14, x14, 23, 8     x14=00000020 x14:00000020
13654428ns          244241 1c0089c4 1a10f6b7 lui              x13, 0x1a10f000     x13=1a10f000
13654448ns          244242 1c0089c8 0ff57513 andi             x10, x10, 255       x10=00000046 x10:00000046
13654468ns          244243 1c0089cc 00d70733 add              x14, x14, x13       x14=1a10f020 x14:00000020 x13:1a10f000
13654488ns          244244 1c0089ce 00a7e723 p.sw             x10, x0(x15)        x10:00000046 x15:00000000  PA:1a10f020
13654806ns          244260 1c0089d2 00000513 addi             x10, x0, 0          x10=00000000
13654826ns          244261 1c0089d4 00008067 jalr             x0, x1, 0            x1:1c008ae0
13654906ns          244265 1c008ae0 15f52c63 p.beqimm         x10, 344            x10:00000000
13654945ns          244267 1c008ae4 00140413 addi             x8, x8, 1            x8=00000001  x8:00000000
13654965ns          244268 1c008ae6 0004c503 lbu              x10, 0(x9)          x10=0000004c  x9:1c000155  PA:1c000155
13655284ns          244284 1c008aea 00148493 addi             x9, x9, 1            x9=1c000156  x9:1c000155
13655303ns          244285 1c008aec fe0514e3 bne              x10, x0, -24        x10:0000004c
13655363ns          244288 1c008ad4 02500793 addi             x15, x0, 37         x15=00000025
13655383ns          244289 1c008ad8 04f50763 beq              x10, x15, 78        x10:0000004c x15:00000025
13655403ns          244290 1c008adc 017005b3 add              x11, x0, x23        x11=00000002 x23:00000002
13655423ns          244291 1c008ade 000c80e7 jalr             x1, x25, 0           x1=1c008ae0 x25:1c0089d6
13655463ns          244293 1c0089d6 fd9ff06f jal              x0, -40            
13655502ns          244295 1c0089ae 000026b7 lui              x13, 0x2000         x13=00002000
13655522ns          244296 1c0089b0 f14027f3 csrrs            x15, x0, 0xf14      x15=00000004
13655542ns          244297 1c0089b4 f8068693 addi             x13, x13, -128      x13=00001f80 x13:00002000
13655562ns          244298 1c0089b8 00379713 slli             x14, x15, 0x3       x14=00000020 x15:00000004
13655582ns          244299 1c0089bc 00279793 slli             x15, x15, 0x2       x15=00000010 x15:00000004
13655602ns          244300 1c0089be 00d7f7b3 and              x15, x15, x13       x15=00000000 x15:00000010 x13:00001f80
13655622ns          244301 1c0089c0 ee873733 p.bclr           x14, x14, 23, 8     x14=00000020 x14:00000020
13655642ns          244302 1c0089c4 1a10f6b7 lui              x13, 0x1a10f000     x13=1a10f000
13655661ns          244303 1c0089c8 0ff57513 andi             x10, x10, 255       x10=0000004c x10:0000004c
13655681ns          244304 1c0089cc 00d70733 add              x14, x14, x13       x14=1a10f020 x14:00000020 x13:1a10f000
13655701ns          244305 1c0089ce 00a7e723 p.sw             x10, x0(x15)        x10:0000004c x15:00000000  PA:1a10f020
13656019ns          244321 1c0089d2 00000513 addi             x10, x0, 0          x10=00000000
13656039ns          244322 1c0089d4 00008067 jalr             x0, x1, 0            x1:1c008ae0
13656079ns          244324 1c008ae0 15f52c63 p.beqimm         x10, 344            x10:00000000
13656099ns          244325 1c008ae4 00140413 addi             x8, x8, 1            x8=00000002  x8:00000001
13656119ns          244326 1c008ae6 0004c503 lbu              x10, 0(x9)          x10=0000004f  x9:1c000156  PA:1c000156
13656417ns          244341 1c008aea 00148493 addi             x9, x9, 1            x9=1c000157  x9:1c000156
13656437ns          244342 1c008aec fe0514e3 bne              x10, x0, -24        x10:0000004f
13656497ns          244345 1c008ad4 02500793 addi             x15, x0, 37         x15=00000025
13656517ns          244346 1c008ad8 04f50763 beq              x10, x15, 78        x10:0000004f x15:00000025
13656536ns          244347 1c008adc 017005b3 add              x11, x0, x23        x11=00000002 x23:00000002
13656556ns          244348 1c008ade 000c80e7 jalr             x1, x25, 0           x1=1c008ae0 x25:1c0089d6
13656596ns          244350 1c0089d6 fd9ff06f jal              x0, -40            
13656636ns          244352 1c0089ae 000026b7 lui              x13, 0x2000         x13=00002000
13656656ns          244353 1c0089b0 f14027f3 csrrs            x15, x0, 0xf14      x15=00000004
13656676ns          244354 1c0089b4 f8068693 addi             x13, x13, -128      x13=00001f80 x13:00002000
13656696ns          244355 1c0089b8 00379713 slli             x14, x15, 0x3       x14=00000020 x15:00000004
13656715ns          244356 1c0089bc 00279793 slli             x15, x15, 0x2       x15=00000010 x15:00000004
13656735ns          244357 1c0089be 00d7f7b3 and              x15, x15, x13       x15=00000000 x15:00000010 x13:00001f80
13656755ns          244358 1c0089c0 ee873733 p.bclr           x14, x14, 23, 8     x14=00000020 x14:00000020
13656775ns          244359 1c0089c4 1a10f6b7 lui              x13, 0x1a10f000     x13=1a10f000
13656795ns          244360 1c0089c8 0ff57513 andi             x10, x10, 255       x10=0000004f x10:0000004f
13656815ns          244361 1c0089cc 00d70733 add              x14, x14, x13       x14=1a10f020 x14:00000020 x13:1a10f000
13656835ns          244362 1c0089ce 00a7e723 p.sw             x10, x0(x15)        x10:0000004f x15:00000000  PA:1a10f020
13657153ns          244378 1c0089d2 00000513 addi             x10, x0, 0          x10=00000000
13657173ns          244379 1c0089d4 00008067 jalr             x0, x1, 0            x1:1c008ae0
13657213ns          244381 1c008ae0 15f52c63 p.beqimm         x10, 344            x10:00000000
13657233ns          244382 1c008ae4 00140413 addi             x8, x8, 1            x8=00000003  x8:00000002
13657252ns          244383 1c008ae6 0004c503 lbu              x10, 0(x9)          x10=00000057  x9:1c000157  PA:1c000157
13657551ns          244398 1c008aea 00148493 addi             x9, x9, 1            x9=1c000158  x9:1c000157
13657571ns          244399 1c008aec fe0514e3 bne              x10, x0, -24        x10:00000057
13657630ns          244402 1c008ad4 02500793 addi             x15, x0, 37         x15=00000025
13657650ns          244403 1c008ad8 04f50763 beq              x10, x15, 78        x10:00000057 x15:00000025
13657670ns          244404 1c008adc 017005b3 add              x11, x0, x23        x11=00000002 x23:00000002
13657690ns          244405 1c008ade 000c80e7 jalr             x1, x25, 0           x1=1c008ae0 x25:1c0089d6
13657730ns          244407 1c0089d6 fd9ff06f jal              x0, -40            
13657770ns          244409 1c0089ae 000026b7 lui              x13, 0x2000         x13=00002000
13657789ns          244410 1c0089b0 f14027f3 csrrs            x15, x0, 0xf14      x15=00000004
13657809ns          244411 1c0089b4 f8068693 addi             x13, x13, -128      x13=00001f80 x13:00002000
13657829ns          244412 1c0089b8 00379713 slli             x14, x15, 0x3       x14=00000020 x15:00000004
13657849ns          244413 1c0089bc 00279793 slli             x15, x15, 0x2       x15=00000010 x15:00000004
13657869ns          244414 1c0089be 00d7f7b3 and              x15, x15, x13       x15=00000000 x15:00000010 x13:00001f80
13657889ns          244415 1c0089c0 ee873733 p.bclr           x14, x14, 23, 8     x14=00000020 x14:00000020
13657909ns          244416 1c0089c4 1a10f6b7 lui              x13, 0x1a10f000     x13=1a10f000
13657929ns          244417 1c0089c8 0ff57513 andi             x10, x10, 255       x10=00000057 x10:00000057
13657949ns          244418 1c0089cc 00d70733 add              x14, x14, x13       x14=1a10f020 x14:00000020 x13:1a10f000
13657968ns          244419 1c0089ce 00a7e723 p.sw             x10, x0(x15)        x10:00000057 x15:00000000  PA:1a10f020
13658287ns          244435 1c0089d2 00000513 addi             x10, x0, 0          x10=00000000
13658307ns          244436 1c0089d4 00008067 jalr             x0, x1, 0            x1:1c008ae0
13658346ns          244438 1c008ae0 15f52c63 p.beqimm         x10, 344            x10:00000000
13658366ns          244439 1c008ae4 00140413 addi             x8, x8, 1            x8=00000004  x8:00000003
13658386ns          244440 1c008ae6 0004c503 lbu              x10, 0(x9)          x10=0000007c  x9:1c000158  PA:1c000158
13658684ns          244455 1c008aea 00148493 addi             x9, x9, 1            x9=1c000159  x9:1c000158
13658704ns          244456 1c008aec fe0514e3 bne              x10, x0, -24        x10:0000007c
13658764ns          244459 1c008ad4 02500793 addi             x15, x0, 37         x15=00000025
13658784ns          244460 1c008ad8 04f50763 beq              x10, x15, 78        x10:0000007c x15:00000025
13658804ns          244461 1c008adc 017005b3 add              x11, x0, x23        x11=00000002 x23:00000002
13658824ns          244462 1c008ade 000c80e7 jalr             x1, x25, 0           x1=1c008ae0 x25:1c0089d6
13658863ns          244464 1c0089d6 fd9ff06f jal              x0, -40            
13658903ns          244466 1c0089ae 000026b7 lui              x13, 0x2000         x13=00002000
13658923ns          244467 1c0089b0 f14027f3 csrrs            x15, x0, 0xf14      x15=00000004
13658943ns          244468 1c0089b4 f8068693 addi             x13, x13, -128      x13=00001f80 x13:00002000
13658963ns          244469 1c0089b8 00379713 slli             x14, x15, 0x3       x14=00000020 x15:00000004
13658983ns          244470 1c0089bc 00279793 slli             x15, x15, 0x2       x15=00000010 x15:00000004
13659003ns          244471 1c0089be 00d7f7b3 and              x15, x15, x13       x15=00000000 x15:00000010 x13:00001f80
13659022ns          244472 1c0089c0 ee873733 p.bclr           x14, x14, 23, 8     x14=00000020 x14:00000020
13659042ns          244473 1c0089c4 1a10f6b7 lui              x13, 0x1a10f000     x13=1a10f000
13659062ns          244474 1c0089c8 0ff57513 andi             x10, x10, 255       x10=0000007c x10:0000007c
13659082ns          244475 1c0089cc 00d70733 add              x14, x14, x13       x14=1a10f020 x14:00000020 x13:1a10f000
13659102ns          244476 1c0089ce 00a7e723 p.sw             x10, x0(x15)        x10:0000007c x15:00000000  PA:1a10f020
13659420ns          244492 1c0089d2 00000513 addi             x10, x0, 0          x10=00000000
13659440ns          244493 1c0089d4 00008067 jalr             x0, x1, 0            x1:1c008ae0
13659480ns          244495 1c008ae0 15f52c63 p.beqimm         x10, 344            x10:00000000
13659500ns          244496 1c008ae4 00140413 addi             x8, x8, 1            x8=00000005  x8:00000004
13659520ns          244497 1c008ae6 0004c503 lbu              x10, 0(x9)          x10=00000033  x9:1c000159  PA:1c000159
13659818ns          244512 1c008aea 00148493 addi             x9, x9, 1            x9=1c00015a  x9:1c000159
13659838ns          244513 1c008aec fe0514e3 bne              x10, x0, -24        x10:00000033
13659898ns          244516 1c008ad4 02500793 addi             x15, x0, 37         x15=00000025
13659917ns          244517 1c008ad8 04f50763 beq              x10, x15, 78        x10:00000033 x15:00000025
13659937ns          244518 1c008adc 017005b3 add              x11, x0, x23        x11=00000002 x23:00000002
13659957ns          244519 1c008ade 000c80e7 jalr             x1, x25, 0           x1=1c008ae0 x25:1c0089d6
13659997ns          244521 1c0089d6 fd9ff06f jal              x0, -40            
13660037ns          244523 1c0089ae 000026b7 lui              x13, 0x2000         x13=00002000
13660057ns          244524 1c0089b0 f14027f3 csrrs            x15, x0, 0xf14      x15=00000004
13660077ns          244525 1c0089b4 f8068693 addi             x13, x13, -128      x13=00001f80 x13:00002000
13660096ns          244526 1c0089b8 00379713 slli             x14, x15, 0x3       x14=00000020 x15:00000004
13660116ns          244527 1c0089bc 00279793 slli             x15, x15, 0x2       x15=00000010 x15:00000004
13660136ns          244528 1c0089be 00d7f7b3 and              x15, x15, x13       x15=00000000 x15:00000010 x13:00001f80
13660156ns          244529 1c0089c0 ee873733 p.bclr           x14, x14, 23, 8     x14=00000020 x14:00000020
13660176ns          244530 1c0089c4 1a10f6b7 lui              x13, 0x1a10f000     x13=1a10f000
13660196ns          244531 1c0089c8 0ff57513 andi             x10, x10, 255       x10=00000033 x10:00000033
13660216ns          244532 1c0089cc 00d70733 add              x14, x14, x13       x14=1a10f020 x14:00000020 x13:1a10f000
13660236ns          244533 1c0089ce 00a7e723 p.sw             x10, x0(x15)        x10:00000033 x15:00000000  PA:1a10f020
13660574ns          244550 1c0089d2 00000513 addi             x10, x0, 0          x10=00000000
13660594ns          244551 1c0089d4 00008067 jalr             x0, x1, 0            x1:1c008ae0
13660633ns          244553 1c008ae0 15f52c63 p.beqimm         x10, 344            x10:00000000
13660653ns          244554 1c008ae4 00140413 addi             x8, x8, 1            x8=00000006  x8:00000005
13660673ns          244555 1c008ae6 0004c503 lbu              x10, 0(x9)          x10=0000007c  x9:1c00015a  PA:1c00015a
13660972ns          244570 1c008aea 00148493 addi             x9, x9, 1            x9=1c00015b  x9:1c00015a
13660991ns          244571 1c008aec fe0514e3 bne              x10, x0, -24        x10:0000007c
13661051ns          244574 1c008ad4 02500793 addi             x15, x0, 37         x15=00000025
13661071ns          244575 1c008ad8 04f50763 beq              x10, x15, 78        x10:0000007c x15:00000025
13661091ns          244576 1c008adc 017005b3 add              x11, x0, x23        x11=00000002 x23:00000002
13661111ns          244577 1c008ade 000c80e7 jalr             x1, x25, 0           x1=1c008ae0 x25:1c0089d6
13661150ns          244579 1c0089d6 fd9ff06f jal              x0, -40            
13661190ns          244581 1c0089ae 000026b7 lui              x13, 0x2000         x13=00002000
13661210ns          244582 1c0089b0 f14027f3 csrrs            x15, x0, 0xf14      x15=00000004
13661230ns          244583 1c0089b4 f8068693 addi             x13, x13, -128      x13=00001f80 x13:00002000
13661250ns          244584 1c0089b8 00379713 slli             x14, x15, 0x3       x14=00000020 x15:00000004
13661270ns          244585 1c0089bc 00279793 slli             x15, x15, 0x2       x15=00000010 x15:00000004
13661290ns          244586 1c0089be 00d7f7b3 and              x15, x15, x13       x15=00000000 x15:00000010 x13:00001f80
13661310ns          244587 1c0089c0 ee873733 p.bclr           x14, x14, 23, 8     x14=00000020 x14:00000020
13661329ns          244588 1c0089c4 1a10f6b7 lui              x13, 0x1a10f000     x13=1a10f000
13661349ns          244589 1c0089c8 0ff57513 andi             x10, x10, 255       x10=0000007c x10:0000007c
13661369ns          244590 1c0089cc 00d70733 add              x14, x14, x13       x14=1a10f020 x14:00000020 x13:1a10f000
13661389ns          244591 1c0089ce 00a7e723 p.sw             x10, x0(x15)        x10:0000007c x15:00000000  PA:1a10f020
13661707ns          244607 1c0089d2 00000513 addi             x10, x0, 0          x10=00000000
13661727ns          244608 1c0089d4 00008067 jalr             x0, x1, 0            x1:1c008ae0
13661767ns          244610 1c008ae0 15f52c63 p.beqimm         x10, 344            x10:00000000
13661787ns          244611 1c008ae4 00140413 addi             x8, x8, 1            x8=00000007  x8:00000006
13661807ns          244612 1c008ae6 0004c503 lbu              x10, 0(x9)          x10=00000043  x9:1c00015b  PA:1c00015b
13662105ns          244627 1c008aea 00148493 addi             x9, x9, 1            x9=1c00015c  x9:1c00015b
13662125ns          244628 1c008aec fe0514e3 bne              x10, x0, -24        x10:00000043
13662185ns          244631 1c008ad4 02500793 addi             x15, x0, 37         x15=00000025
13662205ns          244632 1c008ad8 04f50763 beq              x10, x15, 78        x10:00000043 x15:00000025
13662224ns          244633 1c008adc 017005b3 add              x11, x0, x23        x11=00000002 x23:00000002
13662244ns          244634 1c008ade 000c80e7 jalr             x1, x25, 0           x1=1c008ae0 x25:1c0089d6
13662284ns          244636 1c0089d6 fd9ff06f jal              x0, -40            
13662324ns          244638 1c0089ae 000026b7 lui              x13, 0x2000         x13=00002000
13662344ns          244639 1c0089b0 f14027f3 csrrs            x15, x0, 0xf14      x15=00000004
13662364ns          244640 1c0089b4 f8068693 addi             x13, x13, -128      x13=00001f80 x13:00002000
13662384ns          244641 1c0089b8 00379713 slli             x14, x15, 0x3       x14=00000020 x15:00000004
13662403ns          244642 1c0089bc 00279793 slli             x15, x15, 0x2       x15=00000010 x15:00000004
13662423ns          244643 1c0089be 00d7f7b3 and              x15, x15, x13       x15=00000000 x15:00000010 x13:00001f80
13662443ns          244644 1c0089c0 ee873733 p.bclr           x14, x14, 23, 8     x14=00000020 x14:00000020
13662463ns          244645 1c0089c4 1a10f6b7 lui              x13, 0x1a10f000     x13=1a10f000
13662483ns          244646 1c0089c8 0ff57513 andi             x10, x10, 255       x10=00000043 x10:00000043
13662503ns          244647 1c0089cc 00d70733 add              x14, x14, x13       x14=1a10f020 x14:00000020 x13:1a10f000
13662523ns          244648 1c0089ce 00a7e723 p.sw             x10, x0(x15)        x10:00000043 x15:00000000  PA:1a10f020
13662841ns          244664 1c0089d2 00000513 addi             x10, x0, 0          x10=00000000
13662861ns          244665 1c0089d4 00008067 jalr             x0, x1, 0            x1:1c008ae0
13662901ns          244667 1c008ae0 15f52c63 p.beqimm         x10, 344            x10:00000000
13662921ns          244668 1c008ae4 00140413 addi             x8, x8, 1            x8=00000008  x8:00000007
13662940ns          244669 1c008ae6 0004c503 lbu              x10, 0(x9)          x10=0000004f  x9:1c00015c  PA:1c00015c
13663259ns          244685 1c008aea 00148493 addi             x9, x9, 1            x9=1c00015d  x9:1c00015c
13663279ns          244686 1c008aec fe0514e3 bne              x10, x0, -24        x10:0000004f
13663338ns          244689 1c008ad4 02500793 addi             x15, x0, 37         x15=00000025
13663358ns          244690 1c008ad8 04f50763 beq              x10, x15, 78        x10:0000004f x15:00000025
13663378ns          244691 1c008adc 017005b3 add              x11, x0, x23        x11=00000002 x23:00000002
13663398ns          244692 1c008ade 000c80e7 jalr             x1, x25, 0           x1=1c008ae0 x25:1c0089d6
13663438ns          244694 1c0089d6 fd9ff06f jal              x0, -40            
13663477ns          244696 1c0089ae 000026b7 lui              x13, 0x2000         x13=00002000
13663497ns          244697 1c0089b0 f14027f3 csrrs            x15, x0, 0xf14      x15=00000004
13663517ns          244698 1c0089b4 f8068693 addi             x13, x13, -128      x13=00001f80 x13:00002000
13663537ns          244699 1c0089b8 00379713 slli             x14, x15, 0x3       x14=00000020 x15:00000004
13663557ns          244700 1c0089bc 00279793 slli             x15, x15, 0x2       x15=00000010 x15:00000004
13663577ns          244701 1c0089be 00d7f7b3 and              x15, x15, x13       x15=00000000 x15:00000010 x13:00001f80
13663597ns          244702 1c0089c0 ee873733 p.bclr           x14, x14, 23, 8     x14=00000020 x14:00000020
13663617ns          244703 1c0089c4 1a10f6b7 lui              x13, 0x1a10f000     x13=1a10f000
13663636ns          244704 1c0089c8 0ff57513 andi             x10, x10, 255       x10=0000004f x10:0000004f
13663656ns          244705 1c0089cc 00d70733 add              x14, x14, x13       x14=1a10f020 x14:00000020 x13:1a10f000
13663676ns          244706 1c0089ce 00a7e723 p.sw             x10, x0(x15)        x10:0000004f x15:00000000  PA:1a10f020
13663994ns          244722 1c0089d2 00000513 addi             x10, x0, 0          x10=00000000
13664014ns          244723 1c0089d4 00008067 jalr             x0, x1, 0            x1:1c008ae0
13664054ns          244725 1c008ae0 15f52c63 p.beqimm         x10, 344            x10:00000000
13664074ns          244726 1c008ae4 00140413 addi             x8, x8, 1            x8=00000009  x8:00000008
13664094ns          244727 1c008ae6 0004c503 lbu              x10, 0(x9)          x10=00000052  x9:1c00015d  PA:1c00015d
13664392ns          244742 1c008aea 00148493 addi             x9, x9, 1            x9=1c00015e  x9:1c00015d
13664412ns          244743 1c008aec fe0514e3 bne              x10, x0, -24        x10:00000052
13664472ns          244746 1c008ad4 02500793 addi             x15, x0, 37         x15=00000025
13664492ns          244747 1c008ad8 04f50763 beq              x10, x15, 78        x10:00000052 x15:00000025
13664512ns          244748 1c008adc 017005b3 add              x11, x0, x23        x11=00000002 x23:00000002
13664531ns          244749 1c008ade 000c80e7 jalr             x1, x25, 0           x1=1c008ae0 x25:1c0089d6
13664571ns          244751 1c0089d6 fd9ff06f jal              x0, -40            
13664611ns          244753 1c0089ae 000026b7 lui              x13, 0x2000         x13=00002000
13664631ns          244754 1c0089b0 f14027f3 csrrs            x15, x0, 0xf14      x15=00000004
13664651ns          244755 1c0089b4 f8068693 addi             x13, x13, -128      x13=00001f80 x13:00002000
13664671ns          244756 1c0089b8 00379713 slli             x14, x15, 0x3       x14=00000020 x15:00000004
13664691ns          244757 1c0089bc 00279793 slli             x15, x15, 0x2       x15=00000010 x15:00000004
13664710ns          244758 1c0089be 00d7f7b3 and              x15, x15, x13       x15=00000000 x15:00000010 x13:00001f80
13664730ns          244759 1c0089c0 ee873733 p.bclr           x14, x14, 23, 8     x14=00000020 x14:00000020
13664750ns          244760 1c0089c4 1a10f6b7 lui              x13, 0x1a10f000     x13=1a10f000
13664770ns          244761 1c0089c8 0ff57513 andi             x10, x10, 255       x10=00000052 x10:00000052
13664790ns          244762 1c0089cc 00d70733 add              x14, x14, x13       x14=1a10f020 x14:00000020 x13:1a10f000
13664810ns          244763 1c0089ce 00a7e723 p.sw             x10, x0(x15)        x10:00000052 x15:00000000  PA:1a10f020
13665128ns          244779 1c0089d2 00000513 addi             x10, x0, 0          x10=00000000
13665148ns          244780 1c0089d4 00008067 jalr             x0, x1, 0            x1:1c008ae0
13665188ns          244782 1c008ae0 15f52c63 p.beqimm         x10, 344            x10:00000000
13665208ns          244783 1c008ae4 00140413 addi             x8, x8, 1            x8=0000000a  x8:00000009
13665228ns          244784 1c008ae6 0004c503 lbu              x10, 0(x9)          x10=00000045  x9:1c00015e  PA:1c00015e
13665526ns          244799 1c008aea 00148493 addi             x9, x9, 1            x9=1c00015f  x9:1c00015e
13665546ns          244800 1c008aec fe0514e3 bne              x10, x0, -24        x10:00000045
13665605ns          244803 1c008ad4 02500793 addi             x15, x0, 37         x15=00000025
13665625ns          244804 1c008ad8 04f50763 beq              x10, x15, 78        x10:00000045 x15:00000025
13665645ns          244805 1c008adc 017005b3 add              x11, x0, x23        x11=00000002 x23:00000002
13665665ns          244806 1c008ade 000c80e7 jalr             x1, x25, 0           x1=1c008ae0 x25:1c0089d6
13665705ns          244808 1c0089d6 fd9ff06f jal              x0, -40            
13665745ns          244810 1c0089ae 000026b7 lui              x13, 0x2000         x13=00002000
13665765ns          244811 1c0089b0 f14027f3 csrrs            x15, x0, 0xf14      x15=00000004
13665784ns          244812 1c0089b4 f8068693 addi             x13, x13, -128      x13=00001f80 x13:00002000
13665804ns          244813 1c0089b8 00379713 slli             x14, x15, 0x3       x14=00000020 x15:00000004
13665824ns          244814 1c0089bc 00279793 slli             x15, x15, 0x2       x15=00000010 x15:00000004
13665844ns          244815 1c0089be 00d7f7b3 and              x15, x15, x13       x15=00000000 x15:00000010 x13:00001f80
13665864ns          244816 1c0089c0 ee873733 p.bclr           x14, x14, 23, 8     x14=00000020 x14:00000020
13665884ns          244817 1c0089c4 1a10f6b7 lui              x13, 0x1a10f000     x13=1a10f000
13665904ns          244818 1c0089c8 0ff57513 andi             x10, x10, 255       x10=00000045 x10:00000045
13665924ns          244819 1c0089cc 00d70733 add              x14, x14, x13       x14=1a10f020 x14:00000020 x13:1a10f000
13665944ns          244820 1c0089ce 00a7e723 p.sw             x10, x0(x15)        x10:00000045 x15:00000000  PA:1a10f020
13666262ns          244836 1c0089d2 00000513 addi             x10, x0, 0          x10=00000000
13666282ns          244837 1c0089d4 00008067 jalr             x0, x1, 0            x1:1c008ae0
13666321ns          244839 1c008ae0 15f52c63 p.beqimm         x10, 344            x10:00000000
13666341ns          244840 1c008ae4 00140413 addi             x8, x8, 1            x8=0000000b  x8:0000000a
13666361ns          244841 1c008ae6 0004c503 lbu              x10, 0(x9)          x10=0000007c  x9:1c00015f  PA:1c00015f
13666659ns          244856 1c008aea 00148493 addi             x9, x9, 1            x9=1c000160  x9:1c00015f
13666679ns          244857 1c008aec fe0514e3 bne              x10, x0, -24        x10:0000007c
13666739ns          244860 1c008ad4 02500793 addi             x15, x0, 37         x15=00000025
13666759ns          244861 1c008ad8 04f50763 beq              x10, x15, 78        x10:0000007c x15:00000025
13666779ns          244862 1c008adc 017005b3 add              x11, x0, x23        x11=00000002 x23:00000002
13666799ns          244863 1c008ade 000c80e7 jalr             x1, x25, 0           x1=1c008ae0 x25:1c0089d6
13666838ns          244865 1c0089d6 fd9ff06f jal              x0, -40            
13666878ns          244867 1c0089ae 000026b7 lui              x13, 0x2000         x13=00002000
13666898ns          244868 1c0089b0 f14027f3 csrrs            x15, x0, 0xf14      x15=00000004
13666918ns          244869 1c0089b4 f8068693 addi             x13, x13, -128      x13=00001f80 x13:00002000
13666938ns          244870 1c0089b8 00379713 slli             x14, x15, 0x3       x14=00000020 x15:00000004
13666958ns          244871 1c0089bc 00279793 slli             x15, x15, 0x2       x15=00000010 x15:00000004
13666978ns          244872 1c0089be 00d7f7b3 and              x15, x15, x13       x15=00000000 x15:00000010 x13:00001f80
13666998ns          244873 1c0089c0 ee873733 p.bclr           x14, x14, 23, 8     x14=00000020 x14:00000020
13667017ns          244874 1c0089c4 1a10f6b7 lui              x13, 0x1a10f000     x13=1a10f000
13667037ns          244875 1c0089c8 0ff57513 andi             x10, x10, 255       x10=0000007c x10:0000007c
13667057ns          244876 1c0089cc 00d70733 add              x14, x14, x13       x14=1a10f020 x14:00000020 x13:1a10f000
13667077ns          244877 1c0089ce 00a7e723 p.sw             x10, x0(x15)        x10:0000007c x15:00000000  PA:1a10f020
13667395ns          244893 1c0089d2 00000513 addi             x10, x0, 0          x10=00000000
13667415ns          244894 1c0089d4 00008067 jalr             x0, x1, 0            x1:1c008ae0
13667455ns          244896 1c008ae0 15f52c63 p.beqimm         x10, 344            x10:00000000
13667475ns          244897 1c008ae4 00140413 addi             x8, x8, 1            x8=0000000c  x8:0000000b
13667495ns          244898 1c008ae6 0004c503 lbu              x10, 0(x9)          x10=00000063  x9:1c000160  PA:1c000160
13667793ns          244913 1c008aea 00148493 addi             x9, x9, 1            x9=1c000161  x9:1c000160
13667813ns          244914 1c008aec fe0514e3 bne              x10, x0, -24        x10:00000063
13667873ns          244917 1c008ad4 02500793 addi             x15, x0, 37         x15=00000025
13667893ns          244918 1c008ad8 04f50763 beq              x10, x15, 78        x10:00000063 x15:00000025
13667912ns          244919 1c008adc 017005b3 add              x11, x0, x23        x11=00000002 x23:00000002
13667932ns          244920 1c008ade 000c80e7 jalr             x1, x25, 0           x1=1c008ae0 x25:1c0089d6
13667972ns          244922 1c0089d6 fd9ff06f jal              x0, -40            
13668012ns          244924 1c0089ae 000026b7 lui              x13, 0x2000         x13=00002000
13668032ns          244925 1c0089b0 f14027f3 csrrs            x15, x0, 0xf14      x15=00000004
13668052ns          244926 1c0089b4 f8068693 addi             x13, x13, -128      x13=00001f80 x13:00002000
13668072ns          244927 1c0089b8 00379713 slli             x14, x15, 0x3       x14=00000020 x15:00000004
13668091ns          244928 1c0089bc 00279793 slli             x15, x15, 0x2       x15=00000010 x15:00000004
13668111ns          244929 1c0089be 00d7f7b3 and              x15, x15, x13       x15=00000000 x15:00000010 x13:00001f80
13668131ns          244930 1c0089c0 ee873733 p.bclr           x14, x14, 23, 8     x14=00000020 x14:00000020
13668151ns          244931 1c0089c4 1a10f6b7 lui              x13, 0x1a10f000     x13=1a10f000
13668171ns          244932 1c0089c8 0ff57513 andi             x10, x10, 255       x10=00000063 x10:00000063
13668191ns          244933 1c0089cc 00d70733 add              x14, x14, x13       x14=1a10f020 x14:00000020 x13:1a10f000
13668211ns          244934 1c0089ce 00a7e723 p.sw             x10, x0(x15)        x10:00000063 x15:00000000  PA:1a10f020
13668549ns          244951 1c0089d2 00000513 addi             x10, x0, 0          x10=00000000
13668569ns          244952 1c0089d4 00008067 jalr             x0, x1, 0            x1:1c008ae0
13668608ns          244954 1c008ae0 15f52c63 p.beqimm         x10, 344            x10:00000000
13668628ns          244955 1c008ae4 00140413 addi             x8, x8, 1            x8=0000000d  x8:0000000c
13668648ns          244956 1c008ae6 0004c503 lbu              x10, 0(x9)          x10=0000006c  x9:1c000161  PA:1c000161
13668947ns          244971 1c008aea 00148493 addi             x9, x9, 1            x9=1c000162  x9:1c000161
13668966ns          244972 1c008aec fe0514e3 bne              x10, x0, -24        x10:0000006c
13669026ns          244975 1c008ad4 02500793 addi             x15, x0, 37         x15=00000025
13669046ns          244976 1c008ad8 04f50763 beq              x10, x15, 78        x10:0000006c x15:00000025
13669066ns          244977 1c008adc 017005b3 add              x11, x0, x23        x11=00000002 x23:00000002
13669086ns          244978 1c008ade 000c80e7 jalr             x1, x25, 0           x1=1c008ae0 x25:1c0089d6
13669126ns          244980 1c0089d6 fd9ff06f jal              x0, -40            
13669165ns          244982 1c0089ae 000026b7 lui              x13, 0x2000         x13=00002000
13669185ns          244983 1c0089b0 f14027f3 csrrs            x15, x0, 0xf14      x15=00000004
13669205ns          244984 1c0089b4 f8068693 addi             x13, x13, -128      x13=00001f80 x13:00002000
13669225ns          244985 1c0089b8 00379713 slli             x14, x15, 0x3       x14=00000020 x15:00000004
13669245ns          244986 1c0089bc 00279793 slli             x15, x15, 0x2       x15=00000010 x15:00000004
13669265ns          244987 1c0089be 00d7f7b3 and              x15, x15, x13       x15=00000000 x15:00000010 x13:00001f80
13669285ns          244988 1c0089c0 ee873733 p.bclr           x14, x14, 23, 8     x14=00000020 x14:00000020
13669305ns          244989 1c0089c4 1a10f6b7 lui              x13, 0x1a10f000     x13=1a10f000
13669324ns          244990 1c0089c8 0ff57513 andi             x10, x10, 255       x10=0000006c x10:0000006c
13669344ns          244991 1c0089cc 00d70733 add              x14, x14, x13       x14=1a10f020 x14:00000020 x13:1a10f000
13669364ns          244992 1c0089ce 00a7e723 p.sw             x10, x0(x15)        x10:0000006c x15:00000000  PA:1a10f020
13669682ns          245008 1c0089d2 00000513 addi             x10, x0, 0          x10=00000000
13669702ns          245009 1c0089d4 00008067 jalr             x0, x1, 0            x1:1c008ae0
13669742ns          245011 1c008ae0 15f52c63 p.beqimm         x10, 344            x10:00000000
13669762ns          245012 1c008ae4 00140413 addi             x8, x8, 1            x8=0000000e  x8:0000000d
13669782ns          245013 1c008ae6 0004c503 lbu              x10, 0(x9)          x10=00000075  x9:1c000162  PA:1c000162
13670080ns          245028 1c008aea 00148493 addi             x9, x9, 1            x9=1c000163  x9:1c000162
13670100ns          245029 1c008aec fe0514e3 bne              x10, x0, -24        x10:00000075
13670160ns          245032 1c008ad4 02500793 addi             x15, x0, 37         x15=00000025
13670180ns          245033 1c008ad8 04f50763 beq              x10, x15, 78        x10:00000075 x15:00000025
13670200ns          245034 1c008adc 017005b3 add              x11, x0, x23        x11=00000002 x23:00000002
13670219ns          245035 1c008ade 000c80e7 jalr             x1, x25, 0           x1=1c008ae0 x25:1c0089d6
13670259ns          245037 1c0089d6 fd9ff06f jal              x0, -40            
13670299ns          245039 1c0089ae 000026b7 lui              x13, 0x2000         x13=00002000
13670319ns          245040 1c0089b0 f14027f3 csrrs            x15, x0, 0xf14      x15=00000004
13670339ns          245041 1c0089b4 f8068693 addi             x13, x13, -128      x13=00001f80 x13:00002000
13670359ns          245042 1c0089b8 00379713 slli             x14, x15, 0x3       x14=00000020 x15:00000004
13670379ns          245043 1c0089bc 00279793 slli             x15, x15, 0x2       x15=00000010 x15:00000004
13670398ns          245044 1c0089be 00d7f7b3 and              x15, x15, x13       x15=00000000 x15:00000010 x13:00001f80
13670418ns          245045 1c0089c0 ee873733 p.bclr           x14, x14, 23, 8     x14=00000020 x14:00000020
13670438ns          245046 1c0089c4 1a10f6b7 lui              x13, 0x1a10f000     x13=1a10f000
13670458ns          245047 1c0089c8 0ff57513 andi             x10, x10, 255       x10=00000075 x10:00000075
13670478ns          245048 1c0089cc 00d70733 add              x14, x14, x13       x14=1a10f020 x14:00000020 x13:1a10f000
13670498ns          245049 1c0089ce 00a7e723 p.sw             x10, x0(x15)        x10:00000075 x15:00000000  PA:1a10f020
13670816ns          245065 1c0089d2 00000513 addi             x10, x0, 0          x10=00000000
13670836ns          245066 1c0089d4 00008067 jalr             x0, x1, 0            x1:1c008ae0
13670876ns          245068 1c008ae0 15f52c63 p.beqimm         x10, 344            x10:00000000
13670896ns          245069 1c008ae4 00140413 addi             x8, x8, 1            x8=0000000f  x8:0000000e
13670916ns          245070 1c008ae6 0004c503 lbu              x10, 0(x9)          x10=00000073  x9:1c000163  PA:1c000163
13671234ns          245086 1c008aea 00148493 addi             x9, x9, 1            x9=1c000164  x9:1c000163
13671254ns          245087 1c008aec fe0514e3 bne              x10, x0, -24        x10:00000073
13671313ns          245090 1c008ad4 02500793 addi             x15, x0, 37         x15=00000025
13671333ns          245091 1c008ad8 04f50763 beq              x10, x15, 78        x10:00000073 x15:00000025
13671353ns          245092 1c008adc 017005b3 add              x11, x0, x23        x11=00000002 x23:00000002
13671373ns          245093 1c008ade 000c80e7 jalr             x1, x25, 0           x1=1c008ae0 x25:1c0089d6
13671413ns          245095 1c0089d6 fd9ff06f jal              x0, -40            
13671452ns          245097 1c0089ae 000026b7 lui              x13, 0x2000         x13=00002000
13671472ns          245098 1c0089b0 f14027f3 csrrs            x15, x0, 0xf14      x15=00000004
13671492ns          245099 1c0089b4 f8068693 addi             x13, x13, -128      x13=00001f80 x13:00002000
13671512ns          245100 1c0089b8 00379713 slli             x14, x15, 0x3       x14=00000020 x15:00000004
13671532ns          245101 1c0089bc 00279793 slli             x15, x15, 0x2       x15=00000010 x15:00000004
13671552ns          245102 1c0089be 00d7f7b3 and              x15, x15, x13       x15=00000000 x15:00000010 x13:00001f80
13671572ns          245103 1c0089c0 ee873733 p.bclr           x14, x14, 23, 8     x14=00000020 x14:00000020
13671592ns          245104 1c0089c4 1a10f6b7 lui              x13, 0x1a10f000     x13=1a10f000
13671612ns          245105 1c0089c8 0ff57513 andi             x10, x10, 255       x10=00000073 x10:00000073
13671631ns          245106 1c0089cc 00d70733 add              x14, x14, x13       x14=1a10f020 x14:00000020 x13:1a10f000
13671651ns          245107 1c0089ce 00a7e723 p.sw             x10, x0(x15)        x10:00000073 x15:00000000  PA:1a10f020
13671970ns          245123 1c0089d2 00000513 addi             x10, x0, 0          x10=00000000
13671989ns          245124 1c0089d4 00008067 jalr             x0, x1, 0            x1:1c008ae0
13672029ns          245126 1c008ae0 15f52c63 p.beqimm         x10, 344            x10:00000000
13672049ns          245127 1c008ae4 00140413 addi             x8, x8, 1            x8=00000010  x8:0000000f
13672069ns          245128 1c008ae6 0004c503 lbu              x10, 0(x9)          x10=00000074  x9:1c000164  PA:1c000164
13672367ns          245143 1c008aea 00148493 addi             x9, x9, 1            x9=1c000165  x9:1c000164
13672387ns          245144 1c008aec fe0514e3 bne              x10, x0, -24        x10:00000074
13672447ns          245147 1c008ad4 02500793 addi             x15, x0, 37         x15=00000025
13672467ns          245148 1c008ad8 04f50763 beq              x10, x15, 78        x10:00000074 x15:00000025
13672487ns          245149 1c008adc 017005b3 add              x11, x0, x23        x11=00000002 x23:00000002
13672507ns          245150 1c008ade 000c80e7 jalr             x1, x25, 0           x1=1c008ae0 x25:1c0089d6
13672546ns          245152 1c0089d6 fd9ff06f jal              x0, -40            
13672586ns          245154 1c0089ae 000026b7 lui              x13, 0x2000         x13=00002000
13672606ns          245155 1c0089b0 f14027f3 csrrs            x15, x0, 0xf14      x15=00000004
13672626ns          245156 1c0089b4 f8068693 addi             x13, x13, -128      x13=00001f80 x13:00002000
13672646ns          245157 1c0089b8 00379713 slli             x14, x15, 0x3       x14=00000020 x15:00000004
13672666ns          245158 1c0089bc 00279793 slli             x15, x15, 0x2       x15=00000010 x15:00000004
13672686ns          245159 1c0089be 00d7f7b3 and              x15, x15, x13       x15=00000000 x15:00000010 x13:00001f80
13672705ns          245160 1c0089c0 ee873733 p.bclr           x14, x14, 23, 8     x14=00000020 x14:00000020
13672725ns          245161 1c0089c4 1a10f6b7 lui              x13, 0x1a10f000     x13=1a10f000
13672745ns          245162 1c0089c8 0ff57513 andi             x10, x10, 255       x10=00000074 x10:00000074
13672765ns          245163 1c0089cc 00d70733 add              x14, x14, x13       x14=1a10f020 x14:00000020 x13:1a10f000
13672785ns          245164 1c0089ce 00a7e723 p.sw             x10, x0(x15)        x10:00000074 x15:00000000  PA:1a10f020
13673103ns          245180 1c0089d2 00000513 addi             x10, x0, 0          x10=00000000
13673123ns          245181 1c0089d4 00008067 jalr             x0, x1, 0            x1:1c008ae0
13673163ns          245183 1c008ae0 15f52c63 p.beqimm         x10, 344            x10:00000000
13673183ns          245184 1c008ae4 00140413 addi             x8, x8, 1            x8=00000011  x8:00000010
13673203ns          245185 1c008ae6 0004c503 lbu              x10, 0(x9)          x10=00000065  x9:1c000165  PA:1c000165
13673501ns          245200 1c008aea 00148493 addi             x9, x9, 1            x9=1c000166  x9:1c000165
13673521ns          245201 1c008aec fe0514e3 bne              x10, x0, -24        x10:00000065
13673580ns          245204 1c008ad4 02500793 addi             x15, x0, 37         x15=00000025
13673600ns          245205 1c008ad8 04f50763 beq              x10, x15, 78        x10:00000065 x15:00000025
13673620ns          245206 1c008adc 017005b3 add              x11, x0, x23        x11=00000002 x23:00000002
13673640ns          245207 1c008ade 000c80e7 jalr             x1, x25, 0           x1=1c008ae0 x25:1c0089d6
13673680ns          245209 1c0089d6 fd9ff06f jal              x0, -40            
13673720ns          245211 1c0089ae 000026b7 lui              x13, 0x2000         x13=00002000
13673740ns          245212 1c0089b0 f14027f3 csrrs            x15, x0, 0xf14      x15=00000004
13673759ns          245213 1c0089b4 f8068693 addi             x13, x13, -128      x13=00001f80 x13:00002000
13673779ns          245214 1c0089b8 00379713 slli             x14, x15, 0x3       x14=00000020 x15:00000004
13673799ns          245215 1c0089bc 00279793 slli             x15, x15, 0x2       x15=00000010 x15:00000004
13673819ns          245216 1c0089be 00d7f7b3 and              x15, x15, x13       x15=00000000 x15:00000010 x13:00001f80
13673839ns          245217 1c0089c0 ee873733 p.bclr           x14, x14, 23, 8     x14=00000020 x14:00000020
13673859ns          245218 1c0089c4 1a10f6b7 lui              x13, 0x1a10f000     x13=1a10f000
13673879ns          245219 1c0089c8 0ff57513 andi             x10, x10, 255       x10=00000065 x10:00000065
13673899ns          245220 1c0089cc 00d70733 add              x14, x14, x13       x14=1a10f020 x14:00000020 x13:1a10f000
13673919ns          245221 1c0089ce 00a7e723 p.sw             x10, x0(x15)        x10:00000065 x15:00000000  PA:1a10f020
13674237ns          245237 1c0089d2 00000513 addi             x10, x0, 0          x10=00000000
13674257ns          245238 1c0089d4 00008067 jalr             x0, x1, 0            x1:1c008ae0
13674296ns          245240 1c008ae0 15f52c63 p.beqimm         x10, 344            x10:00000000
13674316ns          245241 1c008ae4 00140413 addi             x8, x8, 1            x8=00000012  x8:00000011
13674336ns          245242 1c008ae6 0004c503 lbu              x10, 0(x9)          x10=00000072  x9:1c000166  PA:1c000166
13674635ns          245257 1c008aea 00148493 addi             x9, x9, 1            x9=1c000167  x9:1c000166
13674654ns          245258 1c008aec fe0514e3 bne              x10, x0, -24        x10:00000072
13674714ns          245261 1c008ad4 02500793 addi             x15, x0, 37         x15=00000025
13674734ns          245262 1c008ad8 04f50763 beq              x10, x15, 78        x10:00000072 x15:00000025
13674754ns          245263 1c008adc 017005b3 add              x11, x0, x23        x11=00000002 x23:00000002
13674774ns          245264 1c008ade 000c80e7 jalr             x1, x25, 0           x1=1c008ae0 x25:1c0089d6
13674814ns          245266 1c0089d6 fd9ff06f jal              x0, -40            
13674853ns          245268 1c0089ae 000026b7 lui              x13, 0x2000         x13=00002000
13674873ns          245269 1c0089b0 f14027f3 csrrs            x15, x0, 0xf14      x15=00000004
13674893ns          245270 1c0089b4 f8068693 addi             x13, x13, -128      x13=00001f80 x13:00002000
13674913ns          245271 1c0089b8 00379713 slli             x14, x15, 0x3       x14=00000020 x15:00000004
13674933ns          245272 1c0089bc 00279793 slli             x15, x15, 0x2       x15=00000010 x15:00000004
13674953ns          245273 1c0089be 00d7f7b3 and              x15, x15, x13       x15=00000000 x15:00000010 x13:00001f80
13674973ns          245274 1c0089c0 ee873733 p.bclr           x14, x14, 23, 8     x14=00000020 x14:00000020
13674993ns          245275 1c0089c4 1a10f6b7 lui              x13, 0x1a10f000     x13=1a10f000
13675012ns          245276 1c0089c8 0ff57513 andi             x10, x10, 255       x10=00000072 x10:00000072
13675032ns          245277 1c0089cc 00d70733 add              x14, x14, x13       x14=1a10f020 x14:00000020 x13:1a10f000
13675052ns          245278 1c0089ce 00a7e723 p.sw             x10, x0(x15)        x10:00000072 x15:00000000  PA:1a10f020
13675370ns          245294 1c0089d2 00000513 addi             x10, x0, 0          x10=00000000
13675390ns          245295 1c0089d4 00008067 jalr             x0, x1, 0            x1:1c008ae0
13675430ns          245297 1c008ae0 15f52c63 p.beqimm         x10, 344            x10:00000000
13675450ns          245298 1c008ae4 00140413 addi             x8, x8, 1            x8=00000013  x8:00000012
13675470ns          245299 1c008ae6 0004c503 lbu              x10, 0(x9)          x10=0000005f  x9:1c000167  PA:1c000167
13675768ns          245314 1c008aea 00148493 addi             x9, x9, 1            x9=1c000168  x9:1c000167
13675788ns          245315 1c008aec fe0514e3 bne              x10, x0, -24        x10:0000005f
13675848ns          245318 1c008ad4 02500793 addi             x15, x0, 37         x15=00000025
13675868ns          245319 1c008ad8 04f50763 beq              x10, x15, 78        x10:0000005f x15:00000025
13675888ns          245320 1c008adc 017005b3 add              x11, x0, x23        x11=00000002 x23:00000002
13675907ns          245321 1c008ade 000c80e7 jalr             x1, x25, 0           x1=1c008ae0 x25:1c0089d6
13675947ns          245323 1c0089d6 fd9ff06f jal              x0, -40            
13675987ns          245325 1c0089ae 000026b7 lui              x13, 0x2000         x13=00002000
13676007ns          245326 1c0089b0 f14027f3 csrrs            x15, x0, 0xf14      x15=00000004
13676027ns          245327 1c0089b4 f8068693 addi             x13, x13, -128      x13=00001f80 x13:00002000
13676047ns          245328 1c0089b8 00379713 slli             x14, x15, 0x3       x14=00000020 x15:00000004
13676066ns          245329 1c0089bc 00279793 slli             x15, x15, 0x2       x15=00000010 x15:00000004
13676086ns          245330 1c0089be 00d7f7b3 and              x15, x15, x13       x15=00000000 x15:00000010 x13:00001f80
13676106ns          245331 1c0089c0 ee873733 p.bclr           x14, x14, 23, 8     x14=00000020 x14:00000020
13676126ns          245332 1c0089c4 1a10f6b7 lui              x13, 0x1a10f000     x13=1a10f000
13676146ns          245333 1c0089c8 0ff57513 andi             x10, x10, 255       x10=0000005f x10:0000005f
13676166ns          245334 1c0089cc 00d70733 add              x14, x14, x13       x14=1a10f020 x14:00000020 x13:1a10f000
13676186ns          245335 1c0089ce 00a7e723 p.sw             x10, x0(x15)        x10:0000005f x15:00000000  PA:1a10f020
13676524ns          245352 1c0089d2 00000513 addi             x10, x0, 0          x10=00000000
13676544ns          245353 1c0089d4 00008067 jalr             x0, x1, 0            x1:1c008ae0
13676584ns          245355 1c008ae0 15f52c63 p.beqimm         x10, 344            x10:00000000
13676603ns          245356 1c008ae4 00140413 addi             x8, x8, 1            x8=00000014  x8:00000013
13676623ns          245357 1c008ae6 0004c503 lbu              x10, 0(x9)          x10=0000006c  x9:1c000168  PA:1c000168
13676922ns          245372 1c008aea 00148493 addi             x9, x9, 1            x9=1c000169  x9:1c000168
13676942ns          245373 1c008aec fe0514e3 bne              x10, x0, -24        x10:0000006c
13677001ns          245376 1c008ad4 02500793 addi             x15, x0, 37         x15=00000025
13677021ns          245377 1c008ad8 04f50763 beq              x10, x15, 78        x10:0000006c x15:00000025
13677041ns          245378 1c008adc 017005b3 add              x11, x0, x23        x11=00000002 x23:00000002
13677061ns          245379 1c008ade 000c80e7 jalr             x1, x25, 0           x1=1c008ae0 x25:1c0089d6
13677101ns          245381 1c0089d6 fd9ff06f jal              x0, -40            
13677140ns          245383 1c0089ae 000026b7 lui              x13, 0x2000         x13=00002000
13677160ns          245384 1c0089b0 f14027f3 csrrs            x15, x0, 0xf14      x15=00000004
13677180ns          245385 1c0089b4 f8068693 addi             x13, x13, -128      x13=00001f80 x13:00002000
13677200ns          245386 1c0089b8 00379713 slli             x14, x15, 0x3       x14=00000020 x15:00000004
13677220ns          245387 1c0089bc 00279793 slli             x15, x15, 0x2       x15=00000010 x15:00000004
13677240ns          245388 1c0089be 00d7f7b3 and              x15, x15, x13       x15=00000000 x15:00000010 x13:00001f80
13677260ns          245389 1c0089c0 ee873733 p.bclr           x14, x14, 23, 8     x14=00000020 x14:00000020
13677280ns          245390 1c0089c4 1a10f6b7 lui              x13, 0x1a10f000     x13=1a10f000
13677300ns          245391 1c0089c8 0ff57513 andi             x10, x10, 255       x10=0000006c x10:0000006c
13677319ns          245392 1c0089cc 00d70733 add              x14, x14, x13       x14=1a10f020 x14:00000020 x13:1a10f000
13677339ns          245393 1c0089ce 00a7e723 p.sw             x10, x0(x15)        x10:0000006c x15:00000000  PA:1a10f020
13677658ns          245409 1c0089d2 00000513 addi             x10, x0, 0          x10=00000000
13677677ns          245410 1c0089d4 00008067 jalr             x0, x1, 0            x1:1c008ae0
13677717ns          245412 1c008ae0 15f52c63 p.beqimm         x10, 344            x10:00000000
13677737ns          245413 1c008ae4 00140413 addi             x8, x8, 1            x8=00000015  x8:00000014
13677757ns          245414 1c008ae6 0004c503 lbu              x10, 0(x9)          x10=00000031  x9:1c000169  PA:1c000169
13678055ns          245429 1c008aea 00148493 addi             x9, x9, 1            x9=1c00016a  x9:1c000169
13678075ns          245430 1c008aec fe0514e3 bne              x10, x0, -24        x10:00000031
13678135ns          245433 1c008ad4 02500793 addi             x15, x0, 37         x15=00000025
13678155ns          245434 1c008ad8 04f50763 beq              x10, x15, 78        x10:00000031 x15:00000025
13678175ns          245435 1c008adc 017005b3 add              x11, x0, x23        x11=00000002 x23:00000002
13678195ns          245436 1c008ade 000c80e7 jalr             x1, x25, 0           x1=1c008ae0 x25:1c0089d6
13678234ns          245438 1c0089d6 fd9ff06f jal              x0, -40            
13678274ns          245440 1c0089ae 000026b7 lui              x13, 0x2000         x13=00002000
13678294ns          245441 1c0089b0 f14027f3 csrrs            x15, x0, 0xf14      x15=00000004
13678314ns          245442 1c0089b4 f8068693 addi             x13, x13, -128      x13=00001f80 x13:00002000
13678334ns          245443 1c0089b8 00379713 slli             x14, x15, 0x3       x14=00000020 x15:00000004
13678354ns          245444 1c0089bc 00279793 slli             x15, x15, 0x2       x15=00000010 x15:00000004
13678374ns          245445 1c0089be 00d7f7b3 and              x15, x15, x13       x15=00000000 x15:00000010 x13:00001f80
13678393ns          245446 1c0089c0 ee873733 p.bclr           x14, x14, 23, 8     x14=00000020 x14:00000020
13678413ns          245447 1c0089c4 1a10f6b7 lui              x13, 0x1a10f000     x13=1a10f000
13678433ns          245448 1c0089c8 0ff57513 andi             x10, x10, 255       x10=00000031 x10:00000031
13678453ns          245449 1c0089cc 00d70733 add              x14, x14, x13       x14=1a10f020 x14:00000020 x13:1a10f000
13678473ns          245450 1c0089ce 00a7e723 p.sw             x10, x0(x15)        x10:00000031 x15:00000000  PA:1a10f020
13678791ns          245466 1c0089d2 00000513 addi             x10, x0, 0          x10=00000000
13678811ns          245467 1c0089d4 00008067 jalr             x0, x1, 0            x1:1c008ae0
13678851ns          245469 1c008ae0 15f52c63 p.beqimm         x10, 344            x10:00000000
13678871ns          245470 1c008ae4 00140413 addi             x8, x8, 1            x8=00000016  x8:00000015
13678891ns          245471 1c008ae6 0004c503 lbu              x10, 0(x9)          x10=0000007c  x9:1c00016a  PA:1c00016a
13679189ns          245486 1c008aea 00148493 addi             x9, x9, 1            x9=1c00016b  x9:1c00016a
13679209ns          245487 1c008aec fe0514e3 bne              x10, x0, -24        x10:0000007c
13679268ns          245490 1c008ad4 02500793 addi             x15, x0, 37         x15=00000025
13679288ns          245491 1c008ad8 04f50763 beq              x10, x15, 78        x10:0000007c x15:00000025
13679308ns          245492 1c008adc 017005b3 add              x11, x0, x23        x11=00000002 x23:00000002
13679328ns          245493 1c008ade 000c80e7 jalr             x1, x25, 0           x1=1c008ae0 x25:1c0089d6
13679368ns          245495 1c0089d6 fd9ff06f jal              x0, -40            
13679408ns          245497 1c0089ae 000026b7 lui              x13, 0x2000         x13=00002000
13679428ns          245498 1c0089b0 f14027f3 csrrs            x15, x0, 0xf14      x15=00000004
13679447ns          245499 1c0089b4 f8068693 addi             x13, x13, -128      x13=00001f80 x13:00002000
13679467ns          245500 1c0089b8 00379713 slli             x14, x15, 0x3       x14=00000020 x15:00000004
13679487ns          245501 1c0089bc 00279793 slli             x15, x15, 0x2       x15=00000010 x15:00000004
13679507ns          245502 1c0089be 00d7f7b3 and              x15, x15, x13       x15=00000000 x15:00000010 x13:00001f80
13679527ns          245503 1c0089c0 ee873733 p.bclr           x14, x14, 23, 8     x14=00000020 x14:00000020
13679547ns          245504 1c0089c4 1a10f6b7 lui              x13, 0x1a10f000     x13=1a10f000
13679567ns          245505 1c0089c8 0ff57513 andi             x10, x10, 255       x10=0000007c x10:0000007c
13679587ns          245506 1c0089cc 00d70733 add              x14, x14, x13       x14=1a10f020 x14:00000020 x13:1a10f000
13679607ns          245507 1c0089ce 00a7e723 p.sw             x10, x0(x15)        x10:0000007c x15:00000000  PA:1a10f020
13679925ns          245523 1c0089d2 00000513 addi             x10, x0, 0          x10=00000000
13679945ns          245524 1c0089d4 00008067 jalr             x0, x1, 0            x1:1c008ae0
13679984ns          245526 1c008ae0 15f52c63 p.beqimm         x10, 344            x10:00000000
13680004ns          245527 1c008ae4 00140413 addi             x8, x8, 1            x8=00000017  x8:00000016
13680024ns          245528 1c008ae6 0004c503 lbu              x10, 0(x9)          x10=00000070  x9:1c00016b  PA:1c00016b
13680362ns          245545 1c008aea 00148493 addi             x9, x9, 1            x9=1c00016c  x9:1c00016b
13680382ns          245546 1c008aec fe0514e3 bne              x10, x0, -24        x10:00000070
13680442ns          245549 1c008ad4 02500793 addi             x15, x0, 37         x15=00000025
13680462ns          245550 1c008ad8 04f50763 beq              x10, x15, 78        x10:00000070 x15:00000025
13680482ns          245551 1c008adc 017005b3 add              x11, x0, x23        x11=00000002 x23:00000002
13680502ns          245552 1c008ade 000c80e7 jalr             x1, x25, 0           x1=1c008ae0 x25:1c0089d6
13680541ns          245554 1c0089d6 fd9ff06f jal              x0, -40            
13680581ns          245556 1c0089ae 000026b7 lui              x13, 0x2000         x13=00002000
13680601ns          245557 1c0089b0 f14027f3 csrrs            x15, x0, 0xf14      x15=00000004
13680621ns          245558 1c0089b4 f8068693 addi             x13, x13, -128      x13=00001f80 x13:00002000
13680641ns          245559 1c0089b8 00379713 slli             x14, x15, 0x3       x14=00000020 x15:00000004
13680661ns          245560 1c0089bc 00279793 slli             x15, x15, 0x2       x15=00000010 x15:00000004
13680681ns          245561 1c0089be 00d7f7b3 and              x15, x15, x13       x15=00000000 x15:00000010 x13:00001f80
13680700ns          245562 1c0089c0 ee873733 p.bclr           x14, x14, 23, 8     x14=00000020 x14:00000020
13680720ns          245563 1c0089c4 1a10f6b7 lui              x13, 0x1a10f000     x13=1a10f000
13680740ns          245564 1c0089c8 0ff57513 andi             x10, x10, 255       x10=00000070 x10:00000070
13680760ns          245565 1c0089cc 00d70733 add              x14, x14, x13       x14=1a10f020 x14:00000020 x13:1a10f000
13680780ns          245566 1c0089ce 00a7e723 p.sw             x10, x0(x15)        x10:00000070 x15:00000000  PA:1a10f020
13681098ns          245582 1c0089d2 00000513 addi             x10, x0, 0          x10=00000000
13681118ns          245583 1c0089d4 00008067 jalr             x0, x1, 0            x1:1c008ae0
13681158ns          245585 1c008ae0 15f52c63 p.beqimm         x10, 344            x10:00000000
13681178ns          245586 1c008ae4 00140413 addi             x8, x8, 1            x8=00000018  x8:00000017
13681198ns          245587 1c008ae6 0004c503 lbu              x10, 0(x9)          x10=00000065  x9:1c00016c  PA:1c00016c
13681496ns          245602 1c008aea 00148493 addi             x9, x9, 1            x9=1c00016d  x9:1c00016c
13681516ns          245603 1c008aec fe0514e3 bne              x10, x0, -24        x10:00000065
13681575ns          245606 1c008ad4 02500793 addi             x15, x0, 37         x15=00000025
13681595ns          245607 1c008ad8 04f50763 beq              x10, x15, 78        x10:00000065 x15:00000025
13681615ns          245608 1c008adc 017005b3 add              x11, x0, x23        x11=00000002 x23:00000002
13681635ns          245609 1c008ade 000c80e7 jalr             x1, x25, 0           x1=1c008ae0 x25:1c0089d6
13681675ns          245611 1c0089d6 fd9ff06f jal              x0, -40            
13681715ns          245613 1c0089ae 000026b7 lui              x13, 0x2000         x13=00002000
13681735ns          245614 1c0089b0 f14027f3 csrrs            x15, x0, 0xf14      x15=00000004
13681754ns          245615 1c0089b4 f8068693 addi             x13, x13, -128      x13=00001f80 x13:00002000
13681774ns          245616 1c0089b8 00379713 slli             x14, x15, 0x3       x14=00000020 x15:00000004
13681794ns          245617 1c0089bc 00279793 slli             x15, x15, 0x2       x15=00000010 x15:00000004
13681814ns          245618 1c0089be 00d7f7b3 and              x15, x15, x13       x15=00000000 x15:00000010 x13:00001f80
13681834ns          245619 1c0089c0 ee873733 p.bclr           x14, x14, 23, 8     x14=00000020 x14:00000020
13681854ns          245620 1c0089c4 1a10f6b7 lui              x13, 0x1a10f000     x13=1a10f000
13681874ns          245621 1c0089c8 0ff57513 andi             x10, x10, 255       x10=00000065 x10:00000065
13681894ns          245622 1c0089cc 00d70733 add              x14, x14, x13       x14=1a10f020 x14:00000020 x13:1a10f000
13681914ns          245623 1c0089ce 00a7e723 p.sw             x10, x0(x15)        x10:00000065 x15:00000000  PA:1a10f020
13682232ns          245639 1c0089d2 00000513 addi             x10, x0, 0          x10=00000000
13682252ns          245640 1c0089d4 00008067 jalr             x0, x1, 0            x1:1c008ae0
13682291ns          245642 1c008ae0 15f52c63 p.beqimm         x10, 344            x10:00000000
13682311ns          245643 1c008ae4 00140413 addi             x8, x8, 1            x8=00000019  x8:00000018
13682331ns          245644 1c008ae6 0004c503 lbu              x10, 0(x9)          x10=0000003d  x9:1c00016d  PA:1c00016d
13682630ns          245659 1c008aea 00148493 addi             x9, x9, 1            x9=1c00016e  x9:1c00016d
13682649ns          245660 1c008aec fe0514e3 bne              x10, x0, -24        x10:0000003d
13682709ns          245663 1c008ad4 02500793 addi             x15, x0, 37         x15=00000025
13682729ns          245664 1c008ad8 04f50763 beq              x10, x15, 78        x10:0000003d x15:00000025
13682749ns          245665 1c008adc 017005b3 add              x11, x0, x23        x11=00000002 x23:00000002
13682769ns          245666 1c008ade 000c80e7 jalr             x1, x25, 0           x1=1c008ae0 x25:1c0089d6
13682809ns          245668 1c0089d6 fd9ff06f jal              x0, -40            
13682848ns          245670 1c0089ae 000026b7 lui              x13, 0x2000         x13=00002000
13682868ns          245671 1c0089b0 f14027f3 csrrs            x15, x0, 0xf14      x15=00000004
13682888ns          245672 1c0089b4 f8068693 addi             x13, x13, -128      x13=00001f80 x13:00002000
13682908ns          245673 1c0089b8 00379713 slli             x14, x15, 0x3       x14=00000020 x15:00000004
13682928ns          245674 1c0089bc 00279793 slli             x15, x15, 0x2       x15=00000010 x15:00000004
13682948ns          245675 1c0089be 00d7f7b3 and              x15, x15, x13       x15=00000000 x15:00000010 x13:00001f80
13682968ns          245676 1c0089c0 ee873733 p.bclr           x14, x14, 23, 8     x14=00000020 x14:00000020
13682988ns          245677 1c0089c4 1a10f6b7 lui              x13, 0x1a10f000     x13=1a10f000
13683007ns          245678 1c0089c8 0ff57513 andi             x10, x10, 255       x10=0000003d x10:0000003d
13683027ns          245679 1c0089cc 00d70733 add              x14, x14, x13       x14=1a10f020 x14:00000020 x13:1a10f000
13683047ns          245680 1c0089ce 00a7e723 p.sw             x10, x0(x15)        x10:0000003d x15:00000000  PA:1a10f020
13683365ns          245696 1c0089d2 00000513 addi             x10, x0, 0          x10=00000000
13683385ns          245697 1c0089d4 00008067 jalr             x0, x1, 0            x1:1c008ae0
13683425ns          245699 1c008ae0 15f52c63 p.beqimm         x10, 344            x10:00000000
13683445ns          245700 1c008ae4 00140413 addi             x8, x8, 1            x8=0000001a  x8:00000019
13683465ns          245701 1c008ae6 0004c503 lbu              x10, 0(x9)          x10=00000025  x9:1c00016e  PA:1c00016e
13683783ns          245717 1c008aea 00148493 addi             x9, x9, 1            x9=1c00016f  x9:1c00016e
13683803ns          245718 1c008aec fe0514e3 bne              x10, x0, -24        x10:00000025
13683863ns          245721 1c008ad4 02500793 addi             x15, x0, 37         x15=00000025
13683882ns          245722 1c008ad8 04f50763 beq              x10, x15, 78        x10:00000025 x15:00000025
13684022ns          245729 1c008b26 0004cb03 lbu              x22, 0(x9)          x22=00000064  x9:1c00016f  PA:1c00016f
13684340ns          245745 1c008b2a 02000813 addi             x16, x0, 32         x16=00000020
13684360ns          245746 1c008b2e 00148a93 addi             x21, x9, 1          x21=1c000170  x9:1c00016f
13684380ns          245747 1c008b32 016005b3 add              x11, x0, x22        x11=00000064 x22:00000064
13684400ns          245748 1c008b34 2d8d8513 addi             x10, x27, 728       x10=1c0002d8 x27:1c000000
13684419ns          245749 1c008b38 01012823 sw               x16, 16(x2)         x16:00000020  x2:100051a8  PA:100051b8
13684439ns          245750 1c008b3a 00012c23 sw               x0, 24(x2)           x2:100051a8  PA:100051c0
13684459ns          245751 1c008b3c 00012a23 sw               x0, 20(x2)           x2:100051a8  PA:100051bc
13684479ns          245752 1c008b3e 00012e23 sw               x0, 28(x2)           x2:100051a8  PA:100051c4
13684499ns          245753 1c008b40 00012623 sw               x0, 12(x2)           x2:100051a8  PA:100051b4
13684519ns          245754 1c008b42 02300913 addi             x18, x0, 35         x18=00000023
13684539ns          245755 1c008b46 02d00a13 addi             x20, x0, 45         x20=0000002d
13684559ns          245756 1c008b4a 015009b3 add              x19, x0, x21        x19=1c000170 x21:1c000170
13684579ns          245757 1c008b4c de3ff0ef jal              x1, -542             x1=1c008b4e
13684777ns          245767 1c00892e 00054783 lbu              x15, 0(x10)         x15=0000002d x10:1c0002d8  PA:1c0002d8
13685116ns          245784 1c008932 0ff5f593 andi             x11, x11, 255       x11=00000064 x11:00000064
13685135ns          245785 1c008936 00b78c63 beq              x15, x11, 24        x15:0000002d x11:00000064
13685155ns          245786 1c00893a 00078b63 beq              x15, x0, 22         x15:0000002d
13685175ns          245787 1c00893c 00150793 addi             x15, x10, 1         x15=1c0002d9 x10:1c0002d8
13685215ns          245789 1c008940 0040006f jal              x0, 4              
13685255ns          245791 1c008944 00f00533 add              x10, x0, x15        x10=1c0002d9 x15:1c0002d9
13685275ns          245792 1c008946 0017c70b p.lbu            x14, 1(x15!)        x14=0000002b x15=1c0002da x15:1c0002d9  PA:1c0002d9
13685613ns          245809 1c00894a feb71ce3 bne              x14, x11, -8        x14:0000002b x11:00000064
13685672ns          245812 1c008942 00070763 beq              x14, x0, 14         x14:0000002b
13685692ns          245813 1c008944 00f00533 add              x10, x0, x15        x10=1c0002da x15:1c0002da
13685712ns          245814 1c008946 0017c70b p.lbu            x14, 1(x15!)        x14=00000020 x15=1c0002db x15:1c0002da  PA:1c0002da
13686030ns          245830 1c00894a feb71ce3 bne              x14, x11, -8        x14:00000020 x11:00000064
13686090ns          245833 1c008942 00070763 beq              x14, x0, 14         x14:00000020
13686110ns          245834 1c008944 00f00533 add              x10, x0, x15        x10=1c0002db x15:1c0002db
13686130ns          245835 1c008946 0017c70b p.lbu            x14, 1(x15!)        x14=00000023 x15=1c0002dc x15:1c0002db  PA:1c0002db
13686448ns          245851 1c00894a feb71ce3 bne              x14, x11, -8        x14:00000023 x11:00000064
13686508ns          245854 1c008942 00070763 beq              x14, x0, 14         x14:00000023
13686528ns          245855 1c008944 00f00533 add              x10, x0, x15        x10=1c0002dc x15:1c0002dc
13686547ns          245856 1c008946 0017c70b p.lbu            x14, 1(x15!)        x14=00000030 x15=1c0002dd x15:1c0002dc  PA:1c0002dc
13686866ns          245872 1c00894a feb71ce3 bne              x14, x11, -8        x14:00000030 x11:00000064
13686925ns          245875 1c008942 00070763 beq              x14, x0, 14         x14:00000030
13686945ns          245876 1c008944 00f00533 add              x10, x0, x15        x10=1c0002dd x15:1c0002dd
13686965ns          245877 1c008946 0017c70b p.lbu            x14, 1(x15!)        x14=00000000 x15=1c0002de x15:1c0002dd  PA:1c0002dd
13687283ns          245893 1c00894a feb71ce3 bne              x14, x11, -8        x14:00000000 x11:00000064
13687343ns          245896 1c008942 00070763 beq              x14, x0, 14         x14:00000000
13687403ns          245899 1c008950 0015b593 sltiu            x11, x11, 1         x11=00000000 x11:00000064
13687423ns          245900 1c008954 40b005b3 sub              x11, x0, x11        x11=00000000 x11:00000000
13687442ns          245901 1c008958 00b57533 and              x10, x10, x11       x10=00000000 x10:1c0002dd x11:00000000
13687462ns          245902 1c00895a 00008067 jalr             x0, x1, 0            x1:1c008b4e
13687562ns          245907 1c008b4e 02050a63 beq              x10, x0, 52         x10:00000000
13687701ns          245914 1c008b82 02a00613 addi             x12, x0, 42         x12=0000002a
13687721ns          245915 1c008b86 10cb0863 beq              x22, x12, 272       x22:00000064 x12:0000002a
13687741ns          245916 1c008b8a fd0b0613 addi             x12, x22, -48       x12=00000034 x22:00000064
13687761ns          245917 1c008b8e 00900593 addi             x11, x0, 9          x11=00000009
13687800ns          245919 1c008b90 00000a13 addi             x20, x0, 0          x20=00000000
13687840ns          245921 1c008b92 0ec5f263 bgeu             x11, x12, 228       x11:00000009 x12:00000034
13687860ns          245922 1c008b96 02e00713 addi             x14, x0, 46         x14=0000002e
13687880ns          245923 1c008b9a fff00a93 addi             x21, x0, -1         x21=ffffffff
13687900ns          245924 1c008b9c 14eb0563 beq              x22, x14, 330       x22:00000064 x14:0000002e
13687940ns          245926 1c008ba0 1c0007b7 lui              x15, 0x1c000000     x15=1c000000
13687979ns          245928 1c008ba4 016005b3 add              x11, x0, x22        x11=00000064 x22:00000064
13687999ns          245929 1c008ba6 2e078513 addi             x10, x15, 736       x10=1c0002e0 x15:1c000000
13688019ns          245930 1c008baa d85ff0ef jal              x1, -636             x1=1c008bac
13688139ns          245936 1c00892e 00054783 lbu              x15, 0(x10)         x15=00000068 x10:1c0002e0  PA:1c0002e0
13688437ns          245951 1c008932 0ff5f593 andi             x11, x11, 255       x11=00000064 x11:00000064
13688457ns          245952 1c008936 00b78c63 beq              x15, x11, 24        x15:00000068 x11:00000064
13688477ns          245953 1c00893a 00078b63 beq              x15, x0, 22         x15:00000068
13688496ns          245954 1c00893c 00150793 addi             x15, x10, 1         x15=1c0002e1 x10:1c0002e0
13688516ns          245955 1c008940 0040006f jal              x0, 4              
13688556ns          245957 1c008944 00f00533 add              x10, x0, x15        x10=1c0002e1 x15:1c0002e1
13688576ns          245958 1c008946 0017c70b p.lbu            x14, 1(x15!)        x14=0000006c x15=1c0002e2 x15:1c0002e1  PA:1c0002e1
13688894ns          245974 1c00894a feb71ce3 bne              x14, x11, -8        x14:0000006c x11:00000064
13688954ns          245977 1c008942 00070763 beq              x14, x0, 14         x14:0000006c
13688974ns          245978 1c008944 00f00533 add              x10, x0, x15        x10=1c0002e2 x15:1c0002e2
13688994ns          245979 1c008946 0017c70b p.lbu            x14, 1(x15!)        x14=0000004c x15=1c0002e3 x15:1c0002e2  PA:1c0002e2
13689312ns          245995 1c00894a feb71ce3 bne              x14, x11, -8        x14:0000004c x11:00000064
13689372ns          245998 1c008942 00070763 beq              x14, x0, 14         x14:0000004c
13689391ns          245999 1c008944 00f00533 add              x10, x0, x15        x10=1c0002e3 x15:1c0002e3
13689411ns          246000 1c008946 0017c70b p.lbu            x14, 1(x15!)        x14=0000007a x15=1c0002e4 x15:1c0002e3  PA:1c0002e3
13689769ns          246018 1c00894a feb71ce3 bne              x14, x11, -8        x14:0000007a x11:00000064
13689829ns          246021 1c008942 00070763 beq              x14, x0, 14         x14:0000007a
13689849ns          246022 1c008944 00f00533 add              x10, x0, x15        x10=1c0002e4 x15:1c0002e4
13689869ns          246023 1c008946 0017c70b p.lbu            x14, 1(x15!)        x14=00000000 x15=1c0002e5 x15:1c0002e4  PA:1c0002e4
13690187ns          246039 1c00894a feb71ce3 bne              x14, x11, -8        x14:00000000 x11:00000064
13690247ns          246042 1c008942 00070763 beq              x14, x0, 14         x14:00000000
13690306ns          246045 1c008950 0015b593 sltiu            x11, x11, 1         x11=00000000 x11:00000064
13690326ns          246046 1c008954 40b005b3 sub              x11, x0, x11        x11=00000000 x11:00000000
13690346ns          246047 1c008958 00b57533 and              x10, x10, x11       x10=00000000 x10:1c0002e4 x11:00000000
13690366ns          246048 1c00895a 00008067 jalr             x0, x1, 0            x1:1c008bac
13690406ns          246050 1c008bac 013004b3 add              x9, x0, x19          x9=1c000170 x19:1c000170
13690426ns          246051 1c008bae 00050563 beq              x10, x0, 10         x10:00000000
13690485ns          246054 1c008bb8 06700713 addi             x14, x0, 103        x14=00000067
13690505ns          246055 1c008bbc 0f675b63 bge              x14, x22, 246       x14:00000067 x22:00000064
13690684ns          246064 1c008cb2 06500713 addi             x14, x0, 101        x14=00000065
13690704ns          246065 1c008cb6 0ceb5863 bge              x22, x14, 208       x22:00000064 x14:00000065
13690724ns          246066 1c008cba 04700713 addi             x14, x0, 71         x14=00000047
13690784ns          246069 1c008cbe 4d674d63 blt              x14, x22, 1242      x14:00000047 x22:00000064
13690883ns          246074 1c009198 06300713 addi             x14, x0, 99         x14=00000063
13690923ns          246076 1c00919c 10eb0a63 beq              x22, x14, 276       x22:00000064 x14:00000063
13690982ns          246079 1c0091a0 0d674263 blt              x14, x22, 196       x14:00000063 x22:00000064
13691082ns          246084 1c009264 000c2583 lw               x11, 0(x24)         x11=00000004 x24:100052fc  PA:100052fc
13691122ns          246086 1c009268 004c0c13 addi             x24, x24, 4         x24=10005300 x24:100052fc
13691142ns          246087 1c00926a 1e05c963 blt              x11, x0, 498        x11:00000004
13691161ns          246088 1c00926e 01412783 lw               x15, 20(x2)         x15=00000000  x2:100051a8  PA:100051bc
13691201ns          246090 1c009270 18079663 bne              x15, x0, 396        x15:00000000
13691241ns          246092 1c009274 01812803 lw               x16, 24(x2)         x16=00000000  x2:100051a8  PA:100051c0
13691281ns          246094 1c009276 32080963 beq              x16, x0, 818        x16:00000000
13691420ns          246101 1c0095a8 015006b3 add              x13, x0, x21        x13=ffffffff x21:ffffffff
13691440ns          246102 1c0095aa 00a00613 addi             x12, x0, 10         x12=0000000a
13691460ns          246103 1c0095ac 01a00533 add              x10, x0, x26        x10=100051cc x26:100051cc
13691519ns          246106 1c0095ae c74ff0ef jal              x1, -2956            x1=1c0095b2
13691599ns          246110 1c008a22 00a00733 add              x14, x0, x10        x14=100051cc x10:100051cc
13691639ns          246112 1c008a24 00a007b3 add              x15, x0, x10        x15=100051cc x10:100051cc
13691659ns          246113 1c008a26 00900313 addi             x6, x0, 9            x6=00000009
13691679ns          246114 1c008a28 02c5f8b3 remu             x17, x11, x12       x17=00000004 x11:00000004 x12:0000000a
13692295ns          246145 1c008a2c 0ff8f813 andi             x16, x17, 255       x16=00000004 x17:00000004
13692315ns          246146 1c008a30 00000513 addi             x10, x0, 0          x10=00000000
13692335ns          246147 1c008a32 02c5d5b3 divu             x11, x11, x12       x11=00000000 x11:00000004 x12:0000000a
13692951ns          246178 1c008a36 03080813 addi             x16, x16, 48        x16=00000034 x16:00000004
13692971ns          246179 1c008a3a 01137463 bgeu             x6, x17, 8           x6:00000009 x17:00000004
13693031ns          246182 1c008a42 01050533 add              x10, x10, x16       x10=00000034 x10:00000000 x16:00000034
13693051ns          246183 1c008a44 00a780ab p.sb             x10, 1(x15!)        x15=100051cd x10:00000034 x15:100051cc  PA:100051cc
13693071ns          246184 1c008a48 fe0590e3 bne              x11, x0, -32        x11:00000000
13693091ns          246185 1c008a4a 40e78533 sub              x10, x15, x14       x10=00000001 x15:100051cd x14:100051cc
13693150ns          246188 1c008a4e 00d55d63 bge              x10, x13, 26        x10:00000001 x13:ffffffff
13693250ns          246193 1c008a68 fe078fab p.sb             x0, -1(x15!)        x15=100051cc x15:100051cd  PA:100051cd
13693290ns          246195 1c008a6c 00f77c63 bgeu             x14, x15, 24        x14:100051cc x15:100051cc
13693389ns          246200 1c008a84 00008067 jalr             x0, x1, 0            x1:1c0095b2
13693429ns          246202 1c0095b2 00a009b3 add              x19, x0, x10        x19=00000001 x10:00000001
13693449ns          246203 1c0095b4 00012623 sw               x0, 12(x2)           x2:100051a8  PA:100051b4
13693468ns          246204 1c0095b6 ce7ff06f jal              x0, -794           
13693548ns          246208 1c00929c e7faa7e3 p.beqimm         x21, -402           x21:ffffffff
13693747ns          246218 1c00910a 0c800793 addi             x15, x0, 200        x15=000000c8
13693807ns          246221 1c00910e b337c5e3 blt              x15, x19, -1238     x15:000000c8 x19:00000001
13693846ns          246223 1c009112 0f49c363 blt              x19, x20, 230       x19:00000001 x20:00000000
13693866ns          246224 1c009116 01300a33 add              x20, x0, x19        x20=00000001 x19:00000001
13693886ns          246225 1c009118 b00a11e3 bne              x20, x0, -1278      x20:00000001
13694025ns          246232 1c008c1a 01a00933 add              x18, x0, x26        x18=100051cc x26:100051cc
13694065ns          246234 1c008c1c 41a409b3 sub              x19, x8, x26        x19=efffae4e  x8:0000001a x26:100051cc
13694125ns          246237 1c008c20 00a0006f jal              x0, 10             
13694184ns          246240 1c008c2a 0019450b p.lbu            x10, 1(x18!)        x10=00000034 x18=100051cd x18:100051cc  PA:100051cc
13694204ns          246241 1c008c2e 017005b3 add              x11, x0, x23        x11=00000002 x23:00000002
13694244ns          246243 1c008c30 000c80e7 jalr             x1, x25, 0           x1=1c008c32 x25:1c0089d6
13694324ns          246247 1c0089d6 fd9ff06f jal              x0, -40            
13694403ns          246251 1c0089ae 000026b7 lui              x13, 0x2000         x13=00002000
13694483ns          246255 1c0089b0 f14027f3 csrrs            x15, x0, 0xf14      x15=00000004
13694523ns          246257 1c0089b4 f8068693 addi             x13, x13, -128      x13=00001f80 x13:00002000
13694542ns          246258 1c0089b8 00379713 slli             x14, x15, 0x3       x14=00000020 x15:00000004
13694562ns          246259 1c0089bc 00279793 slli             x15, x15, 0x2       x15=00000010 x15:00000004
13694582ns          246260 1c0089be 00d7f7b3 and              x15, x15, x13       x15=00000000 x15:00000010 x13:00001f80
13694622ns          246262 1c0089c0 ee873733 p.bclr           x14, x14, 23, 8     x14=00000020 x14:00000020
13694662ns          246264 1c0089c4 1a10f6b7 lui              x13, 0x1a10f000     x13=1a10f000
13694682ns          246265 1c0089c8 0ff57513 andi             x10, x10, 255       x10=00000034 x10:00000034
13694702ns          246266 1c0089cc 00d70733 add              x14, x14, x13       x14=1a10f020 x14:00000020 x13:1a10f000
13694721ns          246267 1c0089ce 00a7e723 p.sw             x10, x0(x15)        x10:00000034 x15:00000000  PA:1a10f020
13695040ns          246283 1c0089d2 00000513 addi             x10, x0, 0          x10=00000000
13695060ns          246284 1c0089d4 00008067 jalr             x0, x1, 0            x1:1c008c32
13695099ns          246286 1c008c32 fffa0a13 addi             x20, x20, -1        x20=00000000 x20:00000001
13695119ns          246287 1c008c34 fff537e3 p.bneimm         x10, -18            x10:00000000
13695258ns          246294 1c008c22 01298433 add              x8, x19, x18         x8=0000001b x19:efffae4e x18:100051cd
13695278ns          246295 1c008c26 ea0a03e3 beq              x20, x0, -346       x20:00000000
13695378ns          246300 1c008acc 0004c503 lbu              x10, 0(x9)          x10=0000007c  x9:1c000170  PA:1c000170
13695716ns          246317 1c008ad0 00148493 addi             x9, x9, 1            x9=1c000171  x9:1c000170
13695736ns          246318 1c008ad2 00050e63 beq              x10, x0, 28         x10:0000007c
13695756ns          246319 1c008ad4 02500793 addi             x15, x0, 37         x15=00000025
13695776ns          246320 1c008ad8 04f50763 beq              x10, x15, 78        x10:0000007c x15:00000025
13695795ns          246321 1c008adc 017005b3 add              x11, x0, x23        x11=00000002 x23:00000002
13695815ns          246322 1c008ade 000c80e7 jalr             x1, x25, 0           x1=1c008ae0 x25:1c0089d6
13695875ns          246325 1c0089d6 fd9ff06f jal              x0, -40            
13695915ns          246327 1c0089ae 000026b7 lui              x13, 0x2000         x13=00002000
13695935ns          246328 1c0089b0 f14027f3 csrrs            x15, x0, 0xf14      x15=00000004
13695954ns          246329 1c0089b4 f8068693 addi             x13, x13, -128      x13=00001f80 x13:00002000
13695974ns          246330 1c0089b8 00379713 slli             x14, x15, 0x3       x14=00000020 x15:00000004
13695994ns          246331 1c0089bc 00279793 slli             x15, x15, 0x2       x15=00000010 x15:00000004
13696014ns          246332 1c0089be 00d7f7b3 and              x15, x15, x13       x15=00000000 x15:00000010 x13:00001f80
13696054ns          246334 1c0089c0 ee873733 p.bclr           x14, x14, 23, 8     x14=00000020 x14:00000020
13696094ns          246336 1c0089c4 1a10f6b7 lui              x13, 0x1a10f000     x13=1a10f000
13696114ns          246337 1c0089c8 0ff57513 andi             x10, x10, 255       x10=0000007c x10:0000007c
13696133ns          246338 1c0089cc 00d70733 add              x14, x14, x13       x14=1a10f020 x14:00000020 x13:1a10f000
13696153ns          246339 1c0089ce 00a7e723 p.sw             x10, x0(x15)        x10:0000007c x15:00000000  PA:1a10f020
13696472ns          246355 1c0089d2 00000513 addi             x10, x0, 0          x10=00000000
13696491ns          246356 1c0089d4 00008067 jalr             x0, x1, 0            x1:1c008ae0
13696531ns          246358 1c008ae0 15f52c63 p.beqimm         x10, 344            x10:00000000
13696551ns          246359 1c008ae4 00140413 addi             x8, x8, 1            x8=0000001c  x8:0000001b
13696571ns          246360 1c008ae6 0004c503 lbu              x10, 0(x9)          x10=00000073  x9:1c000171  PA:1c000171
13696869ns          246375 1c008aea 00148493 addi             x9, x9, 1            x9=1c000172  x9:1c000171
13696889ns          246376 1c008aec fe0514e3 bne              x10, x0, -24        x10:00000073
13696949ns          246379 1c008ad4 02500793 addi             x15, x0, 37         x15=00000025
13696969ns          246380 1c008ad8 04f50763 beq              x10, x15, 78        x10:00000073 x15:00000025
13696989ns          246381 1c008adc 017005b3 add              x11, x0, x23        x11=00000002 x23:00000002
13697009ns          246382 1c008ade 000c80e7 jalr             x1, x25, 0           x1=1c008ae0 x25:1c0089d6
13697048ns          246384 1c0089d6 fd9ff06f jal              x0, -40            
13697088ns          246386 1c0089ae 000026b7 lui              x13, 0x2000         x13=00002000
13697108ns          246387 1c0089b0 f14027f3 csrrs            x15, x0, 0xf14      x15=00000004
13697128ns          246388 1c0089b4 f8068693 addi             x13, x13, -128      x13=00001f80 x13:00002000
13697148ns          246389 1c0089b8 00379713 slli             x14, x15, 0x3       x14=00000020 x15:00000004
13697168ns          246390 1c0089bc 00279793 slli             x15, x15, 0x2       x15=00000010 x15:00000004
13697188ns          246391 1c0089be 00d7f7b3 and              x15, x15, x13       x15=00000000 x15:00000010 x13:00001f80
13697207ns          246392 1c0089c0 ee873733 p.bclr           x14, x14, 23, 8     x14=00000020 x14:00000020
13697227ns          246393 1c0089c4 1a10f6b7 lui              x13, 0x1a10f000     x13=1a10f000
13697247ns          246394 1c0089c8 0ff57513 andi             x10, x10, 255       x10=00000073 x10:00000073
13697267ns          246395 1c0089cc 00d70733 add              x14, x14, x13       x14=1a10f020 x14:00000020 x13:1a10f000
13697287ns          246396 1c0089ce 00a7e723 p.sw             x10, x0(x15)        x10:00000073 x15:00000000  PA:1a10f020
13697625ns          246413 1c0089d2 00000513 addi             x10, x0, 0          x10=00000000
13697645ns          246414 1c0089d4 00008067 jalr             x0, x1, 0            x1:1c008ae0
13697685ns          246416 1c008ae0 15f52c63 p.beqimm         x10, 344            x10:00000000
13697705ns          246417 1c008ae4 00140413 addi             x8, x8, 1            x8=0000001d  x8:0000001c
13697725ns          246418 1c008ae6 0004c503 lbu              x10, 0(x9)          x10=00000065  x9:1c000172  PA:1c000172
13698023ns          246433 1c008aea 00148493 addi             x9, x9, 1            x9=1c000173  x9:1c000172
13698043ns          246434 1c008aec fe0514e3 bne              x10, x0, -24        x10:00000065
13698102ns          246437 1c008ad4 02500793 addi             x15, x0, 37         x15=00000025
13698122ns          246438 1c008ad8 04f50763 beq              x10, x15, 78        x10:00000065 x15:00000025
13698142ns          246439 1c008adc 017005b3 add              x11, x0, x23        x11=00000002 x23:00000002
13698162ns          246440 1c008ade 000c80e7 jalr             x1, x25, 0           x1=1c008ae0 x25:1c0089d6
13698202ns          246442 1c0089d6 fd9ff06f jal              x0, -40            
13698242ns          246444 1c0089ae 000026b7 lui              x13, 0x2000         x13=00002000
13698262ns          246445 1c0089b0 f14027f3 csrrs            x15, x0, 0xf14      x15=00000004
13698281ns          246446 1c0089b4 f8068693 addi             x13, x13, -128      x13=00001f80 x13:00002000
13698301ns          246447 1c0089b8 00379713 slli             x14, x15, 0x3       x14=00000020 x15:00000004
13698321ns          246448 1c0089bc 00279793 slli             x15, x15, 0x2       x15=00000010 x15:00000004
13698341ns          246449 1c0089be 00d7f7b3 and              x15, x15, x13       x15=00000000 x15:00000010 x13:00001f80
13698361ns          246450 1c0089c0 ee873733 p.bclr           x14, x14, 23, 8     x14=00000020 x14:00000020
13698381ns          246451 1c0089c4 1a10f6b7 lui              x13, 0x1a10f000     x13=1a10f000
13698401ns          246452 1c0089c8 0ff57513 andi             x10, x10, 255       x10=00000065 x10:00000065
13698421ns          246453 1c0089cc 00d70733 add              x14, x14, x13       x14=1a10f020 x14:00000020 x13:1a10f000
13698440ns          246454 1c0089ce 00a7e723 p.sw             x10, x0(x15)        x10:00000065 x15:00000000  PA:1a10f020
13698759ns          246470 1c0089d2 00000513 addi             x10, x0, 0          x10=00000000
13698779ns          246471 1c0089d4 00008067 jalr             x0, x1, 0            x1:1c008ae0
13698818ns          246473 1c008ae0 15f52c63 p.beqimm         x10, 344            x10:00000000
13698838ns          246474 1c008ae4 00140413 addi             x8, x8, 1            x8=0000001e  x8:0000001d
13698858ns          246475 1c008ae6 0004c503 lbu              x10, 0(x9)          x10=00000065  x9:1c000173  PA:1c000173
13699156ns          246490 1c008aea 00148493 addi             x9, x9, 1            x9=1c000174  x9:1c000173
13699176ns          246491 1c008aec fe0514e3 bne              x10, x0, -24        x10:00000065
13699236ns          246494 1c008ad4 02500793 addi             x15, x0, 37         x15=00000025
13699256ns          246495 1c008ad8 04f50763 beq              x10, x15, 78        x10:00000065 x15:00000025
13699276ns          246496 1c008adc 017005b3 add              x11, x0, x23        x11=00000002 x23:00000002
13699296ns          246497 1c008ade 000c80e7 jalr             x1, x25, 0           x1=1c008ae0 x25:1c0089d6
13699335ns          246499 1c0089d6 fd9ff06f jal              x0, -40            
13699375ns          246501 1c0089ae 000026b7 lui              x13, 0x2000         x13=00002000
13699395ns          246502 1c0089b0 f14027f3 csrrs            x15, x0, 0xf14      x15=00000004
13699415ns          246503 1c0089b4 f8068693 addi             x13, x13, -128      x13=00001f80 x13:00002000
13699435ns          246504 1c0089b8 00379713 slli             x14, x15, 0x3       x14=00000020 x15:00000004
13699455ns          246505 1c0089bc 00279793 slli             x15, x15, 0x2       x15=00000010 x15:00000004
13699475ns          246506 1c0089be 00d7f7b3 and              x15, x15, x13       x15=00000000 x15:00000010 x13:00001f80
13699495ns          246507 1c0089c0 ee873733 p.bclr           x14, x14, 23, 8     x14=00000020 x14:00000020
13699514ns          246508 1c0089c4 1a10f6b7 lui              x13, 0x1a10f000     x13=1a10f000
13699534ns          246509 1c0089c8 0ff57513 andi             x10, x10, 255       x10=00000065 x10:00000065
13699554ns          246510 1c0089cc 00d70733 add              x14, x14, x13       x14=1a10f020 x14:00000020 x13:1a10f000
13699574ns          246511 1c0089ce 00a7e723 p.sw             x10, x0(x15)        x10:00000065 x15:00000000  PA:1a10f020
13699892ns          246527 1c0089d2 00000513 addi             x10, x0, 0          x10=00000000
13699912ns          246528 1c0089d4 00008067 jalr             x0, x1, 0            x1:1c008ae0
13699952ns          246530 1c008ae0 15f52c63 p.beqimm         x10, 344            x10:00000000
13699972ns          246531 1c008ae4 00140413 addi             x8, x8, 1            x8=0000001f  x8:0000001e
13699992ns          246532 1c008ae6 0004c503 lbu              x10, 0(x9)          x10=0000006e  x9:1c000174  PA:1c000174
13700290ns          246547 1c008aea 00148493 addi             x9, x9, 1            x9=1c000175  x9:1c000174
13700310ns          246548 1c008aec fe0514e3 bne              x10, x0, -24        x10:0000006e
13700370ns          246551 1c008ad4 02500793 addi             x15, x0, 37         x15=00000025
13700390ns          246552 1c008ad8 04f50763 beq              x10, x15, 78        x10:0000006e x15:00000025
13700409ns          246553 1c008adc 017005b3 add              x11, x0, x23        x11=00000002 x23:00000002
13700429ns          246554 1c008ade 000c80e7 jalr             x1, x25, 0           x1=1c008ae0 x25:1c0089d6
13700469ns          246556 1c0089d6 fd9ff06f jal              x0, -40            
13700509ns          246558 1c0089ae 000026b7 lui              x13, 0x2000         x13=00002000
13700529ns          246559 1c0089b0 f14027f3 csrrs            x15, x0, 0xf14      x15=00000004
13700549ns          246560 1c0089b4 f8068693 addi             x13, x13, -128      x13=00001f80 x13:00002000
13700569ns          246561 1c0089b8 00379713 slli             x14, x15, 0x3       x14=00000020 x15:00000004
13700588ns          246562 1c0089bc 00279793 slli             x15, x15, 0x2       x15=00000010 x15:00000004
13700608ns          246563 1c0089be 00d7f7b3 and              x15, x15, x13       x15=00000000 x15:00000010 x13:00001f80
13700628ns          246564 1c0089c0 ee873733 p.bclr           x14, x14, 23, 8     x14=00000020 x14:00000020
13700648ns          246565 1c0089c4 1a10f6b7 lui              x13, 0x1a10f000     x13=1a10f000
13700668ns          246566 1c0089c8 0ff57513 andi             x10, x10, 255       x10=0000006e x10:0000006e
13700688ns          246567 1c0089cc 00d70733 add              x14, x14, x13       x14=1a10f020 x14:00000020 x13:1a10f000
13700708ns          246568 1c0089ce 00a7e723 p.sw             x10, x0(x15)        x10:0000006e x15:00000000  PA:1a10f020
13701026ns          246584 1c0089d2 00000513 addi             x10, x0, 0          x10=00000000
13701046ns          246585 1c0089d4 00008067 jalr             x0, x1, 0            x1:1c008ae0
13701086ns          246587 1c008ae0 15f52c63 p.beqimm         x10, 344            x10:00000000
13701105ns          246588 1c008ae4 00140413 addi             x8, x8, 1            x8=00000020  x8:0000001f
13701125ns          246589 1c008ae6 0004c503 lbu              x10, 0(x9)          x10=0000003d  x9:1c000175  PA:1c000175
13701444ns          246605 1c008aea 00148493 addi             x9, x9, 1            x9=1c000176  x9:1c000175
13701463ns          246606 1c008aec fe0514e3 bne              x10, x0, -24        x10:0000003d
13701523ns          246609 1c008ad4 02500793 addi             x15, x0, 37         x15=00000025
13701543ns          246610 1c008ad8 04f50763 beq              x10, x15, 78        x10:0000003d x15:00000025
13701563ns          246611 1c008adc 017005b3 add              x11, x0, x23        x11=00000002 x23:00000002
13701583ns          246612 1c008ade 000c80e7 jalr             x1, x25, 0           x1=1c008ae0 x25:1c0089d6
13701623ns          246614 1c0089d6 fd9ff06f jal              x0, -40            
13701662ns          246616 1c0089ae 000026b7 lui              x13, 0x2000         x13=00002000
13701682ns          246617 1c0089b0 f14027f3 csrrs            x15, x0, 0xf14      x15=00000004
13701702ns          246618 1c0089b4 f8068693 addi             x13, x13, -128      x13=00001f80 x13:00002000
13701722ns          246619 1c0089b8 00379713 slli             x14, x15, 0x3       x14=00000020 x15:00000004
13701742ns          246620 1c0089bc 00279793 slli             x15, x15, 0x2       x15=00000010 x15:00000004
13701762ns          246621 1c0089be 00d7f7b3 and              x15, x15, x13       x15=00000000 x15:00000010 x13:00001f80
13701782ns          246622 1c0089c0 ee873733 p.bclr           x14, x14, 23, 8     x14=00000020 x14:00000020
13701802ns          246623 1c0089c4 1a10f6b7 lui              x13, 0x1a10f000     x13=1a10f000
13701821ns          246624 1c0089c8 0ff57513 andi             x10, x10, 255       x10=0000003d x10:0000003d
13701841ns          246625 1c0089cc 00d70733 add              x14, x14, x13       x14=1a10f020 x14:00000020 x13:1a10f000
13701861ns          246626 1c0089ce 00a7e723 p.sw             x10, x0(x15)        x10:0000003d x15:00000000  PA:1a10f020
13702179ns          246642 1c0089d2 00000513 addi             x10, x0, 0          x10=00000000
13702199ns          246643 1c0089d4 00008067 jalr             x0, x1, 0            x1:1c008ae0
13702239ns          246645 1c008ae0 15f52c63 p.beqimm         x10, 344            x10:00000000
13702259ns          246646 1c008ae4 00140413 addi             x8, x8, 1            x8=00000021  x8:00000020
13702279ns          246647 1c008ae6 0004c503 lbu              x10, 0(x9)          x10=00000030  x9:1c000176  PA:1c000176
13702577ns          246662 1c008aea 00148493 addi             x9, x9, 1            x9=1c000177  x9:1c000176
13702597ns          246663 1c008aec fe0514e3 bne              x10, x0, -24        x10:00000030
13702657ns          246666 1c008ad4 02500793 addi             x15, x0, 37         x15=00000025
13702677ns          246667 1c008ad8 04f50763 beq              x10, x15, 78        x10:00000030 x15:00000025
13702697ns          246668 1c008adc 017005b3 add              x11, x0, x23        x11=00000002 x23:00000002
13702716ns          246669 1c008ade 000c80e7 jalr             x1, x25, 0           x1=1c008ae0 x25:1c0089d6
13702756ns          246671 1c0089d6 fd9ff06f jal              x0, -40            
13702796ns          246673 1c0089ae 000026b7 lui              x13, 0x2000         x13=00002000
13702816ns          246674 1c0089b0 f14027f3 csrrs            x15, x0, 0xf14      x15=00000004
13702836ns          246675 1c0089b4 f8068693 addi             x13, x13, -128      x13=00001f80 x13:00002000
13702856ns          246676 1c0089b8 00379713 slli             x14, x15, 0x3       x14=00000020 x15:00000004
13702876ns          246677 1c0089bc 00279793 slli             x15, x15, 0x2       x15=00000010 x15:00000004
13702895ns          246678 1c0089be 00d7f7b3 and              x15, x15, x13       x15=00000000 x15:00000010 x13:00001f80
13702915ns          246679 1c0089c0 ee873733 p.bclr           x14, x14, 23, 8     x14=00000020 x14:00000020
13702935ns          246680 1c0089c4 1a10f6b7 lui              x13, 0x1a10f000     x13=1a10f000
13702955ns          246681 1c0089c8 0ff57513 andi             x10, x10, 255       x10=00000030 x10:00000030
13702975ns          246682 1c0089cc 00d70733 add              x14, x14, x13       x14=1a10f020 x14:00000020 x13:1a10f000
13702995ns          246683 1c0089ce 00a7e723 p.sw             x10, x0(x15)        x10:00000030 x15:00000000  PA:1a10f020
13703313ns          246699 1c0089d2 00000513 addi             x10, x0, 0          x10=00000000
13703333ns          246700 1c0089d4 00008067 jalr             x0, x1, 0            x1:1c008ae0
13703373ns          246702 1c008ae0 15f52c63 p.beqimm         x10, 344            x10:00000000
13703393ns          246703 1c008ae4 00140413 addi             x8, x8, 1            x8=00000022  x8:00000021
13703412ns          246704 1c008ae6 0004c503 lbu              x10, 0(x9)          x10=00000078  x9:1c000177  PA:1c000177
13703711ns          246719 1c008aea 00148493 addi             x9, x9, 1            x9=1c000178  x9:1c000177
13703731ns          246720 1c008aec fe0514e3 bne              x10, x0, -24        x10:00000078
13703790ns          246723 1c008ad4 02500793 addi             x15, x0, 37         x15=00000025
13703810ns          246724 1c008ad8 04f50763 beq              x10, x15, 78        x10:00000078 x15:00000025
13703830ns          246725 1c008adc 017005b3 add              x11, x0, x23        x11=00000002 x23:00000002
13703850ns          246726 1c008ade 000c80e7 jalr             x1, x25, 0           x1=1c008ae0 x25:1c0089d6
13703890ns          246728 1c0089d6 fd9ff06f jal              x0, -40            
13703930ns          246730 1c0089ae 000026b7 lui              x13, 0x2000         x13=00002000
13703949ns          246731 1c0089b0 f14027f3 csrrs            x15, x0, 0xf14      x15=00000004
13703969ns          246732 1c0089b4 f8068693 addi             x13, x13, -128      x13=00001f80 x13:00002000
13703989ns          246733 1c0089b8 00379713 slli             x14, x15, 0x3       x14=00000020 x15:00000004
13704009ns          246734 1c0089bc 00279793 slli             x15, x15, 0x2       x15=00000010 x15:00000004
13704029ns          246735 1c0089be 00d7f7b3 and              x15, x15, x13       x15=00000000 x15:00000010 x13:00001f80
13704049ns          246736 1c0089c0 ee873733 p.bclr           x14, x14, 23, 8     x14=00000020 x14:00000020
13704069ns          246737 1c0089c4 1a10f6b7 lui              x13, 0x1a10f000     x13=1a10f000
13704089ns          246738 1c0089c8 0ff57513 andi             x10, x10, 255       x10=00000078 x10:00000078
13704109ns          246739 1c0089cc 00d70733 add              x14, x14, x13       x14=1a10f020 x14:00000020 x13:1a10f000
13704128ns          246740 1c0089ce 00a7e723 p.sw             x10, x0(x15)        x10:00000078 x15:00000000  PA:1a10f020
13704447ns          246756 1c0089d2 00000513 addi             x10, x0, 0          x10=00000000
13704467ns          246757 1c0089d4 00008067 jalr             x0, x1, 0            x1:1c008ae0
13704506ns          246759 1c008ae0 15f52c63 p.beqimm         x10, 344            x10:00000000
13704526ns          246760 1c008ae4 00140413 addi             x8, x8, 1            x8=00000023  x8:00000022
13704546ns          246761 1c008ae6 0004c503 lbu              x10, 0(x9)          x10=00000025  x9:1c000178  PA:1c000178
13704844ns          246776 1c008aea 00148493 addi             x9, x9, 1            x9=1c000179  x9:1c000178
13704864ns          246777 1c008aec fe0514e3 bne              x10, x0, -24        x10:00000025
13704924ns          246780 1c008ad4 02500793 addi             x15, x0, 37         x15=00000025
13704944ns          246781 1c008ad8 04f50763 beq              x10, x15, 78        x10:00000025 x15:00000025
13705083ns          246788 1c008b26 0004cb03 lbu              x22, 0(x9)          x22=00000030  x9:1c000179  PA:1c000179
13705381ns          246803 1c008b2a 02000813 addi             x16, x0, 32         x16=00000020
13705401ns          246804 1c008b2e 00148a93 addi             x21, x9, 1          x21=1c00017a  x9:1c000179
13705421ns          246805 1c008b32 016005b3 add              x11, x0, x22        x11=00000030 x22:00000030
13705441ns          246806 1c008b34 2d8d8513 addi             x10, x27, 728       x10=1c0002d8 x27:1c000000
13705461ns          246807 1c008b38 01012823 sw               x16, 16(x2)         x16:00000020  x2:100051a8  PA:100051b8
13705481ns          246808 1c008b3a 00012c23 sw               x0, 24(x2)           x2:100051a8  PA:100051c0
13705501ns          246809 1c008b3c 00012a23 sw               x0, 20(x2)           x2:100051a8  PA:100051bc
13705521ns          246810 1c008b3e 00012e23 sw               x0, 28(x2)           x2:100051a8  PA:100051c4
13705541ns          246811 1c008b40 00012623 sw               x0, 12(x2)           x2:100051a8  PA:100051b4
13705560ns          246812 1c008b42 02300913 addi             x18, x0, 35         x18=00000023
13705580ns          246813 1c008b46 02d00a13 addi             x20, x0, 45         x20=0000002d
13705600ns          246814 1c008b4a 015009b3 add              x19, x0, x21        x19=1c00017a x21:1c00017a
13705620ns          246815 1c008b4c de3ff0ef jal              x1, -542             x1=1c008b4e
13705819ns          246825 1c00892e 00054783 lbu              x15, 0(x10)         x15=0000002d x10:1c0002d8  PA:1c0002d8
13706137ns          246841 1c008932 0ff5f593 andi             x11, x11, 255       x11=00000030 x11:00000030
13706157ns          246842 1c008936 00b78c63 beq              x15, x11, 24        x15:0000002d x11:00000030
13706177ns          246843 1c00893a 00078b63 beq              x15, x0, 22         x15:0000002d
13706197ns          246844 1c00893c 00150793 addi             x15, x10, 1         x15=1c0002d9 x10:1c0002d8
13706237ns          246846 1c008940 0040006f jal              x0, 4              
13706276ns          246848 1c008944 00f00533 add              x10, x0, x15        x10=1c0002d9 x15:1c0002d9
13706296ns          246849 1c008946 0017c70b p.lbu            x14, 1(x15!)        x14=0000002b x15=1c0002da x15:1c0002d9  PA:1c0002d9
13706614ns          246865 1c00894a feb71ce3 bne              x14, x11, -8        x14:0000002b x11:00000030
13706674ns          246868 1c008942 00070763 beq              x14, x0, 14         x14:0000002b
13706694ns          246869 1c008944 00f00533 add              x10, x0, x15        x10=1c0002da x15:1c0002da
13706714ns          246870 1c008946 0017c70b p.lbu            x14, 1(x15!)        x14=00000020 x15=1c0002db x15:1c0002da  PA:1c0002da
13707032ns          246886 1c00894a feb71ce3 bne              x14, x11, -8        x14:00000020 x11:00000030
13707092ns          246889 1c008942 00070763 beq              x14, x0, 14         x14:00000020
13707112ns          246890 1c008944 00f00533 add              x10, x0, x15        x10=1c0002db x15:1c0002db
13707132ns          246891 1c008946 0017c70b p.lbu            x14, 1(x15!)        x14=00000023 x15=1c0002dc x15:1c0002db  PA:1c0002db
13707450ns          246907 1c00894a feb71ce3 bne              x14, x11, -8        x14:00000023 x11:00000030
13707509ns          246910 1c008942 00070763 beq              x14, x0, 14         x14:00000023
13707529ns          246911 1c008944 00f00533 add              x10, x0, x15        x10=1c0002dc x15:1c0002dc
13707549ns          246912 1c008946 0017c70b p.lbu            x14, 1(x15!)        x14=00000030 x15=1c0002dd x15:1c0002dc  PA:1c0002dc
13707867ns          246928 1c00894a feb71ce3 bne              x14, x11, -8        x14:00000030 x11:00000030
13707887ns          246929 1c00894e 00008067 jalr             x0, x1, 0            x1:1c008b4e
13707927ns          246931 1c008b4e 02050a63 beq              x10, x0, 52         x10:1c0002dc
13707987ns          246934 1c008b50 112b0d63 beq              x22, x18, 282       x22:00000030 x18:00000023
13708027ns          246936 1c008b54 0f697463 bgeu             x18, x22, 232       x18:00000023 x22:00000030
13708046ns          246937 1c008b58 114b0563 beq              x22, x20, 266       x22:00000030 x20:0000002d
13708066ns          246938 1c008b5c 03000613 addi             x12, x0, 48         x12=00000030
13708126ns          246941 1c008b60 0ecb0c63 beq              x22, x12, 248       x22:00000030 x12:00000030
13708225ns          246946 1c008c58 03000713 addi             x14, x0, 48         x14=00000030
13708265ns          246948 1c008c5c 00e12823 sw               x14, 16(x2)         x14:00000030  x2:100051a8  PA:100051b8
13708285ns          246949 1c008c5e 015004b3 add              x9, x0, x21          x9=1c00017a x21:1c00017a
13708325ns          246951 1c008c60 f0fff06f jal              x0, -242           
13708424ns          246956 1c008b6e 0004cb03 lbu              x22, 0(x9)          x22=00000038  x9:1c00017a  PA:1c00017a
13708742ns          246972 1c008b72 00148a93 addi             x21, x9, 1          x21=1c00017b  x9:1c00017a
13708762ns          246973 1c008b76 016005b3 add              x11, x0, x22        x11=00000038 x22:00000038
13708782ns          246974 1c008b78 2d8d8513 addi             x10, x27, 728       x10=1c0002d8 x27:1c000000
13708802ns          246975 1c008b7c 015009b3 add              x19, x0, x21        x19=1c00017b x21:1c00017b
13708822ns          246976 1c008b7e db1ff0ef jal              x1, -592             x1=1c008b80
13708902ns          246980 1c00892e 00054783 lbu              x15, 0(x10)         x15=0000002d x10:1c0002d8  PA:1c0002d8
13709220ns          246996 1c008932 0ff5f593 andi             x11, x11, 255       x11=00000038 x11:00000038
13709240ns          246997 1c008936 00b78c63 beq              x15, x11, 24        x15:0000002d x11:00000038
13709260ns          246998 1c00893a 00078b63 beq              x15, x0, 22         x15:0000002d
13709279ns          246999 1c00893c 00150793 addi             x15, x10, 1         x15=1c0002d9 x10:1c0002d8
13709299ns          247000 1c008940 0040006f jal              x0, 4              
13709339ns          247002 1c008944 00f00533 add              x10, x0, x15        x10=1c0002d9 x15:1c0002d9
13709359ns          247003 1c008946 0017c70b p.lbu            x14, 1(x15!)        x14=0000002b x15=1c0002da x15:1c0002d9  PA:1c0002d9
13709677ns          247019 1c00894a feb71ce3 bne              x14, x11, -8        x14:0000002b x11:00000038
13709737ns          247022 1c008942 00070763 beq              x14, x0, 14         x14:0000002b
13709757ns          247023 1c008944 00f00533 add              x10, x0, x15        x10=1c0002da x15:1c0002da
13709777ns          247024 1c008946 0017c70b p.lbu            x14, 1(x15!)        x14=00000020 x15=1c0002db x15:1c0002da  PA:1c0002da
13710095ns          247040 1c00894a feb71ce3 bne              x14, x11, -8        x14:00000020 x11:00000038
13710155ns          247043 1c008942 00070763 beq              x14, x0, 14         x14:00000020
13710174ns          247044 1c008944 00f00533 add              x10, x0, x15        x10=1c0002db x15:1c0002db
13710194ns          247045 1c008946 0017c70b p.lbu            x14, 1(x15!)        x14=00000023 x15=1c0002dc x15:1c0002db  PA:1c0002db
13710513ns          247061 1c00894a feb71ce3 bne              x14, x11, -8        x14:00000023 x11:00000038
13710572ns          247064 1c008942 00070763 beq              x14, x0, 14         x14:00000023
13710592ns          247065 1c008944 00f00533 add              x10, x0, x15        x10=1c0002dc x15:1c0002dc
13710612ns          247066 1c008946 0017c70b p.lbu            x14, 1(x15!)        x14=00000030 x15=1c0002dd x15:1c0002dc  PA:1c0002dc
13710930ns          247082 1c00894a feb71ce3 bne              x14, x11, -8        x14:00000030 x11:00000038
13710990ns          247085 1c008942 00070763 beq              x14, x0, 14         x14:00000030
13711010ns          247086 1c008944 00f00533 add              x10, x0, x15        x10=1c0002dd x15:1c0002dd
13711030ns          247087 1c008946 0017c70b p.lbu            x14, 1(x15!)        x14=00000000 x15=1c0002de x15:1c0002dd  PA:1c0002dd
13711368ns          247104 1c00894a feb71ce3 bne              x14, x11, -8        x14:00000000 x11:00000038
13711427ns          247107 1c008942 00070763 beq              x14, x0, 14         x14:00000000
13711487ns          247110 1c008950 0015b593 sltiu            x11, x11, 1         x11=00000000 x11:00000038
13711507ns          247111 1c008954 40b005b3 sub              x11, x0, x11        x11=00000000 x11:00000000
13711527ns          247112 1c008958 00b57533 and              x10, x10, x11       x10=00000000 x10:1c0002dd x11:00000000
13711547ns          247113 1c00895a 00008067 jalr             x0, x1, 0            x1:1c008b80
13711646ns          247118 1c008b80 fc0518e3 bne              x10, x0, -48        x10:00000000
13711666ns          247119 1c008b82 02a00613 addi             x12, x0, 42         x12=0000002a
13711686ns          247120 1c008b86 10cb0863 beq              x22, x12, 272       x22:00000038 x12:0000002a
13711706ns          247121 1c008b8a fd0b0613 addi             x12, x22, -48       x12=00000008 x22:00000038
13711726ns          247122 1c008b8e 00900593 addi             x11, x0, 9          x11=00000009
13711765ns          247124 1c008b90 00000a13 addi             x20, x0, 0          x20=00000000
13711805ns          247126 1c008b92 0ec5f263 bgeu             x11, x12, 228       x11:00000009 x12:00000008
13711944ns          247133 1c008c76 002a1793 slli             x15, x20, 0x2       x15=00000000 x20:00000000
13711964ns          247134 1c008c7a 014787b3 add              x15, x15, x20       x15=00000000 x15:00000000 x20:00000000
13711984ns          247135 1c008c7c 00179793 slli             x15, x15, 0x1       x15=00000000 x15:00000000
13712004ns          247136 1c008c7e 016787b3 add              x15, x15, x22       x15=00000038 x15:00000000 x22:00000038
13712024ns          247137 1c008c80 000acb03 lbu              x22, 0(x21)         x22=00000078 x21:1c00017b  PA:1c00017b
13712342ns          247153 1c008c84 fd078a13 addi             x20, x15, -48       x20=00000008 x15:00000038
13712362ns          247154 1c008c88 fd0b0793 addi             x15, x22, -48       x15=00000048 x22:00000078
13712382ns          247155 1c008c8c fef5f3e3 bgeu             x11, x15, -26       x11:00000009 x15:00000048
13712402ns          247156 1c008c90 00248993 addi             x19, x9, 2          x19=1c00017c  x9:1c00017a
13712422ns          247157 1c008c94 0140006f jal              x0, 20             
13712501ns          247161 1c008ca8 0c800713 addi             x14, x0, 200        x14=000000c8
13712541ns          247163 1c008cac 04ea5a33 p.minu           x20, x20, x14       x20=00000008 x20:00000008 x14:000000c8
13712601ns          247166 1c008cb0 ee7ff06f jal              x0, -282           
13712720ns          247172 1c008b96 02e00713 addi             x14, x0, 46         x14=0000002e
13712740ns          247173 1c008b9a fff00a93 addi             x21, x0, -1         x21=ffffffff
13712760ns          247174 1c008b9c 14eb0563 beq              x22, x14, 330       x22:00000078 x14:0000002e
13712800ns          247176 1c008ba0 1c0007b7 lui              x15, 0x1c000000     x15=1c000000
13712839ns          247178 1c008ba4 016005b3 add              x11, x0, x22        x11=00000078 x22:00000078
13712859ns          247179 1c008ba6 2e078513 addi             x10, x15, 736       x10=1c0002e0 x15:1c000000
13712879ns          247180 1c008baa d85ff0ef jal              x1, -636             x1=1c008bac
13713098ns          247191 1c00892e 00054783 lbu              x15, 0(x10)         x15=00000068 x10:1c0002e0  PA:1c0002e0
13713436ns          247208 1c008932 0ff5f593 andi             x11, x11, 255       x11=00000078 x11:00000078
13713456ns          247209 1c008936 00b78c63 beq              x15, x11, 24        x15:00000068 x11:00000078
13713476ns          247210 1c00893a 00078b63 beq              x15, x0, 22         x15:00000068
13713496ns          247211 1c00893c 00150793 addi             x15, x10, 1         x15=1c0002e1 x10:1c0002e0
13713516ns          247212 1c008940 0040006f jal              x0, 4              
13713555ns          247214 1c008944 00f00533 add              x10, x0, x15        x10=1c0002e1 x15:1c0002e1
13713575ns          247215 1c008946 0017c70b p.lbu            x14, 1(x15!)        x14=0000006c x15=1c0002e2 x15:1c0002e1  PA:1c0002e1
13713893ns          247231 1c00894a feb71ce3 bne              x14, x11, -8        x14:0000006c x11:00000078
13713953ns          247234 1c008942 00070763 beq              x14, x0, 14         x14:0000006c
13713973ns          247235 1c008944 00f00533 add              x10, x0, x15        x10=1c0002e2 x15:1c0002e2
13713993ns          247236 1c008946 0017c70b p.lbu            x14, 1(x15!)        x14=0000004c x15=1c0002e3 x15:1c0002e2  PA:1c0002e2
13714311ns          247252 1c00894a feb71ce3 bne              x14, x11, -8        x14:0000004c x11:00000078
13714371ns          247255 1c008942 00070763 beq              x14, x0, 14         x14:0000004c
13714391ns          247256 1c008944 00f00533 add              x10, x0, x15        x10=1c0002e3 x15:1c0002e3
13714411ns          247257 1c008946 0017c70b p.lbu            x14, 1(x15!)        x14=0000007a x15=1c0002e4 x15:1c0002e3  PA:1c0002e3
13714749ns          247274 1c00894a feb71ce3 bne              x14, x11, -8        x14:0000007a x11:00000078
13714808ns          247277 1c008942 00070763 beq              x14, x0, 14         x14:0000007a
13714828ns          247278 1c008944 00f00533 add              x10, x0, x15        x10=1c0002e4 x15:1c0002e4
13714848ns          247279 1c008946 0017c70b p.lbu            x14, 1(x15!)        x14=00000000 x15=1c0002e5 x15:1c0002e4  PA:1c0002e4
13715166ns          247295 1c00894a feb71ce3 bne              x14, x11, -8        x14:00000000 x11:00000078
13715226ns          247298 1c008942 00070763 beq              x14, x0, 14         x14:00000000
13715286ns          247301 1c008950 0015b593 sltiu            x11, x11, 1         x11=00000000 x11:00000078
13715306ns          247302 1c008954 40b005b3 sub              x11, x0, x11        x11=00000000 x11:00000000
13715325ns          247303 1c008958 00b57533 and              x10, x10, x11       x10=00000000 x10:1c0002e4 x11:00000000
13715345ns          247304 1c00895a 00008067 jalr             x0, x1, 0            x1:1c008bac
13715385ns          247306 1c008bac 013004b3 add              x9, x0, x19          x9=1c00017c x19:1c00017c
13715405ns          247307 1c008bae 00050563 beq              x10, x0, 10         x10:00000000
13715465ns          247310 1c008bb8 06700713 addi             x14, x0, 103        x14=00000067
13715485ns          247311 1c008bbc 0f675b63 bge              x14, x22, 246       x14:00000067 x22:00000078
13715544ns          247314 1c008bc0 07000713 addi             x14, x0, 112        x14=00000070
13715584ns          247316 1c008bc4 72eb0a63 beq              x22, x14, 1844      x22:00000078 x14:00000070
13715604ns          247317 1c008bc8 15675363 bge              x14, x22, 326       x14:00000070 x22:00000078
13715624ns          247318 1c008bcc 07500713 addi             x14, x0, 117        x14=00000075
13715683ns          247321 1c008bd0 6eeb0963 beq              x22, x14, 1778      x22:00000078 x14:00000075
13715723ns          247323 1c008bd4 07800713 addi             x14, x0, 120        x14=00000078
13715743ns          247324 1c008bd8 5ceb0a63 beq              x22, x14, 1492      x22:00000078 x14:00000078
13715902ns          247332 1c0091ac 00c12803 lw               x16, 12(x2)         x16=00000000  x2:100051a8  PA:100051b4
13715982ns          247336 1c0091ae 004c0913 addi             x18, x24, 4         x18=10005304 x24:10005300
13716021ns          247338 1c0091b2 000c2583 lw               x11, 0(x24)         x11=c0de0004 x24:10005300  PA:10005300
13716041ns          247339 1c0091b6 015006b3 add              x13, x0, x21        x13=ffffffff x21:ffffffff
13716061ns          247340 1c0091b8 01000613 addi             x12, x0, 16         x12=00000010
13716081ns          247341 1c0091ba 18080e63 beq              x16, x0, 412        x16:00000000
13716200ns          247347 1c009356 01a00533 add              x10, x0, x26        x10=100051cc x26:100051cc
13716240ns          247349 1c009358 ecaff0ef jal              x1, -2358            x1=1c00935c
13716320ns          247353 1c008a22 00a00733 add              x14, x0, x10        x14=100051cc x10:100051cc
13716360ns          247355 1c008a24 00a007b3 add              x15, x0, x10        x15=100051cc x10:100051cc
13716379ns          247356 1c008a26 00900313 addi             x6, x0, 9            x6=00000009
13716399ns          247357 1c008a28 02c5f8b3 remu             x17, x11, x12       x17=00000004 x11:c0de0004 x12:00000010
13716996ns          247387 1c008a2c 0ff8f813 andi             x16, x17, 255       x16=00000004 x17:00000004
13717016ns          247388 1c008a30 00000513 addi             x10, x0, 0          x10=00000000
13717036ns          247389 1c008a32 02c5d5b3 divu             x11, x11, x12       x11=0c0de000 x11:c0de0004 x12:00000010
13717632ns          247419 1c008a36 03080813 addi             x16, x16, 48        x16=00000034 x16:00000004
13717652ns          247420 1c008a3a 01137463 bgeu             x6, x17, 8           x6:00000009 x17:00000004
13717712ns          247423 1c008a42 01050533 add              x10, x10, x16       x10=00000034 x10:00000000 x16:00000034
13717732ns          247424 1c008a44 00a780ab p.sb             x10, 1(x15!)        x15=100051cd x10:00000034 x15:100051cc  PA:100051cc
13717752ns          247425 1c008a48 fe0590e3 bne              x11, x0, -32        x11:0c0de000
13717871ns          247431 1c008a28 02c5f8b3 remu             x17, x11, x12       x17=00000000 x11:0c0de000 x12:00000010
13718468ns          247461 1c008a2c 0ff8f813 andi             x16, x17, 255       x16=00000000 x17:00000000
13718488ns          247462 1c008a30 00000513 addi             x10, x0, 0          x10=00000000
13718507ns          247463 1c008a32 02c5d5b3 divu             x11, x11, x12       x11=00c0de00 x11:0c0de000 x12:00000010
13719104ns          247493 1c008a36 03080813 addi             x16, x16, 48        x16=00000030 x16:00000000
13719124ns          247494 1c008a3a 01137463 bgeu             x6, x17, 8           x6:00000009 x17:00000000
13719184ns          247497 1c008a42 01050533 add              x10, x10, x16       x10=00000030 x10:00000000 x16:00000030
13719204ns          247498 1c008a44 00a780ab p.sb             x10, 1(x15!)        x15=100051ce x10:00000030 x15:100051cd  PA:100051cd
13719223ns          247499 1c008a48 fe0590e3 bne              x11, x0, -32        x11:00c0de00
13719283ns          247502 1c008a28 02c5f8b3 remu             x17, x11, x12       x17=00000000 x11:00c0de00 x12:00000010
13719880ns          247532 1c008a2c 0ff8f813 andi             x16, x17, 255       x16=00000000 x17:00000000
13719900ns          247533 1c008a30 00000513 addi             x10, x0, 0          x10=00000000
13719920ns          247534 1c008a32 02c5d5b3 divu             x11, x11, x12       x11=000c0de0 x11:00c0de00 x12:00000010
13720516ns          247564 1c008a36 03080813 addi             x16, x16, 48        x16=00000030 x16:00000000
13720536ns          247565 1c008a3a 01137463 bgeu             x6, x17, 8           x6:00000009 x17:00000000
13720596ns          247568 1c008a42 01050533 add              x10, x10, x16       x10=00000030 x10:00000000 x16:00000030
13720616ns          247569 1c008a44 00a780ab p.sb             x10, 1(x15!)        x15=100051cf x10:00000030 x15:100051ce  PA:100051ce
13720636ns          247570 1c008a48 fe0590e3 bne              x11, x0, -32        x11:000c0de0
13720695ns          247573 1c008a28 02c5f8b3 remu             x17, x11, x12       x17=00000000 x11:000c0de0 x12:00000010
13721292ns          247603 1c008a2c 0ff8f813 andi             x16, x17, 255       x16=00000000 x17:00000000
13721312ns          247604 1c008a30 00000513 addi             x10, x0, 0          x10=00000000
13721332ns          247605 1c008a32 02c5d5b3 divu             x11, x11, x12       x11=0000c0de x11:000c0de0 x12:00000010
13721928ns          247635 1c008a36 03080813 addi             x16, x16, 48        x16=00000030 x16:00000000
13721948ns          247636 1c008a3a 01137463 bgeu             x6, x17, 8           x6:00000009 x17:00000000
13722008ns          247639 1c008a42 01050533 add              x10, x10, x16       x10=00000030 x10:00000000 x16:00000030
13722028ns          247640 1c008a44 00a780ab p.sb             x10, 1(x15!)        x15=100051d0 x10:00000030 x15:100051cf  PA:100051cf
13722048ns          247641 1c008a48 fe0590e3 bne              x11, x0, -32        x11:0000c0de
13722107ns          247644 1c008a28 02c5f8b3 remu             x17, x11, x12       x17=0000000e x11:0000c0de x12:00000010
13722704ns          247674 1c008a2c 0ff8f813 andi             x16, x17, 255       x16=0000000e x17:0000000e
13722724ns          247675 1c008a30 00000513 addi             x10, x0, 0          x10=00000000
13722744ns          247676 1c008a32 02c5d5b3 divu             x11, x11, x12       x11=00000c0d x11:0000c0de x12:00000010
13723340ns          247706 1c008a36 03080813 addi             x16, x16, 48        x16=0000003e x16:0000000e
13723360ns          247707 1c008a3a 01137463 bgeu             x6, x17, 8           x6:00000009 x17:0000000e
13723380ns          247708 1c008a3e 02700513 addi             x10, x0, 39         x10=00000027
13723400ns          247709 1c008a42 01050533 add              x10, x10, x16       x10=00000065 x10:00000027 x16:0000003e
13723420ns          247710 1c008a44 00a780ab p.sb             x10, 1(x15!)        x15=100051d1 x10:00000065 x15:100051d0  PA:100051d0
13723440ns          247711 1c008a48 fe0590e3 bne              x11, x0, -32        x11:00000c0d
13723499ns          247714 1c008a28 02c5f8b3 remu             x17, x11, x12       x17=0000000d x11:00000c0d x12:00000010
13724096ns          247744 1c008a2c 0ff8f813 andi             x16, x17, 255       x16=0000000d x17:0000000d
13724116ns          247745 1c008a30 00000513 addi             x10, x0, 0          x10=00000000
13724136ns          247746 1c008a32 02c5d5b3 divu             x11, x11, x12       x11=000000c0 x11:00000c0d x12:00000010
13724732ns          247776 1c008a36 03080813 addi             x16, x16, 48        x16=0000003d x16:0000000d
13724752ns          247777 1c008a3a 01137463 bgeu             x6, x17, 8           x6:00000009 x17:0000000d
13724772ns          247778 1c008a3e 02700513 addi             x10, x0, 39         x10=00000027
13724792ns          247779 1c008a42 01050533 add              x10, x10, x16       x10=00000064 x10:00000027 x16:0000003d
13724812ns          247780 1c008a44 00a780ab p.sb             x10, 1(x15!)        x15=100051d2 x10:00000064 x15:100051d1  PA:100051d1
13724832ns          247781 1c008a48 fe0590e3 bne              x11, x0, -32        x11:000000c0
13724892ns          247784 1c008a28 02c5f8b3 remu             x17, x11, x12       x17=00000000 x11:000000c0 x12:00000010
13725488ns          247814 1c008a2c 0ff8f813 andi             x16, x17, 255       x16=00000000 x17:00000000
13725508ns          247815 1c008a30 00000513 addi             x10, x0, 0          x10=00000000
13725528ns          247816 1c008a32 02c5d5b3 divu             x11, x11, x12       x11=0000000c x11:000000c0 x12:00000010
13726125ns          247846 1c008a36 03080813 addi             x16, x16, 48        x16=00000030 x16:00000000
13726144ns          247847 1c008a3a 01137463 bgeu             x6, x17, 8           x6:00000009 x17:00000000
13726204ns          247850 1c008a42 01050533 add              x10, x10, x16       x10=00000030 x10:00000000 x16:00000030
13726224ns          247851 1c008a44 00a780ab p.sb             x10, 1(x15!)        x15=100051d3 x10:00000030 x15:100051d2  PA:100051d2
13726244ns          247852 1c008a48 fe0590e3 bne              x11, x0, -32        x11:0000000c
13726304ns          247855 1c008a28 02c5f8b3 remu             x17, x11, x12       x17=0000000c x11:0000000c x12:00000010
13726900ns          247885 1c008a2c 0ff8f813 andi             x16, x17, 255       x16=0000000c x17:0000000c
13726920ns          247886 1c008a30 00000513 addi             x10, x0, 0          x10=00000000
13726940ns          247887 1c008a32 02c5d5b3 divu             x11, x11, x12       x11=00000000 x11:0000000c x12:00000010
13727537ns          247917 1c008a36 03080813 addi             x16, x16, 48        x16=0000003c x16:0000000c
13727557ns          247918 1c008a3a 01137463 bgeu             x6, x17, 8           x6:00000009 x17:0000000c
13727576ns          247919 1c008a3e 02700513 addi             x10, x0, 39         x10=00000027
13727596ns          247920 1c008a42 01050533 add              x10, x10, x16       x10=00000063 x10:00000027 x16:0000003c
13727616ns          247921 1c008a44 00a780ab p.sb             x10, 1(x15!)        x15=100051d4 x10:00000063 x15:100051d3  PA:100051d3
13727636ns          247922 1c008a48 fe0590e3 bne              x11, x0, -32        x11:00000000
13727656ns          247923 1c008a4a 40e78533 sub              x10, x15, x14       x10=00000008 x15:100051d4 x14:100051cc
13727676ns          247924 1c008a4e 00d55d63 bge              x10, x13, 26        x10:00000008 x13:ffffffff
13727775ns          247929 1c008a68 fe078fab p.sb             x0, -1(x15!)        x15=100051d3 x15:100051d4  PA:100051d4
13727815ns          247931 1c008a6c 00f77c63 bgeu             x14, x15, 24        x14:100051cc x15:100051d3
13727875ns          247934 1c008a70 00074603 lbu              x12, 0(x14)         x12=00000034 x14:100051cc  PA:100051cc
13727915ns          247936 1c008a74 0007c683 lbu              x13, 0(x15)         x13=00000063 x15:100051d3  PA:100051d3
13727934ns          247937 1c008a78 fec78fab p.sb             x12, -1(x15!)       x15=100051d2 x12:00000034 x15:100051d3  PA:100051d3
13727954ns          247938 1c008a7c 00d700ab p.sb             x13, 1(x14!)        x14=100051cd x13:00000063 x14:100051cc  PA:100051cc
13727974ns          247939 1c008a80 fef768e3 bltu             x14, x15, -16       x14:100051cd x15:100051d2
13728034ns          247942 1c008a70 00074603 lbu              x12, 0(x14)         x12=00000030 x14:100051cd  PA:100051cd
13728054ns          247943 1c008a74 0007c683 lbu              x13, 0(x15)         x13=00000030 x15:100051d2  PA:100051d2
13728074ns          247944 1c008a78 fec78fab p.sb             x12, -1(x15!)       x15=100051d1 x12:00000030 x15:100051d2  PA:100051d2
13728094ns          247945 1c008a7c 00d700ab p.sb             x13, 1(x14!)        x14=100051ce x13:00000030 x14:100051cd  PA:100051cd
13728113ns          247946 1c008a80 fef768e3 bltu             x14, x15, -16       x14:100051ce x15:100051d1
13728173ns          247949 1c008a70 00074603 lbu              x12, 0(x14)         x12=00000030 x14:100051ce  PA:100051ce
13728193ns          247950 1c008a74 0007c683 lbu              x13, 0(x15)         x13=00000064 x15:100051d1  PA:100051d1
13728213ns          247951 1c008a78 fec78fab p.sb             x12, -1(x15!)       x15=100051d0 x12:00000030 x15:100051d1  PA:100051d1
13728233ns          247952 1c008a7c 00d700ab p.sb             x13, 1(x14!)        x14=100051cf x13:00000064 x14:100051ce  PA:100051ce
13728253ns          247953 1c008a80 fef768e3 bltu             x14, x15, -16       x14:100051cf x15:100051d0
13728312ns          247956 1c008a70 00074603 lbu              x12, 0(x14)         x12=00000030 x14:100051cf  PA:100051cf
13728332ns          247957 1c008a74 0007c683 lbu              x13, 0(x15)         x13=00000065 x15:100051d0  PA:100051d0
13728352ns          247958 1c008a78 fec78fab p.sb             x12, -1(x15!)       x15=100051cf x12:00000030 x15:100051d0  PA:100051d0
13728372ns          247959 1c008a7c 00d700ab p.sb             x13, 1(x14!)        x14=100051d0 x13:00000065 x14:100051cf  PA:100051cf
13728392ns          247960 1c008a80 fef768e3 bltu             x14, x15, -16       x14:100051d0 x15:100051cf
13728412ns          247961 1c008a84 00008067 jalr             x0, x1, 0            x1:1c00935c
13728451ns          247963 1c00935c 05800713 addi             x14, x0, 88         x14=00000058
13728511ns          247966 1c009360 00a009b3 add              x19, x0, x10        x19=00000008 x10:00000008
13728551ns          247968 1c009362 e6eb1fe3 bne              x22, x14, -386      x22:00000078 x14:00000058
13728650ns          247973 1c0091e0 0c800793 addi             x15, x0, 200        x15=000000c8
13728690ns          247975 1c0091e4 1bfaac63 p.beqimm         x21, 440            x21:ffffffff
13728790ns          247980 1c00939c 8937cee3 blt              x15, x19, -1892     x15:000000c8 x19:00000008
13728869ns          247984 1c0093a0 01200c33 add              x24, x0, x18        x24=10005304 x18:10005304
13728889ns          247985 1c0093a2 d71ff06f jal              x0, -656           
13729008ns          247991 1c009112 0f49c363 blt              x19, x20, 230       x19:00000008 x20:00000008
13729028ns          247992 1c009116 01300a33 add              x20, x0, x19        x20=00000008 x19:00000008
13729048ns          247993 1c009118 b00a11e3 bne              x20, x0, -1278      x20:00000008
13729187ns          248000 1c008c1a 01a00933 add              x18, x0, x26        x18=100051cc x26:100051cc
13729227ns          248002 1c008c1c 41a409b3 sub              x19, x8, x26        x19=efffae57  x8:00000023 x26:100051cc
13729247ns          248003 1c008c20 00a0006f jal              x0, 10             
13729307ns          248006 1c008c2a 0019450b p.lbu            x10, 1(x18!)        x10=00000063 x18=100051cd x18:100051cc  PA:100051cc
13729327ns          248007 1c008c2e 017005b3 add              x11, x0, x23        x11=00000002 x23:00000002
13729366ns          248009 1c008c30 000c80e7 jalr             x1, x25, 0           x1=1c008c32 x25:1c0089d6
13729406ns          248011 1c0089d6 fd9ff06f jal              x0, -40            
13729486ns          248015 1c0089ae 000026b7 lui              x13, 0x2000         x13=00002000
13729565ns          248019 1c0089b0 f14027f3 csrrs            x15, x0, 0xf14      x15=00000004
13729605ns          248021 1c0089b4 f8068693 addi             x13, x13, -128      x13=00001f80 x13:00002000
13729625ns          248022 1c0089b8 00379713 slli             x14, x15, 0x3       x14=00000020 x15:00000004
13729645ns          248023 1c0089bc 00279793 slli             x15, x15, 0x2       x15=00000010 x15:00000004
13729665ns          248024 1c0089be 00d7f7b3 and              x15, x15, x13       x15=00000000 x15:00000010 x13:00001f80
13729704ns          248026 1c0089c0 ee873733 p.bclr           x14, x14, 23, 8     x14=00000020 x14:00000020
13729744ns          248028 1c0089c4 1a10f6b7 lui              x13, 0x1a10f000     x13=1a10f000
13729764ns          248029 1c0089c8 0ff57513 andi             x10, x10, 255       x10=00000063 x10:00000063
13729784ns          248030 1c0089cc 00d70733 add              x14, x14, x13       x14=1a10f020 x14:00000020 x13:1a10f000
13729804ns          248031 1c0089ce 00a7e723 p.sw             x10, x0(x15)        x10:00000063 x15:00000000  PA:1a10f020
13730122ns          248047 1c0089d2 00000513 addi             x10, x0, 0          x10=00000000
13730142ns          248048 1c0089d4 00008067 jalr             x0, x1, 0            x1:1c008c32
13730182ns          248050 1c008c32 fffa0a13 addi             x20, x20, -1        x20=00000007 x20:00000008
13730202ns          248051 1c008c34 fff537e3 p.bneimm         x10, -18            x10:00000000
13730341ns          248058 1c008c22 01298433 add              x8, x19, x18         x8=00000024 x19:efffae57 x18:100051cd
13730361ns          248059 1c008c26 ea0a03e3 beq              x20, x0, -346       x20:00000007
13730381ns          248060 1c008c2a 0019450b p.lbu            x10, 1(x18!)        x10=00000030 x18=100051ce x18:100051cd  PA:100051cd
13730401ns          248061 1c008c2e 017005b3 add              x11, x0, x23        x11=00000002 x23:00000002
13730420ns          248062 1c008c30 000c80e7 jalr             x1, x25, 0           x1=1c008c32 x25:1c0089d6
13730460ns          248064 1c0089d6 fd9ff06f jal              x0, -40            
13730500ns          248066 1c0089ae 000026b7 lui              x13, 0x2000         x13=00002000
13730520ns          248067 1c0089b0 f14027f3 csrrs            x15, x0, 0xf14      x15=00000004
13730540ns          248068 1c0089b4 f8068693 addi             x13, x13, -128      x13=00001f80 x13:00002000
13730560ns          248069 1c0089b8 00379713 slli             x14, x15, 0x3       x14=00000020 x15:00000004
13730580ns          248070 1c0089bc 00279793 slli             x15, x15, 0x2       x15=00000010 x15:00000004
13730599ns          248071 1c0089be 00d7f7b3 and              x15, x15, x13       x15=00000000 x15:00000010 x13:00001f80
13730619ns          248072 1c0089c0 ee873733 p.bclr           x14, x14, 23, 8     x14=00000020 x14:00000020
13730639ns          248073 1c0089c4 1a10f6b7 lui              x13, 0x1a10f000     x13=1a10f000
13730659ns          248074 1c0089c8 0ff57513 andi             x10, x10, 255       x10=00000030 x10:00000030
13730679ns          248075 1c0089cc 00d70733 add              x14, x14, x13       x14=1a10f020 x14:00000020 x13:1a10f000
13730699ns          248076 1c0089ce 00a7e723 p.sw             x10, x0(x15)        x10:00000030 x15:00000000  PA:1a10f020
13731017ns          248092 1c0089d2 00000513 addi             x10, x0, 0          x10=00000000
13731037ns          248093 1c0089d4 00008067 jalr             x0, x1, 0            x1:1c008c32
13731077ns          248095 1c008c32 fffa0a13 addi             x20, x20, -1        x20=00000006 x20:00000007
13731097ns          248096 1c008c34 fff537e3 p.bneimm         x10, -18            x10:00000000
13731176ns          248100 1c008c22 01298433 add              x8, x19, x18         x8=00000025 x19:efffae57 x18:100051ce
13731196ns          248101 1c008c26 ea0a03e3 beq              x20, x0, -346       x20:00000006
13731216ns          248102 1c008c2a 0019450b p.lbu            x10, 1(x18!)        x10=00000064 x18=100051cf x18:100051ce  PA:100051ce
13731236ns          248103 1c008c2e 017005b3 add              x11, x0, x23        x11=00000002 x23:00000002
13731256ns          248104 1c008c30 000c80e7 jalr             x1, x25, 0           x1=1c008c32 x25:1c0089d6
13731295ns          248106 1c0089d6 fd9ff06f jal              x0, -40            
13731335ns          248108 1c0089ae 000026b7 lui              x13, 0x2000         x13=00002000
13731355ns          248109 1c0089b0 f14027f3 csrrs            x15, x0, 0xf14      x15=00000004
13731375ns          248110 1c0089b4 f8068693 addi             x13, x13, -128      x13=00001f80 x13:00002000
13731395ns          248111 1c0089b8 00379713 slli             x14, x15, 0x3       x14=00000020 x15:00000004
13731415ns          248112 1c0089bc 00279793 slli             x15, x15, 0x2       x15=00000010 x15:00000004
13731435ns          248113 1c0089be 00d7f7b3 and              x15, x15, x13       x15=00000000 x15:00000010 x13:00001f80
13731455ns          248114 1c0089c0 ee873733 p.bclr           x14, x14, 23, 8     x14=00000020 x14:00000020
13731474ns          248115 1c0089c4 1a10f6b7 lui              x13, 0x1a10f000     x13=1a10f000
13731494ns          248116 1c0089c8 0ff57513 andi             x10, x10, 255       x10=00000064 x10:00000064
13731514ns          248117 1c0089cc 00d70733 add              x14, x14, x13       x14=1a10f020 x14:00000020 x13:1a10f000
13731534ns          248118 1c0089ce 00a7e723 p.sw             x10, x0(x15)        x10:00000064 x15:00000000  PA:1a10f020
13731872ns          248135 1c0089d2 00000513 addi             x10, x0, 0          x10=00000000
13731892ns          248136 1c0089d4 00008067 jalr             x0, x1, 0            x1:1c008c32
13731932ns          248138 1c008c32 fffa0a13 addi             x20, x20, -1        x20=00000005 x20:00000006
13731952ns          248139 1c008c34 fff537e3 p.bneimm         x10, -18            x10:00000000
13732031ns          248143 1c008c22 01298433 add              x8, x19, x18         x8=00000026 x19:efffae57 x18:100051cf
13732051ns          248144 1c008c26 ea0a03e3 beq              x20, x0, -346       x20:00000005
13732071ns          248145 1c008c2a 0019450b p.lbu            x10, 1(x18!)        x10=00000065 x18=100051d0 x18:100051cf  PA:100051cf
13732091ns          248146 1c008c2e 017005b3 add              x11, x0, x23        x11=00000002 x23:00000002
13732111ns          248147 1c008c30 000c80e7 jalr             x1, x25, 0           x1=1c008c32 x25:1c0089d6
13732151ns          248149 1c0089d6 fd9ff06f jal              x0, -40            
13732190ns          248151 1c0089ae 000026b7 lui              x13, 0x2000         x13=00002000
13732210ns          248152 1c0089b0 f14027f3 csrrs            x15, x0, 0xf14      x15=00000004
13732230ns          248153 1c0089b4 f8068693 addi             x13, x13, -128      x13=00001f80 x13:00002000
13732250ns          248154 1c0089b8 00379713 slli             x14, x15, 0x3       x14=00000020 x15:00000004
13732270ns          248155 1c0089bc 00279793 slli             x15, x15, 0x2       x15=00000010 x15:00000004
13732290ns          248156 1c0089be 00d7f7b3 and              x15, x15, x13       x15=00000000 x15:00000010 x13:00001f80
13732310ns          248157 1c0089c0 ee873733 p.bclr           x14, x14, 23, 8     x14=00000020 x14:00000020
13732330ns          248158 1c0089c4 1a10f6b7 lui              x13, 0x1a10f000     x13=1a10f000
13732350ns          248159 1c0089c8 0ff57513 andi             x10, x10, 255       x10=00000065 x10:00000065
13732369ns          248160 1c0089cc 00d70733 add              x14, x14, x13       x14=1a10f020 x14:00000020 x13:1a10f000
13732389ns          248161 1c0089ce 00a7e723 p.sw             x10, x0(x15)        x10:00000065 x15:00000000  PA:1a10f020
13732708ns          248177 1c0089d2 00000513 addi             x10, x0, 0          x10=00000000
13732727ns          248178 1c0089d4 00008067 jalr             x0, x1, 0            x1:1c008c32
13732767ns          248180 1c008c32 fffa0a13 addi             x20, x20, -1        x20=00000004 x20:00000005
13732787ns          248181 1c008c34 fff537e3 p.bneimm         x10, -18            x10:00000000
13732867ns          248185 1c008c22 01298433 add              x8, x19, x18         x8=00000027 x19:efffae57 x18:100051d0
13732887ns          248186 1c008c26 ea0a03e3 beq              x20, x0, -346       x20:00000004
13732906ns          248187 1c008c2a 0019450b p.lbu            x10, 1(x18!)        x10=00000030 x18=100051d1 x18:100051d0  PA:100051d0
13732926ns          248188 1c008c2e 017005b3 add              x11, x0, x23        x11=00000002 x23:00000002
13732946ns          248189 1c008c30 000c80e7 jalr             x1, x25, 0           x1=1c008c32 x25:1c0089d6
13732986ns          248191 1c0089d6 fd9ff06f jal              x0, -40            
13733026ns          248193 1c0089ae 000026b7 lui              x13, 0x2000         x13=00002000
13733046ns          248194 1c0089b0 f14027f3 csrrs            x15, x0, 0xf14      x15=00000004
13733066ns          248195 1c0089b4 f8068693 addi             x13, x13, -128      x13=00001f80 x13:00002000
13733085ns          248196 1c0089b8 00379713 slli             x14, x15, 0x3       x14=00000020 x15:00000004
13733105ns          248197 1c0089bc 00279793 slli             x15, x15, 0x2       x15=00000010 x15:00000004
13733125ns          248198 1c0089be 00d7f7b3 and              x15, x15, x13       x15=00000000 x15:00000010 x13:00001f80
13733145ns          248199 1c0089c0 ee873733 p.bclr           x14, x14, 23, 8     x14=00000020 x14:00000020
13733165ns          248200 1c0089c4 1a10f6b7 lui              x13, 0x1a10f000     x13=1a10f000
13733185ns          248201 1c0089c8 0ff57513 andi             x10, x10, 255       x10=00000030 x10:00000030
13733205ns          248202 1c0089cc 00d70733 add              x14, x14, x13       x14=1a10f020 x14:00000020 x13:1a10f000
13733225ns          248203 1c0089ce 00a7e723 p.sw             x10, x0(x15)        x10:00000030 x15:00000000  PA:1a10f020
13733543ns          248219 1c0089d2 00000513 addi             x10, x0, 0          x10=00000000
13733563ns          248220 1c0089d4 00008067 jalr             x0, x1, 0            x1:1c008c32
13733602ns          248222 1c008c32 fffa0a13 addi             x20, x20, -1        x20=00000003 x20:00000004
13733622ns          248223 1c008c34 fff537e3 p.bneimm         x10, -18            x10:00000000
13733702ns          248227 1c008c22 01298433 add              x8, x19, x18         x8=00000028 x19:efffae57 x18:100051d1
13733722ns          248228 1c008c26 ea0a03e3 beq              x20, x0, -346       x20:00000003
13733742ns          248229 1c008c2a 0019450b p.lbu            x10, 1(x18!)        x10=00000030 x18=100051d2 x18:100051d1  PA:100051d1
13733762ns          248230 1c008c2e 017005b3 add              x11, x0, x23        x11=00000002 x23:00000002
13733781ns          248231 1c008c30 000c80e7 jalr             x1, x25, 0           x1=1c008c32 x25:1c0089d6
13733821ns          248233 1c0089d6 fd9ff06f jal              x0, -40            
13733861ns          248235 1c0089ae 000026b7 lui              x13, 0x2000         x13=00002000
13733881ns          248236 1c0089b0 f14027f3 csrrs            x15, x0, 0xf14      x15=00000004
13733901ns          248237 1c0089b4 f8068693 addi             x13, x13, -128      x13=00001f80 x13:00002000
13733921ns          248238 1c0089b8 00379713 slli             x14, x15, 0x3       x14=00000020 x15:00000004
13733941ns          248239 1c0089bc 00279793 slli             x15, x15, 0x2       x15=00000010 x15:00000004
13733960ns          248240 1c0089be 00d7f7b3 and              x15, x15, x13       x15=00000000 x15:00000010 x13:00001f80
13733980ns          248241 1c0089c0 ee873733 p.bclr           x14, x14, 23, 8     x14=00000020 x14:00000020
13734000ns          248242 1c0089c4 1a10f6b7 lui              x13, 0x1a10f000     x13=1a10f000
13734020ns          248243 1c0089c8 0ff57513 andi             x10, x10, 255       x10=00000030 x10:00000030
13734040ns          248244 1c0089cc 00d70733 add              x14, x14, x13       x14=1a10f020 x14:00000020 x13:1a10f000
13734060ns          248245 1c0089ce 00a7e723 p.sw             x10, x0(x15)        x10:00000030 x15:00000000  PA:1a10f020
13734378ns          248261 1c0089d2 00000513 addi             x10, x0, 0          x10=00000000
13734398ns          248262 1c0089d4 00008067 jalr             x0, x1, 0            x1:1c008c32
13734438ns          248264 1c008c32 fffa0a13 addi             x20, x20, -1        x20=00000002 x20:00000003
13734458ns          248265 1c008c34 fff537e3 p.bneimm         x10, -18            x10:00000000
13734537ns          248269 1c008c22 01298433 add              x8, x19, x18         x8=00000029 x19:efffae57 x18:100051d2
13734557ns          248270 1c008c26 ea0a03e3 beq              x20, x0, -346       x20:00000002
13734577ns          248271 1c008c2a 0019450b p.lbu            x10, 1(x18!)        x10=00000030 x18=100051d3 x18:100051d2  PA:100051d2
13734597ns          248272 1c008c2e 017005b3 add              x11, x0, x23        x11=00000002 x23:00000002
13734617ns          248273 1c008c30 000c80e7 jalr             x1, x25, 0           x1=1c008c32 x25:1c0089d6
13734657ns          248275 1c0089d6 fd9ff06f jal              x0, -40            
13734696ns          248277 1c0089ae 000026b7 lui              x13, 0x2000         x13=00002000
13734716ns          248278 1c0089b0 f14027f3 csrrs            x15, x0, 0xf14      x15=00000004
13734736ns          248279 1c0089b4 f8068693 addi             x13, x13, -128      x13=00001f80 x13:00002000
13734756ns          248280 1c0089b8 00379713 slli             x14, x15, 0x3       x14=00000020 x15:00000004
13734776ns          248281 1c0089bc 00279793 slli             x15, x15, 0x2       x15=00000010 x15:00000004
13734796ns          248282 1c0089be 00d7f7b3 and              x15, x15, x13       x15=00000000 x15:00000010 x13:00001f80
13734816ns          248283 1c0089c0 ee873733 p.bclr           x14, x14, 23, 8     x14=00000020 x14:00000020
13734836ns          248284 1c0089c4 1a10f6b7 lui              x13, 0x1a10f000     x13=1a10f000
13734855ns          248285 1c0089c8 0ff57513 andi             x10, x10, 255       x10=00000030 x10:00000030
13734875ns          248286 1c0089cc 00d70733 add              x14, x14, x13       x14=1a10f020 x14:00000020 x13:1a10f000
13734895ns          248287 1c0089ce 00a7e723 p.sw             x10, x0(x15)        x10:00000030 x15:00000000  PA:1a10f020
13735213ns          248303 1c0089d2 00000513 addi             x10, x0, 0          x10=00000000
13735233ns          248304 1c0089d4 00008067 jalr             x0, x1, 0            x1:1c008c32
13735273ns          248306 1c008c32 fffa0a13 addi             x20, x20, -1        x20=00000001 x20:00000002
13735293ns          248307 1c008c34 fff537e3 p.bneimm         x10, -18            x10:00000000
13735373ns          248311 1c008c22 01298433 add              x8, x19, x18         x8=0000002a x19:efffae57 x18:100051d3
13735392ns          248312 1c008c26 ea0a03e3 beq              x20, x0, -346       x20:00000001
13735412ns          248313 1c008c2a 0019450b p.lbu            x10, 1(x18!)        x10=00000034 x18=100051d4 x18:100051d3  PA:100051d3
13735432ns          248314 1c008c2e 017005b3 add              x11, x0, x23        x11=00000002 x23:00000002
13735452ns          248315 1c008c30 000c80e7 jalr             x1, x25, 0           x1=1c008c32 x25:1c0089d6
13735492ns          248317 1c0089d6 fd9ff06f jal              x0, -40            
13735532ns          248319 1c0089ae 000026b7 lui              x13, 0x2000         x13=00002000
13735552ns          248320 1c0089b0 f14027f3 csrrs            x15, x0, 0xf14      x15=00000004
13735571ns          248321 1c0089b4 f8068693 addi             x13, x13, -128      x13=00001f80 x13:00002000
13735591ns          248322 1c0089b8 00379713 slli             x14, x15, 0x3       x14=00000020 x15:00000004
13735611ns          248323 1c0089bc 00279793 slli             x15, x15, 0x2       x15=00000010 x15:00000004
13735631ns          248324 1c0089be 00d7f7b3 and              x15, x15, x13       x15=00000000 x15:00000010 x13:00001f80
13735651ns          248325 1c0089c0 ee873733 p.bclr           x14, x14, 23, 8     x14=00000020 x14:00000020
13735671ns          248326 1c0089c4 1a10f6b7 lui              x13, 0x1a10f000     x13=1a10f000
13735691ns          248327 1c0089c8 0ff57513 andi             x10, x10, 255       x10=00000034 x10:00000034
13735711ns          248328 1c0089cc 00d70733 add              x14, x14, x13       x14=1a10f020 x14:00000020 x13:1a10f000
13735730ns          248329 1c0089ce 00a7e723 p.sw             x10, x0(x15)        x10:00000034 x15:00000000  PA:1a10f020
13736049ns          248345 1c0089d2 00000513 addi             x10, x0, 0          x10=00000000
13736069ns          248346 1c0089d4 00008067 jalr             x0, x1, 0            x1:1c008c32
13736108ns          248348 1c008c32 fffa0a13 addi             x20, x20, -1        x20=00000000 x20:00000001
13736128ns          248349 1c008c34 fff537e3 p.bneimm         x10, -18            x10:00000000
13736208ns          248353 1c008c22 01298433 add              x8, x19, x18         x8=0000002b x19:efffae57 x18:100051d4
13736228ns          248354 1c008c26 ea0a03e3 beq              x20, x0, -346       x20:00000000
13736327ns          248359 1c008acc 0004c503 lbu              x10, 0(x9)          x10=0000000a  x9:1c00017c  PA:1c00017c
13736645ns          248375 1c008ad0 00148493 addi             x9, x9, 1            x9=1c00017d  x9:1c00017c
13736665ns          248376 1c008ad2 00050e63 beq              x10, x0, 28         x10:0000000a
13736685ns          248377 1c008ad4 02500793 addi             x15, x0, 37         x15=00000025
13736705ns          248378 1c008ad8 04f50763 beq              x10, x15, 78        x10:0000000a x15:00000025
13736725ns          248379 1c008adc 017005b3 add              x11, x0, x23        x11=00000002 x23:00000002
13736745ns          248380 1c008ade 000c80e7 jalr             x1, x25, 0           x1=1c008ae0 x25:1c0089d6
13736804ns          248383 1c0089d6 fd9ff06f jal              x0, -40            
13736844ns          248385 1c0089ae 000026b7 lui              x13, 0x2000         x13=00002000
13736864ns          248386 1c0089b0 f14027f3 csrrs            x15, x0, 0xf14      x15=00000004
13736884ns          248387 1c0089b4 f8068693 addi             x13, x13, -128      x13=00001f80 x13:00002000
13736904ns          248388 1c0089b8 00379713 slli             x14, x15, 0x3       x14=00000020 x15:00000004
13736924ns          248389 1c0089bc 00279793 slli             x15, x15, 0x2       x15=00000010 x15:00000004
13736944ns          248390 1c0089be 00d7f7b3 and              x15, x15, x13       x15=00000000 x15:00000010 x13:00001f80
13736964ns          248391 1c0089c0 ee873733 p.bclr           x14, x14, 23, 8     x14=00000020 x14:00000020
13736983ns          248392 1c0089c4 1a10f6b7 lui              x13, 0x1a10f000     x13=1a10f000
13737003ns          248393 1c0089c8 0ff57513 andi             x10, x10, 255       x10=0000000a x10:0000000a
13737023ns          248394 1c0089cc 00d70733 add              x14, x14, x13       x14=1a10f020 x14:00000020 x13:1a10f000
13737043ns          248395 1c0089ce 00a7e723 p.sw             x10, x0(x15)        x10:0000000a x15:00000000  PA:1a10f020
13737361ns          248411 1c0089d2 00000513 addi             x10, x0, 0          x10=00000000
13737381ns          248412 1c0089d4 00008067 jalr             x0, x1, 0            x1:1c008ae0
13737421ns          248414 1c008ae0 15f52c63 p.beqimm         x10, 344            x10:00000000
13737441ns          248415 1c008ae4 00140413 addi             x8, x8, 1            x8=0000002c  x8:0000002b
13737461ns          248416 1c008ae6 0004c503 lbu              x10, 0(x9)          x10=00000000  x9:1c00017d  PA:1c00017d
13737759ns          248431 1c008aea 00148493 addi             x9, x9, 1            x9=1c00017e  x9:1c00017d
13737779ns          248432 1c008aec fe0514e3 bne              x10, x0, -24        x10:00000000
13737799ns          248433 1c008aee 00800533 add              x10, x0, x8         x10=0000002c  x8:0000002c
13737819ns          248434 1c008af0 12c12083 lw               x1, 300(x2)          x1=1c008a1c  x2:100051a8  PA:100052d4
13737839ns          248435 1c008af4 12812403 lw               x8, 296(x2)          x8=00000004  x2:100051a8  PA:100052d0
13737859ns          248436 1c008af8 12412483 lw               x9, 292(x2)          x9=002040c0  x2:100051a8  PA:100052cc
13737878ns          248437 1c008afc 12012903 lw               x18, 288(x2)        x18=xxxxxxxx  x2:100051a8  PA:100052c8
13737918ns          248439 1c008b00 11c12983 lw               x19, 284(x2)        x19=xxxxxxxx  x2:100051a8  PA:100052c4
13737958ns          248441 1c008b04 11812a03 lw               x20, 280(x2)        x20=xxxxxxxx  x2:100051a8  PA:100052c0
13737978ns          248442 1c008b08 11412a83 lw               x21, 276(x2)        x21=xxxxxxxx  x2:100051a8  PA:100052bc
13737998ns          248443 1c008b0c 11012b03 lw               x22, 272(x2)        x22=xxxxxxxx  x2:100051a8  PA:100052b8
13738057ns          248446 1c008b10 10c12b83 lw               x23, 268(x2)        x23=xxxxxxxx  x2:100051a8  PA:100052b4
13738097ns          248448 1c008b14 10812c03 lw               x24, 264(x2)        x24=xxxxxxxx  x2:100051a8  PA:100052b0
13738117ns          248449 1c008b18 10412c83 lw               x25, 260(x2)        x25=xxxxxxxx  x2:100051a8  PA:100052ac
13738137ns          248450 1c008b1c 10012d03 lw               x26, 256(x2)        x26=xxxxxxxx  x2:100051a8  PA:100052a8
13738197ns          248453 1c008b20 0fc12d83 lw               x27, 252(x2)        x27=xxxxxxxx  x2:100051a8  PA:100052a4
13738216ns          248454 1c008b22 13010113 addi             x2, x2, 304          x2=100052d8  x2:100051a8
13738236ns          248455 1c008b24 00008067 jalr             x0, x1, 0            x1:1c008a1c
13738316ns          248459 1c008a1c 01c12083 lw               x1, 28(x2)           x1=1c00832c  x2:100052d8  PA:100052f4
13738336ns          248460 1c008a1e 04010113 addi             x2, x2, 64           x2=10005318  x2:100052d8
13738395ns          248463 1c008a20 00008067 jalr             x0, x1, 0            x1:1c00832c
13738475ns          248467 1c00832c 0004a023 sw               x0, 0(x9)            x9:002040c0  PA:002040c0
13738555ns          248471 1c008330 6b6010ef jal              x1, 5814             x1=1c008334
13738674ns          248477 1c0099e6 f14027f3 csrrs            x15, x0, 0xf14      x15=00000004
13738694ns          248478 1c0099ea 01f00713 addi             x14, x0, 31         x14=0000001f
13738714ns          248479 1c0099ec ca5797b3 p.extractu       x15, x15, 5, 5      x15=00000000 x15:00000004
13738734ns          248480 1c0099f0 00e78863 beq              x15, x14, 16        x15:00000000 x14:0000001f
13738753ns          248481 1c0099f4 002047b7 lui              x15, 0x204000       x15=00204000
13738773ns          248482 1c0099f8 20078793 addi             x15, x15, 512       x15=00204200 x15:00204000
13738793ns          248483 1c0099fc 01c7e703 p.elw            x14, 28(x15)        x14=00010000 x15:00204200  PA:0020421c
13998153ns          261524 1c009a00 00008067 jalr             x0, x1, 0            x1:1c008334
13998192ns          261526 1c008334 00041b63 bne              x8, x0, 22           x8:00000004
13998829ns          261558 1c00834a 00c12083 lw               x1, 12(x2)           x1=1c0086e2  x2:10005318  PA:10005324
13998869ns          261560 1c00834c 00812403 lw               x8, 8(x2)            x8=00000004  x2:10005318  PA:10005320
13998889ns          261561 1c00834e 00412483 lw               x9, 4(x2)            x9=xxxxxxxx  x2:10005318  PA:1000531c
13998928ns          261563 1c008350 00000513 addi             x10, x0, 0          x10=00000000
13998948ns          261564 1c008352 01010113 addi             x2, x2, 16           x2=10005328  x2:10005318
13998968ns          261565 1c008354 00008067 jalr             x0, x1, 0            x1:1c0086e2
13999425ns          261588 1c0086e2 00800533 add              x10, x0, x8         x10=00000004  x8:00000004
13999465ns          261590 1c0086e4 eedff0ef jal              x1, -276             x1=1c0086e6
13999863ns          261610 1c0085d0 ff010113 addi             x2, x2, -16          x2=10005318  x2:10005328
13999883ns          261611 1c0085d2 00912223 sw               x9, 4(x2)            x9:xxxxxxxx  x2:10005318  PA:1000531c
13999903ns          261612 1c0085d4 00112623 sw               x1, 12(x2)           x1:1c0086e6  x2:10005318  PA:10005324
13999923ns          261613 1c0085d6 00812423 sw               x8, 8(x2)            x8:00000004  x2:10005318  PA:10005320
13999943ns          261614 1c0085d8 01212023 sw               x18, 0(x2)          x18:xxxxxxxx  x2:10005318  PA:10005318
13999962ns          261615 1c0085da 00a004b3 add              x9, x0, x10          x9=00000004 x10:00000004
13999982ns          261616 1c0085dc 08050663 beq              x10, x0, 140        x10:00000004
14000480ns          261641 1c0085de 408010ef jal              x1, 5128             x1=1c0085e2
14000639ns          261649 1c0099e6 f14027f3 csrrs            x15, x0, 0xf14      x15=00000004
14000659ns          261650 1c0099ea 01f00713 addi             x14, x0, 31         x14=0000001f
14000678ns          261651 1c0099ec ca5797b3 p.extractu       x15, x15, 5, 5      x15=00000000 x15:00000004
14000698ns          261652 1c0099f0 00e78863 beq              x15, x14, 16        x15:00000000 x14:0000001f
14000718ns          261653 1c0099f4 002047b7 lui              x15, 0x204000       x15=00204000
14000738ns          261654 1c0099f8 20078793 addi             x15, x15, 512       x15=00204200 x15:00204000
14000758ns          261655 1c0099fc 01c7e703 p.elw            x14, 28(x15)        x14=00010000 x15:00204200  PA:0020421c
14143567ns          268789 1c009a00 00008067 jalr             x0, x1, 0            x1:1c0085e2
14143627ns          268792 1c0085e2 00148713 addi             x14, x9, 1          x14=00000005  x9:00000004
14143647ns          268793 1c0085e6 f8373733 p.bclr           x14, x14, 28, 3     x14=00000005 x14:00000005
14143667ns          268794 1c0085ea 10000437 lui              x8, 0x10000000       x8=10000000
14144108ns          268816 1c0085ee 01871513 slli             x10, x14, 0x18      x10=05000000 x14:00000005
14144148ns          268818 1c0085f2 005a06b7 lui              x13, 0x5a0000       x13=005a0000
14144168ns          268819 1c0085f6 02040413 addi             x8, x8, 32           x8=10000020  x8:10000000
14144189ns          268820 1c0085fa 0105d0fb lp.setupi        0x1, 0x10, 0xb     
14144630ns          268842 1c0085fe 00271793 slli             x15, x14, 0x2       x15=00000014 x14:00000005
14144650ns          268843 1c008602 008787b3 add              x15, x15, x8        x15=10000034 x15:00000014  x8:10000020
14144670ns          268844 1c008604 0207a583 lw               x11, 32(x15)        x11=055a0000 x15:10000034  PA:10000054
14144690ns          268845 1c008606 00d567b3 or               x15, x10, x13       x15=055a0000 x10:05000000 x13:005a0000
14144710ns          268846 1c00860a 00f59663 bne              x11, x15, 12        x11:055a0000 x15:055a0000
14144730ns          268847 1c00860e 00168693 addi             x13, x13, 1         x13=005a0001 x13:005a0000
14145152ns          268868 1c008610 00870713 addi             x14, x14, 8         x14=0000000d x14:00000005
14145212ns          268871 1c0085fe 00271793 slli             x15, x14, 0x2       x15=00000034 x14:0000000d
14145232ns          268872 1c008602 008787b3 add              x15, x15, x8        x15=10000054 x15:00000034  x8:10000020
14145252ns          268873 1c008604 0207a583 lw               x11, 32(x15)        x11=055a0001 x15:10000054  PA:10000074
14145272ns          268874 1c008606 00d567b3 or               x15, x10, x13       x15=055a0001 x10:05000000 x13:005a0001
14145292ns          268875 1c00860a 00f59663 bne              x11, x15, 12        x11:055a0001 x15:055a0001
14145312ns          268876 1c00860e 00168693 addi             x13, x13, 1         x13=005a0002 x13:005a0001
14145332ns          268877 1c008610 00870713 addi             x14, x14, 8         x14=00000015 x14:0000000d
14145372ns          268879 1c0085fe 00271793 slli             x15, x14, 0x2       x15=00000054 x14:00000015
14145392ns          268880 1c008602 008787b3 add              x15, x15, x8        x15=10000074 x15:00000054  x8:10000020
14145412ns          268881 1c008604 0207a583 lw               x11, 32(x15)        x11=055a0002 x15:10000074  PA:10000094
14145433ns          268882 1c008606 00d567b3 or               x15, x10, x13       x15=055a0002 x10:05000000 x13:005a0002
14145453ns          268883 1c00860a 00f59663 bne              x11, x15, 12        x11:055a0002 x15:055a0002
14145473ns          268884 1c00860e 00168693 addi             x13, x13, 1         x13=005a0003 x13:005a0002
14145493ns          268885 1c008610 00870713 addi             x14, x14, 8         x14=0000001d x14:00000015
14145533ns          268887 1c0085fe 00271793 slli             x15, x14, 0x2       x15=00000074 x14:0000001d
14145553ns          268888 1c008602 008787b3 add              x15, x15, x8        x15=10000094 x15:00000074  x8:10000020
14145573ns          268889 1c008604 0207a583 lw               x11, 32(x15)        x11=055a0003 x15:10000094  PA:100000b4
14145593ns          268890 1c008606 00d567b3 or               x15, x10, x13       x15=055a0003 x10:05000000 x13:005a0003
14145613ns          268891 1c00860a 00f59663 bne              x11, x15, 12        x11:055a0003 x15:055a0003
14145633ns          268892 1c00860e 00168693 addi             x13, x13, 1         x13=005a0004 x13:005a0003
14145653ns          268893 1c008610 00870713 addi             x14, x14, 8         x14=00000025 x14:0000001d
14145693ns          268895 1c0085fe 00271793 slli             x15, x14, 0x2       x15=00000094 x14:00000025
14145713ns          268896 1c008602 008787b3 add              x15, x15, x8        x15=100000b4 x15:00000094  x8:10000020
14145733ns          268897 1c008604 0207a583 lw               x11, 32(x15)        x11=055a0004 x15:100000b4  PA:100000d4
14145754ns          268898 1c008606 00d567b3 or               x15, x10, x13       x15=055a0004 x10:05000000 x13:005a0004
14145774ns          268899 1c00860a 00f59663 bne              x11, x15, 12        x11:055a0004 x15:055a0004
14145794ns          268900 1c00860e 00168693 addi             x13, x13, 1         x13=005a0005 x13:005a0004
14145814ns          268901 1c008610 00870713 addi             x14, x14, 8         x14=0000002d x14:00000025
14145854ns          268903 1c0085fe 00271793 slli             x15, x14, 0x2       x15=000000b4 x14:0000002d
14145874ns          268904 1c008602 008787b3 add              x15, x15, x8        x15=100000d4 x15:000000b4  x8:10000020
14145894ns          268905 1c008604 0207a583 lw               x11, 32(x15)        x11=055a0005 x15:100000d4  PA:100000f4
14145914ns          268906 1c008606 00d567b3 or               x15, x10, x13       x15=055a0005 x10:05000000 x13:005a0005
14145934ns          268907 1c00860a 00f59663 bne              x11, x15, 12        x11:055a0005 x15:055a0005
14145954ns          268908 1c00860e 00168693 addi             x13, x13, 1         x13=005a0006 x13:005a0005
14145974ns          268909 1c008610 00870713 addi             x14, x14, 8         x14=00000035 x14:0000002d
14146014ns          268911 1c0085fe 00271793 slli             x15, x14, 0x2       x15=000000d4 x14:00000035
14146034ns          268912 1c008602 008787b3 add              x15, x15, x8        x15=100000f4 x15:000000d4  x8:10000020
14146055ns          268913 1c008604 0207a583 lw               x11, 32(x15)        x11=055a0006 x15:100000f4  PA:10000114
14146075ns          268914 1c008606 00d567b3 or               x15, x10, x13       x15=055a0006 x10:05000000 x13:005a0006
14146095ns          268915 1c00860a 00f59663 bne              x11, x15, 12        x11:055a0006 x15:055a0006
14146115ns          268916 1c00860e 00168693 addi             x13, x13, 1         x13=005a0007 x13:005a0006
14146135ns          268917 1c008610 00870713 addi             x14, x14, 8         x14=0000003d x14:00000035
14146175ns          268919 1c0085fe 00271793 slli             x15, x14, 0x2       x15=000000f4 x14:0000003d
14146195ns          268920 1c008602 008787b3 add              x15, x15, x8        x15=10000114 x15:000000f4  x8:10000020
14146215ns          268921 1c008604 0207a583 lw               x11, 32(x15)        x11=055a0007 x15:10000114  PA:10000134
14146235ns          268922 1c008606 00d567b3 or               x15, x10, x13       x15=055a0007 x10:05000000 x13:005a0007
14146255ns          268923 1c00860a 00f59663 bne              x11, x15, 12        x11:055a0007 x15:055a0007
14146275ns          268924 1c00860e 00168693 addi             x13, x13, 1         x13=005a0008 x13:005a0007
14146295ns          268925 1c008610 00870713 addi             x14, x14, 8         x14=00000045 x14:0000003d
14146335ns          268927 1c0085fe 00271793 slli             x15, x14, 0x2       x15=00000114 x14:00000045
14146355ns          268928 1c008602 008787b3 add              x15, x15, x8        x15=10000134 x15:00000114  x8:10000020
14146376ns          268929 1c008604 0207a583 lw               x11, 32(x15)        x11=055a0008 x15:10000134  PA:10000154
14146396ns          268930 1c008606 00d567b3 or               x15, x10, x13       x15=055a0008 x10:05000000 x13:005a0008
14146416ns          268931 1c00860a 00f59663 bne              x11, x15, 12        x11:055a0008 x15:055a0008
14146436ns          268932 1c00860e 00168693 addi             x13, x13, 1         x13=005a0009 x13:005a0008
14146456ns          268933 1c008610 00870713 addi             x14, x14, 8         x14=0000004d x14:00000045
14146496ns          268935 1c0085fe 00271793 slli             x15, x14, 0x2       x15=00000134 x14:0000004d
14146516ns          268936 1c008602 008787b3 add              x15, x15, x8        x15=10000154 x15:00000134  x8:10000020
14146536ns          268937 1c008604 0207a583 lw               x11, 32(x15)        x11=055a0009 x15:10000154  PA:10000174
14146556ns          268938 1c008606 00d567b3 or               x15, x10, x13       x15=055a0009 x10:05000000 x13:005a0009
14146576ns          268939 1c00860a 00f59663 bne              x11, x15, 12        x11:055a0009 x15:055a0009
14146596ns          268940 1c00860e 00168693 addi             x13, x13, 1         x13=005a000a x13:005a0009
14146616ns          268941 1c008610 00870713 addi             x14, x14, 8         x14=00000055 x14:0000004d
14146656ns          268943 1c0085fe 00271793 slli             x15, x14, 0x2       x15=00000154 x14:00000055
14146676ns          268944 1c008602 008787b3 add              x15, x15, x8        x15=10000174 x15:00000154  x8:10000020
14146697ns          268945 1c008604 0207a583 lw               x11, 32(x15)        x11=055a000a x15:10000174  PA:10000194
14146717ns          268946 1c008606 00d567b3 or               x15, x10, x13       x15=055a000a x10:05000000 x13:005a000a
14146737ns          268947 1c00860a 00f59663 bne              x11, x15, 12        x11:055a000a x15:055a000a
14146757ns          268948 1c00860e 00168693 addi             x13, x13, 1         x13=005a000b x13:005a000a
14146777ns          268949 1c008610 00870713 addi             x14, x14, 8         x14=0000005d x14:00000055
14146817ns          268951 1c0085fe 00271793 slli             x15, x14, 0x2       x15=00000174 x14:0000005d
14146837ns          268952 1c008602 008787b3 add              x15, x15, x8        x15=10000194 x15:00000174  x8:10000020
14146857ns          268953 1c008604 0207a583 lw               x11, 32(x15)        x11=055a000b x15:10000194  PA:100001b4
14146877ns          268954 1c008606 00d567b3 or               x15, x10, x13       x15=055a000b x10:05000000 x13:005a000b
14146897ns          268955 1c00860a 00f59663 bne              x11, x15, 12        x11:055a000b x15:055a000b
14146917ns          268956 1c00860e 00168693 addi             x13, x13, 1         x13=005a000c x13:005a000b
14146937ns          268957 1c008610 00870713 addi             x14, x14, 8         x14=00000065 x14:0000005d
14146977ns          268959 1c0085fe 00271793 slli             x15, x14, 0x2       x15=00000194 x14:00000065
14146998ns          268960 1c008602 008787b3 add              x15, x15, x8        x15=100001b4 x15:00000194  x8:10000020
14147018ns          268961 1c008604 0207a583 lw               x11, 32(x15)        x11=055a000c x15:100001b4  PA:100001d4
14147038ns          268962 1c008606 00d567b3 or               x15, x10, x13       x15=055a000c x10:05000000 x13:005a000c
14147058ns          268963 1c00860a 00f59663 bne              x11, x15, 12        x11:055a000c x15:055a000c
14147078ns          268964 1c00860e 00168693 addi             x13, x13, 1         x13=005a000d x13:005a000c
14147098ns          268965 1c008610 00870713 addi             x14, x14, 8         x14=0000006d x14:00000065
14147138ns          268967 1c0085fe 00271793 slli             x15, x14, 0x2       x15=000001b4 x14:0000006d
14147158ns          268968 1c008602 008787b3 add              x15, x15, x8        x15=100001d4 x15:000001b4  x8:10000020
14147178ns          268969 1c008604 0207a583 lw               x11, 32(x15)        x11=055a000d x15:100001d4  PA:100001f4
14147198ns          268970 1c008606 00d567b3 or               x15, x10, x13       x15=055a000d x10:05000000 x13:005a000d
14147218ns          268971 1c00860a 00f59663 bne              x11, x15, 12        x11:055a000d x15:055a000d
14147238ns          268972 1c00860e 00168693 addi             x13, x13, 1         x13=005a000e x13:005a000d
14147258ns          268973 1c008610 00870713 addi             x14, x14, 8         x14=00000075 x14:0000006d
14147298ns          268975 1c0085fe 00271793 slli             x15, x14, 0x2       x15=000001d4 x14:00000075
14147319ns          268976 1c008602 008787b3 add              x15, x15, x8        x15=100001f4 x15:000001d4  x8:10000020
14147339ns          268977 1c008604 0207a583 lw               x11, 32(x15)        x11=055a000e x15:100001f4  PA:10000214
14147359ns          268978 1c008606 00d567b3 or               x15, x10, x13       x15=055a000e x10:05000000 x13:005a000e
14147379ns          268979 1c00860a 00f59663 bne              x11, x15, 12        x11:055a000e x15:055a000e
14147399ns          268980 1c00860e 00168693 addi             x13, x13, 1         x13=005a000f x13:005a000e
14147419ns          268981 1c008610 00870713 addi             x14, x14, 8         x14=0000007d x14:00000075
14147459ns          268983 1c0085fe 00271793 slli             x15, x14, 0x2       x15=000001f4 x14:0000007d
14147479ns          268984 1c008602 008787b3 add              x15, x15, x8        x15=10000214 x15:000001f4  x8:10000020
14147499ns          268985 1c008604 0207a583 lw               x11, 32(x15)        x11=055a000f x15:10000214  PA:10000234
14147519ns          268986 1c008606 00d567b3 or               x15, x10, x13       x15=055a000f x10:05000000 x13:005a000f
14147539ns          268987 1c00860a 00f59663 bne              x11, x15, 12        x11:055a000f x15:055a000f
14147559ns          268988 1c00860e 00168693 addi             x13, x13, 1         x13=005a0010 x13:005a000f
14147579ns          268989 1c008610 00870713 addi             x14, x14, 8         x14=00000085 x14:0000007d
14147599ns          268990 1c008612 00000913 addi             x18, x0, 0          x18=00000000
14147619ns          268991 1c008614 01e0006f jal              x0, 30             
14148121ns          269016 1c008632 3b4010ef jal              x1, 5044             x1=1c008636
14148181ns          269019 1c0099e6 f14027f3 csrrs            x15, x0, 0xf14      x15=00000004
14148201ns          269020 1c0099ea 01f00713 addi             x14, x0, 31         x14=0000001f
14148221ns          269021 1c0099ec ca5797b3 p.extractu       x15, x15, 5, 5      x15=00000000 x15:00000004
14148241ns          269022 1c0099f0 00e78863 beq              x15, x14, 16        x15:00000000 x14:0000001f
14148262ns          269023 1c0099f4 002047b7 lui              x15, 0x204000       x15=00204000
14148282ns          269024 1c0099f8 20078793 addi             x15, x15, 512       x15=00204200 x15:00204000
14148302ns          269025 1c0099fc 01c7e703 p.elw            x14, 28(x15)        x14=00010000 x15:00204200  PA:0020421c
14148603ns          269040 1c009a00 00008067 jalr             x0, x1, 0            x1:1c008636
14148643ns          269042 1c008636 02049263 bne              x9, x0, 36           x9:00000004
14149265ns          269073 1c00865a 00c12083 lw               x1, 12(x2)           x1=1c0086e6  x2:10005318  PA:10005324
14149305ns          269075 1c00865c 00812403 lw               x8, 8(x2)            x8=00000004  x2:10005318  PA:10005320
14149325ns          269076 1c00865e 01200533 add              x10, x0, x18        x10=00000000 x18:00000000
14149786ns          269099 1c008660 00412483 lw               x9, 4(x2)            x9=xxxxxxxx  x2:10005318  PA:1000531c
14149806ns          269100 1c008662 00012903 lw               x18, 0(x2)          x18=xxxxxxxx  x2:10005318  PA:10005318
14149827ns          269101 1c008664 01010113 addi             x2, x2, 16           x2=10005328  x2:10005318
14149847ns          269102 1c008666 00008067 jalr             x0, x1, 0            x1:1c0086e6
14149967ns          269108 1c0086e6 300010ef jal              x1, 4864             x1=1c0086ea
14150027ns          269111 1c0099e6 f14027f3 csrrs            x15, x0, 0xf14      x15=00000004
14150047ns          269112 1c0099ea 01f00713 addi             x14, x0, 31         x14=0000001f
14150067ns          269113 1c0099ec ca5797b3 p.extractu       x15, x15, 5, 5      x15=00000000 x15:00000004
14150087ns          269114 1c0099f0 00e78863 beq              x15, x14, 16        x15:00000000 x14:0000001f
14150107ns          269115 1c0099f4 002047b7 lui              x15, 0x204000       x15=00204000
14150127ns          269116 1c0099f8 20078793 addi             x15, x15, 512       x15=00204200 x15:00204000
14150148ns          269117 1c0099fc 01c7e703 p.elw            x14, 28(x15)        x14=00010000 x15:00204200  PA:0020421c
14675624ns          295307 1c009a00 00008067 jalr             x0, x1, 0            x1:1c0086ea
14675664ns          295309 1c0086ea 00000513 addi             x10, x0, 0          x10=00000000
14675684ns          295310 1c0086ec 00c12083 lw               x1, 12(x2)           x1=1c0098fe  x2:10005328  PA:10005334
14675764ns          295314 1c0086ee 00812403 lw               x8, 8(x2)            x8=xxxxxxxx  x2:10005328  PA:10005330
14676266ns          295339 1c0086f0 00412483 lw               x9, 4(x2)            x9=xxxxxxxx  x2:10005328  PA:1000532c
14676286ns          295340 1c0086f2 01010113 addi             x2, x2, 16           x2=10005338  x2:10005328
14676306ns          295341 1c0086f4 00008067 jalr             x0, x1, 0            x1:1c0098fe
14677329ns          295392 1c0098fe f14027f3 csrrs            x15, x0, 0xf14      x15=00000004
14677369ns          295394 1c009902 f457b7b3 p.bclr           x15, x15, 26, 5     x15=00000004 x15:00000004
14677389ns          295395 1c009906 00079963 bne              x15, x0, 18         x15:00000004
14677791ns          295415 1c009918 002047b7 lui              x15, 0x204000       x15=00204000
14677811ns          295416 1c00991c fff00713 addi             x14, x0, -1         x14=ffffffff
14677831ns          295417 1c00991e 00e7a223 sw               x14, 4(x15)         x14:ffffffff x15:00204000  PA:00204004
