                Time          Cycles PC       Instr    Mnemonic
13191416ns          220960 1c008080 0600006f jal              x0, 96             
13191893ns          220984 1c0080e0 f1402573 csrrs            x10, x0, 0xf14      x10=00000003
13191933ns          220986 1c0080e4 01f57593 andi             x11, x10, 31        x11=00000003 x10:00000003
13191953ns          220987 1c0080e8 00555513 srli             x10, x10, 0x5       x10=00000000 x10:00000003
13191973ns          220988 1c0080ea 01f00613 addi             x12, x0, 31         x12=0000001f
13191993ns          220989 1c0080ec 00c50463 beq              x10, x12, 8         x10:00000000 x12:0000001f
13192410ns          221010 1c0080f0 fa5ff06f jal              x0, -92            
13192868ns          221033 1c008094 f3ff8117 auipc            x2, 0xf3ff8000       x2=10000094
13192907ns          221035 1c008098 2b010113 addi             x2, x2, 688          x2=10000344  x2:10000094
13192927ns          221036 1c00809c 00012103 lw               x2, 0(x2)            x2=10000348  x2:10000344  PA:10000344
13193365ns          221058 1c0080a0 000011b7 lui              x3, 0x1000           x3=00001000
13193405ns          221060 1c0080a4 00158593 addi             x11, x11, 1         x11=00000004 x11:00000003
13193425ns          221061 1c0080a8 02b180b3 mul              x1, x3, x11          x1=00004000  x3:00001000 x11:00000004
13193444ns          221062 1c0080ac 00110133 add              x2, x2, x1           x2=10004348  x2:10000348  x1:00004000
13193882ns          221084 1c0080b0 0270106f jal              x0, 6182           
13194339ns          221107 1c0098d6 ff010113 addi             x2, x2, -16          x2=10004338  x2:10004348
13194379ns          221109 1c0098d8 00112623 sw               x1, 12(x2)           x1:00004000  x2:10004338  PA:10004344
13194399ns          221110 1c0098da 002047b7 lui              x15, 0x204000       x15=00204000
13194837ns          221132 1c0098de 00070737 lui              x14, 0x70000        x14=00070000
13194856ns          221133 1c0098e2 00e7a423 sw               x14, 8(x15)         x14:00070000 x15:00204000  PA:00204008
13194876ns          221134 1c0098e4 0ff00713 addi             x14, x0, 255        x14=000000ff
13194896ns          221135 1c0098e8 20078793 addi             x15, x15, 512       x15=00204200 x15:00204000
13194916ns          221136 1c0098ec 00e7a023 sw               x14, 0(x15)         x14:000000ff x15:00204200  PA:00204200
13195354ns          221158 1c0098f0 00e7a623 sw               x14, 12(x15)        x14:000000ff x15:00204200  PA:0020420c
13195393ns          221160 1c0098f4 1c0017b7 lui              x15, 0x1c001000     x15=1c001000
13195413ns          221161 1c0098f8 b247a783 lw               x15, -1244(x15)     x15=1c00867e x15:1c001000  PA:1c000b24
13195930ns          221187 1c0098fc 000780e7 jalr             x1, x15, 0           x1=1c0098fe x15:1c00867e
13196348ns          221208 1c00867e ff010113 addi             x2, x2, -16          x2=10004328  x2:10004338
13196805ns          221231 1c008680 f1402573 csrrs            x10, x0, 0xf14      x10=00000003
13196845ns          221233 1c008684 00112623 sw               x1, 12(x2)           x1:1c0098fe  x2:10004328  PA:10004334
13196865ns          221234 1c008686 00812423 sw               x8, 8(x2)            x8:xxxxxxxx  x2:10004328  PA:10004330
13196885ns          221235 1c008688 00912223 sw               x9, 4(x2)            x9:xxxxxxxx  x2:10004328  PA:1000432c
13196905ns          221236 1c00868a ca5517b3 p.extractu       x15, x10, 5, 5      x15=00000000 x10:00000003
13196925ns          221237 1c00868e 06079463 bne              x15, x0, 104        x15:00000000
13197323ns          221257 1c008690 f4553433 p.bclr           x8, x10, 26, 5       x8=00000003 x10:00000003
13197362ns          221259 1c008694 04041363 bne              x8, x0, 70           x8:00000003
13197939ns          221288 1c0086da 30c010ef jal              x1, 4876             x1=1c0086de
13199053ns          221344 1c0099e6 f14027f3 csrrs            x15, x0, 0xf14      x15=00000003
13199073ns          221345 1c0099ea 01f00713 addi             x14, x0, 31         x14=0000001f
13199093ns          221346 1c0099ec ca5797b3 p.extractu       x15, x15, 5, 5      x15=00000000 x15:00000003
13199490ns          221366 1c0099f0 00e78863 beq              x15, x14, 16        x15:00000000 x14:0000001f
13199530ns          221368 1c0099f4 002047b7 lui              x15, 0x204000       x15=00204000
13199550ns          221369 1c0099f8 20078793 addi             x15, x15, 512       x15=00204200 x15:00204000
13199570ns          221370 1c0099fc 01c7e703 p.elw            x14, 28(x15)        x14=00010000 x15:00204200  PA:0020421c
13200007ns          221392 1c009a00 00008067 jalr             x0, x1, 0            x1:1c0086de
13200047ns          221394 1c0086de 00800533 add              x10, x0, x8         x10=00000003  x8:00000003
13200067ns          221395 1c0086e0 bedff0ef jal              x1, -1044            x1=1c0086e2
13200525ns          221418 1c0082cc ff010113 addi             x2, x2, -16          x2=10004318  x2:10004328
13200544ns          221419 1c0082ce 00812423 sw               x8, 8(x2)            x8:00000003  x2:10004318  PA:10004320
13201022ns          221443 1c0082d0 00112623 sw               x1, 12(x2)           x1:1c0086e2  x2:10004318  PA:10004324
13201042ns          221444 1c0082d2 00912223 sw               x9, 4(x2)            x9:xxxxxxxx  x2:10004318  PA:1000431c
13201062ns          221445 1c0082d4 00a00433 add              x8, x0, x10          x8=00000003 x10:00000003
13201081ns          221446 1c0082d6 08050063 beq              x10, x0, 128        x10:00000003
13201101ns          221447 1c0082d8 70e010ef jal              x1, 5902             x1=1c0082dc
13201718ns          221478 1c0099e6 f14027f3 csrrs            x15, x0, 0xf14      x15=00000003
13201738ns          221479 1c0099ea 01f00713 addi             x14, x0, 31         x14=0000001f
13201758ns          221480 1c0099ec ca5797b3 p.extractu       x15, x15, 5, 5      x15=00000000 x15:00000003
13201777ns          221481 1c0099f0 00e78863 beq              x15, x14, 16        x15:00000000 x14:0000001f
13201797ns          221482 1c0099f4 002047b7 lui              x15, 0x204000       x15=00204000
13201817ns          221483 1c0099f8 20078793 addi             x15, x15, 512       x15=00204200 x15:00204000
13201837ns          221484 1c0099fc 01c7e703 p.elw            x14, 28(x15)        x14=00010000 x15:00204200  PA:0020421c
13294316ns          226134 1c009a00 00008067 jalr             x0, x1, 0            x1:1c0082dc
13294356ns          226136 1c0082dc c0de07b7 lui              x15, 0xc0de0000     x15=c0de0000
13294376ns          226137 1c0082e0 10000637 lui              x12, 0x10000000     x12=10000000
13294396ns          226138 1c0082e4 0087e7b3 or               x15, x15, x8        x15=c0de0003 x15:c0de0000  x8:00000003
13294416ns          226139 1c0082e6 02060613 addi             x12, x12, 32        x12=10000020 x12:10000000
13294436ns          226140 1c0082ea 00241893 slli             x17, x8, 0x2        x17=0000000c  x8:00000003
13294456ns          226141 1c0082ee 008005b3 add              x11, x0, x8         x11=00000003  x8:00000003
13294993ns          226168 1c0082f0 00f668a3 p.sw             x15, x0(x12)        x15:c0de0003 x12:10000020  PA:1000002c
13295032ns          226170 1c0082f4 01841813 slli             x16, x8, 0x18       x16=03000000  x8:00000003
13295052ns          226171 1c0082f8 005a06b7 lui              x13, 0x5a0000       x13=005a0000
13295072ns          226172 1c0082fc 0104d0fb lp.setupi        0x1, 0x10, 0x9     
13295510ns          226194 1c008300 00259793 slli             x15, x11, 0x2       x15=0000000c x11:00000003
13295549ns          226196 1c008304 00d86533 or               x10, x16, x13       x10=035a0000 x16:03000000 x13:005a0000
13295569ns          226197 1c008308 00c787b3 add              x15, x15, x12       x15=1000002c x15:0000000c x12:10000020
13295589ns          226198 1c00830a 02a7a023 sw               x10, 32(x15)        x10:035a0000 x15:1000002c  PA:1000004c
13295609ns          226199 1c00830c 00168693 addi             x13, x13, 1         x13=005a0001 x13:005a0000
13295629ns          226200 1c00830e 00858593 addi             x11, x11, 8         x11=0000000b x11:00000003
13296126ns          226225 1c008300 00259793 slli             x15, x11, 0x2       x15=0000002c x11:0000000b
13296146ns          226226 1c008304 00d86533 or               x10, x16, x13       x10=035a0001 x16:03000000 x13:005a0001
13296166ns          226227 1c008308 00c787b3 add              x15, x15, x12       x15=1000004c x15:0000002c x12:10000020
13296186ns          226228 1c00830a 02a7a023 sw               x10, 32(x15)        x10:035a0001 x15:1000004c  PA:1000006c
13296206ns          226229 1c00830c 00168693 addi             x13, x13, 1         x13=005a0002 x13:005a0001
13296226ns          226230 1c00830e 00858593 addi             x11, x11, 8         x11=00000013 x11:0000000b
13296245ns          226231 1c008300 00259793 slli             x15, x11, 0x2       x15=0000004c x11:00000013
13296265ns          226232 1c008304 00d86533 or               x10, x16, x13       x10=035a0002 x16:03000000 x13:005a0002
13296285ns          226233 1c008308 00c787b3 add              x15, x15, x12       x15=1000006c x15:0000004c x12:10000020
13296305ns          226234 1c00830a 02a7a023 sw               x10, 32(x15)        x10:035a0002 x15:1000006c  PA:1000008c
13296325ns          226235 1c00830c 00168693 addi             x13, x13, 1         x13=005a0003 x13:005a0002
13296345ns          226236 1c00830e 00858593 addi             x11, x11, 8         x11=0000001b x11:00000013
13296365ns          226237 1c008300 00259793 slli             x15, x11, 0x2       x15=0000006c x11:0000001b
13296385ns          226238 1c008304 00d86533 or               x10, x16, x13       x10=035a0003 x16:03000000 x13:005a0003
13296405ns          226239 1c008308 00c787b3 add              x15, x15, x12       x15=1000008c x15:0000006c x12:10000020
13296424ns          226240 1c00830a 02a7a023 sw               x10, 32(x15)        x10:035a0003 x15:1000008c  PA:100000ac
13296444ns          226241 1c00830c 00168693 addi             x13, x13, 1         x13=005a0004 x13:005a0003
13296464ns          226242 1c00830e 00858593 addi             x11, x11, 8         x11=00000023 x11:0000001b
13296484ns          226243 1c008300 00259793 slli             x15, x11, 0x2       x15=0000008c x11:00000023
13296504ns          226244 1c008304 00d86533 or               x10, x16, x13       x10=035a0004 x16:03000000 x13:005a0004
13296524ns          226245 1c008308 00c787b3 add              x15, x15, x12       x15=100000ac x15:0000008c x12:10000020
13296544ns          226246 1c00830a 02a7a023 sw               x10, 32(x15)        x10:035a0004 x15:100000ac  PA:100000cc
13296564ns          226247 1c00830c 00168693 addi             x13, x13, 1         x13=005a0005 x13:005a0004
13296584ns          226248 1c00830e 00858593 addi             x11, x11, 8         x11=0000002b x11:00000023
13296603ns          226249 1c008300 00259793 slli             x15, x11, 0x2       x15=000000ac x11:0000002b
13296623ns          226250 1c008304 00d86533 or               x10, x16, x13       x10=035a0005 x16:03000000 x13:005a0005
13296643ns          226251 1c008308 00c787b3 add              x15, x15, x12       x15=100000cc x15:000000ac x12:10000020
13296663ns          226252 1c00830a 02a7a023 sw               x10, 32(x15)        x10:035a0005 x15:100000cc  PA:100000ec
13296683ns          226253 1c00830c 00168693 addi             x13, x13, 1         x13=005a0006 x13:005a0005
13296703ns          226254 1c00830e 00858593 addi             x11, x11, 8         x11=00000033 x11:0000002b
13296723ns          226255 1c008300 00259793 slli             x15, x11, 0x2       x15=000000cc x11:00000033
13296743ns          226256 1c008304 00d86533 or               x10, x16, x13       x10=035a0006 x16:03000000 x13:005a0006
13296763ns          226257 1c008308 00c787b3 add              x15, x15, x12       x15=100000ec x15:000000cc x12:10000020
13296782ns          226258 1c00830a 02a7a023 sw               x10, 32(x15)        x10:035a0006 x15:100000ec  PA:1000010c
13296802ns          226259 1c00830c 00168693 addi             x13, x13, 1         x13=005a0007 x13:005a0006
13296822ns          226260 1c00830e 00858593 addi             x11, x11, 8         x11=0000003b x11:00000033
13296842ns          226261 1c008300 00259793 slli             x15, x11, 0x2       x15=000000ec x11:0000003b
13296862ns          226262 1c008304 00d86533 or               x10, x16, x13       x10=035a0007 x16:03000000 x13:005a0007
13296882ns          226263 1c008308 00c787b3 add              x15, x15, x12       x15=1000010c x15:000000ec x12:10000020
13296902ns          226264 1c00830a 02a7a023 sw               x10, 32(x15)        x10:035a0007 x15:1000010c  PA:1000012c
13296922ns          226265 1c00830c 00168693 addi             x13, x13, 1         x13=005a0008 x13:005a0007
13296942ns          226266 1c00830e 00858593 addi             x11, x11, 8         x11=00000043 x11:0000003b
13296961ns          226267 1c008300 00259793 slli             x15, x11, 0x2       x15=0000010c x11:00000043
13296981ns          226268 1c008304 00d86533 or               x10, x16, x13       x10=035a0008 x16:03000000 x13:005a0008
13297001ns          226269 1c008308 00c787b3 add              x15, x15, x12       x15=1000012c x15:0000010c x12:10000020
13297021ns          226270 1c00830a 02a7a023 sw               x10, 32(x15)        x10:035a0008 x15:1000012c  PA:1000014c
13297041ns          226271 1c00830c 00168693 addi             x13, x13, 1         x13=005a0009 x13:005a0008
13297061ns          226272 1c00830e 00858593 addi             x11, x11, 8         x11=0000004b x11:00000043
13297081ns          226273 1c008300 00259793 slli             x15, x11, 0x2       x15=0000012c x11:0000004b
13297101ns          226274 1c008304 00d86533 or               x10, x16, x13       x10=035a0009 x16:03000000 x13:005a0009
13297121ns          226275 1c008308 00c787b3 add              x15, x15, x12       x15=1000014c x15:0000012c x12:10000020
13297140ns          226276 1c00830a 02a7a023 sw               x10, 32(x15)        x10:035a0009 x15:1000014c  PA:1000016c
13297160ns          226277 1c00830c 00168693 addi             x13, x13, 1         x13=005a000a x13:005a0009
13297180ns          226278 1c00830e 00858593 addi             x11, x11, 8         x11=00000053 x11:0000004b
13297200ns          226279 1c008300 00259793 slli             x15, x11, 0x2       x15=0000014c x11:00000053
13297220ns          226280 1c008304 00d86533 or               x10, x16, x13       x10=035a000a x16:03000000 x13:005a000a
13297240ns          226281 1c008308 00c787b3 add              x15, x15, x12       x15=1000016c x15:0000014c x12:10000020
13297260ns          226282 1c00830a 02a7a023 sw               x10, 32(x15)        x10:035a000a x15:1000016c  PA:1000018c
13297280ns          226283 1c00830c 00168693 addi             x13, x13, 1         x13=005a000b x13:005a000a
13297300ns          226284 1c00830e 00858593 addi             x11, x11, 8         x11=0000005b x11:00000053
13297319ns          226285 1c008300 00259793 slli             x15, x11, 0x2       x15=0000016c x11:0000005b
13297339ns          226286 1c008304 00d86533 or               x10, x16, x13       x10=035a000b x16:03000000 x13:005a000b
13297359ns          226287 1c008308 00c787b3 add              x15, x15, x12       x15=1000018c x15:0000016c x12:10000020
13297379ns          226288 1c00830a 02a7a023 sw               x10, 32(x15)        x10:035a000b x15:1000018c  PA:100001ac
13297399ns          226289 1c00830c 00168693 addi             x13, x13, 1         x13=005a000c x13:005a000b
13297419ns          226290 1c00830e 00858593 addi             x11, x11, 8         x11=00000063 x11:0000005b
13297439ns          226291 1c008300 00259793 slli             x15, x11, 0x2       x15=0000018c x11:00000063
13297459ns          226292 1c008304 00d86533 or               x10, x16, x13       x10=035a000c x16:03000000 x13:005a000c
13297479ns          226293 1c008308 00c787b3 add              x15, x15, x12       x15=100001ac x15:0000018c x12:10000020
13297498ns          226294 1c00830a 02a7a023 sw               x10, 32(x15)        x10:035a000c x15:100001ac  PA:100001cc
13297518ns          226295 1c00830c 00168693 addi             x13, x13, 1         x13=005a000d x13:005a000c
13297538ns          226296 1c00830e 00858593 addi             x11, x11, 8         x11=0000006b x11:00000063
13297558ns          226297 1c008300 00259793 slli             x15, x11, 0x2       x15=000001ac x11:0000006b
13297578ns          226298 1c008304 00d86533 or               x10, x16, x13       x10=035a000d x16:03000000 x13:005a000d
13297598ns          226299 1c008308 00c787b3 add              x15, x15, x12       x15=100001cc x15:000001ac x12:10000020
13297618ns          226300 1c00830a 02a7a023 sw               x10, 32(x15)        x10:035a000d x15:100001cc  PA:100001ec
13297638ns          226301 1c00830c 00168693 addi             x13, x13, 1         x13=005a000e x13:005a000d
13297658ns          226302 1c00830e 00858593 addi             x11, x11, 8         x11=00000073 x11:0000006b
13297677ns          226303 1c008300 00259793 slli             x15, x11, 0x2       x15=000001cc x11:00000073
13297697ns          226304 1c008304 00d86533 or               x10, x16, x13       x10=035a000e x16:03000000 x13:005a000e
13297717ns          226305 1c008308 00c787b3 add              x15, x15, x12       x15=100001ec x15:000001cc x12:10000020
13297737ns          226306 1c00830a 02a7a023 sw               x10, 32(x15)        x10:035a000e x15:100001ec  PA:1000020c
13297757ns          226307 1c00830c 00168693 addi             x13, x13, 1         x13=005a000f x13:005a000e
13297777ns          226308 1c00830e 00858593 addi             x11, x11, 8         x11=0000007b x11:00000073
13297797ns          226309 1c008300 00259793 slli             x15, x11, 0x2       x15=000001ec x11:0000007b
13297817ns          226310 1c008304 00d86533 or               x10, x16, x13       x10=035a000f x16:03000000 x13:005a000f
13297837ns          226311 1c008308 00c787b3 add              x15, x15, x12       x15=1000020c x15:000001ec x12:10000020
13297856ns          226312 1c00830a 02a7a023 sw               x10, 32(x15)        x10:035a000f x15:1000020c  PA:1000022c
13297876ns          226313 1c00830c 00168693 addi             x13, x13, 1         x13=005a0010 x13:005a000f
13297896ns          226314 1c00830e 00858593 addi             x11, x11, 8         x11=00000083 x11:0000007b
13297916ns          226315 1c008310 002044b7 lui              x9, 0x204000         x9=00204000
13297936ns          226316 1c008314 0c048493 addi             x9, x9, 192          x9=002040c0  x9:00204000
13297956ns          226317 1c008318 0004e783 p.elw            x15, 0(x9)          x15=00000000  x9:002040c0  PA:002040c0
13565807ns          239785 1c00831c 1c000537 lui              x10, 0x1c000000     x10=1c000000
13565827ns          239786 1c008320 21167603 lw               x12, x17(x12)       x12=c0de0003 x17:0000000c x12:10000020  PA:1000002c
13565847ns          239787 1c008324 008005b3 add              x11, x0, x8         x11=00000003  x8:00000003
13565867ns          239788 1c008326 15450513 addi             x10, x10, 340       x10=1c000154 x10:1c000000
13565887ns          239789 1c00832a 6ca000ef jal              x1, 1738             x1=1c00832c
13566006ns          239795 1c0089f4 fc010113 addi             x2, x2, -64          x2=100042d8  x2:10004318
13566046ns          239797 1c0089f6 02410313 addi             x6, x2, 36           x6=100042fc  x2:100042d8
13566066ns          239798 1c0089fa 02c12423 sw               x12, 40(x2)         x12:c0de0003  x2:100042d8  PA:10004300
13566086ns          239799 1c0089fc 00a00633 add              x12, x0, x10        x12=1c000154 x10:1c000154
13566126ns          239801 1c0089fe 1c009537 lui              x10, 0x1c009000     x10=1c009000
13566146ns          239802 1c008a02 02b12223 sw               x11, 36(x2)         x11:00000003  x2:100042d8  PA:100042fc
13566165ns          239803 1c008a04 02d12623 sw               x13, 44(x2)         x13:005a0010  x2:100042d8  PA:10004304
13566185ns          239804 1c008a06 00200593 addi             x11, x0, 2          x11=00000002
13566205ns          239805 1c008a08 006006b3 add              x13, x0, x6         x13=100042fc  x6:100042fc
13566225ns          239806 1c008a0a 9d650513 addi             x10, x10, -1578     x10=1c0089d6 x10:1c009000
13566245ns          239807 1c008a0e 00112e23 sw               x1, 28(x2)           x1:1c00832c  x2:100042d8  PA:100042f4
13566265ns          239808 1c008a10 02e12823 sw               x14, 48(x2)         x14:00010000  x2:100042d8  PA:10004308
13566285ns          239809 1c008a12 02f12a23 sw               x15, 52(x2)         x15:00000000  x2:100042d8  PA:1000430c
13566305ns          239810 1c008a14 03012c23 sw               x16, 56(x2)         x16:03000000  x2:100042d8  PA:10004310
13566325ns          239811 1c008a16 03112e23 sw               x17, 60(x2)         x17:0000000c  x2:100042d8  PA:10004314
13566344ns          239812 1c008a18 00612623 sw               x6, 12(x2)           x6:100042fc  x2:100042d8  PA:100042e4
13566364ns          239813 1c008a1a fbfff0ef jal              x1, -66              x1=1c008a1c
13566484ns          239819 1c0089d8 0ae0006f jal              x0, 174            
13566563ns          239823 1c008a86 ed010113 addi             x2, x2, -304         x2=100041a8  x2:100042d8
13566603ns          239825 1c008a88 12812423 sw               x8, 296(x2)          x8:00000003  x2:100041a8  PA:100042d0
13566623ns          239826 1c008a8c 12912223 sw               x9, 292(x2)          x9:002040c0  x2:100041a8  PA:100042cc
13566682ns          239829 1c008a90 11712623 sw               x23, 268(x2)        x23:xxxxxxxx  x2:100041a8  PA:100042b4
13566722ns          239831 1c008a94 11812423 sw               x24, 264(x2)        x24:xxxxxxxx  x2:100041a8  PA:100042b0
13566742ns          239832 1c008a98 11912223 sw               x25, 260(x2)        x25:xxxxxxxx  x2:100041a8  PA:100042ac
13566762ns          239833 1c008a9c 11a12023 sw               x26, 256(x2)        x26:xxxxxxxx  x2:100041a8  PA:100042a8
13566822ns          239836 1c008aa0 0fb12e23 sw               x27, 252(x2)        x27:xxxxxxxx  x2:100041a8  PA:100042a4
13566861ns          239838 1c008aa2 12112623 sw               x1, 300(x2)          x1:1c008a1c  x2:100041a8  PA:100042d4
13566881ns          239839 1c008aa6 13212023 sw               x18, 288(x2)        x18:xxxxxxxx  x2:100041a8  PA:100042c8
13566901ns          239840 1c008aaa 11312e23 sw               x19, 284(x2)        x19:xxxxxxxx  x2:100041a8  PA:100042c4
13566961ns          239843 1c008aae 11412c23 sw               x20, 280(x2)        x20:xxxxxxxx  x2:100041a8  PA:100042c0
13567001ns          239845 1c008ab2 11512a23 sw               x21, 276(x2)        x21:xxxxxxxx  x2:100041a8  PA:100042bc
13567021ns          239846 1c008ab6 11612823 sw               x22, 272(x2)        x22:xxxxxxxx  x2:100041a8  PA:100042b8
13567040ns          239847 1c008aba 00a00cb3 add              x25, x0, x10        x25=1c0089d6 x10:1c0089d6
13567060ns          239848 1c008abc 00b00bb3 add              x23, x0, x11        x23=00000002 x11:00000002
13567080ns          239849 1c008abe 00c004b3 add              x9, x0, x12          x9=1c000154 x12:1c000154
13567100ns          239850 1c008ac0 00d00c33 add              x24, x0, x13        x24=100042fc x13:100042fc
13567120ns          239851 1c008ac2 00000413 addi             x8, x0, 0            x8=00000000
13567140ns          239852 1c008ac4 1c000db7 lui              x27, 0x1c000000     x27=1c000000
13567160ns          239853 1c008ac8 02410d13 addi             x26, x2, 36         x26=100041cc  x2:100041a8
13567180ns          239854 1c008acc 0004c503 lbu              x10, 0(x9)          x10=00000046  x9:1c000154  PA:1c000154
13567498ns          239870 1c008ad0 00148493 addi             x9, x9, 1            x9=1c000155  x9:1c000154
13567518ns          239871 1c008ad2 00050e63 beq              x10, x0, 28         x10:00000046
13567538ns          239872 1c008ad4 02500793 addi             x15, x0, 37         x15=00000025
13567558ns          239873 1c008ad8 04f50763 beq              x10, x15, 78        x10:00000046 x15:00000025
13567577ns          239874 1c008adc 017005b3 add              x11, x0, x23        x11=00000002 x23:00000002
13567597ns          239875 1c008ade 000c80e7 jalr             x1, x25, 0           x1=1c008ae0 x25:1c0089d6
13567657ns          239878 1c0089d6 fd9ff06f jal              x0, -40            
13567737ns          239882 1c0089ae 000026b7 lui              x13, 0x2000         x13=00002000
13567816ns          239886 1c0089b0 f14027f3 csrrs            x15, x0, 0xf14      x15=00000003
13567856ns          239888 1c0089b4 f8068693 addi             x13, x13, -128      x13=00001f80 x13:00002000
13567876ns          239889 1c0089b8 00379713 slli             x14, x15, 0x3       x14=00000018 x15:00000003
13567896ns          239890 1c0089bc 00279793 slli             x15, x15, 0x2       x15=0000000c x15:00000003
13567916ns          239891 1c0089be 00d7f7b3 and              x15, x15, x13       x15=00000000 x15:0000000c x13:00001f80
13567955ns          239893 1c0089c0 ee873733 p.bclr           x14, x14, 23, 8     x14=00000018 x14:00000018
13567995ns          239895 1c0089c4 1a10f6b7 lui              x13, 0x1a10f000     x13=1a10f000
13568015ns          239896 1c0089c8 0ff57513 andi             x10, x10, 255       x10=00000046 x10:00000046
13568035ns          239897 1c0089cc 00d70733 add              x14, x14, x13       x14=1a10f018 x14:00000018 x13:1a10f000
13568055ns          239898 1c0089ce 00a7e723 p.sw             x10, x0(x15)        x10:00000046 x15:00000000  PA:1a10f018
13568373ns          239914 1c0089d2 00000513 addi             x10, x0, 0          x10=00000000
13568393ns          239915 1c0089d4 00008067 jalr             x0, x1, 0            x1:1c008ae0
13568472ns          239919 1c008ae0 15f52c63 p.beqimm         x10, 344            x10:00000000
13568512ns          239921 1c008ae4 00140413 addi             x8, x8, 1            x8=00000001  x8:00000000
13568532ns          239922 1c008ae6 0004c503 lbu              x10, 0(x9)          x10=0000004c  x9:1c000155  PA:1c000155
13568830ns          239937 1c008aea 00148493 addi             x9, x9, 1            x9=1c000156  x9:1c000155
13568850ns          239938 1c008aec fe0514e3 bne              x10, x0, -24        x10:0000004c
13568910ns          239941 1c008ad4 02500793 addi             x15, x0, 37         x15=00000025
13568930ns          239942 1c008ad8 04f50763 beq              x10, x15, 78        x10:0000004c x15:00000025
13568950ns          239943 1c008adc 017005b3 add              x11, x0, x23        x11=00000002 x23:00000002
13568970ns          239944 1c008ade 000c80e7 jalr             x1, x25, 0           x1=1c008ae0 x25:1c0089d6
13569009ns          239946 1c0089d6 fd9ff06f jal              x0, -40            
13569049ns          239948 1c0089ae 000026b7 lui              x13, 0x2000         x13=00002000
13569069ns          239949 1c0089b0 f14027f3 csrrs            x15, x0, 0xf14      x15=00000003
13569089ns          239950 1c0089b4 f8068693 addi             x13, x13, -128      x13=00001f80 x13:00002000
13569109ns          239951 1c0089b8 00379713 slli             x14, x15, 0x3       x14=00000018 x15:00000003
13569129ns          239952 1c0089bc 00279793 slli             x15, x15, 0x2       x15=0000000c x15:00000003
13569149ns          239953 1c0089be 00d7f7b3 and              x15, x15, x13       x15=00000000 x15:0000000c x13:00001f80
13569168ns          239954 1c0089c0 ee873733 p.bclr           x14, x14, 23, 8     x14=00000018 x14:00000018
13569188ns          239955 1c0089c4 1a10f6b7 lui              x13, 0x1a10f000     x13=1a10f000
13569208ns          239956 1c0089c8 0ff57513 andi             x10, x10, 255       x10=0000004c x10:0000004c
13569228ns          239957 1c0089cc 00d70733 add              x14, x14, x13       x14=1a10f018 x14:00000018 x13:1a10f000
13569248ns          239958 1c0089ce 00a7e723 p.sw             x10, x0(x15)        x10:0000004c x15:00000000  PA:1a10f018
13569566ns          239974 1c0089d2 00000513 addi             x10, x0, 0          x10=00000000
13569586ns          239975 1c0089d4 00008067 jalr             x0, x1, 0            x1:1c008ae0
13569626ns          239977 1c008ae0 15f52c63 p.beqimm         x10, 344            x10:00000000
13569646ns          239978 1c008ae4 00140413 addi             x8, x8, 1            x8=00000002  x8:00000001
13569666ns          239979 1c008ae6 0004c503 lbu              x10, 0(x9)          x10=0000004f  x9:1c000156  PA:1c000156
13569964ns          239994 1c008aea 00148493 addi             x9, x9, 1            x9=1c000157  x9:1c000156
13569984ns          239995 1c008aec fe0514e3 bne              x10, x0, -24        x10:0000004f
13570044ns          239998 1c008ad4 02500793 addi             x15, x0, 37         x15=00000025
13570063ns          239999 1c008ad8 04f50763 beq              x10, x15, 78        x10:0000004f x15:00000025
13570083ns          240000 1c008adc 017005b3 add              x11, x0, x23        x11=00000002 x23:00000002
13570103ns          240001 1c008ade 000c80e7 jalr             x1, x25, 0           x1=1c008ae0 x25:1c0089d6
13570143ns          240003 1c0089d6 fd9ff06f jal              x0, -40            
13570183ns          240005 1c0089ae 000026b7 lui              x13, 0x2000         x13=00002000
13570203ns          240006 1c0089b0 f14027f3 csrrs            x15, x0, 0xf14      x15=00000003
13570223ns          240007 1c0089b4 f8068693 addi             x13, x13, -128      x13=00001f80 x13:00002000
13570242ns          240008 1c0089b8 00379713 slli             x14, x15, 0x3       x14=00000018 x15:00000003
13570262ns          240009 1c0089bc 00279793 slli             x15, x15, 0x2       x15=0000000c x15:00000003
13570282ns          240010 1c0089be 00d7f7b3 and              x15, x15, x13       x15=00000000 x15:0000000c x13:00001f80
13570302ns          240011 1c0089c0 ee873733 p.bclr           x14, x14, 23, 8     x14=00000018 x14:00000018
13570322ns          240012 1c0089c4 1a10f6b7 lui              x13, 0x1a10f000     x13=1a10f000
13570342ns          240013 1c0089c8 0ff57513 andi             x10, x10, 255       x10=0000004f x10:0000004f
13570362ns          240014 1c0089cc 00d70733 add              x14, x14, x13       x14=1a10f018 x14:00000018 x13:1a10f000
13570382ns          240015 1c0089ce 00a7e723 p.sw             x10, x0(x15)        x10:0000004f x15:00000000  PA:1a10f018
13570720ns          240032 1c0089d2 00000513 addi             x10, x0, 0          x10=00000000
13570740ns          240033 1c0089d4 00008067 jalr             x0, x1, 0            x1:1c008ae0
13570779ns          240035 1c008ae0 15f52c63 p.beqimm         x10, 344            x10:00000000
13570799ns          240036 1c008ae4 00140413 addi             x8, x8, 1            x8=00000003  x8:00000002
13570819ns          240037 1c008ae6 0004c503 lbu              x10, 0(x9)          x10=00000057  x9:1c000157  PA:1c000157
13571118ns          240052 1c008aea 00148493 addi             x9, x9, 1            x9=1c000158  x9:1c000157
13571137ns          240053 1c008aec fe0514e3 bne              x10, x0, -24        x10:00000057
13571197ns          240056 1c008ad4 02500793 addi             x15, x0, 37         x15=00000025
13571217ns          240057 1c008ad8 04f50763 beq              x10, x15, 78        x10:00000057 x15:00000025
13571237ns          240058 1c008adc 017005b3 add              x11, x0, x23        x11=00000002 x23:00000002
13571257ns          240059 1c008ade 000c80e7 jalr             x1, x25, 0           x1=1c008ae0 x25:1c0089d6
13571297ns          240061 1c0089d6 fd9ff06f jal              x0, -40            
13571336ns          240063 1c0089ae 000026b7 lui              x13, 0x2000         x13=00002000
13571356ns          240064 1c0089b0 f14027f3 csrrs            x15, x0, 0xf14      x15=00000003
13571376ns          240065 1c0089b4 f8068693 addi             x13, x13, -128      x13=00001f80 x13:00002000
13571396ns          240066 1c0089b8 00379713 slli             x14, x15, 0x3       x14=00000018 x15:00000003
13571416ns          240067 1c0089bc 00279793 slli             x15, x15, 0x2       x15=0000000c x15:00000003
13571436ns          240068 1c0089be 00d7f7b3 and              x15, x15, x13       x15=00000000 x15:0000000c x13:00001f80
13571456ns          240069 1c0089c0 ee873733 p.bclr           x14, x14, 23, 8     x14=00000018 x14:00000018
13571476ns          240070 1c0089c4 1a10f6b7 lui              x13, 0x1a10f000     x13=1a10f000
13571495ns          240071 1c0089c8 0ff57513 andi             x10, x10, 255       x10=00000057 x10:00000057
13571515ns          240072 1c0089cc 00d70733 add              x14, x14, x13       x14=1a10f018 x14:00000018 x13:1a10f000
13571535ns          240073 1c0089ce 00a7e723 p.sw             x10, x0(x15)        x10:00000057 x15:00000000  PA:1a10f018
13571853ns          240089 1c0089d2 00000513 addi             x10, x0, 0          x10=00000000
13571873ns          240090 1c0089d4 00008067 jalr             x0, x1, 0            x1:1c008ae0
13571913ns          240092 1c008ae0 15f52c63 p.beqimm         x10, 344            x10:00000000
13571933ns          240093 1c008ae4 00140413 addi             x8, x8, 1            x8=00000004  x8:00000003
13571953ns          240094 1c008ae6 0004c503 lbu              x10, 0(x9)          x10=0000007c  x9:1c000158  PA:1c000158
13572251ns          240109 1c008aea 00148493 addi             x9, x9, 1            x9=1c000159  x9:1c000158
13572271ns          240110 1c008aec fe0514e3 bne              x10, x0, -24        x10:0000007c
13572331ns          240113 1c008ad4 02500793 addi             x15, x0, 37         x15=00000025
13572351ns          240114 1c008ad8 04f50763 beq              x10, x15, 78        x10:0000007c x15:00000025
13572370ns          240115 1c008adc 017005b3 add              x11, x0, x23        x11=00000002 x23:00000002
13572390ns          240116 1c008ade 000c80e7 jalr             x1, x25, 0           x1=1c008ae0 x25:1c0089d6
13572430ns          240118 1c0089d6 fd9ff06f jal              x0, -40            
13572470ns          240120 1c0089ae 000026b7 lui              x13, 0x2000         x13=00002000
13572490ns          240121 1c0089b0 f14027f3 csrrs            x15, x0, 0xf14      x15=00000003
13572510ns          240122 1c0089b4 f8068693 addi             x13, x13, -128      x13=00001f80 x13:00002000
13572530ns          240123 1c0089b8 00379713 slli             x14, x15, 0x3       x14=00000018 x15:00000003
13572549ns          240124 1c0089bc 00279793 slli             x15, x15, 0x2       x15=0000000c x15:00000003
13572569ns          240125 1c0089be 00d7f7b3 and              x15, x15, x13       x15=00000000 x15:0000000c x13:00001f80
13572589ns          240126 1c0089c0 ee873733 p.bclr           x14, x14, 23, 8     x14=00000018 x14:00000018
13572609ns          240127 1c0089c4 1a10f6b7 lui              x13, 0x1a10f000     x13=1a10f000
13572629ns          240128 1c0089c8 0ff57513 andi             x10, x10, 255       x10=0000007c x10:0000007c
13572649ns          240129 1c0089cc 00d70733 add              x14, x14, x13       x14=1a10f018 x14:00000018 x13:1a10f000
13572669ns          240130 1c0089ce 00a7e723 p.sw             x10, x0(x15)        x10:0000007c x15:00000000  PA:1a10f018
13572987ns          240146 1c0089d2 00000513 addi             x10, x0, 0          x10=00000000
13573007ns          240147 1c0089d4 00008067 jalr             x0, x1, 0            x1:1c008ae0
13573047ns          240149 1c008ae0 15f52c63 p.beqimm         x10, 344            x10:00000000
13573067ns          240150 1c008ae4 00140413 addi             x8, x8, 1            x8=00000005  x8:00000004
13573086ns          240151 1c008ae6 0004c503 lbu              x10, 0(x9)          x10=00000033  x9:1c000159  PA:1c000159
13573405ns          240167 1c008aea 00148493 addi             x9, x9, 1            x9=1c00015a  x9:1c000159
13573425ns          240168 1c008aec fe0514e3 bne              x10, x0, -24        x10:00000033
13573484ns          240171 1c008ad4 02500793 addi             x15, x0, 37         x15=00000025
13573504ns          240172 1c008ad8 04f50763 beq              x10, x15, 78        x10:00000033 x15:00000025
13573524ns          240173 1c008adc 017005b3 add              x11, x0, x23        x11=00000002 x23:00000002
13573544ns          240174 1c008ade 000c80e7 jalr             x1, x25, 0           x1=1c008ae0 x25:1c0089d6
13573584ns          240176 1c0089d6 fd9ff06f jal              x0, -40            
13573623ns          240178 1c0089ae 000026b7 lui              x13, 0x2000         x13=00002000
13573643ns          240179 1c0089b0 f14027f3 csrrs            x15, x0, 0xf14      x15=00000003
13573663ns          240180 1c0089b4 f8068693 addi             x13, x13, -128      x13=00001f80 x13:00002000
13573683ns          240181 1c0089b8 00379713 slli             x14, x15, 0x3       x14=00000018 x15:00000003
13573703ns          240182 1c0089bc 00279793 slli             x15, x15, 0x2       x15=0000000c x15:00000003
13573723ns          240183 1c0089be 00d7f7b3 and              x15, x15, x13       x15=00000000 x15:0000000c x13:00001f80
13573743ns          240184 1c0089c0 ee873733 p.bclr           x14, x14, 23, 8     x14=00000018 x14:00000018
13573763ns          240185 1c0089c4 1a10f6b7 lui              x13, 0x1a10f000     x13=1a10f000
13573783ns          240186 1c0089c8 0ff57513 andi             x10, x10, 255       x10=00000033 x10:00000033
13573802ns          240187 1c0089cc 00d70733 add              x14, x14, x13       x14=1a10f018 x14:00000018 x13:1a10f000
13573822ns          240188 1c0089ce 00a7e723 p.sw             x10, x0(x15)        x10:00000033 x15:00000000  PA:1a10f018
13574140ns          240204 1c0089d2 00000513 addi             x10, x0, 0          x10=00000000
13574160ns          240205 1c0089d4 00008067 jalr             x0, x1, 0            x1:1c008ae0
13574200ns          240207 1c008ae0 15f52c63 p.beqimm         x10, 344            x10:00000000
13574220ns          240208 1c008ae4 00140413 addi             x8, x8, 1            x8=00000006  x8:00000005
13574240ns          240209 1c008ae6 0004c503 lbu              x10, 0(x9)          x10=0000007c  x9:1c00015a  PA:1c00015a
13574538ns          240224 1c008aea 00148493 addi             x9, x9, 1            x9=1c00015b  x9:1c00015a
13574558ns          240225 1c008aec fe0514e3 bne              x10, x0, -24        x10:0000007c
13574618ns          240228 1c008ad4 02500793 addi             x15, x0, 37         x15=00000025
13574638ns          240229 1c008ad8 04f50763 beq              x10, x15, 78        x10:0000007c x15:00000025
13574658ns          240230 1c008adc 017005b3 add              x11, x0, x23        x11=00000002 x23:00000002
13574677ns          240231 1c008ade 000c80e7 jalr             x1, x25, 0           x1=1c008ae0 x25:1c0089d6
13574717ns          240233 1c0089d6 fd9ff06f jal              x0, -40            
13574757ns          240235 1c0089ae 000026b7 lui              x13, 0x2000         x13=00002000
13574777ns          240236 1c0089b0 f14027f3 csrrs            x15, x0, 0xf14      x15=00000003
13574797ns          240237 1c0089b4 f8068693 addi             x13, x13, -128      x13=00001f80 x13:00002000
13574817ns          240238 1c0089b8 00379713 slli             x14, x15, 0x3       x14=00000018 x15:00000003
13574837ns          240239 1c0089bc 00279793 slli             x15, x15, 0x2       x15=0000000c x15:00000003
13574856ns          240240 1c0089be 00d7f7b3 and              x15, x15, x13       x15=00000000 x15:0000000c x13:00001f80
13574876ns          240241 1c0089c0 ee873733 p.bclr           x14, x14, 23, 8     x14=00000018 x14:00000018
13574896ns          240242 1c0089c4 1a10f6b7 lui              x13, 0x1a10f000     x13=1a10f000
13574916ns          240243 1c0089c8 0ff57513 andi             x10, x10, 255       x10=0000007c x10:0000007c
13574936ns          240244 1c0089cc 00d70733 add              x14, x14, x13       x14=1a10f018 x14:00000018 x13:1a10f000
13574956ns          240245 1c0089ce 00a7e723 p.sw             x10, x0(x15)        x10:0000007c x15:00000000  PA:1a10f018
13575274ns          240261 1c0089d2 00000513 addi             x10, x0, 0          x10=00000000
13575294ns          240262 1c0089d4 00008067 jalr             x0, x1, 0            x1:1c008ae0
13575334ns          240264 1c008ae0 15f52c63 p.beqimm         x10, 344            x10:00000000
13575354ns          240265 1c008ae4 00140413 addi             x8, x8, 1            x8=00000007  x8:00000006
13575374ns          240266 1c008ae6 0004c503 lbu              x10, 0(x9)          x10=00000043  x9:1c00015b  PA:1c00015b
13575672ns          240281 1c008aea 00148493 addi             x9, x9, 1            x9=1c00015c  x9:1c00015b
13575692ns          240282 1c008aec fe0514e3 bne              x10, x0, -24        x10:00000043
13575751ns          240285 1c008ad4 02500793 addi             x15, x0, 37         x15=00000025
13575771ns          240286 1c008ad8 04f50763 beq              x10, x15, 78        x10:00000043 x15:00000025
13575791ns          240287 1c008adc 017005b3 add              x11, x0, x23        x11=00000002 x23:00000002
13575811ns          240288 1c008ade 000c80e7 jalr             x1, x25, 0           x1=1c008ae0 x25:1c0089d6
13575851ns          240290 1c0089d6 fd9ff06f jal              x0, -40            
13575891ns          240292 1c0089ae 000026b7 lui              x13, 0x2000         x13=00002000
13575911ns          240293 1c0089b0 f14027f3 csrrs            x15, x0, 0xf14      x15=00000003
13575930ns          240294 1c0089b4 f8068693 addi             x13, x13, -128      x13=00001f80 x13:00002000
13575950ns          240295 1c0089b8 00379713 slli             x14, x15, 0x3       x14=00000018 x15:00000003
13575970ns          240296 1c0089bc 00279793 slli             x15, x15, 0x2       x15=0000000c x15:00000003
13575990ns          240297 1c0089be 00d7f7b3 and              x15, x15, x13       x15=00000000 x15:0000000c x13:00001f80
13576010ns          240298 1c0089c0 ee873733 p.bclr           x14, x14, 23, 8     x14=00000018 x14:00000018
13576030ns          240299 1c0089c4 1a10f6b7 lui              x13, 0x1a10f000     x13=1a10f000
13576050ns          240300 1c0089c8 0ff57513 andi             x10, x10, 255       x10=00000043 x10:00000043
13576070ns          240301 1c0089cc 00d70733 add              x14, x14, x13       x14=1a10f018 x14:00000018 x13:1a10f000
13576090ns          240302 1c0089ce 00a7e723 p.sw             x10, x0(x15)        x10:00000043 x15:00000000  PA:1a10f018
13576408ns          240318 1c0089d2 00000513 addi             x10, x0, 0          x10=00000000
13576428ns          240319 1c0089d4 00008067 jalr             x0, x1, 0            x1:1c008ae0
13576467ns          240321 1c008ae0 15f52c63 p.beqimm         x10, 344            x10:00000000
13576487ns          240322 1c008ae4 00140413 addi             x8, x8, 1            x8=00000008  x8:00000007
13576507ns          240323 1c008ae6 0004c503 lbu              x10, 0(x9)          x10=0000004f  x9:1c00015c  PA:1c00015c
13576805ns          240338 1c008aea 00148493 addi             x9, x9, 1            x9=1c00015d  x9:1c00015c
13576825ns          240339 1c008aec fe0514e3 bne              x10, x0, -24        x10:0000004f
13576885ns          240342 1c008ad4 02500793 addi             x15, x0, 37         x15=00000025
13576905ns          240343 1c008ad8 04f50763 beq              x10, x15, 78        x10:0000004f x15:00000025
13576925ns          240344 1c008adc 017005b3 add              x11, x0, x23        x11=00000002 x23:00000002
13576945ns          240345 1c008ade 000c80e7 jalr             x1, x25, 0           x1=1c008ae0 x25:1c0089d6
13576984ns          240347 1c0089d6 fd9ff06f jal              x0, -40            
13577024ns          240349 1c0089ae 000026b7 lui              x13, 0x2000         x13=00002000
13577044ns          240350 1c0089b0 f14027f3 csrrs            x15, x0, 0xf14      x15=00000003
13577064ns          240351 1c0089b4 f8068693 addi             x13, x13, -128      x13=00001f80 x13:00002000
13577084ns          240352 1c0089b8 00379713 slli             x14, x15, 0x3       x14=00000018 x15:00000003
13577104ns          240353 1c0089bc 00279793 slli             x15, x15, 0x2       x15=0000000c x15:00000003
13577124ns          240354 1c0089be 00d7f7b3 and              x15, x15, x13       x15=00000000 x15:0000000c x13:00001f80
13577144ns          240355 1c0089c0 ee873733 p.bclr           x14, x14, 23, 8     x14=00000018 x14:00000018
13577163ns          240356 1c0089c4 1a10f6b7 lui              x13, 0x1a10f000     x13=1a10f000
13577183ns          240357 1c0089c8 0ff57513 andi             x10, x10, 255       x10=0000004f x10:0000004f
13577203ns          240358 1c0089cc 00d70733 add              x14, x14, x13       x14=1a10f018 x14:00000018 x13:1a10f000
13577223ns          240359 1c0089ce 00a7e723 p.sw             x10, x0(x15)        x10:0000004f x15:00000000  PA:1a10f018
13577541ns          240375 1c0089d2 00000513 addi             x10, x0, 0          x10=00000000
13577561ns          240376 1c0089d4 00008067 jalr             x0, x1, 0            x1:1c008ae0
13577601ns          240378 1c008ae0 15f52c63 p.beqimm         x10, 344            x10:00000000
13577621ns          240379 1c008ae4 00140413 addi             x8, x8, 1            x8=00000009  x8:00000008
13577641ns          240380 1c008ae6 0004c503 lbu              x10, 0(x9)          x10=00000052  x9:1c00015d  PA:1c00015d
13577939ns          240395 1c008aea 00148493 addi             x9, x9, 1            x9=1c00015e  x9:1c00015d
13577959ns          240396 1c008aec fe0514e3 bne              x10, x0, -24        x10:00000052
13578019ns          240399 1c008ad4 02500793 addi             x15, x0, 37         x15=00000025
13578039ns          240400 1c008ad8 04f50763 beq              x10, x15, 78        x10:00000052 x15:00000025
13578058ns          240401 1c008adc 017005b3 add              x11, x0, x23        x11=00000002 x23:00000002
13578078ns          240402 1c008ade 000c80e7 jalr             x1, x25, 0           x1=1c008ae0 x25:1c0089d6
13578118ns          240404 1c0089d6 fd9ff06f jal              x0, -40            
13578158ns          240406 1c0089ae 000026b7 lui              x13, 0x2000         x13=00002000
13578178ns          240407 1c0089b0 f14027f3 csrrs            x15, x0, 0xf14      x15=00000003
13578198ns          240408 1c0089b4 f8068693 addi             x13, x13, -128      x13=00001f80 x13:00002000
13578218ns          240409 1c0089b8 00379713 slli             x14, x15, 0x3       x14=00000018 x15:00000003
13578237ns          240410 1c0089bc 00279793 slli             x15, x15, 0x2       x15=0000000c x15:00000003
13578257ns          240411 1c0089be 00d7f7b3 and              x15, x15, x13       x15=00000000 x15:0000000c x13:00001f80
13578277ns          240412 1c0089c0 ee873733 p.bclr           x14, x14, 23, 8     x14=00000018 x14:00000018
13578297ns          240413 1c0089c4 1a10f6b7 lui              x13, 0x1a10f000     x13=1a10f000
13578317ns          240414 1c0089c8 0ff57513 andi             x10, x10, 255       x10=00000052 x10:00000052
13578337ns          240415 1c0089cc 00d70733 add              x14, x14, x13       x14=1a10f018 x14:00000018 x13:1a10f000
13578357ns          240416 1c0089ce 00a7e723 p.sw             x10, x0(x15)        x10:00000052 x15:00000000  PA:1a10f018
13578695ns          240433 1c0089d2 00000513 addi             x10, x0, 0          x10=00000000
13578715ns          240434 1c0089d4 00008067 jalr             x0, x1, 0            x1:1c008ae0
13578755ns          240436 1c008ae0 15f52c63 p.beqimm         x10, 344            x10:00000000
13578774ns          240437 1c008ae4 00140413 addi             x8, x8, 1            x8=0000000a  x8:00000009
13578794ns          240438 1c008ae6 0004c503 lbu              x10, 0(x9)          x10=00000045  x9:1c00015e  PA:1c00015e
13579093ns          240453 1c008aea 00148493 addi             x9, x9, 1            x9=1c00015f  x9:1c00015e
13579112ns          240454 1c008aec fe0514e3 bne              x10, x0, -24        x10:00000045
13579172ns          240457 1c008ad4 02500793 addi             x15, x0, 37         x15=00000025
13579192ns          240458 1c008ad8 04f50763 beq              x10, x15, 78        x10:00000045 x15:00000025
13579212ns          240459 1c008adc 017005b3 add              x11, x0, x23        x11=00000002 x23:00000002
13579232ns          240460 1c008ade 000c80e7 jalr             x1, x25, 0           x1=1c008ae0 x25:1c0089d6
13579272ns          240462 1c0089d6 fd9ff06f jal              x0, -40            
13579311ns          240464 1c0089ae 000026b7 lui              x13, 0x2000         x13=00002000
13579331ns          240465 1c0089b0 f14027f3 csrrs            x15, x0, 0xf14      x15=00000003
13579351ns          240466 1c0089b4 f8068693 addi             x13, x13, -128      x13=00001f80 x13:00002000
13579371ns          240467 1c0089b8 00379713 slli             x14, x15, 0x3       x14=00000018 x15:00000003
13579391ns          240468 1c0089bc 00279793 slli             x15, x15, 0x2       x15=0000000c x15:00000003
13579411ns          240469 1c0089be 00d7f7b3 and              x15, x15, x13       x15=00000000 x15:0000000c x13:00001f80
13579431ns          240470 1c0089c0 ee873733 p.bclr           x14, x14, 23, 8     x14=00000018 x14:00000018
13579451ns          240471 1c0089c4 1a10f6b7 lui              x13, 0x1a10f000     x13=1a10f000
13579470ns          240472 1c0089c8 0ff57513 andi             x10, x10, 255       x10=00000045 x10:00000045
13579490ns          240473 1c0089cc 00d70733 add              x14, x14, x13       x14=1a10f018 x14:00000018 x13:1a10f000
13579510ns          240474 1c0089ce 00a7e723 p.sw             x10, x0(x15)        x10:00000045 x15:00000000  PA:1a10f018
13579828ns          240490 1c0089d2 00000513 addi             x10, x0, 0          x10=00000000
13579848ns          240491 1c0089d4 00008067 jalr             x0, x1, 0            x1:1c008ae0
13579888ns          240493 1c008ae0 15f52c63 p.beqimm         x10, 344            x10:00000000
13579908ns          240494 1c008ae4 00140413 addi             x8, x8, 1            x8=0000000b  x8:0000000a
13579928ns          240495 1c008ae6 0004c503 lbu              x10, 0(x9)          x10=0000007c  x9:1c00015f  PA:1c00015f
13580226ns          240510 1c008aea 00148493 addi             x9, x9, 1            x9=1c000160  x9:1c00015f
13580246ns          240511 1c008aec fe0514e3 bne              x10, x0, -24        x10:0000007c
13580306ns          240514 1c008ad4 02500793 addi             x15, x0, 37         x15=00000025
13580326ns          240515 1c008ad8 04f50763 beq              x10, x15, 78        x10:0000007c x15:00000025
13580346ns          240516 1c008adc 017005b3 add              x11, x0, x23        x11=00000002 x23:00000002
13580365ns          240517 1c008ade 000c80e7 jalr             x1, x25, 0           x1=1c008ae0 x25:1c0089d6
13580405ns          240519 1c0089d6 fd9ff06f jal              x0, -40            
13580445ns          240521 1c0089ae 000026b7 lui              x13, 0x2000         x13=00002000
13580465ns          240522 1c0089b0 f14027f3 csrrs            x15, x0, 0xf14      x15=00000003
13580485ns          240523 1c0089b4 f8068693 addi             x13, x13, -128      x13=00001f80 x13:00002000
13580505ns          240524 1c0089b8 00379713 slli             x14, x15, 0x3       x14=00000018 x15:00000003
13580525ns          240525 1c0089bc 00279793 slli             x15, x15, 0x2       x15=0000000c x15:00000003
13580544ns          240526 1c0089be 00d7f7b3 and              x15, x15, x13       x15=00000000 x15:0000000c x13:00001f80
13580564ns          240527 1c0089c0 ee873733 p.bclr           x14, x14, 23, 8     x14=00000018 x14:00000018
13580584ns          240528 1c0089c4 1a10f6b7 lui              x13, 0x1a10f000     x13=1a10f000
13580604ns          240529 1c0089c8 0ff57513 andi             x10, x10, 255       x10=0000007c x10:0000007c
13580624ns          240530 1c0089cc 00d70733 add              x14, x14, x13       x14=1a10f018 x14:00000018 x13:1a10f000
13580644ns          240531 1c0089ce 00a7e723 p.sw             x10, x0(x15)        x10:0000007c x15:00000000  PA:1a10f018
13580962ns          240547 1c0089d2 00000513 addi             x10, x0, 0          x10=00000000
13580982ns          240548 1c0089d4 00008067 jalr             x0, x1, 0            x1:1c008ae0
13581022ns          240550 1c008ae0 15f52c63 p.beqimm         x10, 344            x10:00000000
13581042ns          240551 1c008ae4 00140413 addi             x8, x8, 1            x8=0000000c  x8:0000000b
13581062ns          240552 1c008ae6 0004c503 lbu              x10, 0(x9)          x10=00000063  x9:1c000160  PA:1c000160
13581380ns          240568 1c008aea 00148493 addi             x9, x9, 1            x9=1c000161  x9:1c000160
13581400ns          240569 1c008aec fe0514e3 bne              x10, x0, -24        x10:00000063
13581459ns          240572 1c008ad4 02500793 addi             x15, x0, 37         x15=00000025
13581479ns          240573 1c008ad8 04f50763 beq              x10, x15, 78        x10:00000063 x15:00000025
13581499ns          240574 1c008adc 017005b3 add              x11, x0, x23        x11=00000002 x23:00000002
13581519ns          240575 1c008ade 000c80e7 jalr             x1, x25, 0           x1=1c008ae0 x25:1c0089d6
13581559ns          240577 1c0089d6 fd9ff06f jal              x0, -40            
13581598ns          240579 1c0089ae 000026b7 lui              x13, 0x2000         x13=00002000
13581618ns          240580 1c0089b0 f14027f3 csrrs            x15, x0, 0xf14      x15=00000003
13581638ns          240581 1c0089b4 f8068693 addi             x13, x13, -128      x13=00001f80 x13:00002000
13581658ns          240582 1c0089b8 00379713 slli             x14, x15, 0x3       x14=00000018 x15:00000003
13581678ns          240583 1c0089bc 00279793 slli             x15, x15, 0x2       x15=0000000c x15:00000003
13581698ns          240584 1c0089be 00d7f7b3 and              x15, x15, x13       x15=00000000 x15:0000000c x13:00001f80
13581718ns          240585 1c0089c0 ee873733 p.bclr           x14, x14, 23, 8     x14=00000018 x14:00000018
13581738ns          240586 1c0089c4 1a10f6b7 lui              x13, 0x1a10f000     x13=1a10f000
13581758ns          240587 1c0089c8 0ff57513 andi             x10, x10, 255       x10=00000063 x10:00000063
13581777ns          240588 1c0089cc 00d70733 add              x14, x14, x13       x14=1a10f018 x14:00000018 x13:1a10f000
13581797ns          240589 1c0089ce 00a7e723 p.sw             x10, x0(x15)        x10:00000063 x15:00000000  PA:1a10f018
13582116ns          240605 1c0089d2 00000513 addi             x10, x0, 0          x10=00000000
13582135ns          240606 1c0089d4 00008067 jalr             x0, x1, 0            x1:1c008ae0
13582175ns          240608 1c008ae0 15f52c63 p.beqimm         x10, 344            x10:00000000
13582195ns          240609 1c008ae4 00140413 addi             x8, x8, 1            x8=0000000d  x8:0000000c
13582215ns          240610 1c008ae6 0004c503 lbu              x10, 0(x9)          x10=0000006c  x9:1c000161  PA:1c000161
13582513ns          240625 1c008aea 00148493 addi             x9, x9, 1            x9=1c000162  x9:1c000161
13582533ns          240626 1c008aec fe0514e3 bne              x10, x0, -24        x10:0000006c
13582593ns          240629 1c008ad4 02500793 addi             x15, x0, 37         x15=00000025
13582613ns          240630 1c008ad8 04f50763 beq              x10, x15, 78        x10:0000006c x15:00000025
13582633ns          240631 1c008adc 017005b3 add              x11, x0, x23        x11=00000002 x23:00000002
13582653ns          240632 1c008ade 000c80e7 jalr             x1, x25, 0           x1=1c008ae0 x25:1c0089d6
13582692ns          240634 1c0089d6 fd9ff06f jal              x0, -40            
13582732ns          240636 1c0089ae 000026b7 lui              x13, 0x2000         x13=00002000
13582752ns          240637 1c0089b0 f14027f3 csrrs            x15, x0, 0xf14      x15=00000003
13582772ns          240638 1c0089b4 f8068693 addi             x13, x13, -128      x13=00001f80 x13:00002000
13582792ns          240639 1c0089b8 00379713 slli             x14, x15, 0x3       x14=00000018 x15:00000003
13582812ns          240640 1c0089bc 00279793 slli             x15, x15, 0x2       x15=0000000c x15:00000003
13582832ns          240641 1c0089be 00d7f7b3 and              x15, x15, x13       x15=00000000 x15:0000000c x13:00001f80
13582851ns          240642 1c0089c0 ee873733 p.bclr           x14, x14, 23, 8     x14=00000018 x14:00000018
13582871ns          240643 1c0089c4 1a10f6b7 lui              x13, 0x1a10f000     x13=1a10f000
13582891ns          240644 1c0089c8 0ff57513 andi             x10, x10, 255       x10=0000006c x10:0000006c
13582911ns          240645 1c0089cc 00d70733 add              x14, x14, x13       x14=1a10f018 x14:00000018 x13:1a10f000
13582931ns          240646 1c0089ce 00a7e723 p.sw             x10, x0(x15)        x10:0000006c x15:00000000  PA:1a10f018
13583249ns          240662 1c0089d2 00000513 addi             x10, x0, 0          x10=00000000
13583269ns          240663 1c0089d4 00008067 jalr             x0, x1, 0            x1:1c008ae0
13583309ns          240665 1c008ae0 15f52c63 p.beqimm         x10, 344            x10:00000000
13583329ns          240666 1c008ae4 00140413 addi             x8, x8, 1            x8=0000000e  x8:0000000d
13583349ns          240667 1c008ae6 0004c503 lbu              x10, 0(x9)          x10=00000075  x9:1c000162  PA:1c000162
13583647ns          240682 1c008aea 00148493 addi             x9, x9, 1            x9=1c000163  x9:1c000162
13583667ns          240683 1c008aec fe0514e3 bne              x10, x0, -24        x10:00000075
13583727ns          240686 1c008ad4 02500793 addi             x15, x0, 37         x15=00000025
13583746ns          240687 1c008ad8 04f50763 beq              x10, x15, 78        x10:00000075 x15:00000025
13583766ns          240688 1c008adc 017005b3 add              x11, x0, x23        x11=00000002 x23:00000002
13583786ns          240689 1c008ade 000c80e7 jalr             x1, x25, 0           x1=1c008ae0 x25:1c0089d6
13583826ns          240691 1c0089d6 fd9ff06f jal              x0, -40            
13583866ns          240693 1c0089ae 000026b7 lui              x13, 0x2000         x13=00002000
13583886ns          240694 1c0089b0 f14027f3 csrrs            x15, x0, 0xf14      x15=00000003
13583906ns          240695 1c0089b4 f8068693 addi             x13, x13, -128      x13=00001f80 x13:00002000
13583925ns          240696 1c0089b8 00379713 slli             x14, x15, 0x3       x14=00000018 x15:00000003
13583945ns          240697 1c0089bc 00279793 slli             x15, x15, 0x2       x15=0000000c x15:00000003
13583965ns          240698 1c0089be 00d7f7b3 and              x15, x15, x13       x15=00000000 x15:0000000c x13:00001f80
13583985ns          240699 1c0089c0 ee873733 p.bclr           x14, x14, 23, 8     x14=00000018 x14:00000018
13584005ns          240700 1c0089c4 1a10f6b7 lui              x13, 0x1a10f000     x13=1a10f000
13584025ns          240701 1c0089c8 0ff57513 andi             x10, x10, 255       x10=00000075 x10:00000075
13584045ns          240702 1c0089cc 00d70733 add              x14, x14, x13       x14=1a10f018 x14:00000018 x13:1a10f000
13584065ns          240703 1c0089ce 00a7e723 p.sw             x10, x0(x15)        x10:00000075 x15:00000000  PA:1a10f018
13584383ns          240719 1c0089d2 00000513 addi             x10, x0, 0          x10=00000000
13584403ns          240720 1c0089d4 00008067 jalr             x0, x1, 0            x1:1c008ae0
13584442ns          240722 1c008ae0 15f52c63 p.beqimm         x10, 344            x10:00000000
13584462ns          240723 1c008ae4 00140413 addi             x8, x8, 1            x8=0000000f  x8:0000000e
13584482ns          240724 1c008ae6 0004c503 lbu              x10, 0(x9)          x10=00000073  x9:1c000163  PA:1c000163
13584781ns          240739 1c008aea 00148493 addi             x9, x9, 1            x9=1c000164  x9:1c000163
13584800ns          240740 1c008aec fe0514e3 bne              x10, x0, -24        x10:00000073
13584860ns          240743 1c008ad4 02500793 addi             x15, x0, 37         x15=00000025
13584880ns          240744 1c008ad8 04f50763 beq              x10, x15, 78        x10:00000073 x15:00000025
13584900ns          240745 1c008adc 017005b3 add              x11, x0, x23        x11=00000002 x23:00000002
13584920ns          240746 1c008ade 000c80e7 jalr             x1, x25, 0           x1=1c008ae0 x25:1c0089d6
13584960ns          240748 1c0089d6 fd9ff06f jal              x0, -40            
13584999ns          240750 1c0089ae 000026b7 lui              x13, 0x2000         x13=00002000
13585019ns          240751 1c0089b0 f14027f3 csrrs            x15, x0, 0xf14      x15=00000003
13585039ns          240752 1c0089b4 f8068693 addi             x13, x13, -128      x13=00001f80 x13:00002000
13585059ns          240753 1c0089b8 00379713 slli             x14, x15, 0x3       x14=00000018 x15:00000003
13585079ns          240754 1c0089bc 00279793 slli             x15, x15, 0x2       x15=0000000c x15:00000003
13585099ns          240755 1c0089be 00d7f7b3 and              x15, x15, x13       x15=00000000 x15:0000000c x13:00001f80
13585119ns          240756 1c0089c0 ee873733 p.bclr           x14, x14, 23, 8     x14=00000018 x14:00000018
13585139ns          240757 1c0089c4 1a10f6b7 lui              x13, 0x1a10f000     x13=1a10f000
13585158ns          240758 1c0089c8 0ff57513 andi             x10, x10, 255       x10=00000073 x10:00000073
13585178ns          240759 1c0089cc 00d70733 add              x14, x14, x13       x14=1a10f018 x14:00000018 x13:1a10f000
13585198ns          240760 1c0089ce 00a7e723 p.sw             x10, x0(x15)        x10:00000073 x15:00000000  PA:1a10f018
13585516ns          240776 1c0089d2 00000513 addi             x10, x0, 0          x10=00000000
13585536ns          240777 1c0089d4 00008067 jalr             x0, x1, 0            x1:1c008ae0
13585576ns          240779 1c008ae0 15f52c63 p.beqimm         x10, 344            x10:00000000
13585596ns          240780 1c008ae4 00140413 addi             x8, x8, 1            x8=00000010  x8:0000000f
13585616ns          240781 1c008ae6 0004c503 lbu              x10, 0(x9)          x10=00000074  x9:1c000164  PA:1c000164
13585914ns          240796 1c008aea 00148493 addi             x9, x9, 1            x9=1c000165  x9:1c000164
13585934ns          240797 1c008aec fe0514e3 bne              x10, x0, -24        x10:00000074
13585994ns          240800 1c008ad4 02500793 addi             x15, x0, 37         x15=00000025
13586014ns          240801 1c008ad8 04f50763 beq              x10, x15, 78        x10:00000074 x15:00000025
13586034ns          240802 1c008adc 017005b3 add              x11, x0, x23        x11=00000002 x23:00000002
13586053ns          240803 1c008ade 000c80e7 jalr             x1, x25, 0           x1=1c008ae0 x25:1c0089d6
13586093ns          240805 1c0089d6 fd9ff06f jal              x0, -40            
13586133ns          240807 1c0089ae 000026b7 lui              x13, 0x2000         x13=00002000
13586153ns          240808 1c0089b0 f14027f3 csrrs            x15, x0, 0xf14      x15=00000003
13586173ns          240809 1c0089b4 f8068693 addi             x13, x13, -128      x13=00001f80 x13:00002000
13586193ns          240810 1c0089b8 00379713 slli             x14, x15, 0x3       x14=00000018 x15:00000003
13586213ns          240811 1c0089bc 00279793 slli             x15, x15, 0x2       x15=0000000c x15:00000003
13586232ns          240812 1c0089be 00d7f7b3 and              x15, x15, x13       x15=00000000 x15:0000000c x13:00001f80
13586252ns          240813 1c0089c0 ee873733 p.bclr           x14, x14, 23, 8     x14=00000018 x14:00000018
13586272ns          240814 1c0089c4 1a10f6b7 lui              x13, 0x1a10f000     x13=1a10f000
13586292ns          240815 1c0089c8 0ff57513 andi             x10, x10, 255       x10=00000074 x10:00000074
13586312ns          240816 1c0089cc 00d70733 add              x14, x14, x13       x14=1a10f018 x14:00000018 x13:1a10f000
13586332ns          240817 1c0089ce 00a7e723 p.sw             x10, x0(x15)        x10:00000074 x15:00000000  PA:1a10f018
13586670ns          240834 1c0089d2 00000513 addi             x10, x0, 0          x10=00000000
13586690ns          240835 1c0089d4 00008067 jalr             x0, x1, 0            x1:1c008ae0
13586730ns          240837 1c008ae0 15f52c63 p.beqimm         x10, 344            x10:00000000
13586749ns          240838 1c008ae4 00140413 addi             x8, x8, 1            x8=00000011  x8:00000010
13586769ns          240839 1c008ae6 0004c503 lbu              x10, 0(x9)          x10=00000065  x9:1c000165  PA:1c000165
13587068ns          240854 1c008aea 00148493 addi             x9, x9, 1            x9=1c000166  x9:1c000165
13587088ns          240855 1c008aec fe0514e3 bne              x10, x0, -24        x10:00000065
13587147ns          240858 1c008ad4 02500793 addi             x15, x0, 37         x15=00000025
13587167ns          240859 1c008ad8 04f50763 beq              x10, x15, 78        x10:00000065 x15:00000025
13587187ns          240860 1c008adc 017005b3 add              x11, x0, x23        x11=00000002 x23:00000002
13587207ns          240861 1c008ade 000c80e7 jalr             x1, x25, 0           x1=1c008ae0 x25:1c0089d6
13587247ns          240863 1c0089d6 fd9ff06f jal              x0, -40            
13587286ns          240865 1c0089ae 000026b7 lui              x13, 0x2000         x13=00002000
13587306ns          240866 1c0089b0 f14027f3 csrrs            x15, x0, 0xf14      x15=00000003
13587326ns          240867 1c0089b4 f8068693 addi             x13, x13, -128      x13=00001f80 x13:00002000
13587346ns          240868 1c0089b8 00379713 slli             x14, x15, 0x3       x14=00000018 x15:00000003
13587366ns          240869 1c0089bc 00279793 slli             x15, x15, 0x2       x15=0000000c x15:00000003
13587386ns          240870 1c0089be 00d7f7b3 and              x15, x15, x13       x15=00000000 x15:0000000c x13:00001f80
13587406ns          240871 1c0089c0 ee873733 p.bclr           x14, x14, 23, 8     x14=00000018 x14:00000018
13587426ns          240872 1c0089c4 1a10f6b7 lui              x13, 0x1a10f000     x13=1a10f000
13587446ns          240873 1c0089c8 0ff57513 andi             x10, x10, 255       x10=00000065 x10:00000065
13587465ns          240874 1c0089cc 00d70733 add              x14, x14, x13       x14=1a10f018 x14:00000018 x13:1a10f000
13587485ns          240875 1c0089ce 00a7e723 p.sw             x10, x0(x15)        x10:00000065 x15:00000000  PA:1a10f018
13587804ns          240891 1c0089d2 00000513 addi             x10, x0, 0          x10=00000000
13587823ns          240892 1c0089d4 00008067 jalr             x0, x1, 0            x1:1c008ae0
13587863ns          240894 1c008ae0 15f52c63 p.beqimm         x10, 344            x10:00000000
13587883ns          240895 1c008ae4 00140413 addi             x8, x8, 1            x8=00000012  x8:00000011
13587903ns          240896 1c008ae6 0004c503 lbu              x10, 0(x9)          x10=00000072  x9:1c000166  PA:1c000166
13588201ns          240911 1c008aea 00148493 addi             x9, x9, 1            x9=1c000167  x9:1c000166
13588221ns          240912 1c008aec fe0514e3 bne              x10, x0, -24        x10:00000072
13588281ns          240915 1c008ad4 02500793 addi             x15, x0, 37         x15=00000025
13588301ns          240916 1c008ad8 04f50763 beq              x10, x15, 78        x10:00000072 x15:00000025
13588321ns          240917 1c008adc 017005b3 add              x11, x0, x23        x11=00000002 x23:00000002
13588341ns          240918 1c008ade 000c80e7 jalr             x1, x25, 0           x1=1c008ae0 x25:1c0089d6
13588380ns          240920 1c0089d6 fd9ff06f jal              x0, -40            
13588420ns          240922 1c0089ae 000026b7 lui              x13, 0x2000         x13=00002000
13588440ns          240923 1c0089b0 f14027f3 csrrs            x15, x0, 0xf14      x15=00000003
13588460ns          240924 1c0089b4 f8068693 addi             x13, x13, -128      x13=00001f80 x13:00002000
13588480ns          240925 1c0089b8 00379713 slli             x14, x15, 0x3       x14=00000018 x15:00000003
13588500ns          240926 1c0089bc 00279793 slli             x15, x15, 0x2       x15=0000000c x15:00000003
13588520ns          240927 1c0089be 00d7f7b3 and              x15, x15, x13       x15=00000000 x15:0000000c x13:00001f80
13588539ns          240928 1c0089c0 ee873733 p.bclr           x14, x14, 23, 8     x14=00000018 x14:00000018
13588559ns          240929 1c0089c4 1a10f6b7 lui              x13, 0x1a10f000     x13=1a10f000
13588579ns          240930 1c0089c8 0ff57513 andi             x10, x10, 255       x10=00000072 x10:00000072
13588599ns          240931 1c0089cc 00d70733 add              x14, x14, x13       x14=1a10f018 x14:00000018 x13:1a10f000
13588619ns          240932 1c0089ce 00a7e723 p.sw             x10, x0(x15)        x10:00000072 x15:00000000  PA:1a10f018
13588937ns          240948 1c0089d2 00000513 addi             x10, x0, 0          x10=00000000
13588957ns          240949 1c0089d4 00008067 jalr             x0, x1, 0            x1:1c008ae0
13588997ns          240951 1c008ae0 15f52c63 p.beqimm         x10, 344            x10:00000000
13589017ns          240952 1c008ae4 00140413 addi             x8, x8, 1            x8=00000013  x8:00000012
13589037ns          240953 1c008ae6 0004c503 lbu              x10, 0(x9)          x10=0000005f  x9:1c000167  PA:1c000167
13589335ns          240968 1c008aea 00148493 addi             x9, x9, 1            x9=1c000168  x9:1c000167
13589355ns          240969 1c008aec fe0514e3 bne              x10, x0, -24        x10:0000005f
13589414ns          240972 1c008ad4 02500793 addi             x15, x0, 37         x15=00000025
13589434ns          240973 1c008ad8 04f50763 beq              x10, x15, 78        x10:0000005f x15:00000025
13589454ns          240974 1c008adc 017005b3 add              x11, x0, x23        x11=00000002 x23:00000002
13589474ns          240975 1c008ade 000c80e7 jalr             x1, x25, 0           x1=1c008ae0 x25:1c0089d6
13589514ns          240977 1c0089d6 fd9ff06f jal              x0, -40            
13589554ns          240979 1c0089ae 000026b7 lui              x13, 0x2000         x13=00002000
13589574ns          240980 1c0089b0 f14027f3 csrrs            x15, x0, 0xf14      x15=00000003
13589593ns          240981 1c0089b4 f8068693 addi             x13, x13, -128      x13=00001f80 x13:00002000
13589613ns          240982 1c0089b8 00379713 slli             x14, x15, 0x3       x14=00000018 x15:00000003
13589633ns          240983 1c0089bc 00279793 slli             x15, x15, 0x2       x15=0000000c x15:00000003
13589653ns          240984 1c0089be 00d7f7b3 and              x15, x15, x13       x15=00000000 x15:0000000c x13:00001f80
13589673ns          240985 1c0089c0 ee873733 p.bclr           x14, x14, 23, 8     x14=00000018 x14:00000018
13589693ns          240986 1c0089c4 1a10f6b7 lui              x13, 0x1a10f000     x13=1a10f000
13589713ns          240987 1c0089c8 0ff57513 andi             x10, x10, 255       x10=0000005f x10:0000005f
13589733ns          240988 1c0089cc 00d70733 add              x14, x14, x13       x14=1a10f018 x14:00000018 x13:1a10f000
13589753ns          240989 1c0089ce 00a7e723 p.sw             x10, x0(x15)        x10:0000005f x15:00000000  PA:1a10f018
13590071ns          241005 1c0089d2 00000513 addi             x10, x0, 0          x10=00000000
13590091ns          241006 1c0089d4 00008067 jalr             x0, x1, 0            x1:1c008ae0
13590130ns          241008 1c008ae0 15f52c63 p.beqimm         x10, 344            x10:00000000
13590150ns          241009 1c008ae4 00140413 addi             x8, x8, 1            x8=00000014  x8:00000013
13590170ns          241010 1c008ae6 0004c503 lbu              x10, 0(x9)          x10=0000006c  x9:1c000168  PA:1c000168
13590488ns          241026 1c008aea 00148493 addi             x9, x9, 1            x9=1c000169  x9:1c000168
13590508ns          241027 1c008aec fe0514e3 bne              x10, x0, -24        x10:0000006c
13590568ns          241030 1c008ad4 02500793 addi             x15, x0, 37         x15=00000025
13590588ns          241031 1c008ad8 04f50763 beq              x10, x15, 78        x10:0000006c x15:00000025
13590608ns          241032 1c008adc 017005b3 add              x11, x0, x23        x11=00000002 x23:00000002
13590628ns          241033 1c008ade 000c80e7 jalr             x1, x25, 0           x1=1c008ae0 x25:1c0089d6
13590667ns          241035 1c0089d6 fd9ff06f jal              x0, -40            
13590707ns          241037 1c0089ae 000026b7 lui              x13, 0x2000         x13=00002000
13590727ns          241038 1c0089b0 f14027f3 csrrs            x15, x0, 0xf14      x15=00000003
13590747ns          241039 1c0089b4 f8068693 addi             x13, x13, -128      x13=00001f80 x13:00002000
13590767ns          241040 1c0089b8 00379713 slli             x14, x15, 0x3       x14=00000018 x15:00000003
13590787ns          241041 1c0089bc 00279793 slli             x15, x15, 0x2       x15=0000000c x15:00000003
13590807ns          241042 1c0089be 00d7f7b3 and              x15, x15, x13       x15=00000000 x15:0000000c x13:00001f80
13590827ns          241043 1c0089c0 ee873733 p.bclr           x14, x14, 23, 8     x14=00000018 x14:00000018
13590846ns          241044 1c0089c4 1a10f6b7 lui              x13, 0x1a10f000     x13=1a10f000
13590866ns          241045 1c0089c8 0ff57513 andi             x10, x10, 255       x10=0000006c x10:0000006c
13590886ns          241046 1c0089cc 00d70733 add              x14, x14, x13       x14=1a10f018 x14:00000018 x13:1a10f000
13590906ns          241047 1c0089ce 00a7e723 p.sw             x10, x0(x15)        x10:0000006c x15:00000000  PA:1a10f018
13591224ns          241063 1c0089d2 00000513 addi             x10, x0, 0          x10=00000000
13591244ns          241064 1c0089d4 00008067 jalr             x0, x1, 0            x1:1c008ae0
13591284ns          241066 1c008ae0 15f52c63 p.beqimm         x10, 344            x10:00000000
13591304ns          241067 1c008ae4 00140413 addi             x8, x8, 1            x8=00000015  x8:00000014
13591324ns          241068 1c008ae6 0004c503 lbu              x10, 0(x9)          x10=00000031  x9:1c000169  PA:1c000169
13591622ns          241083 1c008aea 00148493 addi             x9, x9, 1            x9=1c00016a  x9:1c000169
13591642ns          241084 1c008aec fe0514e3 bne              x10, x0, -24        x10:00000031
13591702ns          241087 1c008ad4 02500793 addi             x15, x0, 37         x15=00000025
13591721ns          241088 1c008ad8 04f50763 beq              x10, x15, 78        x10:00000031 x15:00000025
13591741ns          241089 1c008adc 017005b3 add              x11, x0, x23        x11=00000002 x23:00000002
13591761ns          241090 1c008ade 000c80e7 jalr             x1, x25, 0           x1=1c008ae0 x25:1c0089d6
13591801ns          241092 1c0089d6 fd9ff06f jal              x0, -40            
13591841ns          241094 1c0089ae 000026b7 lui              x13, 0x2000         x13=00002000
13591861ns          241095 1c0089b0 f14027f3 csrrs            x15, x0, 0xf14      x15=00000003
13591881ns          241096 1c0089b4 f8068693 addi             x13, x13, -128      x13=00001f80 x13:00002000
13591900ns          241097 1c0089b8 00379713 slli             x14, x15, 0x3       x14=00000018 x15:00000003
13591920ns          241098 1c0089bc 00279793 slli             x15, x15, 0x2       x15=0000000c x15:00000003
13591940ns          241099 1c0089be 00d7f7b3 and              x15, x15, x13       x15=00000000 x15:0000000c x13:00001f80
13591960ns          241100 1c0089c0 ee873733 p.bclr           x14, x14, 23, 8     x14=00000018 x14:00000018
13591980ns          241101 1c0089c4 1a10f6b7 lui              x13, 0x1a10f000     x13=1a10f000
13592000ns          241102 1c0089c8 0ff57513 andi             x10, x10, 255       x10=00000031 x10:00000031
13592020ns          241103 1c0089cc 00d70733 add              x14, x14, x13       x14=1a10f018 x14:00000018 x13:1a10f000
13592040ns          241104 1c0089ce 00a7e723 p.sw             x10, x0(x15)        x10:00000031 x15:00000000  PA:1a10f018
13592358ns          241120 1c0089d2 00000513 addi             x10, x0, 0          x10=00000000
13592378ns          241121 1c0089d4 00008067 jalr             x0, x1, 0            x1:1c008ae0
13592418ns          241123 1c008ae0 15f52c63 p.beqimm         x10, 344            x10:00000000
13592437ns          241124 1c008ae4 00140413 addi             x8, x8, 1            x8=00000016  x8:00000015
13592457ns          241125 1c008ae6 0004c503 lbu              x10, 0(x9)          x10=0000007c  x9:1c00016a  PA:1c00016a
13592756ns          241140 1c008aea 00148493 addi             x9, x9, 1            x9=1c00016b  x9:1c00016a
13592776ns          241141 1c008aec fe0514e3 bne              x10, x0, -24        x10:0000007c
13592835ns          241144 1c008ad4 02500793 addi             x15, x0, 37         x15=00000025
13592855ns          241145 1c008ad8 04f50763 beq              x10, x15, 78        x10:0000007c x15:00000025
13592875ns          241146 1c008adc 017005b3 add              x11, x0, x23        x11=00000002 x23:00000002
13592895ns          241147 1c008ade 000c80e7 jalr             x1, x25, 0           x1=1c008ae0 x25:1c0089d6
13592935ns          241149 1c0089d6 fd9ff06f jal              x0, -40            
13592974ns          241151 1c0089ae 000026b7 lui              x13, 0x2000         x13=00002000
13592994ns          241152 1c0089b0 f14027f3 csrrs            x15, x0, 0xf14      x15=00000003
13593014ns          241153 1c0089b4 f8068693 addi             x13, x13, -128      x13=00001f80 x13:00002000
13593034ns          241154 1c0089b8 00379713 slli             x14, x15, 0x3       x14=00000018 x15:00000003
13593054ns          241155 1c0089bc 00279793 slli             x15, x15, 0x2       x15=0000000c x15:00000003
13593074ns          241156 1c0089be 00d7f7b3 and              x15, x15, x13       x15=00000000 x15:0000000c x13:00001f80
13593094ns          241157 1c0089c0 ee873733 p.bclr           x14, x14, 23, 8     x14=00000018 x14:00000018
13593114ns          241158 1c0089c4 1a10f6b7 lui              x13, 0x1a10f000     x13=1a10f000
13593134ns          241159 1c0089c8 0ff57513 andi             x10, x10, 255       x10=0000007c x10:0000007c
13593153ns          241160 1c0089cc 00d70733 add              x14, x14, x13       x14=1a10f018 x14:00000018 x13:1a10f000
13593173ns          241161 1c0089ce 00a7e723 p.sw             x10, x0(x15)        x10:0000007c x15:00000000  PA:1a10f018
13593492ns          241177 1c0089d2 00000513 addi             x10, x0, 0          x10=00000000
13593511ns          241178 1c0089d4 00008067 jalr             x0, x1, 0            x1:1c008ae0
13593551ns          241180 1c008ae0 15f52c63 p.beqimm         x10, 344            x10:00000000
13593571ns          241181 1c008ae4 00140413 addi             x8, x8, 1            x8=00000017  x8:00000016
13593591ns          241182 1c008ae6 0004c503 lbu              x10, 0(x9)          x10=00000070  x9:1c00016b  PA:1c00016b
13593889ns          241197 1c008aea 00148493 addi             x9, x9, 1            x9=1c00016c  x9:1c00016b
13593909ns          241198 1c008aec fe0514e3 bne              x10, x0, -24        x10:00000070
13593969ns          241201 1c008ad4 02500793 addi             x15, x0, 37         x15=00000025
13593989ns          241202 1c008ad8 04f50763 beq              x10, x15, 78        x10:00000070 x15:00000025
13594009ns          241203 1c008adc 017005b3 add              x11, x0, x23        x11=00000002 x23:00000002
13594028ns          241204 1c008ade 000c80e7 jalr             x1, x25, 0           x1=1c008ae0 x25:1c0089d6
13594068ns          241206 1c0089d6 fd9ff06f jal              x0, -40            
13594108ns          241208 1c0089ae 000026b7 lui              x13, 0x2000         x13=00002000
13594128ns          241209 1c0089b0 f14027f3 csrrs            x15, x0, 0xf14      x15=00000003
13594148ns          241210 1c0089b4 f8068693 addi             x13, x13, -128      x13=00001f80 x13:00002000
13594168ns          241211 1c0089b8 00379713 slli             x14, x15, 0x3       x14=00000018 x15:00000003
13594188ns          241212 1c0089bc 00279793 slli             x15, x15, 0x2       x15=0000000c x15:00000003
13594207ns          241213 1c0089be 00d7f7b3 and              x15, x15, x13       x15=00000000 x15:0000000c x13:00001f80
13594227ns          241214 1c0089c0 ee873733 p.bclr           x14, x14, 23, 8     x14=00000018 x14:00000018
13594247ns          241215 1c0089c4 1a10f6b7 lui              x13, 0x1a10f000     x13=1a10f000
13594267ns          241216 1c0089c8 0ff57513 andi             x10, x10, 255       x10=00000070 x10:00000070
13594287ns          241217 1c0089cc 00d70733 add              x14, x14, x13       x14=1a10f018 x14:00000018 x13:1a10f000
13594307ns          241218 1c0089ce 00a7e723 p.sw             x10, x0(x15)        x10:00000070 x15:00000000  PA:1a10f018
13594625ns          241234 1c0089d2 00000513 addi             x10, x0, 0          x10=00000000
13594645ns          241235 1c0089d4 00008067 jalr             x0, x1, 0            x1:1c008ae0
13594685ns          241237 1c008ae0 15f52c63 p.beqimm         x10, 344            x10:00000000
13594705ns          241238 1c008ae4 00140413 addi             x8, x8, 1            x8=00000018  x8:00000017
13594725ns          241239 1c008ae6 0004c503 lbu              x10, 0(x9)          x10=00000065  x9:1c00016c  PA:1c00016c
13595043ns          241255 1c008aea 00148493 addi             x9, x9, 1            x9=1c00016d  x9:1c00016c
13595063ns          241256 1c008aec fe0514e3 bne              x10, x0, -24        x10:00000065
13595122ns          241259 1c008ad4 02500793 addi             x15, x0, 37         x15=00000025
13595142ns          241260 1c008ad8 04f50763 beq              x10, x15, 78        x10:00000065 x15:00000025
13595162ns          241261 1c008adc 017005b3 add              x11, x0, x23        x11=00000002 x23:00000002
13595182ns          241262 1c008ade 000c80e7 jalr             x1, x25, 0           x1=1c008ae0 x25:1c0089d6
13595222ns          241264 1c0089d6 fd9ff06f jal              x0, -40            
13595262ns          241266 1c0089ae 000026b7 lui              x13, 0x2000         x13=00002000
13595281ns          241267 1c0089b0 f14027f3 csrrs            x15, x0, 0xf14      x15=00000003
13595301ns          241268 1c0089b4 f8068693 addi             x13, x13, -128      x13=00001f80 x13:00002000
13595321ns          241269 1c0089b8 00379713 slli             x14, x15, 0x3       x14=00000018 x15:00000003
13595341ns          241270 1c0089bc 00279793 slli             x15, x15, 0x2       x15=0000000c x15:00000003
13595361ns          241271 1c0089be 00d7f7b3 and              x15, x15, x13       x15=00000000 x15:0000000c x13:00001f80
13595381ns          241272 1c0089c0 ee873733 p.bclr           x14, x14, 23, 8     x14=00000018 x14:00000018
13595401ns          241273 1c0089c4 1a10f6b7 lui              x13, 0x1a10f000     x13=1a10f000
13595421ns          241274 1c0089c8 0ff57513 andi             x10, x10, 255       x10=00000065 x10:00000065
13595441ns          241275 1c0089cc 00d70733 add              x14, x14, x13       x14=1a10f018 x14:00000018 x13:1a10f000
13595460ns          241276 1c0089ce 00a7e723 p.sw             x10, x0(x15)        x10:00000065 x15:00000000  PA:1a10f018
13595779ns          241292 1c0089d2 00000513 addi             x10, x0, 0          x10=00000000
13595799ns          241293 1c0089d4 00008067 jalr             x0, x1, 0            x1:1c008ae0
13595838ns          241295 1c008ae0 15f52c63 p.beqimm         x10, 344            x10:00000000
13595858ns          241296 1c008ae4 00140413 addi             x8, x8, 1            x8=00000019  x8:00000018
13595878ns          241297 1c008ae6 0004c503 lbu              x10, 0(x9)          x10=0000003d  x9:1c00016d  PA:1c00016d
13596176ns          241312 1c008aea 00148493 addi             x9, x9, 1            x9=1c00016e  x9:1c00016d
13596196ns          241313 1c008aec fe0514e3 bne              x10, x0, -24        x10:0000003d
13596256ns          241316 1c008ad4 02500793 addi             x15, x0, 37         x15=00000025
13596276ns          241317 1c008ad8 04f50763 beq              x10, x15, 78        x10:0000003d x15:00000025
13596296ns          241318 1c008adc 017005b3 add              x11, x0, x23        x11=00000002 x23:00000002
13596316ns          241319 1c008ade 000c80e7 jalr             x1, x25, 0           x1=1c008ae0 x25:1c0089d6
13596355ns          241321 1c0089d6 fd9ff06f jal              x0, -40            
13596395ns          241323 1c0089ae 000026b7 lui              x13, 0x2000         x13=00002000
13596415ns          241324 1c0089b0 f14027f3 csrrs            x15, x0, 0xf14      x15=00000003
13596435ns          241325 1c0089b4 f8068693 addi             x13, x13, -128      x13=00001f80 x13:00002000
13596455ns          241326 1c0089b8 00379713 slli             x14, x15, 0x3       x14=00000018 x15:00000003
13596475ns          241327 1c0089bc 00279793 slli             x15, x15, 0x2       x15=0000000c x15:00000003
13596495ns          241328 1c0089be 00d7f7b3 and              x15, x15, x13       x15=00000000 x15:0000000c x13:00001f80
13596514ns          241329 1c0089c0 ee873733 p.bclr           x14, x14, 23, 8     x14=00000018 x14:00000018
13596534ns          241330 1c0089c4 1a10f6b7 lui              x13, 0x1a10f000     x13=1a10f000
13596554ns          241331 1c0089c8 0ff57513 andi             x10, x10, 255       x10=0000003d x10:0000003d
13596574ns          241332 1c0089cc 00d70733 add              x14, x14, x13       x14=1a10f018 x14:00000018 x13:1a10f000
13596594ns          241333 1c0089ce 00a7e723 p.sw             x10, x0(x15)        x10:0000003d x15:00000000  PA:1a10f018
13596912ns          241349 1c0089d2 00000513 addi             x10, x0, 0          x10=00000000
13596932ns          241350 1c0089d4 00008067 jalr             x0, x1, 0            x1:1c008ae0
13596972ns          241352 1c008ae0 15f52c63 p.beqimm         x10, 344            x10:00000000
13596992ns          241353 1c008ae4 00140413 addi             x8, x8, 1            x8=0000001a  x8:00000019
13597012ns          241354 1c008ae6 0004c503 lbu              x10, 0(x9)          x10=00000025  x9:1c00016e  PA:1c00016e
13597310ns          241369 1c008aea 00148493 addi             x9, x9, 1            x9=1c00016f  x9:1c00016e
13597330ns          241370 1c008aec fe0514e3 bne              x10, x0, -24        x10:00000025
13597390ns          241373 1c008ad4 02500793 addi             x15, x0, 37         x15=00000025
13597409ns          241374 1c008ad8 04f50763 beq              x10, x15, 78        x10:00000025 x15:00000025
13597549ns          241381 1c008b26 0004cb03 lbu              x22, 0(x9)          x22=00000064  x9:1c00016f  PA:1c00016f
13597867ns          241397 1c008b2a 02000813 addi             x16, x0, 32         x16=00000020
13597887ns          241398 1c008b2e 00148a93 addi             x21, x9, 1          x21=1c000170  x9:1c00016f
13597907ns          241399 1c008b32 016005b3 add              x11, x0, x22        x11=00000064 x22:00000064
13597927ns          241400 1c008b34 2d8d8513 addi             x10, x27, 728       x10=1c0002d8 x27:1c000000
13597946ns          241401 1c008b38 01012823 sw               x16, 16(x2)         x16:00000020  x2:100041a8  PA:100041b8
13597966ns          241402 1c008b3a 00012c23 sw               x0, 24(x2)           x2:100041a8  PA:100041c0
13597986ns          241403 1c008b3c 00012a23 sw               x0, 20(x2)           x2:100041a8  PA:100041bc
13598006ns          241404 1c008b3e 00012e23 sw               x0, 28(x2)           x2:100041a8  PA:100041c4
13598026ns          241405 1c008b40 00012623 sw               x0, 12(x2)           x2:100041a8  PA:100041b4
13598046ns          241406 1c008b42 02300913 addi             x18, x0, 35         x18=00000023
13598066ns          241407 1c008b46 02d00a13 addi             x20, x0, 45         x20=0000002d
13598086ns          241408 1c008b4a 015009b3 add              x19, x0, x21        x19=1c000170 x21:1c000170
13598106ns          241409 1c008b4c de3ff0ef jal              x1, -542             x1=1c008b4e
13598304ns          241419 1c00892e 00054783 lbu              x15, 0(x10)         x15=0000002d x10:1c0002d8  PA:1c0002d8
13598623ns          241435 1c008932 0ff5f593 andi             x11, x11, 255       x11=00000064 x11:00000064
13598643ns          241436 1c008936 00b78c63 beq              x15, x11, 24        x15:0000002d x11:00000064
13598662ns          241437 1c00893a 00078b63 beq              x15, x0, 22         x15:0000002d
13598682ns          241438 1c00893c 00150793 addi             x15, x10, 1         x15=1c0002d9 x10:1c0002d8
13598722ns          241440 1c008940 0040006f jal              x0, 4              
13598762ns          241442 1c008944 00f00533 add              x10, x0, x15        x10=1c0002d9 x15:1c0002d9
13598782ns          241443 1c008946 0017c70b p.lbu            x14, 1(x15!)        x14=0000002b x15=1c0002da x15:1c0002d9  PA:1c0002d9
13599100ns          241459 1c00894a feb71ce3 bne              x14, x11, -8        x14:0000002b x11:00000064
13599160ns          241462 1c008942 00070763 beq              x14, x0, 14         x14:0000002b
13599179ns          241463 1c008944 00f00533 add              x10, x0, x15        x10=1c0002da x15:1c0002da
13599199ns          241464 1c008946 0017c70b p.lbu            x14, 1(x15!)        x14=00000020 x15=1c0002db x15:1c0002da  PA:1c0002da
13599518ns          241480 1c00894a feb71ce3 bne              x14, x11, -8        x14:00000020 x11:00000064
13599577ns          241483 1c008942 00070763 beq              x14, x0, 14         x14:00000020
13599597ns          241484 1c008944 00f00533 add              x10, x0, x15        x10=1c0002db x15:1c0002db
13599617ns          241485 1c008946 0017c70b p.lbu            x14, 1(x15!)        x14=00000023 x15=1c0002dc x15:1c0002db  PA:1c0002db
13599935ns          241501 1c00894a feb71ce3 bne              x14, x11, -8        x14:00000023 x11:00000064
13599995ns          241504 1c008942 00070763 beq              x14, x0, 14         x14:00000023
13600015ns          241505 1c008944 00f00533 add              x10, x0, x15        x10=1c0002dc x15:1c0002dc
13600035ns          241506 1c008946 0017c70b p.lbu            x14, 1(x15!)        x14=00000030 x15=1c0002dd x15:1c0002dc  PA:1c0002dc
13600353ns          241522 1c00894a feb71ce3 bne              x14, x11, -8        x14:00000030 x11:00000064
13600413ns          241525 1c008942 00070763 beq              x14, x0, 14         x14:00000030
13600432ns          241526 1c008944 00f00533 add              x10, x0, x15        x10=1c0002dd x15:1c0002dd
13600452ns          241527 1c008946 0017c70b p.lbu            x14, 1(x15!)        x14=00000000 x15=1c0002de x15:1c0002dd  PA:1c0002dd
13600771ns          241543 1c00894a feb71ce3 bne              x14, x11, -8        x14:00000000 x11:00000064
13600830ns          241546 1c008942 00070763 beq              x14, x0, 14         x14:00000000
13600890ns          241549 1c008950 0015b593 sltiu            x11, x11, 1         x11=00000000 x11:00000064
13600910ns          241550 1c008954 40b005b3 sub              x11, x0, x11        x11=00000000 x11:00000000
13600930ns          241551 1c008958 00b57533 and              x10, x10, x11       x10=00000000 x10:1c0002dd x11:00000000
13600950ns          241552 1c00895a 00008067 jalr             x0, x1, 0            x1:1c008b4e
13601049ns          241557 1c008b4e 02050a63 beq              x10, x0, 52         x10:00000000
13601188ns          241564 1c008b82 02a00613 addi             x12, x0, 42         x12=0000002a
13601208ns          241565 1c008b86 10cb0863 beq              x22, x12, 272       x22:00000064 x12:0000002a
13601228ns          241566 1c008b8a fd0b0613 addi             x12, x22, -48       x12=00000034 x22:00000064
13601248ns          241567 1c008b8e 00900593 addi             x11, x0, 9          x11=00000009
13601288ns          241569 1c008b90 00000a13 addi             x20, x0, 0          x20=00000000
13601327ns          241571 1c008b92 0ec5f263 bgeu             x11, x12, 228       x11:00000009 x12:00000034
13601347ns          241572 1c008b96 02e00713 addi             x14, x0, 46         x14=0000002e
13601367ns          241573 1c008b9a fff00a93 addi             x21, x0, -1         x21=ffffffff
13601387ns          241574 1c008b9c 14eb0563 beq              x22, x14, 330       x22:00000064 x14:0000002e
13601427ns          241576 1c008ba0 1c0007b7 lui              x15, 0x1c000000     x15=1c000000
13601467ns          241578 1c008ba4 016005b3 add              x11, x0, x22        x11=00000064 x22:00000064
13601486ns          241579 1c008ba6 2e078513 addi             x10, x15, 736       x10=1c0002e0 x15:1c000000
13601506ns          241580 1c008baa d85ff0ef jal              x1, -636             x1=1c008bac
13601626ns          241586 1c00892e 00054783 lbu              x15, 0(x10)         x15=00000068 x10:1c0002e0  PA:1c0002e0
13601924ns          241601 1c008932 0ff5f593 andi             x11, x11, 255       x11=00000064 x11:00000064
13601944ns          241602 1c008936 00b78c63 beq              x15, x11, 24        x15:00000068 x11:00000064
13601964ns          241603 1c00893a 00078b63 beq              x15, x0, 22         x15:00000068
13601984ns          241604 1c00893c 00150793 addi             x15, x10, 1         x15=1c0002e1 x10:1c0002e0
13602004ns          241605 1c008940 0040006f jal              x0, 4              
13602043ns          241607 1c008944 00f00533 add              x10, x0, x15        x10=1c0002e1 x15:1c0002e1
13602063ns          241608 1c008946 0017c70b p.lbu            x14, 1(x15!)        x14=0000006c x15=1c0002e2 x15:1c0002e1  PA:1c0002e1
13602381ns          241624 1c00894a feb71ce3 bne              x14, x11, -8        x14:0000006c x11:00000064
13602441ns          241627 1c008942 00070763 beq              x14, x0, 14         x14:0000006c
13602461ns          241628 1c008944 00f00533 add              x10, x0, x15        x10=1c0002e2 x15:1c0002e2
13602481ns          241629 1c008946 0017c70b p.lbu            x14, 1(x15!)        x14=0000004c x15=1c0002e3 x15:1c0002e2  PA:1c0002e2
13602799ns          241645 1c00894a feb71ce3 bne              x14, x11, -8        x14:0000004c x11:00000064
13602859ns          241648 1c008942 00070763 beq              x14, x0, 14         x14:0000004c
13602879ns          241649 1c008944 00f00533 add              x10, x0, x15        x10=1c0002e3 x15:1c0002e3
13602899ns          241650 1c008946 0017c70b p.lbu            x14, 1(x15!)        x14=0000007a x15=1c0002e4 x15:1c0002e3  PA:1c0002e3
13603237ns          241667 1c00894a feb71ce3 bne              x14, x11, -8        x14:0000007a x11:00000064
13603296ns          241670 1c008942 00070763 beq              x14, x0, 14         x14:0000007a
13603316ns          241671 1c008944 00f00533 add              x10, x0, x15        x10=1c0002e4 x15:1c0002e4
13603336ns          241672 1c008946 0017c70b p.lbu            x14, 1(x15!)        x14=00000000 x15=1c0002e5 x15:1c0002e4  PA:1c0002e4
13603654ns          241688 1c00894a feb71ce3 bne              x14, x11, -8        x14:00000000 x11:00000064
13603714ns          241691 1c008942 00070763 beq              x14, x0, 14         x14:00000000
13603774ns          241694 1c008950 0015b593 sltiu            x11, x11, 1         x11=00000000 x11:00000064
13603794ns          241695 1c008954 40b005b3 sub              x11, x0, x11        x11=00000000 x11:00000000
13603813ns          241696 1c008958 00b57533 and              x10, x10, x11       x10=00000000 x10:1c0002e4 x11:00000000
13603833ns          241697 1c00895a 00008067 jalr             x0, x1, 0            x1:1c008bac
13603873ns          241699 1c008bac 013004b3 add              x9, x0, x19          x9=1c000170 x19:1c000170
13603893ns          241700 1c008bae 00050563 beq              x10, x0, 10         x10:00000000
13603953ns          241703 1c008bb8 06700713 addi             x14, x0, 103        x14=00000067
13603972ns          241704 1c008bbc 0f675b63 bge              x14, x22, 246       x14:00000067 x22:00000064
13604151ns          241713 1c008cb2 06500713 addi             x14, x0, 101        x14=00000065
13604171ns          241714 1c008cb6 0ceb5863 bge              x22, x14, 208       x22:00000064 x14:00000065
13604191ns          241715 1c008cba 04700713 addi             x14, x0, 71         x14=00000047
13604251ns          241718 1c008cbe 4d674d63 blt              x14, x22, 1242      x14:00000047 x22:00000064
13604350ns          241723 1c009198 06300713 addi             x14, x0, 99         x14=00000063
13604390ns          241725 1c00919c 10eb0a63 beq              x22, x14, 276       x22:00000064 x14:00000063
13604450ns          241728 1c0091a0 0d674263 blt              x14, x22, 196       x14:00000063 x22:00000064
13604549ns          241733 1c009264 000c2583 lw               x11, 0(x24)         x11=00000003 x24:100042fc  PA:100042fc
13604589ns          241735 1c009268 004c0c13 addi             x24, x24, 4         x24=10004300 x24:100042fc
13604609ns          241736 1c00926a 1e05c963 blt              x11, x0, 498        x11:00000003
13604629ns          241737 1c00926e 01412783 lw               x15, 20(x2)         x15=00000000  x2:100041a8  PA:100041bc
13604669ns          241739 1c009270 18079663 bne              x15, x0, 396        x15:00000000
13604708ns          241741 1c009274 01812803 lw               x16, 24(x2)         x16=00000000  x2:100041a8  PA:100041c0
13604748ns          241743 1c009276 32080963 beq              x16, x0, 818        x16:00000000
13604887ns          241750 1c0095a8 015006b3 add              x13, x0, x21        x13=ffffffff x21:ffffffff
13604907ns          241751 1c0095aa 00a00613 addi             x12, x0, 10         x12=0000000a
13604927ns          241752 1c0095ac 01a00533 add              x10, x0, x26        x10=100041cc x26:100041cc
13604987ns          241755 1c0095ae c74ff0ef jal              x1, -2956            x1=1c0095b2
13605066ns          241759 1c008a22 00a00733 add              x14, x0, x10        x14=100041cc x10:100041cc
13605106ns          241761 1c008a24 00a007b3 add              x15, x0, x10        x15=100041cc x10:100041cc
13605126ns          241762 1c008a26 00900313 addi             x6, x0, 9            x6=00000009
13605146ns          241763 1c008a28 02c5f8b3 remu             x17, x11, x12       x17=00000003 x11:00000003 x12:0000000a
13605762ns          241794 1c008a2c 0ff8f813 andi             x16, x17, 255       x16=00000003 x17:00000003
13605782ns          241795 1c008a30 00000513 addi             x10, x0, 0          x10=00000000
13605802ns          241796 1c008a32 02c5d5b3 divu             x11, x11, x12       x11=00000000 x11:00000003 x12:0000000a
13606419ns          241827 1c008a36 03080813 addi             x16, x16, 48        x16=00000033 x16:00000003
13606439ns          241828 1c008a3a 01137463 bgeu             x6, x17, 8           x6:00000009 x17:00000003
13606498ns          241831 1c008a42 01050533 add              x10, x10, x16       x10=00000033 x10:00000000 x16:00000033
13606518ns          241832 1c008a44 00a780ab p.sb             x10, 1(x15!)        x15=100041cd x10:00000033 x15:100041cc  PA:100041cc
13606538ns          241833 1c008a48 fe0590e3 bne              x11, x0, -32        x11:00000000
13606558ns          241834 1c008a4a 40e78533 sub              x10, x15, x14       x10=00000001 x15:100041cd x14:100041cc
13606618ns          241837 1c008a4e 00d55d63 bge              x10, x13, 26        x10:00000001 x13:ffffffff
13606717ns          241842 1c008a68 fe078fab p.sb             x0, -1(x15!)        x15=100041cc x15:100041cd  PA:100041cd
13606757ns          241844 1c008a6c 00f77c63 bgeu             x14, x15, 24        x14:100041cc x15:100041cc
13606856ns          241849 1c008a84 00008067 jalr             x0, x1, 0            x1:1c0095b2
13606896ns          241851 1c0095b2 00a009b3 add              x19, x0, x10        x19=00000001 x10:00000001
13606916ns          241852 1c0095b4 00012623 sw               x0, 12(x2)           x2:100041a8  PA:100041b4
13606936ns          241853 1c0095b6 ce7ff06f jal              x0, -794           
13607015ns          241857 1c00929c e7faa7e3 p.beqimm         x21, -402           x21:ffffffff
13607214ns          241867 1c00910a 0c800793 addi             x15, x0, 200        x15=000000c8
13607274ns          241870 1c00910e b337c5e3 blt              x15, x19, -1238     x15:000000c8 x19:00000001
13607314ns          241872 1c009112 0f49c363 blt              x19, x20, 230       x19:00000001 x20:00000000
13607334ns          241873 1c009116 01300a33 add              x20, x0, x19        x20=00000001 x19:00000001
13607353ns          241874 1c009118 b00a11e3 bne              x20, x0, -1278      x20:00000001
13607493ns          241881 1c008c1a 01a00933 add              x18, x0, x26        x18=100041cc x26:100041cc
13607532ns          241883 1c008c1c 41a409b3 sub              x19, x8, x26        x19=efffbe4e  x8:0000001a x26:100041cc
13607592ns          241886 1c008c20 00a0006f jal              x0, 10             
13607652ns          241889 1c008c2a 0019450b p.lbu            x10, 1(x18!)        x10=00000033 x18=100041cd x18:100041cc  PA:100041cc
13607672ns          241890 1c008c2e 017005b3 add              x11, x0, x23        x11=00000002 x23:00000002
13607711ns          241892 1c008c30 000c80e7 jalr             x1, x25, 0           x1=1c008c32 x25:1c0089d6
13607791ns          241896 1c0089d6 fd9ff06f jal              x0, -40            
13607871ns          241900 1c0089ae 000026b7 lui              x13, 0x2000         x13=00002000
13607950ns          241904 1c0089b0 f14027f3 csrrs            x15, x0, 0xf14      x15=00000003
13607990ns          241906 1c0089b4 f8068693 addi             x13, x13, -128      x13=00001f80 x13:00002000
13608010ns          241907 1c0089b8 00379713 slli             x14, x15, 0x3       x14=00000018 x15:00000003
13608030ns          241908 1c0089bc 00279793 slli             x15, x15, 0x2       x15=0000000c x15:00000003
13608050ns          241909 1c0089be 00d7f7b3 and              x15, x15, x13       x15=00000000 x15:0000000c x13:00001f80
13608089ns          241911 1c0089c0 ee873733 p.bclr           x14, x14, 23, 8     x14=00000018 x14:00000018
13608129ns          241913 1c0089c4 1a10f6b7 lui              x13, 0x1a10f000     x13=1a10f000
13608149ns          241914 1c0089c8 0ff57513 andi             x10, x10, 255       x10=00000033 x10:00000033
13608169ns          241915 1c0089cc 00d70733 add              x14, x14, x13       x14=1a10f018 x14:00000018 x13:1a10f000
13608189ns          241916 1c0089ce 00a7e723 p.sw             x10, x0(x15)        x10:00000033 x15:00000000  PA:1a10f018
13608507ns          241932 1c0089d2 00000513 addi             x10, x0, 0          x10=00000000
13608527ns          241933 1c0089d4 00008067 jalr             x0, x1, 0            x1:1c008c32
13608567ns          241935 1c008c32 fffa0a13 addi             x20, x20, -1        x20=00000000 x20:00000001
13608587ns          241936 1c008c34 fff537e3 p.bneimm         x10, -18            x10:00000000
13608726ns          241943 1c008c22 01298433 add              x8, x19, x18         x8=0000001b x19:efffbe4e x18:100041cd
13608746ns          241944 1c008c26 ea0a03e3 beq              x20, x0, -346       x20:00000000
13608845ns          241949 1c008acc 0004c503 lbu              x10, 0(x9)          x10=0000007c  x9:1c000170  PA:1c000170
13609163ns          241965 1c008ad0 00148493 addi             x9, x9, 1            x9=1c000171  x9:1c000170
13609183ns          241966 1c008ad2 00050e63 beq              x10, x0, 28         x10:0000007c
13609203ns          241967 1c008ad4 02500793 addi             x15, x0, 37         x15=00000025
13609223ns          241968 1c008ad8 04f50763 beq              x10, x15, 78        x10:0000007c x15:00000025
13609243ns          241969 1c008adc 017005b3 add              x11, x0, x23        x11=00000002 x23:00000002
13609263ns          241970 1c008ade 000c80e7 jalr             x1, x25, 0           x1=1c008ae0 x25:1c0089d6
13609322ns          241973 1c0089d6 fd9ff06f jal              x0, -40            
13609362ns          241975 1c0089ae 000026b7 lui              x13, 0x2000         x13=00002000
13609382ns          241976 1c0089b0 f14027f3 csrrs            x15, x0, 0xf14      x15=00000003
13609402ns          241977 1c0089b4 f8068693 addi             x13, x13, -128      x13=00001f80 x13:00002000
13609422ns          241978 1c0089b8 00379713 slli             x14, x15, 0x3       x14=00000018 x15:00000003
13609442ns          241979 1c0089bc 00279793 slli             x15, x15, 0x2       x15=0000000c x15:00000003
13609462ns          241980 1c0089be 00d7f7b3 and              x15, x15, x13       x15=00000000 x15:0000000c x13:00001f80
13609501ns          241982 1c0089c0 ee873733 p.bclr           x14, x14, 23, 8     x14=00000018 x14:00000018
13609541ns          241984 1c0089c4 1a10f6b7 lui              x13, 0x1a10f000     x13=1a10f000
13609561ns          241985 1c0089c8 0ff57513 andi             x10, x10, 255       x10=0000007c x10:0000007c
13609581ns          241986 1c0089cc 00d70733 add              x14, x14, x13       x14=1a10f018 x14:00000018 x13:1a10f000
13609601ns          241987 1c0089ce 00a7e723 p.sw             x10, x0(x15)        x10:0000007c x15:00000000  PA:1a10f018
13609919ns          242003 1c0089d2 00000513 addi             x10, x0, 0          x10=00000000
13609939ns          242004 1c0089d4 00008067 jalr             x0, x1, 0            x1:1c008ae0
13609979ns          242006 1c008ae0 15f52c63 p.beqimm         x10, 344            x10:00000000
13609999ns          242007 1c008ae4 00140413 addi             x8, x8, 1            x8=0000001c  x8:0000001b
13610018ns          242008 1c008ae6 0004c503 lbu              x10, 0(x9)          x10=00000073  x9:1c000171  PA:1c000171
13610317ns          242023 1c008aea 00148493 addi             x9, x9, 1            x9=1c000172  x9:1c000171
13610337ns          242024 1c008aec fe0514e3 bne              x10, x0, -24        x10:00000073
13610396ns          242027 1c008ad4 02500793 addi             x15, x0, 37         x15=00000025
13610416ns          242028 1c008ad8 04f50763 beq              x10, x15, 78        x10:00000073 x15:00000025
13610436ns          242029 1c008adc 017005b3 add              x11, x0, x23        x11=00000002 x23:00000002
13610456ns          242030 1c008ade 000c80e7 jalr             x1, x25, 0           x1=1c008ae0 x25:1c0089d6
13610496ns          242032 1c0089d6 fd9ff06f jal              x0, -40            
13610536ns          242034 1c0089ae 000026b7 lui              x13, 0x2000         x13=00002000
13610555ns          242035 1c0089b0 f14027f3 csrrs            x15, x0, 0xf14      x15=00000003
13610575ns          242036 1c0089b4 f8068693 addi             x13, x13, -128      x13=00001f80 x13:00002000
13610595ns          242037 1c0089b8 00379713 slli             x14, x15, 0x3       x14=00000018 x15:00000003
13610615ns          242038 1c0089bc 00279793 slli             x15, x15, 0x2       x15=0000000c x15:00000003
13610635ns          242039 1c0089be 00d7f7b3 and              x15, x15, x13       x15=00000000 x15:0000000c x13:00001f80
13610655ns          242040 1c0089c0 ee873733 p.bclr           x14, x14, 23, 8     x14=00000018 x14:00000018
13610675ns          242041 1c0089c4 1a10f6b7 lui              x13, 0x1a10f000     x13=1a10f000
13610695ns          242042 1c0089c8 0ff57513 andi             x10, x10, 255       x10=00000073 x10:00000073
13610715ns          242043 1c0089cc 00d70733 add              x14, x14, x13       x14=1a10f018 x14:00000018 x13:1a10f000
13610734ns          242044 1c0089ce 00a7e723 p.sw             x10, x0(x15)        x10:00000073 x15:00000000  PA:1a10f018
13611053ns          242060 1c0089d2 00000513 addi             x10, x0, 0          x10=00000000
13611073ns          242061 1c0089d4 00008067 jalr             x0, x1, 0            x1:1c008ae0
13611112ns          242063 1c008ae0 15f52c63 p.beqimm         x10, 344            x10:00000000
13611132ns          242064 1c008ae4 00140413 addi             x8, x8, 1            x8=0000001d  x8:0000001c
13611152ns          242065 1c008ae6 0004c503 lbu              x10, 0(x9)          x10=00000065  x9:1c000172  PA:1c000172
13611450ns          242080 1c008aea 00148493 addi             x9, x9, 1            x9=1c000173  x9:1c000172
13611470ns          242081 1c008aec fe0514e3 bne              x10, x0, -24        x10:00000065
13611530ns          242084 1c008ad4 02500793 addi             x15, x0, 37         x15=00000025
13611550ns          242085 1c008ad8 04f50763 beq              x10, x15, 78        x10:00000065 x15:00000025
13611570ns          242086 1c008adc 017005b3 add              x11, x0, x23        x11=00000002 x23:00000002
13611590ns          242087 1c008ade 000c80e7 jalr             x1, x25, 0           x1=1c008ae0 x25:1c0089d6
13611629ns          242089 1c0089d6 fd9ff06f jal              x0, -40            
13611669ns          242091 1c0089ae 000026b7 lui              x13, 0x2000         x13=00002000
13611689ns          242092 1c0089b0 f14027f3 csrrs            x15, x0, 0xf14      x15=00000003
13611709ns          242093 1c0089b4 f8068693 addi             x13, x13, -128      x13=00001f80 x13:00002000
13611729ns          242094 1c0089b8 00379713 slli             x14, x15, 0x3       x14=00000018 x15:00000003
13611749ns          242095 1c0089bc 00279793 slli             x15, x15, 0x2       x15=0000000c x15:00000003
13611769ns          242096 1c0089be 00d7f7b3 and              x15, x15, x13       x15=00000000 x15:0000000c x13:00001f80
13611788ns          242097 1c0089c0 ee873733 p.bclr           x14, x14, 23, 8     x14=00000018 x14:00000018
13611808ns          242098 1c0089c4 1a10f6b7 lui              x13, 0x1a10f000     x13=1a10f000
13611828ns          242099 1c0089c8 0ff57513 andi             x10, x10, 255       x10=00000065 x10:00000065
13611848ns          242100 1c0089cc 00d70733 add              x14, x14, x13       x14=1a10f018 x14:00000018 x13:1a10f000
13611868ns          242101 1c0089ce 00a7e723 p.sw             x10, x0(x15)        x10:00000065 x15:00000000  PA:1a10f018
13612186ns          242117 1c0089d2 00000513 addi             x10, x0, 0          x10=00000000
13612206ns          242118 1c0089d4 00008067 jalr             x0, x1, 0            x1:1c008ae0
13612246ns          242120 1c008ae0 15f52c63 p.beqimm         x10, 344            x10:00000000
13612266ns          242121 1c008ae4 00140413 addi             x8, x8, 1            x8=0000001e  x8:0000001d
13612286ns          242122 1c008ae6 0004c503 lbu              x10, 0(x9)          x10=00000065  x9:1c000173  PA:1c000173
13612604ns          242138 1c008aea 00148493 addi             x9, x9, 1            x9=1c000174  x9:1c000173
13612624ns          242139 1c008aec fe0514e3 bne              x10, x0, -24        x10:00000065
13612683ns          242142 1c008ad4 02500793 addi             x15, x0, 37         x15=00000025
13612703ns          242143 1c008ad8 04f50763 beq              x10, x15, 78        x10:00000065 x15:00000025
13612723ns          242144 1c008adc 017005b3 add              x11, x0, x23        x11=00000002 x23:00000002
13612743ns          242145 1c008ade 000c80e7 jalr             x1, x25, 0           x1=1c008ae0 x25:1c0089d6
13612783ns          242147 1c0089d6 fd9ff06f jal              x0, -40            
13612823ns          242149 1c0089ae 000026b7 lui              x13, 0x2000         x13=00002000
13612843ns          242150 1c0089b0 f14027f3 csrrs            x15, x0, 0xf14      x15=00000003
13612862ns          242151 1c0089b4 f8068693 addi             x13, x13, -128      x13=00001f80 x13:00002000
13612882ns          242152 1c0089b8 00379713 slli             x14, x15, 0x3       x14=00000018 x15:00000003
13612902ns          242153 1c0089bc 00279793 slli             x15, x15, 0x2       x15=0000000c x15:00000003
13612922ns          242154 1c0089be 00d7f7b3 and              x15, x15, x13       x15=00000000 x15:0000000c x13:00001f80
13612942ns          242155 1c0089c0 ee873733 p.bclr           x14, x14, 23, 8     x14=00000018 x14:00000018
13612962ns          242156 1c0089c4 1a10f6b7 lui              x13, 0x1a10f000     x13=1a10f000
13612982ns          242157 1c0089c8 0ff57513 andi             x10, x10, 255       x10=00000065 x10:00000065
13613002ns          242158 1c0089cc 00d70733 add              x14, x14, x13       x14=1a10f018 x14:00000018 x13:1a10f000
13613022ns          242159 1c0089ce 00a7e723 p.sw             x10, x0(x15)        x10:00000065 x15:00000000  PA:1a10f018
13613340ns          242175 1c0089d2 00000513 addi             x10, x0, 0          x10=00000000
13613360ns          242176 1c0089d4 00008067 jalr             x0, x1, 0            x1:1c008ae0
13613399ns          242178 1c008ae0 15f52c63 p.beqimm         x10, 344            x10:00000000
13613419ns          242179 1c008ae4 00140413 addi             x8, x8, 1            x8=0000001f  x8:0000001e
13613439ns          242180 1c008ae6 0004c503 lbu              x10, 0(x9)          x10=0000006e  x9:1c000174  PA:1c000174
13613738ns          242195 1c008aea 00148493 addi             x9, x9, 1            x9=1c000175  x9:1c000174
13613757ns          242196 1c008aec fe0514e3 bne              x10, x0, -24        x10:0000006e
13613817ns          242199 1c008ad4 02500793 addi             x15, x0, 37         x15=00000025
13613837ns          242200 1c008ad8 04f50763 beq              x10, x15, 78        x10:0000006e x15:00000025
13613857ns          242201 1c008adc 017005b3 add              x11, x0, x23        x11=00000002 x23:00000002
13613877ns          242202 1c008ade 000c80e7 jalr             x1, x25, 0           x1=1c008ae0 x25:1c0089d6
13613916ns          242204 1c0089d6 fd9ff06f jal              x0, -40            
13613956ns          242206 1c0089ae 000026b7 lui              x13, 0x2000         x13=00002000
13613976ns          242207 1c0089b0 f14027f3 csrrs            x15, x0, 0xf14      x15=00000003
13613996ns          242208 1c0089b4 f8068693 addi             x13, x13, -128      x13=00001f80 x13:00002000
13614016ns          242209 1c0089b8 00379713 slli             x14, x15, 0x3       x14=00000018 x15:00000003
13614036ns          242210 1c0089bc 00279793 slli             x15, x15, 0x2       x15=0000000c x15:00000003
13614056ns          242211 1c0089be 00d7f7b3 and              x15, x15, x13       x15=00000000 x15:0000000c x13:00001f80
13614076ns          242212 1c0089c0 ee873733 p.bclr           x14, x14, 23, 8     x14=00000018 x14:00000018
13614095ns          242213 1c0089c4 1a10f6b7 lui              x13, 0x1a10f000     x13=1a10f000
13614115ns          242214 1c0089c8 0ff57513 andi             x10, x10, 255       x10=0000006e x10:0000006e
13614135ns          242215 1c0089cc 00d70733 add              x14, x14, x13       x14=1a10f018 x14:00000018 x13:1a10f000
13614155ns          242216 1c0089ce 00a7e723 p.sw             x10, x0(x15)        x10:0000006e x15:00000000  PA:1a10f018
13614473ns          242232 1c0089d2 00000513 addi             x10, x0, 0          x10=00000000
13614493ns          242233 1c0089d4 00008067 jalr             x0, x1, 0            x1:1c008ae0
13614533ns          242235 1c008ae0 15f52c63 p.beqimm         x10, 344            x10:00000000
13614553ns          242236 1c008ae4 00140413 addi             x8, x8, 1            x8=00000020  x8:0000001f
13614573ns          242237 1c008ae6 0004c503 lbu              x10, 0(x9)          x10=0000003d  x9:1c000175  PA:1c000175
13614871ns          242252 1c008aea 00148493 addi             x9, x9, 1            x9=1c000176  x9:1c000175
13614891ns          242253 1c008aec fe0514e3 bne              x10, x0, -24        x10:0000003d
13614951ns          242256 1c008ad4 02500793 addi             x15, x0, 37         x15=00000025
13614971ns          242257 1c008ad8 04f50763 beq              x10, x15, 78        x10:0000003d x15:00000025
13614990ns          242258 1c008adc 017005b3 add              x11, x0, x23        x11=00000002 x23:00000002
13615010ns          242259 1c008ade 000c80e7 jalr             x1, x25, 0           x1=1c008ae0 x25:1c0089d6
13615050ns          242261 1c0089d6 fd9ff06f jal              x0, -40            
13615090ns          242263 1c0089ae 000026b7 lui              x13, 0x2000         x13=00002000
13615110ns          242264 1c0089b0 f14027f3 csrrs            x15, x0, 0xf14      x15=00000003
13615130ns          242265 1c0089b4 f8068693 addi             x13, x13, -128      x13=00001f80 x13:00002000
13615150ns          242266 1c0089b8 00379713 slli             x14, x15, 0x3       x14=00000018 x15:00000003
13615169ns          242267 1c0089bc 00279793 slli             x15, x15, 0x2       x15=0000000c x15:00000003
13615189ns          242268 1c0089be 00d7f7b3 and              x15, x15, x13       x15=00000000 x15:0000000c x13:00001f80
13615209ns          242269 1c0089c0 ee873733 p.bclr           x14, x14, 23, 8     x14=00000018 x14:00000018
13615229ns          242270 1c0089c4 1a10f6b7 lui              x13, 0x1a10f000     x13=1a10f000
13615249ns          242271 1c0089c8 0ff57513 andi             x10, x10, 255       x10=0000003d x10:0000003d
13615269ns          242272 1c0089cc 00d70733 add              x14, x14, x13       x14=1a10f018 x14:00000018 x13:1a10f000
13615289ns          242273 1c0089ce 00a7e723 p.sw             x10, x0(x15)        x10:0000003d x15:00000000  PA:1a10f018
13615627ns          242290 1c0089d2 00000513 addi             x10, x0, 0          x10=00000000
13615647ns          242291 1c0089d4 00008067 jalr             x0, x1, 0            x1:1c008ae0
13615687ns          242293 1c008ae0 15f52c63 p.beqimm         x10, 344            x10:00000000
13615706ns          242294 1c008ae4 00140413 addi             x8, x8, 1            x8=00000021  x8:00000020
13615726ns          242295 1c008ae6 0004c503 lbu              x10, 0(x9)          x10=00000030  x9:1c000176  PA:1c000176
13616045ns          242311 1c008aea 00148493 addi             x9, x9, 1            x9=1c000177  x9:1c000176
13616064ns          242312 1c008aec fe0514e3 bne              x10, x0, -24        x10:00000030
13616124ns          242315 1c008ad4 02500793 addi             x15, x0, 37         x15=00000025
13616144ns          242316 1c008ad8 04f50763 beq              x10, x15, 78        x10:00000030 x15:00000025
13616164ns          242317 1c008adc 017005b3 add              x11, x0, x23        x11=00000002 x23:00000002
13616184ns          242318 1c008ade 000c80e7 jalr             x1, x25, 0           x1=1c008ae0 x25:1c0089d6
13616224ns          242320 1c0089d6 fd9ff06f jal              x0, -40            
13616263ns          242322 1c0089ae 000026b7 lui              x13, 0x2000         x13=00002000
13616283ns          242323 1c0089b0 f14027f3 csrrs            x15, x0, 0xf14      x15=00000003
13616303ns          242324 1c0089b4 f8068693 addi             x13, x13, -128      x13=00001f80 x13:00002000
13616323ns          242325 1c0089b8 00379713 slli             x14, x15, 0x3       x14=00000018 x15:00000003
13616343ns          242326 1c0089bc 00279793 slli             x15, x15, 0x2       x15=0000000c x15:00000003
13616363ns          242327 1c0089be 00d7f7b3 and              x15, x15, x13       x15=00000000 x15:0000000c x13:00001f80
13616383ns          242328 1c0089c0 ee873733 p.bclr           x14, x14, 23, 8     x14=00000018 x14:00000018
13616402ns          242329 1c0089c4 1a10f6b7 lui              x13, 0x1a10f000     x13=1a10f000
13616422ns          242330 1c0089c8 0ff57513 andi             x10, x10, 255       x10=00000030 x10:00000030
13616442ns          242331 1c0089cc 00d70733 add              x14, x14, x13       x14=1a10f018 x14:00000018 x13:1a10f000
13616462ns          242332 1c0089ce 00a7e723 p.sw             x10, x0(x15)        x10:00000030 x15:00000000  PA:1a10f018
13616780ns          242348 1c0089d2 00000513 addi             x10, x0, 0          x10=00000000
13616800ns          242349 1c0089d4 00008067 jalr             x0, x1, 0            x1:1c008ae0
13616840ns          242351 1c008ae0 15f52c63 p.beqimm         x10, 344            x10:00000000
13616860ns          242352 1c008ae4 00140413 addi             x8, x8, 1            x8=00000022  x8:00000021
13616880ns          242353 1c008ae6 0004c503 lbu              x10, 0(x9)          x10=00000078  x9:1c000177  PA:1c000177
13617178ns          242368 1c008aea 00148493 addi             x9, x9, 1            x9=1c000178  x9:1c000177
13617198ns          242369 1c008aec fe0514e3 bne              x10, x0, -24        x10:00000078
13617258ns          242372 1c008ad4 02500793 addi             x15, x0, 37         x15=00000025
13617278ns          242373 1c008ad8 04f50763 beq              x10, x15, 78        x10:00000078 x15:00000025
13617297ns          242374 1c008adc 017005b3 add              x11, x0, x23        x11=00000002 x23:00000002
13617317ns          242375 1c008ade 000c80e7 jalr             x1, x25, 0           x1=1c008ae0 x25:1c0089d6
13617357ns          242377 1c0089d6 fd9ff06f jal              x0, -40            
13617397ns          242379 1c0089ae 000026b7 lui              x13, 0x2000         x13=00002000
13617417ns          242380 1c0089b0 f14027f3 csrrs            x15, x0, 0xf14      x15=00000003
13617437ns          242381 1c0089b4 f8068693 addi             x13, x13, -128      x13=00001f80 x13:00002000
13617457ns          242382 1c0089b8 00379713 slli             x14, x15, 0x3       x14=00000018 x15:00000003
13617476ns          242383 1c0089bc 00279793 slli             x15, x15, 0x2       x15=0000000c x15:00000003
13617496ns          242384 1c0089be 00d7f7b3 and              x15, x15, x13       x15=00000000 x15:0000000c x13:00001f80
13617516ns          242385 1c0089c0 ee873733 p.bclr           x14, x14, 23, 8     x14=00000018 x14:00000018
13617536ns          242386 1c0089c4 1a10f6b7 lui              x13, 0x1a10f000     x13=1a10f000
13617556ns          242387 1c0089c8 0ff57513 andi             x10, x10, 255       x10=00000078 x10:00000078
13617576ns          242388 1c0089cc 00d70733 add              x14, x14, x13       x14=1a10f018 x14:00000018 x13:1a10f000
13617596ns          242389 1c0089ce 00a7e723 p.sw             x10, x0(x15)        x10:00000078 x15:00000000  PA:1a10f018
13617914ns          242405 1c0089d2 00000513 addi             x10, x0, 0          x10=00000000
13617934ns          242406 1c0089d4 00008067 jalr             x0, x1, 0            x1:1c008ae0
13617974ns          242408 1c008ae0 15f52c63 p.beqimm         x10, 344            x10:00000000
13617994ns          242409 1c008ae4 00140413 addi             x8, x8, 1            x8=00000023  x8:00000022
13618013ns          242410 1c008ae6 0004c503 lbu              x10, 0(x9)          x10=00000025  x9:1c000178  PA:1c000178
13618332ns          242426 1c008aea 00148493 addi             x9, x9, 1            x9=1c000179  x9:1c000178
13618352ns          242427 1c008aec fe0514e3 bne              x10, x0, -24        x10:00000025
13618411ns          242430 1c008ad4 02500793 addi             x15, x0, 37         x15=00000025
13618431ns          242431 1c008ad8 04f50763 beq              x10, x15, 78        x10:00000025 x15:00000025
13618570ns          242438 1c008b26 0004cb03 lbu              x22, 0(x9)          x22=00000030  x9:1c000179  PA:1c000179
13618869ns          242453 1c008b2a 02000813 addi             x16, x0, 32         x16=00000020
13618888ns          242454 1c008b2e 00148a93 addi             x21, x9, 1          x21=1c00017a  x9:1c000179
13618908ns          242455 1c008b32 016005b3 add              x11, x0, x22        x11=00000030 x22:00000030
13618928ns          242456 1c008b34 2d8d8513 addi             x10, x27, 728       x10=1c0002d8 x27:1c000000
13618948ns          242457 1c008b38 01012823 sw               x16, 16(x2)         x16:00000020  x2:100041a8  PA:100041b8
13618968ns          242458 1c008b3a 00012c23 sw               x0, 24(x2)           x2:100041a8  PA:100041c0
13618988ns          242459 1c008b3c 00012a23 sw               x0, 20(x2)           x2:100041a8  PA:100041bc
13619008ns          242460 1c008b3e 00012e23 sw               x0, 28(x2)           x2:100041a8  PA:100041c4
13619028ns          242461 1c008b40 00012623 sw               x0, 12(x2)           x2:100041a8  PA:100041b4
13619048ns          242462 1c008b42 02300913 addi             x18, x0, 35         x18=00000023
13619067ns          242463 1c008b46 02d00a13 addi             x20, x0, 45         x20=0000002d
13619087ns          242464 1c008b4a 015009b3 add              x19, x0, x21        x19=1c00017a x21:1c00017a
13619107ns          242465 1c008b4c de3ff0ef jal              x1, -542             x1=1c008b4e
13619306ns          242475 1c00892e 00054783 lbu              x15, 0(x10)         x15=0000002d x10:1c0002d8  PA:1c0002d8
13619644ns          242492 1c008932 0ff5f593 andi             x11, x11, 255       x11=00000030 x11:00000030
13619664ns          242493 1c008936 00b78c63 beq              x15, x11, 24        x15:0000002d x11:00000030
13619684ns          242494 1c00893a 00078b63 beq              x15, x0, 22         x15:0000002d
13619704ns          242495 1c00893c 00150793 addi             x15, x10, 1         x15=1c0002d9 x10:1c0002d8
13619744ns          242497 1c008940 0040006f jal              x0, 4              
13619783ns          242499 1c008944 00f00533 add              x10, x0, x15        x10=1c0002d9 x15:1c0002d9
13619803ns          242500 1c008946 0017c70b p.lbu            x14, 1(x15!)        x14=0000002b x15=1c0002da x15:1c0002d9  PA:1c0002d9
13620122ns          242516 1c00894a feb71ce3 bne              x14, x11, -8        x14:0000002b x11:00000030
13620181ns          242519 1c008942 00070763 beq              x14, x0, 14         x14:0000002b
13620201ns          242520 1c008944 00f00533 add              x10, x0, x15        x10=1c0002da x15:1c0002da
13620221ns          242521 1c008946 0017c70b p.lbu            x14, 1(x15!)        x14=00000020 x15=1c0002db x15:1c0002da  PA:1c0002da
13620539ns          242537 1c00894a feb71ce3 bne              x14, x11, -8        x14:00000020 x11:00000030
13620599ns          242540 1c008942 00070763 beq              x14, x0, 14         x14:00000020
13620619ns          242541 1c008944 00f00533 add              x10, x0, x15        x10=1c0002db x15:1c0002db
13620639ns          242542 1c008946 0017c70b p.lbu            x14, 1(x15!)        x14=00000023 x15=1c0002dc x15:1c0002db  PA:1c0002db
13620977ns          242559 1c00894a feb71ce3 bne              x14, x11, -8        x14:00000023 x11:00000030
13621036ns          242562 1c008942 00070763 beq              x14, x0, 14         x14:00000023
13621056ns          242563 1c008944 00f00533 add              x10, x0, x15        x10=1c0002dc x15:1c0002dc
13621076ns          242564 1c008946 0017c70b p.lbu            x14, 1(x15!)        x14=00000030 x15=1c0002dd x15:1c0002dc  PA:1c0002dc
13621414ns          242581 1c00894a feb71ce3 bne              x14, x11, -8        x14:00000030 x11:00000030
13621434ns          242582 1c00894e 00008067 jalr             x0, x1, 0            x1:1c008b4e
13621474ns          242584 1c008b4e 02050a63 beq              x10, x0, 52         x10:1c0002dc
13621534ns          242587 1c008b50 112b0d63 beq              x22, x18, 282       x22:00000030 x18:00000023
13621573ns          242589 1c008b54 0f697463 bgeu             x18, x22, 232       x18:00000023 x22:00000030
13621593ns          242590 1c008b58 114b0563 beq              x22, x20, 266       x22:00000030 x20:0000002d
13621613ns          242591 1c008b5c 03000613 addi             x12, x0, 48         x12=00000030
13621673ns          242594 1c008b60 0ecb0c63 beq              x22, x12, 248       x22:00000030 x12:00000030
13621772ns          242599 1c008c58 03000713 addi             x14, x0, 48         x14=00000030
13621812ns          242601 1c008c5c 00e12823 sw               x14, 16(x2)         x14:00000030  x2:100041a8  PA:100041b8
13621832ns          242602 1c008c5e 015004b3 add              x9, x0, x21          x9=1c00017a x21:1c00017a
13621872ns          242604 1c008c60 f0fff06f jal              x0, -242           
13621971ns          242609 1c008b6e 0004cb03 lbu              x22, 0(x9)          x22=00000038  x9:1c00017a  PA:1c00017a
13622329ns          242627 1c008b72 00148a93 addi             x21, x9, 1          x21=1c00017b  x9:1c00017a
13622349ns          242628 1c008b76 016005b3 add              x11, x0, x22        x11=00000038 x22:00000038
13622369ns          242629 1c008b78 2d8d8513 addi             x10, x27, 728       x10=1c0002d8 x27:1c000000
13622389ns          242630 1c008b7c 015009b3 add              x19, x0, x21        x19=1c00017b x21:1c00017b
13622409ns          242631 1c008b7e db1ff0ef jal              x1, -592             x1=1c008b80
13622488ns          242635 1c00892e 00054783 lbu              x15, 0(x10)         x15=0000002d x10:1c0002d8  PA:1c0002d8
13622806ns          242651 1c008932 0ff5f593 andi             x11, x11, 255       x11=00000038 x11:00000038
13622826ns          242652 1c008936 00b78c63 beq              x15, x11, 24        x15:0000002d x11:00000038
13622846ns          242653 1c00893a 00078b63 beq              x15, x0, 22         x15:0000002d
13622866ns          242654 1c00893c 00150793 addi             x15, x10, 1         x15=1c0002d9 x10:1c0002d8
13622886ns          242655 1c008940 0040006f jal              x0, 4              
13622926ns          242657 1c008944 00f00533 add              x10, x0, x15        x10=1c0002d9 x15:1c0002d9
13622946ns          242658 1c008946 0017c70b p.lbu            x14, 1(x15!)        x14=0000002b x15=1c0002da x15:1c0002d9  PA:1c0002d9
13623264ns          242674 1c00894a feb71ce3 bne              x14, x11, -8        x14:0000002b x11:00000038
13623324ns          242677 1c008942 00070763 beq              x14, x0, 14         x14:0000002b
13623343ns          242678 1c008944 00f00533 add              x10, x0, x15        x10=1c0002da x15:1c0002da
13623363ns          242679 1c008946 0017c70b p.lbu            x14, 1(x15!)        x14=00000020 x15=1c0002db x15:1c0002da  PA:1c0002da
13623701ns          242696 1c00894a feb71ce3 bne              x14, x11, -8        x14:00000020 x11:00000038
13623761ns          242699 1c008942 00070763 beq              x14, x0, 14         x14:00000020
13623781ns          242700 1c008944 00f00533 add              x10, x0, x15        x10=1c0002db x15:1c0002db
13623801ns          242701 1c008946 0017c70b p.lbu            x14, 1(x15!)        x14=00000023 x15=1c0002dc x15:1c0002db  PA:1c0002db
13624139ns          242718 1c00894a feb71ce3 bne              x14, x11, -8        x14:00000023 x11:00000038
13624199ns          242721 1c008942 00070763 beq              x14, x0, 14         x14:00000023
13624218ns          242722 1c008944 00f00533 add              x10, x0, x15        x10=1c0002dc x15:1c0002dc
13624238ns          242723 1c008946 0017c70b p.lbu            x14, 1(x15!)        x14=00000030 x15=1c0002dd x15:1c0002dc  PA:1c0002dc
13624557ns          242739 1c00894a feb71ce3 bne              x14, x11, -8        x14:00000030 x11:00000038
13624616ns          242742 1c008942 00070763 beq              x14, x0, 14         x14:00000030
13624636ns          242743 1c008944 00f00533 add              x10, x0, x15        x10=1c0002dd x15:1c0002dd
13624656ns          242744 1c008946 0017c70b p.lbu            x14, 1(x15!)        x14=00000000 x15=1c0002de x15:1c0002dd  PA:1c0002dd
13624994ns          242761 1c00894a feb71ce3 bne              x14, x11, -8        x14:00000000 x11:00000038
13625054ns          242764 1c008942 00070763 beq              x14, x0, 14         x14:00000000
13625113ns          242767 1c008950 0015b593 sltiu            x11, x11, 1         x11=00000000 x11:00000038
13625133ns          242768 1c008954 40b005b3 sub              x11, x0, x11        x11=00000000 x11:00000000
13625153ns          242769 1c008958 00b57533 and              x10, x10, x11       x10=00000000 x10:1c0002dd x11:00000000
13625173ns          242770 1c00895a 00008067 jalr             x0, x1, 0            x1:1c008b80
13625273ns          242775 1c008b80 fc0518e3 bne              x10, x0, -48        x10:00000000
13625292ns          242776 1c008b82 02a00613 addi             x12, x0, 42         x12=0000002a
13625312ns          242777 1c008b86 10cb0863 beq              x22, x12, 272       x22:00000038 x12:0000002a
13625332ns          242778 1c008b8a fd0b0613 addi             x12, x22, -48       x12=00000008 x22:00000038
13625352ns          242779 1c008b8e 00900593 addi             x11, x0, 9          x11=00000009
13625392ns          242781 1c008b90 00000a13 addi             x20, x0, 0          x20=00000000
13625432ns          242783 1c008b92 0ec5f263 bgeu             x11, x12, 228       x11:00000009 x12:00000008
13625571ns          242790 1c008c76 002a1793 slli             x15, x20, 0x2       x15=00000000 x20:00000000
13625591ns          242791 1c008c7a 014787b3 add              x15, x15, x20       x15=00000000 x15:00000000 x20:00000000
13625611ns          242792 1c008c7c 00179793 slli             x15, x15, 0x1       x15=00000000 x15:00000000
13625631ns          242793 1c008c7e 016787b3 add              x15, x15, x22       x15=00000038 x15:00000000 x22:00000038
13625650ns          242794 1c008c80 000acb03 lbu              x22, 0(x21)         x22=00000078 x21:1c00017b  PA:1c00017b
13625969ns          242810 1c008c84 fd078a13 addi             x20, x15, -48       x20=00000008 x15:00000038
13625989ns          242811 1c008c88 fd0b0793 addi             x15, x22, -48       x15=00000048 x22:00000078
13626008ns          242812 1c008c8c fef5f3e3 bgeu             x11, x15, -26       x11:00000009 x15:00000048
13626028ns          242813 1c008c90 00248993 addi             x19, x9, 2          x19=1c00017c  x9:1c00017a
13626048ns          242814 1c008c94 0140006f jal              x0, 20             
13626128ns          242818 1c008ca8 0c800713 addi             x14, x0, 200        x14=000000c8
13626168ns          242820 1c008cac 04ea5a33 p.minu           x20, x20, x14       x20=00000008 x20:00000008 x14:000000c8
13626227ns          242823 1c008cb0 ee7ff06f jal              x0, -282           
13626346ns          242829 1c008b96 02e00713 addi             x14, x0, 46         x14=0000002e
13626366ns          242830 1c008b9a fff00a93 addi             x21, x0, -1         x21=ffffffff
13626386ns          242831 1c008b9c 14eb0563 beq              x22, x14, 330       x22:00000078 x14:0000002e
13626426ns          242833 1c008ba0 1c0007b7 lui              x15, 0x1c000000     x15=1c000000
13626466ns          242835 1c008ba4 016005b3 add              x11, x0, x22        x11=00000078 x22:00000078
13626486ns          242836 1c008ba6 2e078513 addi             x10, x15, 736       x10=1c0002e0 x15:1c000000
13626506ns          242837 1c008baa d85ff0ef jal              x1, -636             x1=1c008bac
13626724ns          242848 1c00892e 00054783 lbu              x15, 0(x10)         x15=00000068 x10:1c0002e0  PA:1c0002e0
13627062ns          242865 1c008932 0ff5f593 andi             x11, x11, 255       x11=00000078 x11:00000078
13627082ns          242866 1c008936 00b78c63 beq              x15, x11, 24        x15:00000068 x11:00000078
13627102ns          242867 1c00893a 00078b63 beq              x15, x0, 22         x15:00000068
13627122ns          242868 1c00893c 00150793 addi             x15, x10, 1         x15=1c0002e1 x10:1c0002e0
13627142ns          242869 1c008940 0040006f jal              x0, 4              
13627182ns          242871 1c008944 00f00533 add              x10, x0, x15        x10=1c0002e1 x15:1c0002e1
13627202ns          242872 1c008946 0017c70b p.lbu            x14, 1(x15!)        x14=0000006c x15=1c0002e2 x15:1c0002e1  PA:1c0002e1
13627540ns          242889 1c00894a feb71ce3 bne              x14, x11, -8        x14:0000006c x11:00000078
13627599ns          242892 1c008942 00070763 beq              x14, x0, 14         x14:0000006c
13627619ns          242893 1c008944 00f00533 add              x10, x0, x15        x10=1c0002e2 x15:1c0002e2
13627639ns          242894 1c008946 0017c70b p.lbu            x14, 1(x15!)        x14=0000004c x15=1c0002e3 x15:1c0002e2  PA:1c0002e2
13627977ns          242911 1c00894a feb71ce3 bne              x14, x11, -8        x14:0000004c x11:00000078
13628037ns          242914 1c008942 00070763 beq              x14, x0, 14         x14:0000004c
13628057ns          242915 1c008944 00f00533 add              x10, x0, x15        x10=1c0002e3 x15:1c0002e3
13628077ns          242916 1c008946 0017c70b p.lbu            x14, 1(x15!)        x14=0000007a x15=1c0002e4 x15:1c0002e3  PA:1c0002e3
13628395ns          242932 1c00894a feb71ce3 bne              x14, x11, -8        x14:0000007a x11:00000078
13628455ns          242935 1c008942 00070763 beq              x14, x0, 14         x14:0000007a
13628475ns          242936 1c008944 00f00533 add              x10, x0, x15        x10=1c0002e4 x15:1c0002e4
13628494ns          242937 1c008946 0017c70b p.lbu            x14, 1(x15!)        x14=00000000 x15=1c0002e5 x15:1c0002e4  PA:1c0002e4
13628813ns          242953 1c00894a feb71ce3 bne              x14, x11, -8        x14:00000000 x11:00000078
13628872ns          242956 1c008942 00070763 beq              x14, x0, 14         x14:00000000
13628932ns          242959 1c008950 0015b593 sltiu            x11, x11, 1         x11=00000000 x11:00000078
13628952ns          242960 1c008954 40b005b3 sub              x11, x0, x11        x11=00000000 x11:00000000
13628972ns          242961 1c008958 00b57533 and              x10, x10, x11       x10=00000000 x10:1c0002e4 x11:00000000
13628992ns          242962 1c00895a 00008067 jalr             x0, x1, 0            x1:1c008bac
13629031ns          242964 1c008bac 013004b3 add              x9, x0, x19          x9=1c00017c x19:1c00017c
13629051ns          242965 1c008bae 00050563 beq              x10, x0, 10         x10:00000000
13629111ns          242968 1c008bb8 06700713 addi             x14, x0, 103        x14=00000067
13629131ns          242969 1c008bbc 0f675b63 bge              x14, x22, 246       x14:00000067 x22:00000078
13629190ns          242972 1c008bc0 07000713 addi             x14, x0, 112        x14=00000070
13629230ns          242974 1c008bc4 72eb0a63 beq              x22, x14, 1844      x22:00000078 x14:00000070
13629250ns          242975 1c008bc8 15675363 bge              x14, x22, 326       x14:00000070 x22:00000078
13629270ns          242976 1c008bcc 07500713 addi             x14, x0, 117        x14=00000075
13629330ns          242979 1c008bd0 6eeb0963 beq              x22, x14, 1778      x22:00000078 x14:00000075
13629369ns          242981 1c008bd4 07800713 addi             x14, x0, 120        x14=00000078
13629389ns          242982 1c008bd8 5ceb0a63 beq              x22, x14, 1492      x22:00000078 x14:00000078
13629548ns          242990 1c0091ac 00c12803 lw               x16, 12(x2)         x16=00000000  x2:100041a8  PA:100041b4
13629628ns          242994 1c0091ae 004c0913 addi             x18, x24, 4         x18=10004304 x24:10004300
13629668ns          242996 1c0091b2 000c2583 lw               x11, 0(x24)         x11=c0de0003 x24:10004300  PA:10004300
13629688ns          242997 1c0091b6 015006b3 add              x13, x0, x21        x13=ffffffff x21:ffffffff
13629708ns          242998 1c0091b8 01000613 addi             x12, x0, 16         x12=00000010
13629727ns          242999 1c0091ba 18080e63 beq              x16, x0, 412        x16:00000000
13629847ns          243005 1c009356 01a00533 add              x10, x0, x26        x10=100041cc x26:100041cc
13629887ns          243007 1c009358 ecaff0ef jal              x1, -2358            x1=1c00935c
13629966ns          243011 1c008a22 00a00733 add              x14, x0, x10        x14=100041cc x10:100041cc
13630006ns          243013 1c008a24 00a007b3 add              x15, x0, x10        x15=100041cc x10:100041cc
13630026ns          243014 1c008a26 00900313 addi             x6, x0, 9            x6=00000009
13630046ns          243015 1c008a28 02c5f8b3 remu             x17, x11, x12       x17=00000003 x11:c0de0003 x12:00000010
13630642ns          243045 1c008a2c 0ff8f813 andi             x16, x17, 255       x16=00000003 x17:00000003
13630662ns          243046 1c008a30 00000513 addi             x10, x0, 0          x10=00000000
13630682ns          243047 1c008a32 02c5d5b3 divu             x11, x11, x12       x11=0c0de000 x11:c0de0003 x12:00000010
13631279ns          243077 1c008a36 03080813 addi             x16, x16, 48        x16=00000033 x16:00000003
13631299ns          243078 1c008a3a 01137463 bgeu             x6, x17, 8           x6:00000009 x17:00000003
13631358ns          243081 1c008a42 01050533 add              x10, x10, x16       x10=00000033 x10:00000000 x16:00000033
13631378ns          243082 1c008a44 00a780ab p.sb             x10, 1(x15!)        x15=100041cd x10:00000033 x15:100041cc  PA:100041cc
13631398ns          243083 1c008a48 fe0590e3 bne              x11, x0, -32        x11:0c0de000
13631517ns          243089 1c008a28 02c5f8b3 remu             x17, x11, x12       x17=00000000 x11:0c0de000 x12:00000010
13632114ns          243119 1c008a2c 0ff8f813 andi             x16, x17, 255       x16=00000000 x17:00000000
13632134ns          243120 1c008a30 00000513 addi             x10, x0, 0          x10=00000000
13632154ns          243121 1c008a32 02c5d5b3 divu             x11, x11, x12       x11=00c0de00 x11:0c0de000 x12:00000010
13632750ns          243151 1c008a36 03080813 addi             x16, x16, 48        x16=00000030 x16:00000000
13632770ns          243152 1c008a3a 01137463 bgeu             x6, x17, 8           x6:00000009 x17:00000000
13632830ns          243155 1c008a42 01050533 add              x10, x10, x16       x10=00000030 x10:00000000 x16:00000030
13632850ns          243156 1c008a44 00a780ab p.sb             x10, 1(x15!)        x15=100041ce x10:00000030 x15:100041cd  PA:100041cd
13632870ns          243157 1c008a48 fe0590e3 bne              x11, x0, -32        x11:00c0de00
13632929ns          243160 1c008a28 02c5f8b3 remu             x17, x11, x12       x17=00000000 x11:00c0de00 x12:00000010
13633526ns          243190 1c008a2c 0ff8f813 andi             x16, x17, 255       x16=00000000 x17:00000000
13633546ns          243191 1c008a30 00000513 addi             x10, x0, 0          x10=00000000
13633566ns          243192 1c008a32 02c5d5b3 divu             x11, x11, x12       x11=000c0de0 x11:00c0de00 x12:00000010
13634162ns          243222 1c008a36 03080813 addi             x16, x16, 48        x16=00000030 x16:00000000
13634182ns          243223 1c008a3a 01137463 bgeu             x6, x17, 8           x6:00000009 x17:00000000
13634242ns          243226 1c008a42 01050533 add              x10, x10, x16       x10=00000030 x10:00000000 x16:00000030
13634262ns          243227 1c008a44 00a780ab p.sb             x10, 1(x15!)        x15=100041cf x10:00000030 x15:100041ce  PA:100041ce
13634282ns          243228 1c008a48 fe0590e3 bne              x11, x0, -32        x11:000c0de0
13634341ns          243231 1c008a28 02c5f8b3 remu             x17, x11, x12       x17=00000000 x11:000c0de0 x12:00000010
13634938ns          243261 1c008a2c 0ff8f813 andi             x16, x17, 255       x16=00000000 x17:00000000
13634958ns          243262 1c008a30 00000513 addi             x10, x0, 0          x10=00000000
13634978ns          243263 1c008a32 02c5d5b3 divu             x11, x11, x12       x11=0000c0de x11:000c0de0 x12:00000010
13635575ns          243293 1c008a36 03080813 addi             x16, x16, 48        x16=00000030 x16:00000000
13635594ns          243294 1c008a3a 01137463 bgeu             x6, x17, 8           x6:00000009 x17:00000000
13635654ns          243297 1c008a42 01050533 add              x10, x10, x16       x10=00000030 x10:00000000 x16:00000030
13635674ns          243298 1c008a44 00a780ab p.sb             x10, 1(x15!)        x15=100041d0 x10:00000030 x15:100041cf  PA:100041cf
13635694ns          243299 1c008a48 fe0590e3 bne              x11, x0, -32        x11:0000c0de
13635754ns          243302 1c008a28 02c5f8b3 remu             x17, x11, x12       x17=0000000e x11:0000c0de x12:00000010
13636350ns          243332 1c008a2c 0ff8f813 andi             x16, x17, 255       x16=0000000e x17:0000000e
13636370ns          243333 1c008a30 00000513 addi             x10, x0, 0          x10=00000000
13636390ns          243334 1c008a32 02c5d5b3 divu             x11, x11, x12       x11=00000c0d x11:0000c0de x12:00000010
13636987ns          243364 1c008a36 03080813 addi             x16, x16, 48        x16=0000003e x16:0000000e
13637006ns          243365 1c008a3a 01137463 bgeu             x6, x17, 8           x6:00000009 x17:0000000e
13637026ns          243366 1c008a3e 02700513 addi             x10, x0, 39         x10=00000027
13637046ns          243367 1c008a42 01050533 add              x10, x10, x16       x10=00000065 x10:00000027 x16:0000003e
13637066ns          243368 1c008a44 00a780ab p.sb             x10, 1(x15!)        x15=100041d1 x10:00000065 x15:100041d0  PA:100041d0
13637086ns          243369 1c008a48 fe0590e3 bne              x11, x0, -32        x11:00000c0d
13637146ns          243372 1c008a28 02c5f8b3 remu             x17, x11, x12       x17=0000000d x11:00000c0d x12:00000010
13637742ns          243402 1c008a2c 0ff8f813 andi             x16, x17, 255       x16=0000000d x17:0000000d
13637762ns          243403 1c008a30 00000513 addi             x10, x0, 0          x10=00000000
13637782ns          243404 1c008a32 02c5d5b3 divu             x11, x11, x12       x11=000000c0 x11:00000c0d x12:00000010
13638379ns          243434 1c008a36 03080813 addi             x16, x16, 48        x16=0000003d x16:0000000d
13638399ns          243435 1c008a3a 01137463 bgeu             x6, x17, 8           x6:00000009 x17:0000000d
13638419ns          243436 1c008a3e 02700513 addi             x10, x0, 39         x10=00000027
13638438ns          243437 1c008a42 01050533 add              x10, x10, x16       x10=00000064 x10:00000027 x16:0000003d
13638458ns          243438 1c008a44 00a780ab p.sb             x10, 1(x15!)        x15=100041d2 x10:00000064 x15:100041d1  PA:100041d1
13638478ns          243439 1c008a48 fe0590e3 bne              x11, x0, -32        x11:000000c0
13638538ns          243442 1c008a28 02c5f8b3 remu             x17, x11, x12       x17=00000000 x11:000000c0 x12:00000010
13639134ns          243472 1c008a2c 0ff8f813 andi             x16, x17, 255       x16=00000000 x17:00000000
13639154ns          243473 1c008a30 00000513 addi             x10, x0, 0          x10=00000000
13639174ns          243474 1c008a32 02c5d5b3 divu             x11, x11, x12       x11=0000000c x11:000000c0 x12:00000010
13639771ns          243504 1c008a36 03080813 addi             x16, x16, 48        x16=00000030 x16:00000000
13639791ns          243505 1c008a3a 01137463 bgeu             x6, x17, 8           x6:00000009 x17:00000000
13639850ns          243508 1c008a42 01050533 add              x10, x10, x16       x10=00000030 x10:00000000 x16:00000030
13639870ns          243509 1c008a44 00a780ab p.sb             x10, 1(x15!)        x15=100041d3 x10:00000030 x15:100041d2  PA:100041d2
13639890ns          243510 1c008a48 fe0590e3 bne              x11, x0, -32        x11:0000000c
13639950ns          243513 1c008a28 02c5f8b3 remu             x17, x11, x12       x17=0000000c x11:0000000c x12:00000010
13640547ns          243543 1c008a2c 0ff8f813 andi             x16, x17, 255       x16=0000000c x17:0000000c
13640566ns          243544 1c008a30 00000513 addi             x10, x0, 0          x10=00000000
13640586ns          243545 1c008a32 02c5d5b3 divu             x11, x11, x12       x11=00000000 x11:0000000c x12:00000010
13641183ns          243575 1c008a36 03080813 addi             x16, x16, 48        x16=0000003c x16:0000000c
13641203ns          243576 1c008a3a 01137463 bgeu             x6, x17, 8           x6:00000009 x17:0000000c
13641223ns          243577 1c008a3e 02700513 addi             x10, x0, 39         x10=00000027
13641243ns          243578 1c008a42 01050533 add              x10, x10, x16       x10=00000063 x10:00000027 x16:0000003c
13641262ns          243579 1c008a44 00a780ab p.sb             x10, 1(x15!)        x15=100041d4 x10:00000063 x15:100041d3  PA:100041d3
13641282ns          243580 1c008a48 fe0590e3 bne              x11, x0, -32        x11:00000000
13641302ns          243581 1c008a4a 40e78533 sub              x10, x15, x14       x10=00000008 x15:100041d4 x14:100041cc
13641322ns          243582 1c008a4e 00d55d63 bge              x10, x13, 26        x10:00000008 x13:ffffffff
13641422ns          243587 1c008a68 fe078fab p.sb             x0, -1(x15!)        x15=100041d3 x15:100041d4  PA:100041d4
13641461ns          243589 1c008a6c 00f77c63 bgeu             x14, x15, 24        x14:100041cc x15:100041d3
13641521ns          243592 1c008a70 00074603 lbu              x12, 0(x14)         x12=00000033 x14:100041cc  PA:100041cc
13641561ns          243594 1c008a74 0007c683 lbu              x13, 0(x15)         x13=00000063 x15:100041d3  PA:100041d3
13641581ns          243595 1c008a78 fec78fab p.sb             x12, -1(x15!)       x15=100041d2 x12:00000033 x15:100041d3  PA:100041d3
13641601ns          243596 1c008a7c 00d700ab p.sb             x13, 1(x14!)        x14=100041cd x13:00000063 x14:100041cc  PA:100041cc
13641620ns          243597 1c008a80 fef768e3 bltu             x14, x15, -16       x14:100041cd x15:100041d2
13641680ns          243600 1c008a70 00074603 lbu              x12, 0(x14)         x12=00000030 x14:100041cd  PA:100041cd
13641700ns          243601 1c008a74 0007c683 lbu              x13, 0(x15)         x13=00000030 x15:100041d2  PA:100041d2
13641720ns          243602 1c008a78 fec78fab p.sb             x12, -1(x15!)       x15=100041d1 x12:00000030 x15:100041d2  PA:100041d2
13641740ns          243603 1c008a7c 00d700ab p.sb             x13, 1(x14!)        x14=100041ce x13:00000030 x14:100041cd  PA:100041cd
13641760ns          243604 1c008a80 fef768e3 bltu             x14, x15, -16       x14:100041ce x15:100041d1
13641819ns          243607 1c008a70 00074603 lbu              x12, 0(x14)         x12=00000030 x14:100041ce  PA:100041ce
13641839ns          243608 1c008a74 0007c683 lbu              x13, 0(x15)         x13=00000064 x15:100041d1  PA:100041d1
13641859ns          243609 1c008a78 fec78fab p.sb             x12, -1(x15!)       x15=100041d0 x12:00000030 x15:100041d1  PA:100041d1
13641879ns          243610 1c008a7c 00d700ab p.sb             x13, 1(x14!)        x14=100041cf x13:00000064 x14:100041ce  PA:100041ce
13641899ns          243611 1c008a80 fef768e3 bltu             x14, x15, -16       x14:100041cf x15:100041d0
13641959ns          243614 1c008a70 00074603 lbu              x12, 0(x14)         x12=00000030 x14:100041cf  PA:100041cf
13641978ns          243615 1c008a74 0007c683 lbu              x13, 0(x15)         x13=00000065 x15:100041d0  PA:100041d0
13641998ns          243616 1c008a78 fec78fab p.sb             x12, -1(x15!)       x15=100041cf x12:00000030 x15:100041d0  PA:100041d0
13642018ns          243617 1c008a7c 00d700ab p.sb             x13, 1(x14!)        x14=100041d0 x13:00000065 x14:100041cf  PA:100041cf
13642038ns          243618 1c008a80 fef768e3 bltu             x14, x15, -16       x14:100041d0 x15:100041cf
13642058ns          243619 1c008a84 00008067 jalr             x0, x1, 0            x1:1c00935c
13642098ns          243621 1c00935c 05800713 addi             x14, x0, 88         x14=00000058
13642157ns          243624 1c009360 00a009b3 add              x19, x0, x10        x19=00000008 x10:00000008
13642197ns          243626 1c009362 e6eb1fe3 bne              x22, x14, -386      x22:00000078 x14:00000058
13642297ns          243631 1c0091e0 0c800793 addi             x15, x0, 200        x15=000000c8
13642336ns          243633 1c0091e4 1bfaac63 p.beqimm         x21, 440            x21:ffffffff
13642436ns          243638 1c00939c 8937cee3 blt              x15, x19, -1892     x15:000000c8 x19:00000008
13642515ns          243642 1c0093a0 01200c33 add              x24, x0, x18        x24=10004304 x18:10004304
13642535ns          243643 1c0093a2 d71ff06f jal              x0, -656           
13642655ns          243649 1c009112 0f49c363 blt              x19, x20, 230       x19:00000008 x20:00000008
13642675ns          243650 1c009116 01300a33 add              x20, x0, x19        x20=00000008 x19:00000008
13642694ns          243651 1c009118 b00a11e3 bne              x20, x0, -1278      x20:00000008
13642834ns          243658 1c008c1a 01a00933 add              x18, x0, x26        x18=100041cc x26:100041cc
13642873ns          243660 1c008c1c 41a409b3 sub              x19, x8, x26        x19=efffbe57  x8:00000023 x26:100041cc
13642893ns          243661 1c008c20 00a0006f jal              x0, 10             
13642953ns          243664 1c008c2a 0019450b p.lbu            x10, 1(x18!)        x10=00000063 x18=100041cd x18:100041cc  PA:100041cc
13642973ns          243665 1c008c2e 017005b3 add              x11, x0, x23        x11=00000002 x23:00000002
13643013ns          243667 1c008c30 000c80e7 jalr             x1, x25, 0           x1=1c008c32 x25:1c0089d6
13643052ns          243669 1c0089d6 fd9ff06f jal              x0, -40            
13643132ns          243673 1c0089ae 000026b7 lui              x13, 0x2000         x13=00002000
13643212ns          243677 1c0089b0 f14027f3 csrrs            x15, x0, 0xf14      x15=00000003
13643251ns          243679 1c0089b4 f8068693 addi             x13, x13, -128      x13=00001f80 x13:00002000
13643271ns          243680 1c0089b8 00379713 slli             x14, x15, 0x3       x14=00000018 x15:00000003
13643291ns          243681 1c0089bc 00279793 slli             x15, x15, 0x2       x15=0000000c x15:00000003
13643311ns          243682 1c0089be 00d7f7b3 and              x15, x15, x13       x15=00000000 x15:0000000c x13:00001f80
13643351ns          243684 1c0089c0 ee873733 p.bclr           x14, x14, 23, 8     x14=00000018 x14:00000018
13643391ns          243686 1c0089c4 1a10f6b7 lui              x13, 0x1a10f000     x13=1a10f000
13643410ns          243687 1c0089c8 0ff57513 andi             x10, x10, 255       x10=00000063 x10:00000063
13643430ns          243688 1c0089cc 00d70733 add              x14, x14, x13       x14=1a10f018 x14:00000018 x13:1a10f000
13643450ns          243689 1c0089ce 00a7e723 p.sw             x10, x0(x15)        x10:00000063 x15:00000000  PA:1a10f018
13643768ns          243705 1c0089d2 00000513 addi             x10, x0, 0          x10=00000000
13643788ns          243706 1c0089d4 00008067 jalr             x0, x1, 0            x1:1c008c32
13643828ns          243708 1c008c32 fffa0a13 addi             x20, x20, -1        x20=00000007 x20:00000008
13643848ns          243709 1c008c34 fff537e3 p.bneimm         x10, -18            x10:00000000
13643987ns          243716 1c008c22 01298433 add              x8, x19, x18         x8=00000024 x19:efffbe57 x18:100041cd
13644007ns          243717 1c008c26 ea0a03e3 beq              x20, x0, -346       x20:00000007
13644027ns          243718 1c008c2a 0019450b p.lbu            x10, 1(x18!)        x10=00000030 x18=100041ce x18:100041cd  PA:100041cd
13644047ns          243719 1c008c2e 017005b3 add              x11, x0, x23        x11=00000002 x23:00000002
13644067ns          243720 1c008c30 000c80e7 jalr             x1, x25, 0           x1=1c008c32 x25:1c0089d6
13644106ns          243722 1c0089d6 fd9ff06f jal              x0, -40            
13644146ns          243724 1c0089ae 000026b7 lui              x13, 0x2000         x13=00002000
13644166ns          243725 1c0089b0 f14027f3 csrrs            x15, x0, 0xf14      x15=00000003
13644186ns          243726 1c0089b4 f8068693 addi             x13, x13, -128      x13=00001f80 x13:00002000
13644206ns          243727 1c0089b8 00379713 slli             x14, x15, 0x3       x14=00000018 x15:00000003
13644226ns          243728 1c0089bc 00279793 slli             x15, x15, 0x2       x15=0000000c x15:00000003
13644246ns          243729 1c0089be 00d7f7b3 and              x15, x15, x13       x15=00000000 x15:0000000c x13:00001f80
13644266ns          243730 1c0089c0 ee873733 p.bclr           x14, x14, 23, 8     x14=00000018 x14:00000018
13644285ns          243731 1c0089c4 1a10f6b7 lui              x13, 0x1a10f000     x13=1a10f000
13644305ns          243732 1c0089c8 0ff57513 andi             x10, x10, 255       x10=00000030 x10:00000030
13644325ns          243733 1c0089cc 00d70733 add              x14, x14, x13       x14=1a10f018 x14:00000018 x13:1a10f000
13644345ns          243734 1c0089ce 00a7e723 p.sw             x10, x0(x15)        x10:00000030 x15:00000000  PA:1a10f018
13644663ns          243750 1c0089d2 00000513 addi             x10, x0, 0          x10=00000000
13644683ns          243751 1c0089d4 00008067 jalr             x0, x1, 0            x1:1c008c32
13644723ns          243753 1c008c32 fffa0a13 addi             x20, x20, -1        x20=00000006 x20:00000007
13644743ns          243754 1c008c34 fff537e3 p.bneimm         x10, -18            x10:00000000
13644822ns          243758 1c008c22 01298433 add              x8, x19, x18         x8=00000025 x19:efffbe57 x18:100041ce
13644842ns          243759 1c008c26 ea0a03e3 beq              x20, x0, -346       x20:00000006
13644862ns          243760 1c008c2a 0019450b p.lbu            x10, 1(x18!)        x10=00000064 x18=100041cf x18:100041ce  PA:100041ce
13644882ns          243761 1c008c2e 017005b3 add              x11, x0, x23        x11=00000002 x23:00000002
13644902ns          243762 1c008c30 000c80e7 jalr             x1, x25, 0           x1=1c008c32 x25:1c0089d6
13644942ns          243764 1c0089d6 fd9ff06f jal              x0, -40            
13644982ns          243766 1c0089ae 000026b7 lui              x13, 0x2000         x13=00002000
13645001ns          243767 1c0089b0 f14027f3 csrrs            x15, x0, 0xf14      x15=00000003
13645021ns          243768 1c0089b4 f8068693 addi             x13, x13, -128      x13=00001f80 x13:00002000
13645041ns          243769 1c0089b8 00379713 slli             x14, x15, 0x3       x14=00000018 x15:00000003
13645061ns          243770 1c0089bc 00279793 slli             x15, x15, 0x2       x15=0000000c x15:00000003
13645081ns          243771 1c0089be 00d7f7b3 and              x15, x15, x13       x15=00000000 x15:0000000c x13:00001f80
13645101ns          243772 1c0089c0 ee873733 p.bclr           x14, x14, 23, 8     x14=00000018 x14:00000018
13645121ns          243773 1c0089c4 1a10f6b7 lui              x13, 0x1a10f000     x13=1a10f000
13645141ns          243774 1c0089c8 0ff57513 andi             x10, x10, 255       x10=00000064 x10:00000064
13645161ns          243775 1c0089cc 00d70733 add              x14, x14, x13       x14=1a10f018 x14:00000018 x13:1a10f000
13645180ns          243776 1c0089ce 00a7e723 p.sw             x10, x0(x15)        x10:00000064 x15:00000000  PA:1a10f018
13645499ns          243792 1c0089d2 00000513 addi             x10, x0, 0          x10=00000000
13645519ns          243793 1c0089d4 00008067 jalr             x0, x1, 0            x1:1c008c32
13645558ns          243795 1c008c32 fffa0a13 addi             x20, x20, -1        x20=00000005 x20:00000006
13645578ns          243796 1c008c34 fff537e3 p.bneimm         x10, -18            x10:00000000
13645658ns          243800 1c008c22 01298433 add              x8, x19, x18         x8=00000026 x19:efffbe57 x18:100041cf
13645678ns          243801 1c008c26 ea0a03e3 beq              x20, x0, -346       x20:00000005
13645698ns          243802 1c008c2a 0019450b p.lbu            x10, 1(x18!)        x10=00000065 x18=100041d0 x18:100041cf  PA:100041cf
13645717ns          243803 1c008c2e 017005b3 add              x11, x0, x23        x11=00000002 x23:00000002
13645737ns          243804 1c008c30 000c80e7 jalr             x1, x25, 0           x1=1c008c32 x25:1c0089d6
13645777ns          243806 1c0089d6 fd9ff06f jal              x0, -40            
13645817ns          243808 1c0089ae 000026b7 lui              x13, 0x2000         x13=00002000
13645837ns          243809 1c0089b0 f14027f3 csrrs            x15, x0, 0xf14      x15=00000003
13645857ns          243810 1c0089b4 f8068693 addi             x13, x13, -128      x13=00001f80 x13:00002000
13645877ns          243811 1c0089b8 00379713 slli             x14, x15, 0x3       x14=00000018 x15:00000003
13645896ns          243812 1c0089bc 00279793 slli             x15, x15, 0x2       x15=0000000c x15:00000003
13645916ns          243813 1c0089be 00d7f7b3 and              x15, x15, x13       x15=00000000 x15:0000000c x13:00001f80
13645936ns          243814 1c0089c0 ee873733 p.bclr           x14, x14, 23, 8     x14=00000018 x14:00000018
13645956ns          243815 1c0089c4 1a10f6b7 lui              x13, 0x1a10f000     x13=1a10f000
13645976ns          243816 1c0089c8 0ff57513 andi             x10, x10, 255       x10=00000065 x10:00000065
13645996ns          243817 1c0089cc 00d70733 add              x14, x14, x13       x14=1a10f018 x14:00000018 x13:1a10f000
13646016ns          243818 1c0089ce 00a7e723 p.sw             x10, x0(x15)        x10:00000065 x15:00000000  PA:1a10f018
13646334ns          243834 1c0089d2 00000513 addi             x10, x0, 0          x10=00000000
13646354ns          243835 1c0089d4 00008067 jalr             x0, x1, 0            x1:1c008c32
13646394ns          243837 1c008c32 fffa0a13 addi             x20, x20, -1        x20=00000004 x20:00000005
13646413ns          243838 1c008c34 fff537e3 p.bneimm         x10, -18            x10:00000000
13646493ns          243842 1c008c22 01298433 add              x8, x19, x18         x8=00000027 x19:efffbe57 x18:100041d0
13646513ns          243843 1c008c26 ea0a03e3 beq              x20, x0, -346       x20:00000004
13646533ns          243844 1c008c2a 0019450b p.lbu            x10, 1(x18!)        x10=00000030 x18=100041d1 x18:100041d0  PA:100041d0
13646553ns          243845 1c008c2e 017005b3 add              x11, x0, x23        x11=00000002 x23:00000002
13646573ns          243846 1c008c30 000c80e7 jalr             x1, x25, 0           x1=1c008c32 x25:1c0089d6
13646612ns          243848 1c0089d6 fd9ff06f jal              x0, -40            
13646652ns          243850 1c0089ae 000026b7 lui              x13, 0x2000         x13=00002000
13646672ns          243851 1c0089b0 f14027f3 csrrs            x15, x0, 0xf14      x15=00000003
13646692ns          243852 1c0089b4 f8068693 addi             x13, x13, -128      x13=00001f80 x13:00002000
13646712ns          243853 1c0089b8 00379713 slli             x14, x15, 0x3       x14=00000018 x15:00000003
13646732ns          243854 1c0089bc 00279793 slli             x15, x15, 0x2       x15=0000000c x15:00000003
13646752ns          243855 1c0089be 00d7f7b3 and              x15, x15, x13       x15=00000000 x15:0000000c x13:00001f80
13646771ns          243856 1c0089c0 ee873733 p.bclr           x14, x14, 23, 8     x14=00000018 x14:00000018
13646791ns          243857 1c0089c4 1a10f6b7 lui              x13, 0x1a10f000     x13=1a10f000
13646811ns          243858 1c0089c8 0ff57513 andi             x10, x10, 255       x10=00000030 x10:00000030
13646831ns          243859 1c0089cc 00d70733 add              x14, x14, x13       x14=1a10f018 x14:00000018 x13:1a10f000
13646851ns          243860 1c0089ce 00a7e723 p.sw             x10, x0(x15)        x10:00000030 x15:00000000  PA:1a10f018
13647169ns          243876 1c0089d2 00000513 addi             x10, x0, 0          x10=00000000
13647189ns          243877 1c0089d4 00008067 jalr             x0, x1, 0            x1:1c008c32
13647229ns          243879 1c008c32 fffa0a13 addi             x20, x20, -1        x20=00000003 x20:00000004
13647249ns          243880 1c008c34 fff537e3 p.bneimm         x10, -18            x10:00000000
13647328ns          243884 1c008c22 01298433 add              x8, x19, x18         x8=00000028 x19:efffbe57 x18:100041d1
13647348ns          243885 1c008c26 ea0a03e3 beq              x20, x0, -346       x20:00000003
13647368ns          243886 1c008c2a 0019450b p.lbu            x10, 1(x18!)        x10=00000030 x18=100041d2 x18:100041d1  PA:100041d1
13647388ns          243887 1c008c2e 017005b3 add              x11, x0, x23        x11=00000002 x23:00000002
13647408ns          243888 1c008c30 000c80e7 jalr             x1, x25, 0           x1=1c008c32 x25:1c0089d6
13647448ns          243890 1c0089d6 fd9ff06f jal              x0, -40            
13647487ns          243892 1c0089ae 000026b7 lui              x13, 0x2000         x13=00002000
13647507ns          243893 1c0089b0 f14027f3 csrrs            x15, x0, 0xf14      x15=00000003
13647527ns          243894 1c0089b4 f8068693 addi             x13, x13, -128      x13=00001f80 x13:00002000
13647547ns          243895 1c0089b8 00379713 slli             x14, x15, 0x3       x14=00000018 x15:00000003
13647567ns          243896 1c0089bc 00279793 slli             x15, x15, 0x2       x15=0000000c x15:00000003
13647587ns          243897 1c0089be 00d7f7b3 and              x15, x15, x13       x15=00000000 x15:0000000c x13:00001f80
13647607ns          243898 1c0089c0 ee873733 p.bclr           x14, x14, 23, 8     x14=00000018 x14:00000018
13647627ns          243899 1c0089c4 1a10f6b7 lui              x13, 0x1a10f000     x13=1a10f000
13647647ns          243900 1c0089c8 0ff57513 andi             x10, x10, 255       x10=00000030 x10:00000030
13647666ns          243901 1c0089cc 00d70733 add              x14, x14, x13       x14=1a10f018 x14:00000018 x13:1a10f000
13647686ns          243902 1c0089ce 00a7e723 p.sw             x10, x0(x15)        x10:00000030 x15:00000000  PA:1a10f018
13648005ns          243918 1c0089d2 00000513 addi             x10, x0, 0          x10=00000000
13648024ns          243919 1c0089d4 00008067 jalr             x0, x1, 0            x1:1c008c32
13648064ns          243921 1c008c32 fffa0a13 addi             x20, x20, -1        x20=00000002 x20:00000003
13648084ns          243922 1c008c34 fff537e3 p.bneimm         x10, -18            x10:00000000
13648164ns          243926 1c008c22 01298433 add              x8, x19, x18         x8=00000029 x19:efffbe57 x18:100041d2
13648184ns          243927 1c008c26 ea0a03e3 beq              x20, x0, -346       x20:00000002
13648203ns          243928 1c008c2a 0019450b p.lbu            x10, 1(x18!)        x10=00000030 x18=100041d3 x18:100041d2  PA:100041d2
13648223ns          243929 1c008c2e 017005b3 add              x11, x0, x23        x11=00000002 x23:00000002
13648243ns          243930 1c008c30 000c80e7 jalr             x1, x25, 0           x1=1c008c32 x25:1c0089d6
13648283ns          243932 1c0089d6 fd9ff06f jal              x0, -40            
13648323ns          243934 1c0089ae 000026b7 lui              x13, 0x2000         x13=00002000
13648343ns          243935 1c0089b0 f14027f3 csrrs            x15, x0, 0xf14      x15=00000003
13648363ns          243936 1c0089b4 f8068693 addi             x13, x13, -128      x13=00001f80 x13:00002000
13648382ns          243937 1c0089b8 00379713 slli             x14, x15, 0x3       x14=00000018 x15:00000003
13648402ns          243938 1c0089bc 00279793 slli             x15, x15, 0x2       x15=0000000c x15:00000003
13648422ns          243939 1c0089be 00d7f7b3 and              x15, x15, x13       x15=00000000 x15:0000000c x13:00001f80
13648442ns          243940 1c0089c0 ee873733 p.bclr           x14, x14, 23, 8     x14=00000018 x14:00000018
13648462ns          243941 1c0089c4 1a10f6b7 lui              x13, 0x1a10f000     x13=1a10f000
13648482ns          243942 1c0089c8 0ff57513 andi             x10, x10, 255       x10=00000030 x10:00000030
13648502ns          243943 1c0089cc 00d70733 add              x14, x14, x13       x14=1a10f018 x14:00000018 x13:1a10f000
13648522ns          243944 1c0089ce 00a7e723 p.sw             x10, x0(x15)        x10:00000030 x15:00000000  PA:1a10f018
13648840ns          243960 1c0089d2 00000513 addi             x10, x0, 0          x10=00000000
13648860ns          243961 1c0089d4 00008067 jalr             x0, x1, 0            x1:1c008c32
13648899ns          243963 1c008c32 fffa0a13 addi             x20, x20, -1        x20=00000001 x20:00000002
13648919ns          243964 1c008c34 fff537e3 p.bneimm         x10, -18            x10:00000000
13648999ns          243968 1c008c22 01298433 add              x8, x19, x18         x8=0000002a x19:efffbe57 x18:100041d3
13649019ns          243969 1c008c26 ea0a03e3 beq              x20, x0, -346       x20:00000001
13649039ns          243970 1c008c2a 0019450b p.lbu            x10, 1(x18!)        x10=00000033 x18=100041d4 x18:100041d3  PA:100041d3
13649059ns          243971 1c008c2e 017005b3 add              x11, x0, x23        x11=00000002 x23:00000002
13649078ns          243972 1c008c30 000c80e7 jalr             x1, x25, 0           x1=1c008c32 x25:1c0089d6
13649118ns          243974 1c0089d6 fd9ff06f jal              x0, -40            
13649158ns          243976 1c0089ae 000026b7 lui              x13, 0x2000         x13=00002000
13649178ns          243977 1c0089b0 f14027f3 csrrs            x15, x0, 0xf14      x15=00000003
13649198ns          243978 1c0089b4 f8068693 addi             x13, x13, -128      x13=00001f80 x13:00002000
13649218ns          243979 1c0089b8 00379713 slli             x14, x15, 0x3       x14=00000018 x15:00000003
13649238ns          243980 1c0089bc 00279793 slli             x15, x15, 0x2       x15=0000000c x15:00000003
13649257ns          243981 1c0089be 00d7f7b3 and              x15, x15, x13       x15=00000000 x15:0000000c x13:00001f80
13649277ns          243982 1c0089c0 ee873733 p.bclr           x14, x14, 23, 8     x14=00000018 x14:00000018
13649297ns          243983 1c0089c4 1a10f6b7 lui              x13, 0x1a10f000     x13=1a10f000
13649317ns          243984 1c0089c8 0ff57513 andi             x10, x10, 255       x10=00000033 x10:00000033
13649337ns          243985 1c0089cc 00d70733 add              x14, x14, x13       x14=1a10f018 x14:00000018 x13:1a10f000
13649357ns          243986 1c0089ce 00a7e723 p.sw             x10, x0(x15)        x10:00000033 x15:00000000  PA:1a10f018
13649675ns          244002 1c0089d2 00000513 addi             x10, x0, 0          x10=00000000
13649695ns          244003 1c0089d4 00008067 jalr             x0, x1, 0            x1:1c008c32
13649735ns          244005 1c008c32 fffa0a13 addi             x20, x20, -1        x20=00000000 x20:00000001
13649755ns          244006 1c008c34 fff537e3 p.bneimm         x10, -18            x10:00000000
13649834ns          244010 1c008c22 01298433 add              x8, x19, x18         x8=0000002b x19:efffbe57 x18:100041d4
13649854ns          244011 1c008c26 ea0a03e3 beq              x20, x0, -346       x20:00000000
13649954ns          244016 1c008acc 0004c503 lbu              x10, 0(x9)          x10=0000000a  x9:1c00017c  PA:1c00017c
13650292ns          244033 1c008ad0 00148493 addi             x9, x9, 1            x9=1c00017d  x9:1c00017c
13650312ns          244034 1c008ad2 00050e63 beq              x10, x0, 28         x10:0000000a
13650331ns          244035 1c008ad4 02500793 addi             x15, x0, 37         x15=00000025
13650351ns          244036 1c008ad8 04f50763 beq              x10, x15, 78        x10:0000000a x15:00000025
13650371ns          244037 1c008adc 017005b3 add              x11, x0, x23        x11=00000002 x23:00000002
13650391ns          244038 1c008ade 000c80e7 jalr             x1, x25, 0           x1=1c008ae0 x25:1c0089d6
13650451ns          244041 1c0089d6 fd9ff06f jal              x0, -40            
13650491ns          244043 1c0089ae 000026b7 lui              x13, 0x2000         x13=00002000
13650510ns          244044 1c0089b0 f14027f3 csrrs            x15, x0, 0xf14      x15=00000003
13650530ns          244045 1c0089b4 f8068693 addi             x13, x13, -128      x13=00001f80 x13:00002000
13650550ns          244046 1c0089b8 00379713 slli             x14, x15, 0x3       x14=00000018 x15:00000003
13650570ns          244047 1c0089bc 00279793 slli             x15, x15, 0x2       x15=0000000c x15:00000003
13650590ns          244048 1c0089be 00d7f7b3 and              x15, x15, x13       x15=00000000 x15:0000000c x13:00001f80
13650610ns          244049 1c0089c0 ee873733 p.bclr           x14, x14, 23, 8     x14=00000018 x14:00000018
13650630ns          244050 1c0089c4 1a10f6b7 lui              x13, 0x1a10f000     x13=1a10f000
13650650ns          244051 1c0089c8 0ff57513 andi             x10, x10, 255       x10=0000000a x10:0000000a
13650670ns          244052 1c0089cc 00d70733 add              x14, x14, x13       x14=1a10f018 x14:00000018 x13:1a10f000
13650689ns          244053 1c0089ce 00a7e723 p.sw             x10, x0(x15)        x10:0000000a x15:00000000  PA:1a10f018
13651008ns          244069 1c0089d2 00000513 addi             x10, x0, 0          x10=00000000
13651028ns          244070 1c0089d4 00008067 jalr             x0, x1, 0            x1:1c008ae0
13651067ns          244072 1c008ae0 15f52c63 p.beqimm         x10, 344            x10:00000000
13651087ns          244073 1c008ae4 00140413 addi             x8, x8, 1            x8=0000002c  x8:0000002b
13651107ns          244074 1c008ae6 0004c503 lbu              x10, 0(x9)          x10=00000000  x9:1c00017d  PA:1c00017d
13651425ns          244090 1c008aea 00148493 addi             x9, x9, 1            x9=1c00017e  x9:1c00017d
13651445ns          244091 1c008aec fe0514e3 bne              x10, x0, -24        x10:00000000
13651465ns          244092 1c008aee 00800533 add              x10, x0, x8         x10=0000002c  x8:0000002c
13651485ns          244093 1c008af0 12c12083 lw               x1, 300(x2)          x1=1c008a1c  x2:100041a8  PA:100042d4
13651505ns          244094 1c008af4 12812403 lw               x8, 296(x2)          x8=00000003  x2:100041a8  PA:100042d0
13651525ns          244095 1c008af8 12412483 lw               x9, 292(x2)          x9=002040c0  x2:100041a8  PA:100042cc
13651545ns          244096 1c008afc 12012903 lw               x18, 288(x2)        x18=xxxxxxxx  x2:100041a8  PA:100042c8
13651584ns          244098 1c008b00 11c12983 lw               x19, 284(x2)        x19=xxxxxxxx  x2:100041a8  PA:100042c4
13651624ns          244100 1c008b04 11812a03 lw               x20, 280(x2)        x20=xxxxxxxx  x2:100041a8  PA:100042c0
13651644ns          244101 1c008b08 11412a83 lw               x21, 276(x2)        x21=xxxxxxxx  x2:100041a8  PA:100042bc
13651664ns          244102 1c008b0c 11012b03 lw               x22, 272(x2)        x22=xxxxxxxx  x2:100041a8  PA:100042b8
13651724ns          244105 1c008b10 10c12b83 lw               x23, 268(x2)        x23=xxxxxxxx  x2:100041a8  PA:100042b4
13651763ns          244107 1c008b14 10812c03 lw               x24, 264(x2)        x24=xxxxxxxx  x2:100041a8  PA:100042b0
13651783ns          244108 1c008b18 10412c83 lw               x25, 260(x2)        x25=xxxxxxxx  x2:100041a8  PA:100042ac
13651803ns          244109 1c008b1c 10012d03 lw               x26, 256(x2)        x26=xxxxxxxx  x2:100041a8  PA:100042a8
13651863ns          244112 1c008b20 0fc12d83 lw               x27, 252(x2)        x27=xxxxxxxx  x2:100041a8  PA:100042a4
13651883ns          244113 1c008b22 13010113 addi             x2, x2, 304          x2=100042d8  x2:100041a8
13651903ns          244114 1c008b24 00008067 jalr             x0, x1, 0            x1:1c008a1c
13651982ns          244118 1c008a1c 01c12083 lw               x1, 28(x2)           x1=1c00832c  x2:100042d8  PA:100042f4
13652002ns          244119 1c008a1e 04010113 addi             x2, x2, 64           x2=10004318  x2:100042d8
13652062ns          244122 1c008a20 00008067 jalr             x0, x1, 0            x1:1c00832c
13652141ns          244126 1c00832c 0004a023 sw               x0, 0(x9)            x9:002040c0  PA:002040c0
13652221ns          244130 1c008330 6b6010ef jal              x1, 5814             x1=1c008334
13652340ns          244136 1c0099e6 f14027f3 csrrs            x15, x0, 0xf14      x15=00000003
13652360ns          244137 1c0099ea 01f00713 addi             x14, x0, 31         x14=0000001f
13652380ns          244138 1c0099ec ca5797b3 p.extractu       x15, x15, 5, 5      x15=00000000 x15:00000003
13652400ns          244139 1c0099f0 00e78863 beq              x15, x14, 16        x15:00000000 x14:0000001f
13652420ns          244140 1c0099f4 002047b7 lui              x15, 0x204000       x15=00204000
13652440ns          244141 1c0099f8 20078793 addi             x15, x15, 512       x15=00204200 x15:00204000
13652459ns          244142 1c0099fc 01c7e703 p.elw            x14, 28(x15)        x14=00010000 x15:00204200  PA:0020421c
13998153ns          261524 1c009a00 00008067 jalr             x0, x1, 0            x1:1c008334
13998192ns          261526 1c008334 00041b63 bne              x8, x0, 22           x8:00000003
13998809ns          261557 1c00834a 00c12083 lw               x1, 12(x2)           x1=1c0086e2  x2:10004318  PA:10004324
13998849ns          261559 1c00834c 00812403 lw               x8, 8(x2)            x8=00000003  x2:10004318  PA:10004320
13998869ns          261560 1c00834e 00412483 lw               x9, 4(x2)            x9=xxxxxxxx  x2:10004318  PA:1000431c
13998908ns          261562 1c008350 00000513 addi             x10, x0, 0          x10=00000000
13998928ns          261563 1c008352 01010113 addi             x2, x2, 16           x2=10004328  x2:10004318
13998948ns          261564 1c008354 00008067 jalr             x0, x1, 0            x1:1c0086e2
13999366ns          261585 1c0086e2 00800533 add              x10, x0, x8         x10=00000003  x8:00000003
13999406ns          261587 1c0086e4 eedff0ef jal              x1, -276             x1=1c0086e6
13999843ns          261609 1c0085d0 ff010113 addi             x2, x2, -16          x2=10004318  x2:10004328
13999863ns          261610 1c0085d2 00912223 sw               x9, 4(x2)            x9:xxxxxxxx  x2:10004318  PA:1000431c
13999883ns          261611 1c0085d4 00112623 sw               x1, 12(x2)           x1:1c0086e6  x2:10004318  PA:10004324
13999903ns          261612 1c0085d6 00812423 sw               x8, 8(x2)            x8:00000003  x2:10004318  PA:10004320
13999923ns          261613 1c0085d8 01212023 sw               x18, 0(x2)          x18:xxxxxxxx  x2:10004318  PA:10004318
13999943ns          261614 1c0085da 00a004b3 add              x9, x0, x10          x9=00000003 x10:00000003
13999962ns          261615 1c0085dc 08050663 beq              x10, x0, 140        x10:00000003
14000460ns          261640 1c0085de 408010ef jal              x1, 5128             x1=1c0085e2
14000579ns          261646 1c0099e6 f14027f3 csrrs            x15, x0, 0xf14      x15=00000003
14000599ns          261647 1c0099ea 01f00713 addi             x14, x0, 31         x14=0000001f
14000619ns          261648 1c0099ec ca5797b3 p.extractu       x15, x15, 5, 5      x15=00000000 x15:00000003
14000639ns          261649 1c0099f0 00e78863 beq              x15, x14, 16        x15:00000000 x14:0000001f
14000659ns          261650 1c0099f4 002047b7 lui              x15, 0x204000       x15=00204000
14000678ns          261651 1c0099f8 20078793 addi             x15, x15, 512       x15=00204200 x15:00204000
14000698ns          261652 1c0099fc 01c7e703 p.elw            x14, 28(x15)        x14=00010000 x15:00204200  PA:0020421c
14143567ns          268789 1c009a00 00008067 jalr             x0, x1, 0            x1:1c0085e2
14143627ns          268792 1c0085e2 00148713 addi             x14, x9, 1          x14=00000004  x9:00000003
14143647ns          268793 1c0085e6 f8373733 p.bclr           x14, x14, 28, 3     x14=00000004 x14:00000004
14143667ns          268794 1c0085ea 10000437 lui              x8, 0x10000000       x8=10000000
14144289ns          268825 1c0085ee 01871513 slli             x10, x14, 0x18      x10=04000000 x14:00000004
14144329ns          268827 1c0085f2 005a06b7 lui              x13, 0x5a0000       x13=005a0000
14144349ns          268828 1c0085f6 02040413 addi             x8, x8, 32           x8=10000020  x8:10000000
14144369ns          268829 1c0085fa 0105d0fb lp.setupi        0x1, 0x10, 0xb     
14144710ns          268846 1c0085fe 00271793 slli             x15, x14, 0x2       x15=00000010 x14:00000004
14144730ns          268847 1c008602 008787b3 add              x15, x15, x8        x15=10000030 x15:00000010  x8:10000020
14144750ns          268848 1c008604 0207a583 lw               x11, 32(x15)        x11=045a0000 x15:10000030  PA:10000050
14144770ns          268849 1c008606 00d567b3 or               x15, x10, x13       x15=045a0000 x10:04000000 x13:005a0000
14144790ns          268850 1c00860a 00f59663 bne              x11, x15, 12        x11:045a0000 x15:045a0000
14144811ns          268851 1c00860e 00168693 addi             x13, x13, 1         x13=005a0001 x13:005a0000
14145332ns          268877 1c008610 00870713 addi             x14, x14, 8         x14=0000000c x14:00000004
14145392ns          268880 1c0085fe 00271793 slli             x15, x14, 0x2       x15=00000030 x14:0000000c
14145412ns          268881 1c008602 008787b3 add              x15, x15, x8        x15=10000050 x15:00000030  x8:10000020
14145433ns          268882 1c008604 0207a583 lw               x11, 32(x15)        x11=045a0001 x15:10000050  PA:10000070
14145453ns          268883 1c008606 00d567b3 or               x15, x10, x13       x15=045a0001 x10:04000000 x13:005a0001
14145473ns          268884 1c00860a 00f59663 bne              x11, x15, 12        x11:045a0001 x15:045a0001
14145493ns          268885 1c00860e 00168693 addi             x13, x13, 1         x13=005a0002 x13:005a0001
14145513ns          268886 1c008610 00870713 addi             x14, x14, 8         x14=00000014 x14:0000000c
14145553ns          268888 1c0085fe 00271793 slli             x15, x14, 0x2       x15=00000050 x14:00000014
14145573ns          268889 1c008602 008787b3 add              x15, x15, x8        x15=10000070 x15:00000050  x8:10000020
14145593ns          268890 1c008604 0207a583 lw               x11, 32(x15)        x11=045a0002 x15:10000070  PA:10000090
14145613ns          268891 1c008606 00d567b3 or               x15, x10, x13       x15=045a0002 x10:04000000 x13:005a0002
14145633ns          268892 1c00860a 00f59663 bne              x11, x15, 12        x11:045a0002 x15:045a0002
14145653ns          268893 1c00860e 00168693 addi             x13, x13, 1         x13=005a0003 x13:005a0002
14145673ns          268894 1c008610 00870713 addi             x14, x14, 8         x14=0000001c x14:00000014
14145713ns          268896 1c0085fe 00271793 slli             x15, x14, 0x2       x15=00000070 x14:0000001c
14145733ns          268897 1c008602 008787b3 add              x15, x15, x8        x15=10000090 x15:00000070  x8:10000020
14145754ns          268898 1c008604 0207a583 lw               x11, 32(x15)        x11=045a0003 x15:10000090  PA:100000b0
14145774ns          268899 1c008606 00d567b3 or               x15, x10, x13       x15=045a0003 x10:04000000 x13:005a0003
14145794ns          268900 1c00860a 00f59663 bne              x11, x15, 12        x11:045a0003 x15:045a0003
14145814ns          268901 1c00860e 00168693 addi             x13, x13, 1         x13=005a0004 x13:005a0003
14145834ns          268902 1c008610 00870713 addi             x14, x14, 8         x14=00000024 x14:0000001c
14145874ns          268904 1c0085fe 00271793 slli             x15, x14, 0x2       x15=00000090 x14:00000024
14145894ns          268905 1c008602 008787b3 add              x15, x15, x8        x15=100000b0 x15:00000090  x8:10000020
14145914ns          268906 1c008604 0207a583 lw               x11, 32(x15)        x11=045a0004 x15:100000b0  PA:100000d0
14145934ns          268907 1c008606 00d567b3 or               x15, x10, x13       x15=045a0004 x10:04000000 x13:005a0004
14145954ns          268908 1c00860a 00f59663 bne              x11, x15, 12        x11:045a0004 x15:045a0004
14145974ns          268909 1c00860e 00168693 addi             x13, x13, 1         x13=005a0005 x13:005a0004
14145994ns          268910 1c008610 00870713 addi             x14, x14, 8         x14=0000002c x14:00000024
14146034ns          268912 1c0085fe 00271793 slli             x15, x14, 0x2       x15=000000b0 x14:0000002c
14146055ns          268913 1c008602 008787b3 add              x15, x15, x8        x15=100000d0 x15:000000b0  x8:10000020
14146075ns          268914 1c008604 0207a583 lw               x11, 32(x15)        x11=045a0005 x15:100000d0  PA:100000f0
14146095ns          268915 1c008606 00d567b3 or               x15, x10, x13       x15=045a0005 x10:04000000 x13:005a0005
14146115ns          268916 1c00860a 00f59663 bne              x11, x15, 12        x11:045a0005 x15:045a0005
14146135ns          268917 1c00860e 00168693 addi             x13, x13, 1         x13=005a0006 x13:005a0005
14146155ns          268918 1c008610 00870713 addi             x14, x14, 8         x14=00000034 x14:0000002c
14146195ns          268920 1c0085fe 00271793 slli             x15, x14, 0x2       x15=000000d0 x14:00000034
14146215ns          268921 1c008602 008787b3 add              x15, x15, x8        x15=100000f0 x15:000000d0  x8:10000020
14146235ns          268922 1c008604 0207a583 lw               x11, 32(x15)        x11=045a0006 x15:100000f0  PA:10000110
14146255ns          268923 1c008606 00d567b3 or               x15, x10, x13       x15=045a0006 x10:04000000 x13:005a0006
14146275ns          268924 1c00860a 00f59663 bne              x11, x15, 12        x11:045a0006 x15:045a0006
14146295ns          268925 1c00860e 00168693 addi             x13, x13, 1         x13=005a0007 x13:005a0006
14146315ns          268926 1c008610 00870713 addi             x14, x14, 8         x14=0000003c x14:00000034
14146355ns          268928 1c0085fe 00271793 slli             x15, x14, 0x2       x15=000000f0 x14:0000003c
14146376ns          268929 1c008602 008787b3 add              x15, x15, x8        x15=10000110 x15:000000f0  x8:10000020
14146396ns          268930 1c008604 0207a583 lw               x11, 32(x15)        x11=045a0007 x15:10000110  PA:10000130
14146416ns          268931 1c008606 00d567b3 or               x15, x10, x13       x15=045a0007 x10:04000000 x13:005a0007
14146436ns          268932 1c00860a 00f59663 bne              x11, x15, 12        x11:045a0007 x15:045a0007
14146456ns          268933 1c00860e 00168693 addi             x13, x13, 1         x13=005a0008 x13:005a0007
14146476ns          268934 1c008610 00870713 addi             x14, x14, 8         x14=00000044 x14:0000003c
14146516ns          268936 1c0085fe 00271793 slli             x15, x14, 0x2       x15=00000110 x14:00000044
14146536ns          268937 1c008602 008787b3 add              x15, x15, x8        x15=10000130 x15:00000110  x8:10000020
14146556ns          268938 1c008604 0207a583 lw               x11, 32(x15)        x11=045a0008 x15:10000130  PA:10000150
14146576ns          268939 1c008606 00d567b3 or               x15, x10, x13       x15=045a0008 x10:04000000 x13:005a0008
14146596ns          268940 1c00860a 00f59663 bne              x11, x15, 12        x11:045a0008 x15:045a0008
14146616ns          268941 1c00860e 00168693 addi             x13, x13, 1         x13=005a0009 x13:005a0008
14146636ns          268942 1c008610 00870713 addi             x14, x14, 8         x14=0000004c x14:00000044
14146676ns          268944 1c0085fe 00271793 slli             x15, x14, 0x2       x15=00000130 x14:0000004c
14146697ns          268945 1c008602 008787b3 add              x15, x15, x8        x15=10000150 x15:00000130  x8:10000020
14146717ns          268946 1c008604 0207a583 lw               x11, 32(x15)        x11=045a0009 x15:10000150  PA:10000170
14146737ns          268947 1c008606 00d567b3 or               x15, x10, x13       x15=045a0009 x10:04000000 x13:005a0009
14146757ns          268948 1c00860a 00f59663 bne              x11, x15, 12        x11:045a0009 x15:045a0009
14146777ns          268949 1c00860e 00168693 addi             x13, x13, 1         x13=005a000a x13:005a0009
14146797ns          268950 1c008610 00870713 addi             x14, x14, 8         x14=00000054 x14:0000004c
14146837ns          268952 1c0085fe 00271793 slli             x15, x14, 0x2       x15=00000150 x14:00000054
14146857ns          268953 1c008602 008787b3 add              x15, x15, x8        x15=10000170 x15:00000150  x8:10000020
14146877ns          268954 1c008604 0207a583 lw               x11, 32(x15)        x11=045a000a x15:10000170  PA:10000190
14146897ns          268955 1c008606 00d567b3 or               x15, x10, x13       x15=045a000a x10:04000000 x13:005a000a
14146917ns          268956 1c00860a 00f59663 bne              x11, x15, 12        x11:045a000a x15:045a000a
14146937ns          268957 1c00860e 00168693 addi             x13, x13, 1         x13=005a000b x13:005a000a
14146957ns          268958 1c008610 00870713 addi             x14, x14, 8         x14=0000005c x14:00000054
14146998ns          268960 1c0085fe 00271793 slli             x15, x14, 0x2       x15=00000170 x14:0000005c
14147018ns          268961 1c008602 008787b3 add              x15, x15, x8        x15=10000190 x15:00000170  x8:10000020
14147038ns          268962 1c008604 0207a583 lw               x11, 32(x15)        x11=045a000b x15:10000190  PA:100001b0
14147058ns          268963 1c008606 00d567b3 or               x15, x10, x13       x15=045a000b x10:04000000 x13:005a000b
14147078ns          268964 1c00860a 00f59663 bne              x11, x15, 12        x11:045a000b x15:045a000b
14147098ns          268965 1c00860e 00168693 addi             x13, x13, 1         x13=005a000c x13:005a000b
14147118ns          268966 1c008610 00870713 addi             x14, x14, 8         x14=00000064 x14:0000005c
14147158ns          268968 1c0085fe 00271793 slli             x15, x14, 0x2       x15=00000190 x14:00000064
14147178ns          268969 1c008602 008787b3 add              x15, x15, x8        x15=100001b0 x15:00000190  x8:10000020
14147198ns          268970 1c008604 0207a583 lw               x11, 32(x15)        x11=045a000c x15:100001b0  PA:100001d0
14147218ns          268971 1c008606 00d567b3 or               x15, x10, x13       x15=045a000c x10:04000000 x13:005a000c
14147238ns          268972 1c00860a 00f59663 bne              x11, x15, 12        x11:045a000c x15:045a000c
14147258ns          268973 1c00860e 00168693 addi             x13, x13, 1         x13=005a000d x13:005a000c
14147278ns          268974 1c008610 00870713 addi             x14, x14, 8         x14=0000006c x14:00000064
14147319ns          268976 1c0085fe 00271793 slli             x15, x14, 0x2       x15=000001b0 x14:0000006c
14147339ns          268977 1c008602 008787b3 add              x15, x15, x8        x15=100001d0 x15:000001b0  x8:10000020
14147359ns          268978 1c008604 0207a583 lw               x11, 32(x15)        x11=045a000d x15:100001d0  PA:100001f0
14147379ns          268979 1c008606 00d567b3 or               x15, x10, x13       x15=045a000d x10:04000000 x13:005a000d
14147399ns          268980 1c00860a 00f59663 bne              x11, x15, 12        x11:045a000d x15:045a000d
14147419ns          268981 1c00860e 00168693 addi             x13, x13, 1         x13=005a000e x13:005a000d
14147439ns          268982 1c008610 00870713 addi             x14, x14, 8         x14=00000074 x14:0000006c
14147479ns          268984 1c0085fe 00271793 slli             x15, x14, 0x2       x15=000001d0 x14:00000074
14147499ns          268985 1c008602 008787b3 add              x15, x15, x8        x15=100001f0 x15:000001d0  x8:10000020
14147519ns          268986 1c008604 0207a583 lw               x11, 32(x15)        x11=045a000e x15:100001f0  PA:10000210
14147539ns          268987 1c008606 00d567b3 or               x15, x10, x13       x15=045a000e x10:04000000 x13:005a000e
14147559ns          268988 1c00860a 00f59663 bne              x11, x15, 12        x11:045a000e x15:045a000e
14147579ns          268989 1c00860e 00168693 addi             x13, x13, 1         x13=005a000f x13:005a000e
14147599ns          268990 1c008610 00870713 addi             x14, x14, 8         x14=0000007c x14:00000074
14147640ns          268992 1c0085fe 00271793 slli             x15, x14, 0x2       x15=000001f0 x14:0000007c
14147660ns          268993 1c008602 008787b3 add              x15, x15, x8        x15=10000210 x15:000001f0  x8:10000020
14147680ns          268994 1c008604 0207a583 lw               x11, 32(x15)        x11=045a000f x15:10000210  PA:10000230
14147700ns          268995 1c008606 00d567b3 or               x15, x10, x13       x15=045a000f x10:04000000 x13:005a000f
14147720ns          268996 1c00860a 00f59663 bne              x11, x15, 12        x11:045a000f x15:045a000f
14147740ns          268997 1c00860e 00168693 addi             x13, x13, 1         x13=005a0010 x13:005a000f
14147760ns          268998 1c008610 00870713 addi             x14, x14, 8         x14=00000084 x14:0000007c
14147780ns          268999 1c008612 00000913 addi             x18, x0, 0          x18=00000000
14147800ns          269000 1c008614 01e0006f jal              x0, 30             
14148241ns          269022 1c008632 3b4010ef jal              x1, 5044             x1=1c008636
14148302ns          269025 1c0099e6 f14027f3 csrrs            x15, x0, 0xf14      x15=00000003
14148322ns          269026 1c0099ea 01f00713 addi             x14, x0, 31         x14=0000001f
14148342ns          269027 1c0099ec ca5797b3 p.extractu       x15, x15, 5, 5      x15=00000000 x15:00000003
14148362ns          269028 1c0099f0 00e78863 beq              x15, x14, 16        x15:00000000 x14:0000001f
14148382ns          269029 1c0099f4 002047b7 lui              x15, 0x204000       x15=00204000
14148402ns          269030 1c0099f8 20078793 addi             x15, x15, 512       x15=00204200 x15:00204000
14148422ns          269031 1c0099fc 01c7e703 p.elw            x14, 28(x15)        x14=00010000 x15:00204200  PA:0020421c
14148603ns          269040 1c009a00 00008067 jalr             x0, x1, 0            x1:1c008636
14148643ns          269042 1c008636 02049263 bne              x9, x0, 36           x9:00000003
14149205ns          269070 1c00865a 00c12083 lw               x1, 12(x2)           x1=1c0086e6  x2:10004318  PA:10004324
14149245ns          269072 1c00865c 00812403 lw               x8, 8(x2)            x8=00000003  x2:10004318  PA:10004320
14149265ns          269073 1c00865e 01200533 add              x10, x0, x18        x10=00000000 x18:00000000
14149726ns          269096 1c008660 00412483 lw               x9, 4(x2)            x9=xxxxxxxx  x2:10004318  PA:1000431c
14149746ns          269097 1c008662 00012903 lw               x18, 0(x2)          x18=xxxxxxxx  x2:10004318  PA:10004318
14149766ns          269098 1c008664 01010113 addi             x2, x2, 16           x2=10004328  x2:10004318
14149786ns          269099 1c008666 00008067 jalr             x0, x1, 0            x1:1c0086e6
14149907ns          269105 1c0086e6 300010ef jal              x1, 4864             x1=1c0086ea
14149967ns          269108 1c0099e6 f14027f3 csrrs            x15, x0, 0xf14      x15=00000003
14149987ns          269109 1c0099ea 01f00713 addi             x14, x0, 31         x14=0000001f
14150007ns          269110 1c0099ec ca5797b3 p.extractu       x15, x15, 5, 5      x15=00000000 x15:00000003
14150027ns          269111 1c0099f0 00e78863 beq              x15, x14, 16        x15:00000000 x14:0000001f
14150047ns          269112 1c0099f4 002047b7 lui              x15, 0x204000       x15=00204000
14150067ns          269113 1c0099f8 20078793 addi             x15, x15, 512       x15=00204200 x15:00204000
14150087ns          269114 1c0099fc 01c7e703 p.elw            x14, 28(x15)        x14=00010000 x15:00204200  PA:0020421c
14675624ns          295307 1c009a00 00008067 jalr             x0, x1, 0            x1:1c0086ea
14675664ns          295309 1c0086ea 00000513 addi             x10, x0, 0          x10=00000000
14675684ns          295310 1c0086ec 00c12083 lw               x1, 12(x2)           x1=1c0098fe  x2:10004328  PA:10004334
14675724ns          295312 1c0086ee 00812403 lw               x8, 8(x2)            x8=xxxxxxxx  x2:10004328  PA:10004330
14676246ns          295338 1c0086f0 00412483 lw               x9, 4(x2)            x9=xxxxxxxx  x2:10004328  PA:1000432c
14676266ns          295339 1c0086f2 01010113 addi             x2, x2, 16           x2=10004338  x2:10004328
14676286ns          295340 1c0086f4 00008067 jalr             x0, x1, 0            x1:1c0098fe
14677289ns          295390 1c0098fe f14027f3 csrrs            x15, x0, 0xf14      x15=00000003
14677329ns          295392 1c009902 f457b7b3 p.bclr           x15, x15, 26, 5     x15=00000003 x15:00000003
14677349ns          295393 1c009906 00079963 bne              x15, x0, 18         x15:00000003
14677851ns          295418 1c009918 002047b7 lui              x15, 0x204000       x15=00204000
14677871ns          295419 1c00991c fff00713 addi             x14, x0, -1         x14=ffffffff
14677891ns          295420 1c00991e 00e7a223 sw               x14, 4(x15)         x14:ffffffff x15:00204000  PA:00204004
